<?xml version="1.0" encoding="UTF-8"?>
<kml xmlns="http://www.opengis.net/kml/2.2">
<Document>
  <name>กลุ่มคิว 61</name>
  <Style id="style_61_001">
    <LineStyle>
      <color>ff3539E5</color>
      <width>2.0</width>
    </LineStyle>
    <PolyStyle>
      <color>b33539E5</color>
    </PolyStyle>
  </Style>
  <Folder>
    <name>61_001</name>
    <Placemark>
      <name>311501050292</name>
      <description><![CDATA[<div style='font-family:Tahoma,sans-serif; font-size:13px;'><h3 style='color:#1565C0; margin:4px 0;'>รหัส: 311501050292</h3><p style='margin:2px 0;'><b>กลุ่มรถไถ:</b> 61_001</p><table border='1' style='border-collapse:collapse; border-color:#ccc; width:100%;'><tr><td style='padding:3px 6px; font-weight:bold; background-color:#f2f2f2;'>ปีการผลิต</td><td style='padding:3px 6px;'>257071</td></tr><tr><td style='padding:3px 6px; font-weight:bold; background-color:#f2f2f2;'>รหัสกลุ่มรถไถ</td><td style='padding:3px 6px;'>61/001</td></tr><tr><td style='padding:3px 6px; font-weight:bold; background-color:#f2f2f2;'>โควตาชาวไร่</td><td style='padding:3px 6px;'>760206</td></tr><tr><td style='padding:3px 6px; font-weight:bold; background-color:#f2f2f2;'>ชื่อ-นามสกุล</td><td style='padding:3px 6px;'>นาย ประกิจ ยุหะประโคน</td></tr><tr><td style='padding:3px 6px; font-weight:bold; background-color:#f2f2f2;'>111</td><td style='padding:3px 6px;'>311501050292</td></tr><tr><td style='padding:3px 6px; font-weight:bold; background-color:#f2f2f2;'>ประเภทอ้อย</td><td style='padding:3px 6px;'>อ้อยปลายฝน</td></tr><tr><td style='padding:3px 6px; font-weight:bold; background-color:#f2f2f2;'>พื้นที่ปลูก</td><td style='padding:3px 6px;'>3.72</td></tr><tr><td style='padding:3px 6px; font-weight:bold; background-color:#f2f2f2;'>ศูนย์</td><td style='padding:3px 6px;'>K2-61</td></tr><tr><td style='padding:3px 6px; font-weight:bold; background-color:#f2f2f2;'>นักเกษตร</td><td style='padding:3px 6px;'>6106</td></tr><tr><td style='padding:3px 6px; font-weight:bold; background-color:#f2f2f2;'>กลุ่ม</td><td style='padding:3px 6px;'>กลุ่ม_61</td></tr></table></div>]]></description>
      <styleUrl>#style_61_001</styleUrl>
      <MultiGeometry><Polygon><outerBoundaryIs><LinearRing><coordinates>103.1559525,14.6366558,0 103.1557557,14.6379430,0 103.1561205,14.6380120,0 103.1563340,14.6366951,0 103.1559525,14.6366558,0</coordinates></LinearRing></outerBoundaryIs></Polygon></MultiGeometry>
    </Placemark>
    <Placemark>
      <name>311501050293</name>
      <description><![CDATA[<div style='font-family:Tahoma,sans-serif; font-size:13px;'><h3 style='color:#1565C0; margin:4px 0;'>รหัส: 311501050293</h3><p style='margin:2px 0;'><b>กลุ่มรถไถ:</b> 61_001</p><table border='1' style='border-collapse:collapse; border-color:#ccc; width:100%;'><tr><td style='padding:3px 6px; font-weight:bold; background-color:#f2f2f2;'>ปีการผลิต</td><td style='padding:3px 6px;'>257071</td></tr><tr><td style='padding:3px 6px; font-weight:bold; background-color:#f2f2f2;'>รหัสกลุ่มรถไถ</td><td style='padding:3px 6px;'>61/001</td></tr><tr><td style='padding:3px 6px; font-weight:bold; background-color:#f2f2f2;'>โควตาชาวไร่</td><td style='padding:3px 6px;'>760206</td></tr><tr><td style='padding:3px 6px; font-weight:bold; background-color:#f2f2f2;'>ชื่อ-นามสกุล</td><td style='padding:3px 6px;'>นาย ประกิจ ยุหะประโคน</td></tr><tr><td style='padding:3px 6px; font-weight:bold; background-color:#f2f2f2;'>111</td><td style='padding:3px 6px;'>311501050293</td></tr><tr><td style='padding:3px 6px; font-weight:bold; background-color:#f2f2f2;'>ประเภทอ้อย</td><td style='padding:3px 6px;'>อ้อยปลายฝน</td></tr><tr><td style='padding:3px 6px; font-weight:bold; background-color:#f2f2f2;'>พื้นที่ปลูก</td><td style='padding:3px 6px;'>5.73</td></tr><tr><td style='padding:3px 6px; font-weight:bold; background-color:#f2f2f2;'>ศูนย์</td><td style='padding:3px 6px;'>K2-61</td></tr><tr><td style='padding:3px 6px; font-weight:bold; background-color:#f2f2f2;'>นักเกษตร</td><td style='padding:3px 6px;'>6106</td></tr><tr><td style='padding:3px 6px; font-weight:bold; background-color:#f2f2f2;'>กลุ่ม</td><td style='padding:3px 6px;'>กลุ่ม_61</td></tr></table></div>]]></description>
      <styleUrl>#style_61_001</styleUrl>
      <MultiGeometry><Polygon><outerBoundaryIs><LinearRing><coordinates>103.1567183,14.6367283,0 103.1563567,14.6366867,0 103.1560183,14.6387350,0 103.1563717,14.6388333,0 103.1567183,14.6367283,0</coordinates></LinearRing></outerBoundaryIs></Polygon></MultiGeometry>
    </Placemark>
    <Placemark>
      <name>311501091515</name>
      <description><![CDATA[<div style='font-family:Tahoma,sans-serif; font-size:13px;'><h3 style='color:#1565C0; margin:4px 0;'>รหัส: 311501091515</h3><p style='margin:2px 0;'><b>กลุ่มรถไถ:</b> 61_001</p><table border='1' style='border-collapse:collapse; border-color:#ccc; width:100%;'><tr><td style='padding:3px 6px; font-weight:bold; background-color:#f2f2f2;'>ปีการผลิต</td><td style='padding:3px 6px;'>257071</td></tr><tr><td style='padding:3px 6px; font-weight:bold; background-color:#f2f2f2;'>รหัสกลุ่มรถไถ</td><td style='padding:3px 6px;'>61/001</td></tr><tr><td style='padding:3px 6px; font-weight:bold; background-color:#f2f2f2;'>โควตาชาวไร่</td><td style='padding:3px 6px;'>760291</td></tr><tr><td style='padding:3px 6px; font-weight:bold; background-color:#f2f2f2;'>ชื่อ-นามสกุล</td><td style='padding:3px 6px;'>นาย สุพรม ธรรมวัตร์</td></tr><tr><td style='padding:3px 6px; font-weight:bold; background-color:#f2f2f2;'>111</td><td style='padding:3px 6px;'>311501091515</td></tr><tr><td style='padding:3px 6px; font-weight:bold; background-color:#f2f2f2;'>ประเภทอ้อย</td><td style='padding:3px 6px;'>อ้อยปลายฝน</td></tr><tr><td style='padding:3px 6px; font-weight:bold; background-color:#f2f2f2;'>พื้นที่ปลูก</td><td style='padding:3px 6px;'>9.95</td></tr><tr><td style='padding:3px 6px; font-weight:bold; background-color:#f2f2f2;'>ศูนย์</td><td style='padding:3px 6px;'>K2-61</td></tr><tr><td style='padding:3px 6px; font-weight:bold; background-color:#f2f2f2;'>นักเกษตร</td><td style='padding:3px 6px;'>6101</td></tr><tr><td style='padding:3px 6px; font-weight:bold; background-color:#f2f2f2;'>กลุ่ม</td><td style='padding:3px 6px;'>กลุ่ม_61</td></tr></table></div>]]></description>
      <styleUrl>#style_61_001</styleUrl>
      <MultiGeometry><Polygon><outerBoundaryIs><LinearRing><coordinates>103.1358927,14.6861019,0 103.1354258,14.6862012,0 103.1356991,14.6886254,0 103.1362945,14.6886171,0 103.1358927,14.6861019,0</coordinates></LinearRing></outerBoundaryIs></Polygon></MultiGeometry>
    </Placemark>
    <Placemark>
      <name>311501091643</name>
      <description><![CDATA[<div style='font-family:Tahoma,sans-serif; font-size:13px;'><h3 style='color:#1565C0; margin:4px 0;'>รหัส: 311501091643</h3><p style='margin:2px 0;'><b>กลุ่มรถไถ:</b> 61_001</p><table border='1' style='border-collapse:collapse; border-color:#ccc; width:100%;'><tr><td style='padding:3px 6px; font-weight:bold; background-color:#f2f2f2;'>ปีการผลิต</td><td style='padding:3px 6px;'>257071</td></tr><tr><td style='padding:3px 6px; font-weight:bold; background-color:#f2f2f2;'>รหัสกลุ่มรถไถ</td><td style='padding:3px 6px;'>61/001</td></tr><tr><td style='padding:3px 6px; font-weight:bold; background-color:#f2f2f2;'>โควตาชาวไร่</td><td style='padding:3px 6px;'>760294</td></tr><tr><td style='padding:3px 6px; font-weight:bold; background-color:#f2f2f2;'>ชื่อ-นามสกุล</td><td style='padding:3px 6px;'>นาย สมทรง ธรรมวัตร์</td></tr><tr><td style='padding:3px 6px; font-weight:bold; background-color:#f2f2f2;'>111</td><td style='padding:3px 6px;'>311501091643</td></tr><tr><td style='padding:3px 6px; font-weight:bold; background-color:#f2f2f2;'>ประเภทอ้อย</td><td style='padding:3px 6px;'>อ้อยปลายฝน</td></tr><tr><td style='padding:3px 6px; font-weight:bold; background-color:#f2f2f2;'>พื้นที่ปลูก</td><td style='padding:3px 6px;'>28.54</td></tr><tr><td style='padding:3px 6px; font-weight:bold; background-color:#f2f2f2;'>ศูนย์</td><td style='padding:3px 6px;'>K2-61</td></tr><tr><td style='padding:3px 6px; font-weight:bold; background-color:#f2f2f2;'>นักเกษตร</td><td style='padding:3px 6px;'>6101</td></tr><tr><td style='padding:3px 6px; font-weight:bold; background-color:#f2f2f2;'>กลุ่ม</td><td style='padding:3px 6px;'>กลุ่ม_61</td></tr></table></div>]]></description>
      <styleUrl>#style_61_001</styleUrl>
      <MultiGeometry><Polygon><outerBoundaryIs><LinearRing><coordinates>103.1258800,14.6583917,0 103.1262067,14.6559617,0 103.1262150,14.6557017,0 103.1261617,14.6554367,0 103.1261617,14.6551850,0 103.1261150,14.6550483,0 103.1260600,14.6549100,0 103.1258367,14.6548917,0 103.1258200,14.6549300,0 103.1253683,14.6548717,0 103.1253467,14.6548117,0 103.1249983,14.6547183,0 103.1250383,14.6585017,0 103.1258100,14.6584317,0 103.1258800,14.6583917,0</coordinates></LinearRing></outerBoundaryIs></Polygon></MultiGeometry>
    </Placemark>
    <Placemark>
      <name>311501121623</name>
      <description><![CDATA[<div style='font-family:Tahoma,sans-serif; font-size:13px;'><h3 style='color:#1565C0; margin:4px 0;'>รหัส: 311501121623</h3><p style='margin:2px 0;'><b>กลุ่มรถไถ:</b> 61_001</p><table border='1' style='border-collapse:collapse; border-color:#ccc; width:100%;'><tr><td style='padding:3px 6px; font-weight:bold; background-color:#f2f2f2;'>ปีการผลิต</td><td style='padding:3px 6px;'>257071</td></tr><tr><td style='padding:3px 6px; font-weight:bold; background-color:#f2f2f2;'>รหัสกลุ่มรถไถ</td><td style='padding:3px 6px;'>61/001</td></tr><tr><td style='padding:3px 6px; font-weight:bold; background-color:#f2f2f2;'>โควตาชาวไร่</td><td style='padding:3px 6px;'>760294</td></tr><tr><td style='padding:3px 6px; font-weight:bold; background-color:#f2f2f2;'>ชื่อ-นามสกุล</td><td style='padding:3px 6px;'>นาย สมทรง ธรรมวัตร์</td></tr><tr><td style='padding:3px 6px; font-weight:bold; background-color:#f2f2f2;'>111</td><td style='padding:3px 6px;'>311501121623</td></tr><tr><td style='padding:3px 6px; font-weight:bold; background-color:#f2f2f2;'>ประเภทอ้อย</td><td style='padding:3px 6px;'>อ้อยปลายฝน</td></tr><tr><td style='padding:3px 6px; font-weight:bold; background-color:#f2f2f2;'>พื้นที่ปลูก</td><td style='padding:3px 6px;'>44.73</td></tr><tr><td style='padding:3px 6px; font-weight:bold; background-color:#f2f2f2;'>ศูนย์</td><td style='padding:3px 6px;'>K2-61</td></tr><tr><td style='padding:3px 6px; font-weight:bold; background-color:#f2f2f2;'>นักเกษตร</td><td style='padding:3px 6px;'>6101</td></tr><tr><td style='padding:3px 6px; font-weight:bold; background-color:#f2f2f2;'>กลุ่ม</td><td style='padding:3px 6px;'>กลุ่ม_61</td></tr></table></div>]]></description>
      <styleUrl>#style_61_001</styleUrl>
      <MultiGeometry><Polygon><outerBoundaryIs><LinearRing><coordinates>103.1231170,14.6582277,0 103.1228214,14.6546412,0 103.1226647,14.6546720,0 103.1220246,14.6547997,0 103.1212394,14.6549779,0 103.1213714,14.6553418,0 103.1213570,14.6553419,0 103.1212406,14.6554047,0 103.1210694,14.6554708,0 103.1211735,14.6557872,0 103.1213844,14.6564452,0 103.1217358,14.6577226,0 103.1218004,14.6581765,0 103.1219230,14.6588625,0 103.1222811,14.6587987,0 103.1228800,14.6586757,0 103.1227983,14.6583095,0 103.1228995,14.6582504,0 103.1231170,14.6582277,0</coordinates></LinearRing></outerBoundaryIs></Polygon></MultiGeometry>
    </Placemark>
    <Placemark>
      <name>310718011667</name>
      <description><![CDATA[<div style='font-family:Tahoma,sans-serif; font-size:13px;'><h3 style='color:#1565C0; margin:4px 0;'>รหัส: 310718011667</h3><p style='margin:2px 0;'><b>กลุ่มรถไถ:</b> 61_001</p><table border='1' style='border-collapse:collapse; border-color:#ccc; width:100%;'><tr><td style='padding:3px 6px; font-weight:bold; background-color:#f2f2f2;'>ปีการผลิต</td><td style='padding:3px 6px;'>257071</td></tr><tr><td style='padding:3px 6px; font-weight:bold; background-color:#f2f2f2;'>รหัสกลุ่มรถไถ</td><td style='padding:3px 6px;'>61/001</td></tr><tr><td style='padding:3px 6px; font-weight:bold; background-color:#f2f2f2;'>โควตาชาวไร่</td><td style='padding:3px 6px;'>760302</td></tr><tr><td style='padding:3px 6px; font-weight:bold; background-color:#f2f2f2;'>ชื่อ-นามสกุล</td><td style='padding:3px 6px;'>นาย เสงี่ยม โพยประโคน</td></tr><tr><td style='padding:3px 6px; font-weight:bold; background-color:#f2f2f2;'>111</td><td style='padding:3px 6px;'>310718011667</td></tr><tr><td style='padding:3px 6px; font-weight:bold; background-color:#f2f2f2;'>ประเภทอ้อย</td><td style='padding:3px 6px;'>อ้อยปลายฝน</td></tr><tr><td style='padding:3px 6px; font-weight:bold; background-color:#f2f2f2;'>พื้นที่ปลูก</td><td style='padding:3px 6px;'>5.37</td></tr><tr><td style='padding:3px 6px; font-weight:bold; background-color:#f2f2f2;'>ศูนย์</td><td style='padding:3px 6px;'>K2-61</td></tr><tr><td style='padding:3px 6px; font-weight:bold; background-color:#f2f2f2;'>นักเกษตร</td><td style='padding:3px 6px;'>6105</td></tr><tr><td style='padding:3px 6px; font-weight:bold; background-color:#f2f2f2;'>กลุ่ม</td><td style='padding:3px 6px;'>กลุ่ม_61</td></tr></table></div>]]></description>
      <styleUrl>#style_61_001</styleUrl>
      <MultiGeometry><Polygon><outerBoundaryIs><LinearRing><coordinates>103.1312742,14.6231643,0 103.1308743,14.6233078,0 103.1311184,14.6246543,0 103.1316562,14.6246164,0 103.1313752,14.6233483,0 103.1313343,14.6233671,0 103.1312742,14.6231643,0</coordinates></LinearRing></outerBoundaryIs></Polygon></MultiGeometry>
    </Placemark>
    <Placemark>
      <name>310718021621</name>
      <description><![CDATA[<div style='font-family:Tahoma,sans-serif; font-size:13px;'><h3 style='color:#1565C0; margin:4px 0;'>รหัส: 310718021621</h3><p style='margin:2px 0;'><b>กลุ่มรถไถ:</b> 61_001</p><table border='1' style='border-collapse:collapse; border-color:#ccc; width:100%;'><tr><td style='padding:3px 6px; font-weight:bold; background-color:#f2f2f2;'>ปีการผลิต</td><td style='padding:3px 6px;'>257071</td></tr><tr><td style='padding:3px 6px; font-weight:bold; background-color:#f2f2f2;'>รหัสกลุ่มรถไถ</td><td style='padding:3px 6px;'>61/001</td></tr><tr><td style='padding:3px 6px; font-weight:bold; background-color:#f2f2f2;'>โควตาชาวไร่</td><td style='padding:3px 6px;'>760302</td></tr><tr><td style='padding:3px 6px; font-weight:bold; background-color:#f2f2f2;'>ชื่อ-นามสกุล</td><td style='padding:3px 6px;'>นาย เสงี่ยม โพยประโคน</td></tr><tr><td style='padding:3px 6px; font-weight:bold; background-color:#f2f2f2;'>111</td><td style='padding:3px 6px;'>310718021621</td></tr><tr><td style='padding:3px 6px; font-weight:bold; background-color:#f2f2f2;'>ประเภทอ้อย</td><td style='padding:3px 6px;'>อ้อยปลายฝน</td></tr><tr><td style='padding:3px 6px; font-weight:bold; background-color:#f2f2f2;'>พื้นที่ปลูก</td><td style='padding:3px 6px;'>6.97</td></tr><tr><td style='padding:3px 6px; font-weight:bold; background-color:#f2f2f2;'>ศูนย์</td><td style='padding:3px 6px;'>K2-61</td></tr><tr><td style='padding:3px 6px; font-weight:bold; background-color:#f2f2f2;'>นักเกษตร</td><td style='padding:3px 6px;'>6105</td></tr><tr><td style='padding:3px 6px; font-weight:bold; background-color:#f2f2f2;'>กลุ่ม</td><td style='padding:3px 6px;'>กลุ่ม_61</td></tr></table></div>]]></description>
      <styleUrl>#style_61_001</styleUrl>
      <MultiGeometry><Polygon><outerBoundaryIs><LinearRing><coordinates>103.1426049,14.6182827,0 103.1439380,14.6181298,0 103.1437803,14.6174558,0 103.1424301,14.6176049,0 103.1426049,14.6182827,0</coordinates></LinearRing></outerBoundaryIs></Polygon></MultiGeometry>
    </Placemark>
    <Placemark>
      <name>310718051504</name>
      <description><![CDATA[<div style='font-family:Tahoma,sans-serif; font-size:13px;'><h3 style='color:#1565C0; margin:4px 0;'>รหัส: 310718051504</h3><p style='margin:2px 0;'><b>กลุ่มรถไถ:</b> 61_001</p><table border='1' style='border-collapse:collapse; border-color:#ccc; width:100%;'><tr><td style='padding:3px 6px; font-weight:bold; background-color:#f2f2f2;'>ปีการผลิต</td><td style='padding:3px 6px;'>257071</td></tr><tr><td style='padding:3px 6px; font-weight:bold; background-color:#f2f2f2;'>รหัสกลุ่มรถไถ</td><td style='padding:3px 6px;'>61/001</td></tr><tr><td style='padding:3px 6px; font-weight:bold; background-color:#f2f2f2;'>โควตาชาวไร่</td><td style='padding:3px 6px;'>760303</td></tr><tr><td style='padding:3px 6px; font-weight:bold; background-color:#f2f2f2;'>ชื่อ-นามสกุล</td><td style='padding:3px 6px;'>นาย ฉลอง สิทธิสังข์</td></tr><tr><td style='padding:3px 6px; font-weight:bold; background-color:#f2f2f2;'>111</td><td style='padding:3px 6px;'>310718051504</td></tr><tr><td style='padding:3px 6px; font-weight:bold; background-color:#f2f2f2;'>ประเภทอ้อย</td><td style='padding:3px 6px;'>อ้อยปลายฝน</td></tr><tr><td style='padding:3px 6px; font-weight:bold; background-color:#f2f2f2;'>พื้นที่ปลูก</td><td style='padding:3px 6px;'>11.71</td></tr><tr><td style='padding:3px 6px; font-weight:bold; background-color:#f2f2f2;'>ศูนย์</td><td style='padding:3px 6px;'>K2-61</td></tr><tr><td style='padding:3px 6px; font-weight:bold; background-color:#f2f2f2;'>นักเกษตร</td><td style='padding:3px 6px;'>6105</td></tr><tr><td style='padding:3px 6px; font-weight:bold; background-color:#f2f2f2;'>กลุ่ม</td><td style='padding:3px 6px;'>กลุ่ม_61</td></tr></table></div>]]></description>
      <styleUrl>#style_61_001</styleUrl>
      <MultiGeometry><Polygon><outerBoundaryIs><LinearRing><coordinates>103.1572451,14.6125590,0 103.1572492,14.6125725,0 103.1571166,14.6125703,0 103.1573400,14.6133726,0 103.1579675,14.6133854,0 103.1580065,14.6137294,0 103.1588686,14.6138151,0 103.1590629,14.6128629,0 103.1572451,14.6125590,0</coordinates></LinearRing></outerBoundaryIs></Polygon></MultiGeometry>
    </Placemark>
    <Placemark>
      <name>311501051837</name>
      <description><![CDATA[<div style='font-family:Tahoma,sans-serif; font-size:13px;'><h3 style='color:#1565C0; margin:4px 0;'>รหัส: 311501051837</h3><p style='margin:2px 0;'><b>กลุ่มรถไถ:</b> 61_001</p><table border='1' style='border-collapse:collapse; border-color:#ccc; width:100%;'><tr><td style='padding:3px 6px; font-weight:bold; background-color:#f2f2f2;'>ปีการผลิต</td><td style='padding:3px 6px;'>257071</td></tr><tr><td style='padding:3px 6px; font-weight:bold; background-color:#f2f2f2;'>รหัสกลุ่มรถไถ</td><td style='padding:3px 6px;'>61/001</td></tr><tr><td style='padding:3px 6px; font-weight:bold; background-color:#f2f2f2;'>โควตาชาวไร่</td><td style='padding:3px 6px;'>760342</td></tr><tr><td style='padding:3px 6px; font-weight:bold; background-color:#f2f2f2;'>ชื่อ-นามสกุล</td><td style='padding:3px 6px;'>นาย อำพน ศรีเมือง</td></tr><tr><td style='padding:3px 6px; font-weight:bold; background-color:#f2f2f2;'>111</td><td style='padding:3px 6px;'>311501051837</td></tr><tr><td style='padding:3px 6px; font-weight:bold; background-color:#f2f2f2;'>ประเภทอ้อย</td><td style='padding:3px 6px;'>อ้อยปลายฝน</td></tr><tr><td style='padding:3px 6px; font-weight:bold; background-color:#f2f2f2;'>พื้นที่ปลูก</td><td style='padding:3px 6px;'>2.15</td></tr><tr><td style='padding:3px 6px; font-weight:bold; background-color:#f2f2f2;'>ศูนย์</td><td style='padding:3px 6px;'>K2-61</td></tr><tr><td style='padding:3px 6px; font-weight:bold; background-color:#f2f2f2;'>นักเกษตร</td><td style='padding:3px 6px;'>6106</td></tr><tr><td style='padding:3px 6px; font-weight:bold; background-color:#f2f2f2;'>กลุ่ม</td><td style='padding:3px 6px;'>กลุ่ม_61</td></tr></table></div>]]></description>
      <styleUrl>#style_61_001</styleUrl>
      <MultiGeometry><Polygon><outerBoundaryIs><LinearRing><coordinates>103.1596000,14.6327569,0 103.1595669,14.6329648,0 103.1608124,14.6331526,0 103.1608370,14.6329051,0 103.1596000,14.6327569,0</coordinates></LinearRing></outerBoundaryIs></Polygon></MultiGeometry>
    </Placemark>
    <Placemark>
      <name>310701030003</name>
      <description><![CDATA[<div style='font-family:Tahoma,sans-serif; font-size:13px;'><h3 style='color:#1565C0; margin:4px 0;'>รหัส: 310701030003</h3><p style='margin:2px 0;'><b>กลุ่มรถไถ:</b> 61_001</p><table border='1' style='border-collapse:collapse; border-color:#ccc; width:100%;'><tr><td style='padding:3px 6px; font-weight:bold; background-color:#f2f2f2;'>ปีการผลิต</td><td style='padding:3px 6px;'>257071</td></tr><tr><td style='padding:3px 6px; font-weight:bold; background-color:#f2f2f2;'>รหัสกลุ่มรถไถ</td><td style='padding:3px 6px;'>61/001</td></tr><tr><td style='padding:3px 6px; font-weight:bold; background-color:#f2f2f2;'>โควตาชาวไร่</td><td style='padding:3px 6px;'>760410</td></tr><tr><td style='padding:3px 6px; font-weight:bold; background-color:#f2f2f2;'>ชื่อ-นามสกุล</td><td style='padding:3px 6px;'>นาย รอ ชาญประโคน</td></tr><tr><td style='padding:3px 6px; font-weight:bold; background-color:#f2f2f2;'>111</td><td style='padding:3px 6px;'>310701030003</td></tr><tr><td style='padding:3px 6px; font-weight:bold; background-color:#f2f2f2;'>ประเภทอ้อย</td><td style='padding:3px 6px;'>อ้อยปลายฝน</td></tr><tr><td style='padding:3px 6px; font-weight:bold; background-color:#f2f2f2;'>พื้นที่ปลูก</td><td style='padding:3px 6px;'>6.74</td></tr><tr><td style='padding:3px 6px; font-weight:bold; background-color:#f2f2f2;'>ศูนย์</td><td style='padding:3px 6px;'>K2-61</td></tr><tr><td style='padding:3px 6px; font-weight:bold; background-color:#f2f2f2;'>นักเกษตร</td><td style='padding:3px 6px;'>6105</td></tr><tr><td style='padding:3px 6px; font-weight:bold; background-color:#f2f2f2;'>กลุ่ม</td><td style='padding:3px 6px;'>กลุ่ม_61</td></tr></table></div>]]></description>
      <styleUrl>#style_61_001</styleUrl>
      <MultiGeometry><Polygon><outerBoundaryIs><LinearRing><coordinates>103.1085548,14.6275584,0 103.1071013,14.6279078,0 103.1070728,14.6278249,0 103.1068187,14.6279260,0 103.1068122,14.6279332,0 103.1070026,14.6281935,0 103.1072777,14.6284026,0 103.1087626,14.6280602,0 103.1085548,14.6275584,0</coordinates></LinearRing></outerBoundaryIs></Polygon></MultiGeometry>
    </Placemark>
    <Placemark>
      <name>310718011631</name>
      <description><![CDATA[<div style='font-family:Tahoma,sans-serif; font-size:13px;'><h3 style='color:#1565C0; margin:4px 0;'>รหัส: 310718011631</h3><p style='margin:2px 0;'><b>กลุ่มรถไถ:</b> 61_001</p><table border='1' style='border-collapse:collapse; border-color:#ccc; width:100%;'><tr><td style='padding:3px 6px; font-weight:bold; background-color:#f2f2f2;'>ปีการผลิต</td><td style='padding:3px 6px;'>257071</td></tr><tr><td style='padding:3px 6px; font-weight:bold; background-color:#f2f2f2;'>รหัสกลุ่มรถไถ</td><td style='padding:3px 6px;'>61/001</td></tr><tr><td style='padding:3px 6px; font-weight:bold; background-color:#f2f2f2;'>โควตาชาวไร่</td><td style='padding:3px 6px;'>760410</td></tr><tr><td style='padding:3px 6px; font-weight:bold; background-color:#f2f2f2;'>ชื่อ-นามสกุล</td><td style='padding:3px 6px;'>นาย รอ ชาญประโคน</td></tr><tr><td style='padding:3px 6px; font-weight:bold; background-color:#f2f2f2;'>111</td><td style='padding:3px 6px;'>310718011631</td></tr><tr><td style='padding:3px 6px; font-weight:bold; background-color:#f2f2f2;'>ประเภทอ้อย</td><td style='padding:3px 6px;'>อ้อยปลายฝน</td></tr><tr><td style='padding:3px 6px; font-weight:bold; background-color:#f2f2f2;'>พื้นที่ปลูก</td><td style='padding:3px 6px;'>5.95</td></tr><tr><td style='padding:3px 6px; font-weight:bold; background-color:#f2f2f2;'>ศูนย์</td><td style='padding:3px 6px;'>K2-61</td></tr><tr><td style='padding:3px 6px; font-weight:bold; background-color:#f2f2f2;'>นักเกษตร</td><td style='padding:3px 6px;'>6105</td></tr><tr><td style='padding:3px 6px; font-weight:bold; background-color:#f2f2f2;'>กลุ่ม</td><td style='padding:3px 6px;'>กลุ่ม_61</td></tr></table></div>]]></description>
      <styleUrl>#style_61_001</styleUrl>
      <MultiGeometry><Polygon><outerBoundaryIs><LinearRing><coordinates>103.1088542,14.6281921,0 103.1087708,14.6280752,0 103.1073481,14.6284271,0 103.1079005,14.6288854,0 103.1079308,14.6290382,0 103.1081751,14.6290073,0 103.1088406,14.6287629,0 103.1085936,14.6283442,0 103.1088542,14.6281921,0</coordinates></LinearRing></outerBoundaryIs></Polygon></MultiGeometry>
    </Placemark>
    <Placemark>
      <name>310718031514</name>
      <description><![CDATA[<div style='font-family:Tahoma,sans-serif; font-size:13px;'><h3 style='color:#1565C0; margin:4px 0;'>รหัส: 310718031514</h3><p style='margin:2px 0;'><b>กลุ่มรถไถ:</b> 61_001</p><table border='1' style='border-collapse:collapse; border-color:#ccc; width:100%;'><tr><td style='padding:3px 6px; font-weight:bold; background-color:#f2f2f2;'>ปีการผลิต</td><td style='padding:3px 6px;'>257071</td></tr><tr><td style='padding:3px 6px; font-weight:bold; background-color:#f2f2f2;'>รหัสกลุ่มรถไถ</td><td style='padding:3px 6px;'>61/001</td></tr><tr><td style='padding:3px 6px; font-weight:bold; background-color:#f2f2f2;'>โควตาชาวไร่</td><td style='padding:3px 6px;'>760545</td></tr><tr><td style='padding:3px 6px; font-weight:bold; background-color:#f2f2f2;'>ชื่อ-นามสกุล</td><td style='padding:3px 6px;'>นาย รณชิต พงษ์ไธสง</td></tr><tr><td style='padding:3px 6px; font-weight:bold; background-color:#f2f2f2;'>111</td><td style='padding:3px 6px;'>310718031514</td></tr><tr><td style='padding:3px 6px; font-weight:bold; background-color:#f2f2f2;'>ประเภทอ้อย</td><td style='padding:3px 6px;'>อ้อยปลายฝน</td></tr><tr><td style='padding:3px 6px; font-weight:bold; background-color:#f2f2f2;'>พื้นที่ปลูก</td><td style='padding:3px 6px;'>5.52</td></tr><tr><td style='padding:3px 6px; font-weight:bold; background-color:#f2f2f2;'>ศูนย์</td><td style='padding:3px 6px;'>K2-61</td></tr><tr><td style='padding:3px 6px; font-weight:bold; background-color:#f2f2f2;'>นักเกษตร</td><td style='padding:3px 6px;'>6105</td></tr><tr><td style='padding:3px 6px; font-weight:bold; background-color:#f2f2f2;'>กลุ่ม</td><td style='padding:3px 6px;'>กลุ่ม_61</td></tr></table></div>]]></description>
      <styleUrl>#style_61_001</styleUrl>
      <MultiGeometry><Polygon><outerBoundaryIs><LinearRing><coordinates>103.1313169,14.6231389,0 103.1316567,14.6245996,0 103.1321357,14.6245906,0 103.1317830,14.6230208,0 103.1313169,14.6231389,0</coordinates></LinearRing></outerBoundaryIs></Polygon></MultiGeometry>
    </Placemark>
    <Placemark>
      <name>310718031622</name>
      <description><![CDATA[<div style='font-family:Tahoma,sans-serif; font-size:13px;'><h3 style='color:#1565C0; margin:4px 0;'>รหัส: 310718031622</h3><p style='margin:2px 0;'><b>กลุ่มรถไถ:</b> 61_001</p><table border='1' style='border-collapse:collapse; border-color:#ccc; width:100%;'><tr><td style='padding:3px 6px; font-weight:bold; background-color:#f2f2f2;'>ปีการผลิต</td><td style='padding:3px 6px;'>257071</td></tr><tr><td style='padding:3px 6px; font-weight:bold; background-color:#f2f2f2;'>รหัสกลุ่มรถไถ</td><td style='padding:3px 6px;'>61/001</td></tr><tr><td style='padding:3px 6px; font-weight:bold; background-color:#f2f2f2;'>โควตาชาวไร่</td><td style='padding:3px 6px;'>760545</td></tr><tr><td style='padding:3px 6px; font-weight:bold; background-color:#f2f2f2;'>ชื่อ-นามสกุล</td><td style='padding:3px 6px;'>นาย รณชิต พงษ์ไธสง</td></tr><tr><td style='padding:3px 6px; font-weight:bold; background-color:#f2f2f2;'>111</td><td style='padding:3px 6px;'>310718031622</td></tr><tr><td style='padding:3px 6px; font-weight:bold; background-color:#f2f2f2;'>ประเภทอ้อย</td><td style='padding:3px 6px;'>อ้อยปลายฝน</td></tr><tr><td style='padding:3px 6px; font-weight:bold; background-color:#f2f2f2;'>พื้นที่ปลูก</td><td style='padding:3px 6px;'>5.55</td></tr><tr><td style='padding:3px 6px; font-weight:bold; background-color:#f2f2f2;'>ศูนย์</td><td style='padding:3px 6px;'>K2-61</td></tr><tr><td style='padding:3px 6px; font-weight:bold; background-color:#f2f2f2;'>นักเกษตร</td><td style='padding:3px 6px;'>6105</td></tr><tr><td style='padding:3px 6px; font-weight:bold; background-color:#f2f2f2;'>กลุ่ม</td><td style='padding:3px 6px;'>กลุ่ม_61</td></tr></table></div>]]></description>
      <styleUrl>#style_61_001</styleUrl>
      <MultiGeometry><Polygon><outerBoundaryIs><LinearRing><coordinates>103.1317893,14.6230026,0 103.1321475,14.6245735,0 103.1324800,14.6245633,0 103.1325577,14.6244907,0 103.1325707,14.6244506,0 103.1325500,14.6243570,0 103.1322157,14.6228495,0 103.1317893,14.6230026,0</coordinates></LinearRing></outerBoundaryIs></Polygon></MultiGeometry>
    </Placemark>
    <Placemark>
      <name>310718050068</name>
      <description><![CDATA[<div style='font-family:Tahoma,sans-serif; font-size:13px;'><h3 style='color:#1565C0; margin:4px 0;'>รหัส: 310718050068</h3><p style='margin:2px 0;'><b>กลุ่มรถไถ:</b> 61_001</p><table border='1' style='border-collapse:collapse; border-color:#ccc; width:100%;'><tr><td style='padding:3px 6px; font-weight:bold; background-color:#f2f2f2;'>ปีการผลิต</td><td style='padding:3px 6px;'>257071</td></tr><tr><td style='padding:3px 6px; font-weight:bold; background-color:#f2f2f2;'>รหัสกลุ่มรถไถ</td><td style='padding:3px 6px;'>61/001</td></tr><tr><td style='padding:3px 6px; font-weight:bold; background-color:#f2f2f2;'>โควตาชาวไร่</td><td style='padding:3px 6px;'>760559</td></tr><tr><td style='padding:3px 6px; font-weight:bold; background-color:#f2f2f2;'>ชื่อ-นามสกุล</td><td style='padding:3px 6px;'>นาย โต โสดา</td></tr><tr><td style='padding:3px 6px; font-weight:bold; background-color:#f2f2f2;'>111</td><td style='padding:3px 6px;'>310718050068</td></tr><tr><td style='padding:3px 6px; font-weight:bold; background-color:#f2f2f2;'>ประเภทอ้อย</td><td style='padding:3px 6px;'>อ้อยปลายฝน</td></tr><tr><td style='padding:3px 6px; font-weight:bold; background-color:#f2f2f2;'>พื้นที่ปลูก</td><td style='padding:3px 6px;'>13.42</td></tr><tr><td style='padding:3px 6px; font-weight:bold; background-color:#f2f2f2;'>ศูนย์</td><td style='padding:3px 6px;'>K2-61</td></tr><tr><td style='padding:3px 6px; font-weight:bold; background-color:#f2f2f2;'>นักเกษตร</td><td style='padding:3px 6px;'>6105</td></tr><tr><td style='padding:3px 6px; font-weight:bold; background-color:#f2f2f2;'>กลุ่ม</td><td style='padding:3px 6px;'>กลุ่ม_61</td></tr></table></div>]]></description>
      <styleUrl>#style_61_001</styleUrl>
      <MultiGeometry><Polygon><outerBoundaryIs><LinearRing><coordinates>103.1426533,14.6218900,0 103.1423500,14.6196517,0 103.1419633,14.6197000,0 103.1421333,14.6205400,0 103.1412133,14.6206617,0 103.1413483,14.6208133,0 103.1414983,14.6218400,0 103.1422250,14.6218400,0 103.1426533,14.6218900,0</coordinates></LinearRing></outerBoundaryIs></Polygon></MultiGeometry>
    </Placemark>
    <Placemark>
      <name>311501050205</name>
      <description><![CDATA[<div style='font-family:Tahoma,sans-serif; font-size:13px;'><h3 style='color:#1565C0; margin:4px 0;'>รหัส: 311501050205</h3><p style='margin:2px 0;'><b>กลุ่มรถไถ:</b> 61_001</p><table border='1' style='border-collapse:collapse; border-color:#ccc; width:100%;'><tr><td style='padding:3px 6px; font-weight:bold; background-color:#f2f2f2;'>ปีการผลิต</td><td style='padding:3px 6px;'>257071</td></tr><tr><td style='padding:3px 6px; font-weight:bold; background-color:#f2f2f2;'>รหัสกลุ่มรถไถ</td><td style='padding:3px 6px;'>61/001</td></tr><tr><td style='padding:3px 6px; font-weight:bold; background-color:#f2f2f2;'>โควตาชาวไร่</td><td style='padding:3px 6px;'>760581</td></tr><tr><td style='padding:3px 6px; font-weight:bold; background-color:#f2f2f2;'>ชื่อ-นามสกุล</td><td style='padding:3px 6px;'>นาย สมพงษ์ บุญเจริญ</td></tr><tr><td style='padding:3px 6px; font-weight:bold; background-color:#f2f2f2;'>111</td><td style='padding:3px 6px;'>311501050205</td></tr><tr><td style='padding:3px 6px; font-weight:bold; background-color:#f2f2f2;'>ประเภทอ้อย</td><td style='padding:3px 6px;'>อ้อยปลายฝน</td></tr><tr><td style='padding:3px 6px; font-weight:bold; background-color:#f2f2f2;'>พื้นที่ปลูก</td><td style='padding:3px 6px;'>4.49</td></tr><tr><td style='padding:3px 6px; font-weight:bold; background-color:#f2f2f2;'>ศูนย์</td><td style='padding:3px 6px;'>K2-61</td></tr><tr><td style='padding:3px 6px; font-weight:bold; background-color:#f2f2f2;'>นักเกษตร</td><td style='padding:3px 6px;'>6106</td></tr><tr><td style='padding:3px 6px; font-weight:bold; background-color:#f2f2f2;'>กลุ่ม</td><td style='padding:3px 6px;'>กลุ่ม_61</td></tr></table></div>]]></description>
      <styleUrl>#style_61_001</styleUrl>
      <MultiGeometry><Polygon><outerBoundaryIs><LinearRing><coordinates>103.1452785,14.6378413,0 103.1454540,14.6365129,0 103.1450393,14.6364794,0 103.1449196,14.6380849,0 103.1451087,14.6382269,0 103.1452785,14.6378413,0</coordinates></LinearRing></outerBoundaryIs></Polygon></MultiGeometry>
    </Placemark>
    <Placemark>
      <name>311501161730</name>
      <description><![CDATA[<div style='font-family:Tahoma,sans-serif; font-size:13px;'><h3 style='color:#1565C0; margin:4px 0;'>รหัส: 311501161730</h3><p style='margin:2px 0;'><b>กลุ่มรถไถ:</b> 61_001</p><table border='1' style='border-collapse:collapse; border-color:#ccc; width:100%;'><tr><td style='padding:3px 6px; font-weight:bold; background-color:#f2f2f2;'>ปีการผลิต</td><td style='padding:3px 6px;'>257071</td></tr><tr><td style='padding:3px 6px; font-weight:bold; background-color:#f2f2f2;'>รหัสกลุ่มรถไถ</td><td style='padding:3px 6px;'>61/001</td></tr><tr><td style='padding:3px 6px; font-weight:bold; background-color:#f2f2f2;'>โควตาชาวไร่</td><td style='padding:3px 6px;'>760739</td></tr><tr><td style='padding:3px 6px; font-weight:bold; background-color:#f2f2f2;'>ชื่อ-นามสกุล</td><td style='padding:3px 6px;'>นาง จันทร์ หอมประไพ</td></tr><tr><td style='padding:3px 6px; font-weight:bold; background-color:#f2f2f2;'>111</td><td style='padding:3px 6px;'>311501161730</td></tr><tr><td style='padding:3px 6px; font-weight:bold; background-color:#f2f2f2;'>ประเภทอ้อย</td><td style='padding:3px 6px;'>อ้อยปลายฝน</td></tr><tr><td style='padding:3px 6px; font-weight:bold; background-color:#f2f2f2;'>พื้นที่ปลูก</td><td style='padding:3px 6px;'>11.07</td></tr><tr><td style='padding:3px 6px; font-weight:bold; background-color:#f2f2f2;'>ศูนย์</td><td style='padding:3px 6px;'>K2-61</td></tr><tr><td style='padding:3px 6px; font-weight:bold; background-color:#f2f2f2;'>นักเกษตร</td><td style='padding:3px 6px;'>6106</td></tr><tr><td style='padding:3px 6px; font-weight:bold; background-color:#f2f2f2;'>กลุ่ม</td><td style='padding:3px 6px;'>กลุ่ม_61</td></tr></table></div>]]></description>
      <styleUrl>#style_61_001</styleUrl>
      <MultiGeometry><Polygon><outerBoundaryIs><LinearRing><coordinates>103.1468617,14.6265350,0 103.1450133,14.6270317,0 103.1453417,14.6277750,0 103.1471517,14.6271967,0 103.1469467,14.6265167,0 103.1468867,14.6265667,0 103.1468617,14.6265350,0</coordinates></LinearRing></outerBoundaryIs></Polygon></MultiGeometry>
    </Placemark>
    <Placemark>
      <name>310718011508</name>
      <description><![CDATA[<div style='font-family:Tahoma,sans-serif; font-size:13px;'><h3 style='color:#1565C0; margin:4px 0;'>รหัส: 310718011508</h3><p style='margin:2px 0;'><b>กลุ่มรถไถ:</b> 61_001</p><table border='1' style='border-collapse:collapse; border-color:#ccc; width:100%;'><tr><td style='padding:3px 6px; font-weight:bold; background-color:#f2f2f2;'>ปีการผลิต</td><td style='padding:3px 6px;'>257071</td></tr><tr><td style='padding:3px 6px; font-weight:bold; background-color:#f2f2f2;'>รหัสกลุ่มรถไถ</td><td style='padding:3px 6px;'>61/001</td></tr><tr><td style='padding:3px 6px; font-weight:bold; background-color:#f2f2f2;'>โควตาชาวไร่</td><td style='padding:3px 6px;'>760751</td></tr><tr><td style='padding:3px 6px; font-weight:bold; background-color:#f2f2f2;'>ชื่อ-นามสกุล</td><td style='padding:3px 6px;'>นาง วชิรา เสือรัมย์</td></tr><tr><td style='padding:3px 6px; font-weight:bold; background-color:#f2f2f2;'>111</td><td style='padding:3px 6px;'>310718011508</td></tr><tr><td style='padding:3px 6px; font-weight:bold; background-color:#f2f2f2;'>ประเภทอ้อย</td><td style='padding:3px 6px;'>อ้อยปลายฝน</td></tr><tr><td style='padding:3px 6px; font-weight:bold; background-color:#f2f2f2;'>พื้นที่ปลูก</td><td style='padding:3px 6px;'>18.03</td></tr><tr><td style='padding:3px 6px; font-weight:bold; background-color:#f2f2f2;'>ศูนย์</td><td style='padding:3px 6px;'>K2-61</td></tr><tr><td style='padding:3px 6px; font-weight:bold; background-color:#f2f2f2;'>นักเกษตร</td><td style='padding:3px 6px;'>6105</td></tr><tr><td style='padding:3px 6px; font-weight:bold; background-color:#f2f2f2;'>กลุ่ม</td><td style='padding:3px 6px;'>กลุ่ม_61</td></tr></table></div>]]></description>
      <styleUrl>#style_61_001</styleUrl>
      <MultiGeometry><Polygon><outerBoundaryIs><LinearRing><coordinates>103.1243438,14.6196372,0 103.1235846,14.6195297,0 103.1235750,14.6219070,0 103.1246722,14.6219181,0 103.1247327,14.6201346,0 103.1243329,14.6201613,0 103.1243438,14.6196372,0</coordinates></LinearRing></outerBoundaryIs></Polygon></MultiGeometry>
    </Placemark>
    <Placemark>
      <name>310718011665</name>
      <description><![CDATA[<div style='font-family:Tahoma,sans-serif; font-size:13px;'><h3 style='color:#1565C0; margin:4px 0;'>รหัส: 310718011665</h3><p style='margin:2px 0;'><b>กลุ่มรถไถ:</b> 61_001</p><table border='1' style='border-collapse:collapse; border-color:#ccc; width:100%;'><tr><td style='padding:3px 6px; font-weight:bold; background-color:#f2f2f2;'>ปีการผลิต</td><td style='padding:3px 6px;'>257071</td></tr><tr><td style='padding:3px 6px; font-weight:bold; background-color:#f2f2f2;'>รหัสกลุ่มรถไถ</td><td style='padding:3px 6px;'>61/001</td></tr><tr><td style='padding:3px 6px; font-weight:bold; background-color:#f2f2f2;'>โควตาชาวไร่</td><td style='padding:3px 6px;'>760751</td></tr><tr><td style='padding:3px 6px; font-weight:bold; background-color:#f2f2f2;'>ชื่อ-นามสกุล</td><td style='padding:3px 6px;'>นาง วชิรา เสือรัมย์</td></tr><tr><td style='padding:3px 6px; font-weight:bold; background-color:#f2f2f2;'>111</td><td style='padding:3px 6px;'>310718011665</td></tr><tr><td style='padding:3px 6px; font-weight:bold; background-color:#f2f2f2;'>ประเภทอ้อย</td><td style='padding:3px 6px;'>อ้อยปลายฝน</td></tr><tr><td style='padding:3px 6px; font-weight:bold; background-color:#f2f2f2;'>พื้นที่ปลูก</td><td style='padding:3px 6px;'>10.42</td></tr><tr><td style='padding:3px 6px; font-weight:bold; background-color:#f2f2f2;'>ศูนย์</td><td style='padding:3px 6px;'>K2-61</td></tr><tr><td style='padding:3px 6px; font-weight:bold; background-color:#f2f2f2;'>นักเกษตร</td><td style='padding:3px 6px;'>6105</td></tr><tr><td style='padding:3px 6px; font-weight:bold; background-color:#f2f2f2;'>กลุ่ม</td><td style='padding:3px 6px;'>กลุ่ม_61</td></tr></table></div>]]></description>
      <styleUrl>#style_61_001</styleUrl>
      <MultiGeometry><Polygon><outerBoundaryIs><LinearRing><coordinates>103.1128227,14.6246033,0 103.1123291,14.6225011,0 103.1117159,14.6226593,0 103.1121678,14.6247357,0 103.1128227,14.6246033,0</coordinates></LinearRing></outerBoundaryIs></Polygon></MultiGeometry>
    </Placemark>
    <Placemark>
      <name>310718021637</name>
      <description><![CDATA[<div style='font-family:Tahoma,sans-serif; font-size:13px;'><h3 style='color:#1565C0; margin:4px 0;'>รหัส: 310718021637</h3><p style='margin:2px 0;'><b>กลุ่มรถไถ:</b> 61_001</p><table border='1' style='border-collapse:collapse; border-color:#ccc; width:100%;'><tr><td style='padding:3px 6px; font-weight:bold; background-color:#f2f2f2;'>ปีการผลิต</td><td style='padding:3px 6px;'>257071</td></tr><tr><td style='padding:3px 6px; font-weight:bold; background-color:#f2f2f2;'>รหัสกลุ่มรถไถ</td><td style='padding:3px 6px;'>61/001</td></tr><tr><td style='padding:3px 6px; font-weight:bold; background-color:#f2f2f2;'>โควตาชาวไร่</td><td style='padding:3px 6px;'>760751</td></tr><tr><td style='padding:3px 6px; font-weight:bold; background-color:#f2f2f2;'>ชื่อ-นามสกุล</td><td style='padding:3px 6px;'>นาง วชิรา เสือรัมย์</td></tr><tr><td style='padding:3px 6px; font-weight:bold; background-color:#f2f2f2;'>111</td><td style='padding:3px 6px;'>310718021637</td></tr><tr><td style='padding:3px 6px; font-weight:bold; background-color:#f2f2f2;'>ประเภทอ้อย</td><td style='padding:3px 6px;'>อ้อยปลายฝน</td></tr><tr><td style='padding:3px 6px; font-weight:bold; background-color:#f2f2f2;'>พื้นที่ปลูก</td><td style='padding:3px 6px;'>14.48</td></tr><tr><td style='padding:3px 6px; font-weight:bold; background-color:#f2f2f2;'>ศูนย์</td><td style='padding:3px 6px;'>K2-61</td></tr><tr><td style='padding:3px 6px; font-weight:bold; background-color:#f2f2f2;'>นักเกษตร</td><td style='padding:3px 6px;'>6105</td></tr><tr><td style='padding:3px 6px; font-weight:bold; background-color:#f2f2f2;'>กลุ่ม</td><td style='padding:3px 6px;'>กลุ่ม_61</td></tr></table></div>]]></description>
      <styleUrl>#style_61_001</styleUrl>
      <MultiGeometry><Polygon><outerBoundaryIs><LinearRing><coordinates>103.1264425,14.6365074,0 103.1257989,14.6370717,0 103.1263269,14.6375194,0 103.1259981,14.6384640,0 103.1278312,14.6382917,0 103.1264425,14.6365074,0</coordinates></LinearRing></outerBoundaryIs></Polygon></MultiGeometry>
    </Placemark>
    <Placemark>
      <name>310718031621</name>
      <description><![CDATA[<div style='font-family:Tahoma,sans-serif; font-size:13px;'><h3 style='color:#1565C0; margin:4px 0;'>รหัส: 310718031621</h3><p style='margin:2px 0;'><b>กลุ่มรถไถ:</b> 61_001</p><table border='1' style='border-collapse:collapse; border-color:#ccc; width:100%;'><tr><td style='padding:3px 6px; font-weight:bold; background-color:#f2f2f2;'>ปีการผลิต</td><td style='padding:3px 6px;'>257071</td></tr><tr><td style='padding:3px 6px; font-weight:bold; background-color:#f2f2f2;'>รหัสกลุ่มรถไถ</td><td style='padding:3px 6px;'>61/001</td></tr><tr><td style='padding:3px 6px; font-weight:bold; background-color:#f2f2f2;'>โควตาชาวไร่</td><td style='padding:3px 6px;'>760751</td></tr><tr><td style='padding:3px 6px; font-weight:bold; background-color:#f2f2f2;'>ชื่อ-นามสกุล</td><td style='padding:3px 6px;'>นาง วชิรา เสือรัมย์</td></tr><tr><td style='padding:3px 6px; font-weight:bold; background-color:#f2f2f2;'>111</td><td style='padding:3px 6px;'>310718031621</td></tr><tr><td style='padding:3px 6px; font-weight:bold; background-color:#f2f2f2;'>ประเภทอ้อย</td><td style='padding:3px 6px;'>อ้อยปลายฝน</td></tr><tr><td style='padding:3px 6px; font-weight:bold; background-color:#f2f2f2;'>พื้นที่ปลูก</td><td style='padding:3px 6px;'>9.91</td></tr><tr><td style='padding:3px 6px; font-weight:bold; background-color:#f2f2f2;'>ศูนย์</td><td style='padding:3px 6px;'>K2-61</td></tr><tr><td style='padding:3px 6px; font-weight:bold; background-color:#f2f2f2;'>นักเกษตร</td><td style='padding:3px 6px;'>6105</td></tr><tr><td style='padding:3px 6px; font-weight:bold; background-color:#f2f2f2;'>กลุ่ม</td><td style='padding:3px 6px;'>กลุ่ม_61</td></tr></table></div>]]></description>
      <styleUrl>#style_61_001</styleUrl>
      <MultiGeometry><Polygon><outerBoundaryIs><LinearRing><coordinates>103.1253236,14.6323172,0 103.1250503,14.6324549,0 103.1252767,14.6328075,0 103.1256608,14.6332933,0 103.1262798,14.6341178,0 103.1272408,14.6354784,0 103.1276046,14.6352675,0 103.1253236,14.6323172,0</coordinates></LinearRing></outerBoundaryIs></Polygon></MultiGeometry>
    </Placemark>
    <Placemark>
      <name>310718031662</name>
      <description><![CDATA[<div style='font-family:Tahoma,sans-serif; font-size:13px;'><h3 style='color:#1565C0; margin:4px 0;'>รหัส: 310718031662</h3><p style='margin:2px 0;'><b>กลุ่มรถไถ:</b> 61_001</p><table border='1' style='border-collapse:collapse; border-color:#ccc; width:100%;'><tr><td style='padding:3px 6px; font-weight:bold; background-color:#f2f2f2;'>ปีการผลิต</td><td style='padding:3px 6px;'>257071</td></tr><tr><td style='padding:3px 6px; font-weight:bold; background-color:#f2f2f2;'>รหัสกลุ่มรถไถ</td><td style='padding:3px 6px;'>61/001</td></tr><tr><td style='padding:3px 6px; font-weight:bold; background-color:#f2f2f2;'>โควตาชาวไร่</td><td style='padding:3px 6px;'>760751</td></tr><tr><td style='padding:3px 6px; font-weight:bold; background-color:#f2f2f2;'>ชื่อ-นามสกุล</td><td style='padding:3px 6px;'>นาง วชิรา เสือรัมย์</td></tr><tr><td style='padding:3px 6px; font-weight:bold; background-color:#f2f2f2;'>111</td><td style='padding:3px 6px;'>310718031662</td></tr><tr><td style='padding:3px 6px; font-weight:bold; background-color:#f2f2f2;'>ประเภทอ้อย</td><td style='padding:3px 6px;'>อ้อยปลายฝน</td></tr><tr><td style='padding:3px 6px; font-weight:bold; background-color:#f2f2f2;'>พื้นที่ปลูก</td><td style='padding:3px 6px;'>10.37</td></tr><tr><td style='padding:3px 6px; font-weight:bold; background-color:#f2f2f2;'>ศูนย์</td><td style='padding:3px 6px;'>K2-61</td></tr><tr><td style='padding:3px 6px; font-weight:bold; background-color:#f2f2f2;'>นักเกษตร</td><td style='padding:3px 6px;'>6105</td></tr><tr><td style='padding:3px 6px; font-weight:bold; background-color:#f2f2f2;'>กลุ่ม</td><td style='padding:3px 6px;'>กลุ่ม_61</td></tr></table></div>]]></description>
      <styleUrl>#style_61_001</styleUrl>
      <MultiGeometry><Polygon><outerBoundaryIs><LinearRing><coordinates>103.1259583,14.6384867,0 103.1260267,14.6391117,0 103.1284300,14.6388917,0 103.1278817,14.6383367,0 103.1277750,14.6382900,0 103.1259583,14.6384867,0</coordinates></LinearRing></outerBoundaryIs></Polygon></MultiGeometry>
    </Placemark>
    <Placemark>
      <name>311501091649</name>
      <description><![CDATA[<div style='font-family:Tahoma,sans-serif; font-size:13px;'><h3 style='color:#1565C0; margin:4px 0;'>รหัส: 311501091649</h3><p style='margin:2px 0;'><b>กลุ่มรถไถ:</b> 61_001</p><table border='1' style='border-collapse:collapse; border-color:#ccc; width:100%;'><tr><td style='padding:3px 6px; font-weight:bold; background-color:#f2f2f2;'>ปีการผลิต</td><td style='padding:3px 6px;'>257071</td></tr><tr><td style='padding:3px 6px; font-weight:bold; background-color:#f2f2f2;'>รหัสกลุ่มรถไถ</td><td style='padding:3px 6px;'>61/001</td></tr><tr><td style='padding:3px 6px; font-weight:bold; background-color:#f2f2f2;'>โควตาชาวไร่</td><td style='padding:3px 6px;'>760933</td></tr><tr><td style='padding:3px 6px; font-weight:bold; background-color:#f2f2f2;'>ชื่อ-นามสกุล</td><td style='padding:3px 6px;'>นาง อำพล บุตรศรี</td></tr><tr><td style='padding:3px 6px; font-weight:bold; background-color:#f2f2f2;'>111</td><td style='padding:3px 6px;'>311501091649</td></tr><tr><td style='padding:3px 6px; font-weight:bold; background-color:#f2f2f2;'>ประเภทอ้อย</td><td style='padding:3px 6px;'>อ้อยปลายฝน</td></tr><tr><td style='padding:3px 6px; font-weight:bold; background-color:#f2f2f2;'>พื้นที่ปลูก</td><td style='padding:3px 6px;'>9.32</td></tr><tr><td style='padding:3px 6px; font-weight:bold; background-color:#f2f2f2;'>ศูนย์</td><td style='padding:3px 6px;'>K2-61</td></tr><tr><td style='padding:3px 6px; font-weight:bold; background-color:#f2f2f2;'>นักเกษตร</td><td style='padding:3px 6px;'>6101</td></tr><tr><td style='padding:3px 6px; font-weight:bold; background-color:#f2f2f2;'>กลุ่ม</td><td style='padding:3px 6px;'>กลุ่ม_61</td></tr></table></div>]]></description>
      <styleUrl>#style_61_001</styleUrl>
      <MultiGeometry><Polygon><outerBoundaryIs><LinearRing><coordinates>103.1269477,14.6563974,0 103.1266910,14.6589114,0 103.1267147,14.6589055,0 103.1272371,14.6590035,0 103.1273763,14.6564485,0 103.1269477,14.6563974,0</coordinates></LinearRing></outerBoundaryIs></Polygon></MultiGeometry>
    </Placemark>
    <Placemark>
      <name>310718011501</name>
      <description><![CDATA[<div style='font-family:Tahoma,sans-serif; font-size:13px;'><h3 style='color:#1565C0; margin:4px 0;'>รหัส: 310718011501</h3><p style='margin:2px 0;'><b>กลุ่มรถไถ:</b> 61_001</p><table border='1' style='border-collapse:collapse; border-color:#ccc; width:100%;'><tr><td style='padding:3px 6px; font-weight:bold; background-color:#f2f2f2;'>ปีการผลิต</td><td style='padding:3px 6px;'>257071</td></tr><tr><td style='padding:3px 6px; font-weight:bold; background-color:#f2f2f2;'>รหัสกลุ่มรถไถ</td><td style='padding:3px 6px;'>61/001</td></tr><tr><td style='padding:3px 6px; font-weight:bold; background-color:#f2f2f2;'>โควตาชาวไร่</td><td style='padding:3px 6px;'>761078</td></tr><tr><td style='padding:3px 6px; font-weight:bold; background-color:#f2f2f2;'>ชื่อ-นามสกุล</td><td style='padding:3px 6px;'>นาย ดวม ยึนประโคน</td></tr><tr><td style='padding:3px 6px; font-weight:bold; background-color:#f2f2f2;'>111</td><td style='padding:3px 6px;'>310718011501</td></tr><tr><td style='padding:3px 6px; font-weight:bold; background-color:#f2f2f2;'>ประเภทอ้อย</td><td style='padding:3px 6px;'>อ้อยปลายฝน</td></tr><tr><td style='padding:3px 6px; font-weight:bold; background-color:#f2f2f2;'>พื้นที่ปลูก</td><td style='padding:3px 6px;'>5.55</td></tr><tr><td style='padding:3px 6px; font-weight:bold; background-color:#f2f2f2;'>ศูนย์</td><td style='padding:3px 6px;'>K2-61</td></tr><tr><td style='padding:3px 6px; font-weight:bold; background-color:#f2f2f2;'>นักเกษตร</td><td style='padding:3px 6px;'>6105</td></tr><tr><td style='padding:3px 6px; font-weight:bold; background-color:#f2f2f2;'>กลุ่ม</td><td style='padding:3px 6px;'>กลุ่ม_61</td></tr></table></div>]]></description>
      <styleUrl>#style_61_001</styleUrl>
      <MultiGeometry><Polygon><outerBoundaryIs><LinearRing><coordinates>103.1245700,14.6242650,0 103.1246792,14.6242880,0 103.1247295,14.6243695,0 103.1252608,14.6242760,0 103.1253795,14.6242065,0 103.1254021,14.6235494,0 103.1249984,14.6234009,0 103.1245819,14.6232389,0 103.1245700,14.6242650,0</coordinates></LinearRing></outerBoundaryIs></Polygon></MultiGeometry>
    </Placemark>
    <Placemark>
      <name>311501091525</name>
      <description><![CDATA[<div style='font-family:Tahoma,sans-serif; font-size:13px;'><h3 style='color:#1565C0; margin:4px 0;'>รหัส: 311501091525</h3><p style='margin:2px 0;'><b>กลุ่มรถไถ:</b> 61_001</p><table border='1' style='border-collapse:collapse; border-color:#ccc; width:100%;'><tr><td style='padding:3px 6px; font-weight:bold; background-color:#f2f2f2;'>ปีการผลิต</td><td style='padding:3px 6px;'>257071</td></tr><tr><td style='padding:3px 6px; font-weight:bold; background-color:#f2f2f2;'>รหัสกลุ่มรถไถ</td><td style='padding:3px 6px;'>61/001</td></tr><tr><td style='padding:3px 6px; font-weight:bold; background-color:#f2f2f2;'>โควตาชาวไร่</td><td style='padding:3px 6px;'>761401</td></tr><tr><td style='padding:3px 6px; font-weight:bold; background-color:#f2f2f2;'>ชื่อ-นามสกุล</td><td style='padding:3px 6px;'>นาย เสริฐ บุตรศรี</td></tr><tr><td style='padding:3px 6px; font-weight:bold; background-color:#f2f2f2;'>111</td><td style='padding:3px 6px;'>311501091525</td></tr><tr><td style='padding:3px 6px; font-weight:bold; background-color:#f2f2f2;'>ประเภทอ้อย</td><td style='padding:3px 6px;'>อ้อยปลายฝน</td></tr><tr><td style='padding:3px 6px; font-weight:bold; background-color:#f2f2f2;'>พื้นที่ปลูก</td><td style='padding:3px 6px;'>13.32</td></tr><tr><td style='padding:3px 6px; font-weight:bold; background-color:#f2f2f2;'>ศูนย์</td><td style='padding:3px 6px;'>K2-61</td></tr><tr><td style='padding:3px 6px; font-weight:bold; background-color:#f2f2f2;'>นักเกษตร</td><td style='padding:3px 6px;'>6101</td></tr><tr><td style='padding:3px 6px; font-weight:bold; background-color:#f2f2f2;'>กลุ่ม</td><td style='padding:3px 6px;'>กลุ่ม_61</td></tr></table></div>]]></description>
      <styleUrl>#style_61_001</styleUrl>
      <MultiGeometry><Polygon><outerBoundaryIs><LinearRing><coordinates>103.1331679,14.6583343,0 103.1331468,14.6579115,0 103.1324681,14.6579434,0 103.1321480,14.6579450,0 103.1317055,14.6579148,0 103.1316430,14.6579037,0 103.1314517,14.6578679,0 103.1313155,14.6578379,0 103.1306621,14.6576570,0 103.1305367,14.6583826,0 103.1308272,14.6584459,0 103.1311546,14.6585189,0 103.1314208,14.6585770,0 103.1316625,14.6586284,0 103.1317434,14.6586274,0 103.1320647,14.6586203,0 103.1323166,14.6586194,0 103.1325158,14.6586024,0 103.1328147,14.6585695,0 103.1330058,14.6585365,0 103.1331678,14.6585227,0 103.1332636,14.6585084,0 103.1332468,14.6584736,0 103.1331679,14.6583343,0</coordinates></LinearRing></outerBoundaryIs></Polygon></MultiGeometry>
    </Placemark>
    <Placemark>
      <name>311501091637</name>
      <description><![CDATA[<div style='font-family:Tahoma,sans-serif; font-size:13px;'><h3 style='color:#1565C0; margin:4px 0;'>รหัส: 311501091637</h3><p style='margin:2px 0;'><b>กลุ่มรถไถ:</b> 61_001</p><table border='1' style='border-collapse:collapse; border-color:#ccc; width:100%;'><tr><td style='padding:3px 6px; font-weight:bold; background-color:#f2f2f2;'>ปีการผลิต</td><td style='padding:3px 6px;'>257071</td></tr><tr><td style='padding:3px 6px; font-weight:bold; background-color:#f2f2f2;'>รหัสกลุ่มรถไถ</td><td style='padding:3px 6px;'>61/001</td></tr><tr><td style='padding:3px 6px; font-weight:bold; background-color:#f2f2f2;'>โควตาชาวไร่</td><td style='padding:3px 6px;'>769162</td></tr><tr><td style='padding:3px 6px; font-weight:bold; background-color:#f2f2f2;'>ชื่อ-นามสกุล</td><td style='padding:3px 6px;'>นาย สมรุ่ง ไชยพันนา</td></tr><tr><td style='padding:3px 6px; font-weight:bold; background-color:#f2f2f2;'>111</td><td style='padding:3px 6px;'>311501091637</td></tr><tr><td style='padding:3px 6px; font-weight:bold; background-color:#f2f2f2;'>ประเภทอ้อย</td><td style='padding:3px 6px;'>อ้อยปลายฝน</td></tr><tr><td style='padding:3px 6px; font-weight:bold; background-color:#f2f2f2;'>พื้นที่ปลูก</td><td style='padding:3px 6px;'>12.98</td></tr><tr><td style='padding:3px 6px; font-weight:bold; background-color:#f2f2f2;'>ศูนย์</td><td style='padding:3px 6px;'>K2-61</td></tr><tr><td style='padding:3px 6px; font-weight:bold; background-color:#f2f2f2;'>นักเกษตร</td><td style='padding:3px 6px;'>6101</td></tr><tr><td style='padding:3px 6px; font-weight:bold; background-color:#f2f2f2;'>กลุ่ม</td><td style='padding:3px 6px;'>กลุ่ม_61</td></tr></table></div>]]></description>
      <styleUrl>#style_61_001</styleUrl>
      <MultiGeometry><Polygon><outerBoundaryIs><LinearRing><coordinates>103.1392883,14.6584683,0 103.1391600,14.6602417,0 103.1397900,14.6604367,0 103.1402900,14.6594317,0 103.1402667,14.6593750,0 103.1403133,14.6593267,0 103.1405083,14.6587917,0 103.1392883,14.6584683,0</coordinates></LinearRing></outerBoundaryIs></Polygon></MultiGeometry>
    </Placemark>
    <Placemark>
      <name>310718011635</name>
      <description><![CDATA[<div style='font-family:Tahoma,sans-serif; font-size:13px;'><h3 style='color:#1565C0; margin:4px 0;'>รหัส: 310718011635</h3><p style='margin:2px 0;'><b>กลุ่มรถไถ:</b> 61_001</p><table border='1' style='border-collapse:collapse; border-color:#ccc; width:100%;'><tr><td style='padding:3px 6px; font-weight:bold; background-color:#f2f2f2;'>ปีการผลิต</td><td style='padding:3px 6px;'>257071</td></tr><tr><td style='padding:3px 6px; font-weight:bold; background-color:#f2f2f2;'>รหัสกลุ่มรถไถ</td><td style='padding:3px 6px;'>61/001</td></tr><tr><td style='padding:3px 6px; font-weight:bold; background-color:#f2f2f2;'>โควตาชาวไร่</td><td style='padding:3px 6px;'>769228</td></tr><tr><td style='padding:3px 6px; font-weight:bold; background-color:#f2f2f2;'>ชื่อ-นามสกุล</td><td style='padding:3px 6px;'>นาย วันชัย สายแก้ว</td></tr><tr><td style='padding:3px 6px; font-weight:bold; background-color:#f2f2f2;'>111</td><td style='padding:3px 6px;'>310718011635</td></tr><tr><td style='padding:3px 6px; font-weight:bold; background-color:#f2f2f2;'>ประเภทอ้อย</td><td style='padding:3px 6px;'>อ้อยปลายฝน</td></tr><tr><td style='padding:3px 6px; font-weight:bold; background-color:#f2f2f2;'>พื้นที่ปลูก</td><td style='padding:3px 6px;'>14.14</td></tr><tr><td style='padding:3px 6px; font-weight:bold; background-color:#f2f2f2;'>ศูนย์</td><td style='padding:3px 6px;'>K2-61</td></tr><tr><td style='padding:3px 6px; font-weight:bold; background-color:#f2f2f2;'>นักเกษตร</td><td style='padding:3px 6px;'>6105</td></tr><tr><td style='padding:3px 6px; font-weight:bold; background-color:#f2f2f2;'>กลุ่ม</td><td style='padding:3px 6px;'>กลุ่ม_61</td></tr></table></div>]]></description>
      <styleUrl>#style_61_001</styleUrl>
      <MultiGeometry><Polygon><outerBoundaryIs><LinearRing><coordinates>103.1288549,14.6233070,0 103.1290204,14.6236872,0 103.1299442,14.6233827,0 103.1300960,14.6234623,0 103.1311799,14.6230482,0 103.1316152,14.6229286,0 103.1315622,14.6227524,0 103.1318676,14.6226443,0 103.1319254,14.6227092,0 103.1324411,14.6225631,0 103.1321737,14.6219816,0 103.1306570,14.6226243,0 103.1298725,14.6229726,0 103.1288549,14.6233070,0</coordinates></LinearRing></outerBoundaryIs></Polygon></MultiGeometry>
    </Placemark>
    <Placemark>
      <name>310718011644</name>
      <description><![CDATA[<div style='font-family:Tahoma,sans-serif; font-size:13px;'><h3 style='color:#1565C0; margin:4px 0;'>รหัส: 310718011644</h3><p style='margin:2px 0;'><b>กลุ่มรถไถ:</b> 61_001</p><table border='1' style='border-collapse:collapse; border-color:#ccc; width:100%;'><tr><td style='padding:3px 6px; font-weight:bold; background-color:#f2f2f2;'>ปีการผลิต</td><td style='padding:3px 6px;'>257071</td></tr><tr><td style='padding:3px 6px; font-weight:bold; background-color:#f2f2f2;'>รหัสกลุ่มรถไถ</td><td style='padding:3px 6px;'>61/001</td></tr><tr><td style='padding:3px 6px; font-weight:bold; background-color:#f2f2f2;'>โควตาชาวไร่</td><td style='padding:3px 6px;'>769228</td></tr><tr><td style='padding:3px 6px; font-weight:bold; background-color:#f2f2f2;'>ชื่อ-นามสกุล</td><td style='padding:3px 6px;'>นาย วันชัย สายแก้ว</td></tr><tr><td style='padding:3px 6px; font-weight:bold; background-color:#f2f2f2;'>111</td><td style='padding:3px 6px;'>310718011644</td></tr><tr><td style='padding:3px 6px; font-weight:bold; background-color:#f2f2f2;'>ประเภทอ้อย</td><td style='padding:3px 6px;'>อ้อยปลายฝน</td></tr><tr><td style='padding:3px 6px; font-weight:bold; background-color:#f2f2f2;'>พื้นที่ปลูก</td><td style='padding:3px 6px;'>13.69</td></tr><tr><td style='padding:3px 6px; font-weight:bold; background-color:#f2f2f2;'>ศูนย์</td><td style='padding:3px 6px;'>K2-61</td></tr><tr><td style='padding:3px 6px; font-weight:bold; background-color:#f2f2f2;'>นักเกษตร</td><td style='padding:3px 6px;'>6105</td></tr><tr><td style='padding:3px 6px; font-weight:bold; background-color:#f2f2f2;'>กลุ่ม</td><td style='padding:3px 6px;'>กลุ่ม_61</td></tr></table></div>]]></description>
      <styleUrl>#style_61_001</styleUrl>
      <MultiGeometry><Polygon><outerBoundaryIs><LinearRing><coordinates>103.1181283,14.6183917,0 103.1180800,14.6185500,0 103.1179733,14.6185567,0 103.1178983,14.6189017,0 103.1185650,14.6190333,0 103.1185850,14.6188300,0 103.1188300,14.6188400,0 103.1188150,14.6191150,0 103.1215033,14.6196000,0 103.1213417,14.6190533,0 103.1181283,14.6183917,0</coordinates></LinearRing></outerBoundaryIs></Polygon></MultiGeometry>
    </Placemark>
    <Placemark>
      <name>310718011653</name>
      <description><![CDATA[<div style='font-family:Tahoma,sans-serif; font-size:13px;'><h3 style='color:#1565C0; margin:4px 0;'>รหัส: 310718011653</h3><p style='margin:2px 0;'><b>กลุ่มรถไถ:</b> 61_001</p><table border='1' style='border-collapse:collapse; border-color:#ccc; width:100%;'><tr><td style='padding:3px 6px; font-weight:bold; background-color:#f2f2f2;'>ปีการผลิต</td><td style='padding:3px 6px;'>257071</td></tr><tr><td style='padding:3px 6px; font-weight:bold; background-color:#f2f2f2;'>รหัสกลุ่มรถไถ</td><td style='padding:3px 6px;'>61/001</td></tr><tr><td style='padding:3px 6px; font-weight:bold; background-color:#f2f2f2;'>โควตาชาวไร่</td><td style='padding:3px 6px;'>769228</td></tr><tr><td style='padding:3px 6px; font-weight:bold; background-color:#f2f2f2;'>ชื่อ-นามสกุล</td><td style='padding:3px 6px;'>นาย วันชัย สายแก้ว</td></tr><tr><td style='padding:3px 6px; font-weight:bold; background-color:#f2f2f2;'>111</td><td style='padding:3px 6px;'>310718011653</td></tr><tr><td style='padding:3px 6px; font-weight:bold; background-color:#f2f2f2;'>ประเภทอ้อย</td><td style='padding:3px 6px;'>อ้อยปลายฝน</td></tr><tr><td style='padding:3px 6px; font-weight:bold; background-color:#f2f2f2;'>พื้นที่ปลูก</td><td style='padding:3px 6px;'>4.61</td></tr><tr><td style='padding:3px 6px; font-weight:bold; background-color:#f2f2f2;'>ศูนย์</td><td style='padding:3px 6px;'>K2-61</td></tr><tr><td style='padding:3px 6px; font-weight:bold; background-color:#f2f2f2;'>นักเกษตร</td><td style='padding:3px 6px;'>6105</td></tr><tr><td style='padding:3px 6px; font-weight:bold; background-color:#f2f2f2;'>กลุ่ม</td><td style='padding:3px 6px;'>กลุ่ม_61</td></tr></table></div>]]></description>
      <styleUrl>#style_61_001</styleUrl>
      <MultiGeometry><Polygon><outerBoundaryIs><LinearRing><coordinates>103.1324139,14.6226012,0 103.1334239,14.6222629,0 103.1332643,14.6218139,0 103.1321574,14.6219871,0 103.1324139,14.6226012,0</coordinates></LinearRing></outerBoundaryIs></Polygon></MultiGeometry>
    </Placemark>
    <Placemark>
      <name>310718051680</name>
      <description><![CDATA[<div style='font-family:Tahoma,sans-serif; font-size:13px;'><h3 style='color:#1565C0; margin:4px 0;'>รหัส: 310718051680</h3><p style='margin:2px 0;'><b>กลุ่มรถไถ:</b> 61_001</p><table border='1' style='border-collapse:collapse; border-color:#ccc; width:100%;'><tr><td style='padding:3px 6px; font-weight:bold; background-color:#f2f2f2;'>ปีการผลิต</td><td style='padding:3px 6px;'>257071</td></tr><tr><td style='padding:3px 6px; font-weight:bold; background-color:#f2f2f2;'>รหัสกลุ่มรถไถ</td><td style='padding:3px 6px;'>61/001</td></tr><tr><td style='padding:3px 6px; font-weight:bold; background-color:#f2f2f2;'>โควตาชาวไร่</td><td style='padding:3px 6px;'>769359</td></tr><tr><td style='padding:3px 6px; font-weight:bold; background-color:#f2f2f2;'>ชื่อ-นามสกุล</td><td style='padding:3px 6px;'>นาย เทศ จามิกรณ์</td></tr><tr><td style='padding:3px 6px; font-weight:bold; background-color:#f2f2f2;'>111</td><td style='padding:3px 6px;'>310718051680</td></tr><tr><td style='padding:3px 6px; font-weight:bold; background-color:#f2f2f2;'>ประเภทอ้อย</td><td style='padding:3px 6px;'>อ้อยปลายฝน</td></tr><tr><td style='padding:3px 6px; font-weight:bold; background-color:#f2f2f2;'>พื้นที่ปลูก</td><td style='padding:3px 6px;'>5.27</td></tr><tr><td style='padding:3px 6px; font-weight:bold; background-color:#f2f2f2;'>ศูนย์</td><td style='padding:3px 6px;'>K2-61</td></tr><tr><td style='padding:3px 6px; font-weight:bold; background-color:#f2f2f2;'>นักเกษตร</td><td style='padding:3px 6px;'>6105</td></tr><tr><td style='padding:3px 6px; font-weight:bold; background-color:#f2f2f2;'>กลุ่ม</td><td style='padding:3px 6px;'>กลุ่ม_61</td></tr></table></div>]]></description>
      <styleUrl>#style_61_001</styleUrl>
      <MultiGeometry><Polygon><outerBoundaryIs><LinearRing><coordinates>103.1504820,14.6208269,0 103.1516437,14.6204903,0 103.1515896,14.6200398,0 103.1503360,14.6202439,0 103.1502824,14.6202597,0 103.1503261,14.6207909,0 103.1504529,14.6207697,0 103.1504820,14.6208269,0</coordinates></LinearRing></outerBoundaryIs></Polygon></MultiGeometry>
    </Placemark>
    <Placemark>
      <name>310718021638</name>
      <description><![CDATA[<div style='font-family:Tahoma,sans-serif; font-size:13px;'><h3 style='color:#1565C0; margin:4px 0;'>รหัส: 310718021638</h3><p style='margin:2px 0;'><b>กลุ่มรถไถ:</b> 61_001</p><table border='1' style='border-collapse:collapse; border-color:#ccc; width:100%;'><tr><td style='padding:3px 6px; font-weight:bold; background-color:#f2f2f2;'>ปีการผลิต</td><td style='padding:3px 6px;'>257071</td></tr><tr><td style='padding:3px 6px; font-weight:bold; background-color:#f2f2f2;'>รหัสกลุ่มรถไถ</td><td style='padding:3px 6px;'>61/001</td></tr><tr><td style='padding:3px 6px; font-weight:bold; background-color:#f2f2f2;'>โควตาชาวไร่</td><td style='padding:3px 6px;'>769506</td></tr><tr><td style='padding:3px 6px; font-weight:bold; background-color:#f2f2f2;'>ชื่อ-นามสกุล</td><td style='padding:3px 6px;'>นาย จักรพันธ์ คิมประโคน</td></tr><tr><td style='padding:3px 6px; font-weight:bold; background-color:#f2f2f2;'>111</td><td style='padding:3px 6px;'>310718021638</td></tr><tr><td style='padding:3px 6px; font-weight:bold; background-color:#f2f2f2;'>ประเภทอ้อย</td><td style='padding:3px 6px;'>อ้อยปลายฝน</td></tr><tr><td style='padding:3px 6px; font-weight:bold; background-color:#f2f2f2;'>พื้นที่ปลูก</td><td style='padding:3px 6px;'>6.1</td></tr><tr><td style='padding:3px 6px; font-weight:bold; background-color:#f2f2f2;'>ศูนย์</td><td style='padding:3px 6px;'>K2-61</td></tr><tr><td style='padding:3px 6px; font-weight:bold; background-color:#f2f2f2;'>นักเกษตร</td><td style='padding:3px 6px;'>6105</td></tr><tr><td style='padding:3px 6px; font-weight:bold; background-color:#f2f2f2;'>กลุ่ม</td><td style='padding:3px 6px;'>กลุ่ม_61</td></tr></table></div>]]></description>
      <styleUrl>#style_61_001</styleUrl>
      <MultiGeometry><Polygon><outerBoundaryIs><LinearRing><coordinates>103.1191909,14.6154995,0 103.1192204,14.6157941,0 103.1197941,14.6158234,0 103.1211918,14.6158118,0 103.1211451,14.6153039,0 103.1191909,14.6154995,0</coordinates></LinearRing></outerBoundaryIs></Polygon></MultiGeometry>
    </Placemark>
    <Placemark>
      <name>311501021554</name>
      <description><![CDATA[<div style='font-family:Tahoma,sans-serif; font-size:13px;'><h3 style='color:#1565C0; margin:4px 0;'>รหัส: 311501021554</h3><p style='margin:2px 0;'><b>กลุ่มรถไถ:</b> 61_001</p><table border='1' style='border-collapse:collapse; border-color:#ccc; width:100%;'><tr><td style='padding:3px 6px; font-weight:bold; background-color:#f2f2f2;'>ปีการผลิต</td><td style='padding:3px 6px;'>257071</td></tr><tr><td style='padding:3px 6px; font-weight:bold; background-color:#f2f2f2;'>รหัสกลุ่มรถไถ</td><td style='padding:3px 6px;'>61/001</td></tr><tr><td style='padding:3px 6px; font-weight:bold; background-color:#f2f2f2;'>โควตาชาวไร่</td><td style='padding:3px 6px;'>769523</td></tr><tr><td style='padding:3px 6px; font-weight:bold; background-color:#f2f2f2;'>ชื่อ-นามสกุล</td><td style='padding:3px 6px;'>นางสาว บัวผัน มะลาคำ</td></tr><tr><td style='padding:3px 6px; font-weight:bold; background-color:#f2f2f2;'>111</td><td style='padding:3px 6px;'>311501021554</td></tr><tr><td style='padding:3px 6px; font-weight:bold; background-color:#f2f2f2;'>ประเภทอ้อย</td><td style='padding:3px 6px;'>อ้อยปลายฝน</td></tr><tr><td style='padding:3px 6px; font-weight:bold; background-color:#f2f2f2;'>พื้นที่ปลูก</td><td style='padding:3px 6px;'>10.62</td></tr><tr><td style='padding:3px 6px; font-weight:bold; background-color:#f2f2f2;'>ศูนย์</td><td style='padding:3px 6px;'>K2-61</td></tr><tr><td style='padding:3px 6px; font-weight:bold; background-color:#f2f2f2;'>นักเกษตร</td><td style='padding:3px 6px;'>6101</td></tr><tr><td style='padding:3px 6px; font-weight:bold; background-color:#f2f2f2;'>กลุ่ม</td><td style='padding:3px 6px;'>กลุ่ม_61</td></tr></table></div>]]></description>
      <styleUrl>#style_61_001</styleUrl>
      <MultiGeometry><Polygon><outerBoundaryIs><LinearRing><coordinates>103.1293293,14.6636146,0 103.1321697,14.6637943,0 103.1312921,14.6632171,0 103.1298252,14.6631091,0 103.1295030,14.6626339,0 103.1293425,14.6626097,0 103.1293293,14.6636146,0</coordinates></LinearRing></outerBoundaryIs></Polygon></MultiGeometry>
    </Placemark>
    <Placemark>
      <name>310718061768</name>
      <description><![CDATA[<div style='font-family:Tahoma,sans-serif; font-size:13px;'><h3 style='color:#1565C0; margin:4px 0;'>รหัส: 310718061768</h3><p style='margin:2px 0;'><b>กลุ่มรถไถ:</b> 61_001</p><table border='1' style='border-collapse:collapse; border-color:#ccc; width:100%;'><tr><td style='padding:3px 6px; font-weight:bold; background-color:#f2f2f2;'>ปีการผลิต</td><td style='padding:3px 6px;'>257071</td></tr><tr><td style='padding:3px 6px; font-weight:bold; background-color:#f2f2f2;'>รหัสกลุ่มรถไถ</td><td style='padding:3px 6px;'>61/001</td></tr><tr><td style='padding:3px 6px; font-weight:bold; background-color:#f2f2f2;'>โควตาชาวไร่</td><td style='padding:3px 6px;'>769530</td></tr><tr><td style='padding:3px 6px; font-weight:bold; background-color:#f2f2f2;'>ชื่อ-นามสกุล</td><td style='padding:3px 6px;'>นาย พิชิต ชาญประโคน</td></tr><tr><td style='padding:3px 6px; font-weight:bold; background-color:#f2f2f2;'>111</td><td style='padding:3px 6px;'>310718061768</td></tr><tr><td style='padding:3px 6px; font-weight:bold; background-color:#f2f2f2;'>ประเภทอ้อย</td><td style='padding:3px 6px;'>อ้อยปลายฝน</td></tr><tr><td style='padding:3px 6px; font-weight:bold; background-color:#f2f2f2;'>พื้นที่ปลูก</td><td style='padding:3px 6px;'>4.18</td></tr><tr><td style='padding:3px 6px; font-weight:bold; background-color:#f2f2f2;'>ศูนย์</td><td style='padding:3px 6px;'>K2-61</td></tr><tr><td style='padding:3px 6px; font-weight:bold; background-color:#f2f2f2;'>นักเกษตร</td><td style='padding:3px 6px;'>6105</td></tr><tr><td style='padding:3px 6px; font-weight:bold; background-color:#f2f2f2;'>กลุ่ม</td><td style='padding:3px 6px;'>กลุ่ม_61</td></tr></table></div>]]></description>
      <styleUrl>#style_61_001</styleUrl>
      <MultiGeometry><Polygon><outerBoundaryIs><LinearRing><coordinates>103.1305354,14.5812938,0 103.1304957,14.5806862,0 103.1303705,14.5806569,0 103.1303663,14.5804502,0 103.1302375,14.5804570,0 103.1301772,14.5812025,0 103.1302684,14.5822729,0 103.1305971,14.5822527,0 103.1305354,14.5812938,0</coordinates></LinearRing></outerBoundaryIs></Polygon></MultiGeometry>
    </Placemark>
    <Placemark>
      <name>311501061621</name>
      <description><![CDATA[<div style='font-family:Tahoma,sans-serif; font-size:13px;'><h3 style='color:#1565C0; margin:4px 0;'>รหัส: 311501061621</h3><p style='margin:2px 0;'><b>กลุ่มรถไถ:</b> 61_001</p><table border='1' style='border-collapse:collapse; border-color:#ccc; width:100%;'><tr><td style='padding:3px 6px; font-weight:bold; background-color:#f2f2f2;'>ปีการผลิต</td><td style='padding:3px 6px;'>257071</td></tr><tr><td style='padding:3px 6px; font-weight:bold; background-color:#f2f2f2;'>รหัสกลุ่มรถไถ</td><td style='padding:3px 6px;'>61/001</td></tr><tr><td style='padding:3px 6px; font-weight:bold; background-color:#f2f2f2;'>โควตาชาวไร่</td><td style='padding:3px 6px;'>769603</td></tr><tr><td style='padding:3px 6px; font-weight:bold; background-color:#f2f2f2;'>ชื่อ-นามสกุล</td><td style='padding:3px 6px;'>นาง ภาวนา พัตรสิงห์</td></tr><tr><td style='padding:3px 6px; font-weight:bold; background-color:#f2f2f2;'>111</td><td style='padding:3px 6px;'>311501061621</td></tr><tr><td style='padding:3px 6px; font-weight:bold; background-color:#f2f2f2;'>ประเภทอ้อย</td><td style='padding:3px 6px;'>อ้อยปลายฝน</td></tr><tr><td style='padding:3px 6px; font-weight:bold; background-color:#f2f2f2;'>พื้นที่ปลูก</td><td style='padding:3px 6px;'>11.03</td></tr><tr><td style='padding:3px 6px; font-weight:bold; background-color:#f2f2f2;'>ศูนย์</td><td style='padding:3px 6px;'>K2-61</td></tr><tr><td style='padding:3px 6px; font-weight:bold; background-color:#f2f2f2;'>นักเกษตร</td><td style='padding:3px 6px;'>6107</td></tr><tr><td style='padding:3px 6px; font-weight:bold; background-color:#f2f2f2;'>กลุ่ม</td><td style='padding:3px 6px;'>กลุ่ม_61</td></tr></table></div>]]></description>
      <styleUrl>#style_61_001</styleUrl>
      <MultiGeometry><Polygon><outerBoundaryIs><LinearRing><coordinates>103.1208957,14.6950179,0 103.1206006,14.6966534,0 103.1211472,14.6967311,0 103.1216836,14.6966606,0 103.1216572,14.6961000,0 103.1215884,14.6955677,0 103.1215938,14.6951144,0 103.1215894,14.6950437,0 103.1208957,14.6950179,0</coordinates></LinearRing></outerBoundaryIs></Polygon></MultiGeometry>
    </Placemark>
    <Placemark>
      <name>311501101702</name>
      <description><![CDATA[<div style='font-family:Tahoma,sans-serif; font-size:13px;'><h3 style='color:#1565C0; margin:4px 0;'>รหัส: 311501101702</h3><p style='margin:2px 0;'><b>กลุ่มรถไถ:</b> 61_001</p><table border='1' style='border-collapse:collapse; border-color:#ccc; width:100%;'><tr><td style='padding:3px 6px; font-weight:bold; background-color:#f2f2f2;'>ปีการผลิต</td><td style='padding:3px 6px;'>257071</td></tr><tr><td style='padding:3px 6px; font-weight:bold; background-color:#f2f2f2;'>รหัสกลุ่มรถไถ</td><td style='padding:3px 6px;'>61/001</td></tr><tr><td style='padding:3px 6px; font-weight:bold; background-color:#f2f2f2;'>โควตาชาวไร่</td><td style='padding:3px 6px;'>769603</td></tr><tr><td style='padding:3px 6px; font-weight:bold; background-color:#f2f2f2;'>ชื่อ-นามสกุล</td><td style='padding:3px 6px;'>นาง ภาวนา พัตรสิงห์</td></tr><tr><td style='padding:3px 6px; font-weight:bold; background-color:#f2f2f2;'>111</td><td style='padding:3px 6px;'>311501101702</td></tr><tr><td style='padding:3px 6px; font-weight:bold; background-color:#f2f2f2;'>ประเภทอ้อย</td><td style='padding:3px 6px;'>อ้อยปลายฝน</td></tr><tr><td style='padding:3px 6px; font-weight:bold; background-color:#f2f2f2;'>พื้นที่ปลูก</td><td style='padding:3px 6px;'>8.33</td></tr><tr><td style='padding:3px 6px; font-weight:bold; background-color:#f2f2f2;'>ศูนย์</td><td style='padding:3px 6px;'>K2-61</td></tr><tr><td style='padding:3px 6px; font-weight:bold; background-color:#f2f2f2;'>นักเกษตร</td><td style='padding:3px 6px;'>6107</td></tr><tr><td style='padding:3px 6px; font-weight:bold; background-color:#f2f2f2;'>กลุ่ม</td><td style='padding:3px 6px;'>กลุ่ม_61</td></tr></table></div>]]></description>
      <styleUrl>#style_61_001</styleUrl>
      <MultiGeometry><Polygon><outerBoundaryIs><LinearRing><coordinates>103.1326224,14.6882317,0 103.1326003,14.6886224,0 103.1356731,14.6890592,0 103.1356671,14.6886410,0 103.1353594,14.6886298,0 103.1337348,14.6884717,0 103.1336350,14.6884705,0 103.1336340,14.6884102,0 103.1334937,14.6883708,0 103.1326224,14.6882317,0</coordinates></LinearRing></outerBoundaryIs></Polygon></MultiGeometry>
    </Placemark>
    <Placemark>
      <name>311501091677</name>
      <description><![CDATA[<div style='font-family:Tahoma,sans-serif; font-size:13px;'><h3 style='color:#1565C0; margin:4px 0;'>รหัส: 311501091677</h3><p style='margin:2px 0;'><b>กลุ่มรถไถ:</b> 61_001</p><table border='1' style='border-collapse:collapse; border-color:#ccc; width:100%;'><tr><td style='padding:3px 6px; font-weight:bold; background-color:#f2f2f2;'>ปีการผลิต</td><td style='padding:3px 6px;'>257071</td></tr><tr><td style='padding:3px 6px; font-weight:bold; background-color:#f2f2f2;'>รหัสกลุ่มรถไถ</td><td style='padding:3px 6px;'>61/001</td></tr><tr><td style='padding:3px 6px; font-weight:bold; background-color:#f2f2f2;'>โควตาชาวไร่</td><td style='padding:3px 6px;'>769622</td></tr><tr><td style='padding:3px 6px; font-weight:bold; background-color:#f2f2f2;'>ชื่อ-นามสกุล</td><td style='padding:3px 6px;'>นาง ติ๋ม บุญปัญญา</td></tr><tr><td style='padding:3px 6px; font-weight:bold; background-color:#f2f2f2;'>111</td><td style='padding:3px 6px;'>311501091677</td></tr><tr><td style='padding:3px 6px; font-weight:bold; background-color:#f2f2f2;'>ประเภทอ้อย</td><td style='padding:3px 6px;'>อ้อยปลายฝน</td></tr><tr><td style='padding:3px 6px; font-weight:bold; background-color:#f2f2f2;'>พื้นที่ปลูก</td><td style='padding:3px 6px;'>6.92</td></tr><tr><td style='padding:3px 6px; font-weight:bold; background-color:#f2f2f2;'>ศูนย์</td><td style='padding:3px 6px;'>K2-61</td></tr><tr><td style='padding:3px 6px; font-weight:bold; background-color:#f2f2f2;'>นักเกษตร</td><td style='padding:3px 6px;'>6101</td></tr><tr><td style='padding:3px 6px; font-weight:bold; background-color:#f2f2f2;'>กลุ่ม</td><td style='padding:3px 6px;'>กลุ่ม_61</td></tr></table></div>]]></description>
      <styleUrl>#style_61_001</styleUrl>
      <MultiGeometry><Polygon><outerBoundaryIs><LinearRing><coordinates>103.1417078,14.6610853,0 103.1406830,14.6635251,0 103.1410040,14.6635967,0 103.1420756,14.6611834,0 103.1417078,14.6610853,0</coordinates></LinearRing></outerBoundaryIs></Polygon></MultiGeometry>
    </Placemark>
    <Placemark>
      <name>311501071679</name>
      <description><![CDATA[<div style='font-family:Tahoma,sans-serif; font-size:13px;'><h3 style='color:#1565C0; margin:4px 0;'>รหัส: 311501071679</h3><p style='margin:2px 0;'><b>กลุ่มรถไถ:</b> 61_001</p><table border='1' style='border-collapse:collapse; border-color:#ccc; width:100%;'><tr><td style='padding:3px 6px; font-weight:bold; background-color:#f2f2f2;'>ปีการผลิต</td><td style='padding:3px 6px;'>257071</td></tr><tr><td style='padding:3px 6px; font-weight:bold; background-color:#f2f2f2;'>รหัสกลุ่มรถไถ</td><td style='padding:3px 6px;'>61/001</td></tr><tr><td style='padding:3px 6px; font-weight:bold; background-color:#f2f2f2;'>โควตาชาวไร่</td><td style='padding:3px 6px;'>769664</td></tr><tr><td style='padding:3px 6px; font-weight:bold; background-color:#f2f2f2;'>ชื่อ-นามสกุล</td><td style='padding:3px 6px;'>นาย จันทร์เสน ยงชลิตกุล</td></tr><tr><td style='padding:3px 6px; font-weight:bold; background-color:#f2f2f2;'>111</td><td style='padding:3px 6px;'>311501071679</td></tr><tr><td style='padding:3px 6px; font-weight:bold; background-color:#f2f2f2;'>ประเภทอ้อย</td><td style='padding:3px 6px;'>อ้อยปลายฝน</td></tr><tr><td style='padding:3px 6px; font-weight:bold; background-color:#f2f2f2;'>พื้นที่ปลูก</td><td style='padding:3px 6px;'>3.53</td></tr><tr><td style='padding:3px 6px; font-weight:bold; background-color:#f2f2f2;'>ศูนย์</td><td style='padding:3px 6px;'>K2-61</td></tr><tr><td style='padding:3px 6px; font-weight:bold; background-color:#f2f2f2;'>นักเกษตร</td><td style='padding:3px 6px;'>6106</td></tr><tr><td style='padding:3px 6px; font-weight:bold; background-color:#f2f2f2;'>กลุ่ม</td><td style='padding:3px 6px;'>กลุ่ม_61</td></tr></table></div>]]></description>
      <styleUrl>#style_61_001</styleUrl>
      <MultiGeometry><Polygon><outerBoundaryIs><LinearRing><coordinates>103.1481000,14.6356750,0 103.1481750,14.6355067,0 103.1473750,14.6355633,0 103.1471967,14.6355750,0 103.1471033,14.6355633,0 103.1470000,14.6355533,0 103.1466083,14.6354800,0 103.1453233,14.6353483,0 103.1449667,14.6353117,0 103.1449667,14.6355150,0 103.1456433,14.6355300,0 103.1457333,14.6355150,0 103.1457833,14.6355233,0 103.1458167,14.6355400,0 103.1469750,14.6356833,0 103.1471800,14.6356917,0 103.1478583,14.6356750,0 103.1481000,14.6356750,0</coordinates></LinearRing></outerBoundaryIs></Polygon></MultiGeometry>
    </Placemark>
    <Placemark>
      <name>311501051832</name>
      <description><![CDATA[<div style='font-family:Tahoma,sans-serif; font-size:13px;'><h3 style='color:#1565C0; margin:4px 0;'>รหัส: 311501051832</h3><p style='margin:2px 0;'><b>กลุ่มรถไถ:</b> 61_001</p><table border='1' style='border-collapse:collapse; border-color:#ccc; width:100%;'><tr><td style='padding:3px 6px; font-weight:bold; background-color:#f2f2f2;'>ปีการผลิต</td><td style='padding:3px 6px;'>257071</td></tr><tr><td style='padding:3px 6px; font-weight:bold; background-color:#f2f2f2;'>รหัสกลุ่มรถไถ</td><td style='padding:3px 6px;'>61/001</td></tr><tr><td style='padding:3px 6px; font-weight:bold; background-color:#f2f2f2;'>โควตาชาวไร่</td><td style='padding:3px 6px;'>769666</td></tr><tr><td style='padding:3px 6px; font-weight:bold; background-color:#f2f2f2;'>ชื่อ-นามสกุล</td><td style='padding:3px 6px;'>นาง ชมพูนุท กลั่นทิพย์</td></tr><tr><td style='padding:3px 6px; font-weight:bold; background-color:#f2f2f2;'>111</td><td style='padding:3px 6px;'>311501051832</td></tr><tr><td style='padding:3px 6px; font-weight:bold; background-color:#f2f2f2;'>ประเภทอ้อย</td><td style='padding:3px 6px;'>อ้อยปลายฝน</td></tr><tr><td style='padding:3px 6px; font-weight:bold; background-color:#f2f2f2;'>พื้นที่ปลูก</td><td style='padding:3px 6px;'>13.18</td></tr><tr><td style='padding:3px 6px; font-weight:bold; background-color:#f2f2f2;'>ศูนย์</td><td style='padding:3px 6px;'>K2-61</td></tr><tr><td style='padding:3px 6px; font-weight:bold; background-color:#f2f2f2;'>นักเกษตร</td><td style='padding:3px 6px;'>6106</td></tr><tr><td style='padding:3px 6px; font-weight:bold; background-color:#f2f2f2;'>กลุ่ม</td><td style='padding:3px 6px;'>กลุ่ม_61</td></tr></table></div>]]></description>
      <styleUrl>#style_61_001</styleUrl>
      <MultiGeometry><Polygon><outerBoundaryIs><LinearRing><coordinates>103.1427733,14.6392667,0 103.1431150,14.6396167,0 103.1444667,14.6378517,0 103.1442667,14.6377133,0 103.1443167,14.6371983,0 103.1443400,14.6368500,0 103.1439550,14.6367950,0 103.1439650,14.6365867,0 103.1439083,14.6365733,0 103.1438417,14.6368933,0 103.1438233,14.6370900,0 103.1437500,14.6373133,0 103.1436750,14.6375383,0 103.1434067,14.6381917,0 103.1433150,14.6383817,0 103.1432033,14.6385550,0 103.1429950,14.6389383,0 103.1427733,14.6392667,0</coordinates></LinearRing></outerBoundaryIs></Polygon></MultiGeometry>
    </Placemark>
  </Folder>
  <Style id="style_61_002">
    <LineStyle>
      <color>ffAA248E</color>
      <width>2.0</width>
    </LineStyle>
    <PolyStyle>
      <color>b3AA248E</color>
    </PolyStyle>
  </Style>
  <Folder>
    <name>61_002</name>
    <Placemark>
      <name>311501161532</name>
      <description><![CDATA[<div style='font-family:Tahoma,sans-serif; font-size:13px;'><h3 style='color:#1565C0; margin:4px 0;'>รหัส: 311501161532</h3><p style='margin:2px 0;'><b>กลุ่มรถไถ:</b> 61_002</p><table border='1' style='border-collapse:collapse; border-color:#ccc; width:100%;'><tr><td style='padding:3px 6px; font-weight:bold; background-color:#f2f2f2;'>ปีการผลิต</td><td style='padding:3px 6px;'>257071</td></tr><tr><td style='padding:3px 6px; font-weight:bold; background-color:#f2f2f2;'>รหัสกลุ่มรถไถ</td><td style='padding:3px 6px;'>61/002</td></tr><tr><td style='padding:3px 6px; font-weight:bold; background-color:#f2f2f2;'>โควตาชาวไร่</td><td style='padding:3px 6px;'>760008</td></tr><tr><td style='padding:3px 6px; font-weight:bold; background-color:#f2f2f2;'>ชื่อ-นามสกุล</td><td style='padding:3px 6px;'>นาง สายันต์ โต๊ะงาม</td></tr><tr><td style='padding:3px 6px; font-weight:bold; background-color:#f2f2f2;'>111</td><td style='padding:3px 6px;'>311501161532</td></tr><tr><td style='padding:3px 6px; font-weight:bold; background-color:#f2f2f2;'>ประเภทอ้อย</td><td style='padding:3px 6px;'>อ้อยปลายฝน</td></tr><tr><td style='padding:3px 6px; font-weight:bold; background-color:#f2f2f2;'>พื้นที่ปลูก</td><td style='padding:3px 6px;'>1.79</td></tr><tr><td style='padding:3px 6px; font-weight:bold; background-color:#f2f2f2;'>ศูนย์</td><td style='padding:3px 6px;'>K2-61</td></tr><tr><td style='padding:3px 6px; font-weight:bold; background-color:#f2f2f2;'>นักเกษตร</td><td style='padding:3px 6px;'>6106</td></tr><tr><td style='padding:3px 6px; font-weight:bold; background-color:#f2f2f2;'>กลุ่ม</td><td style='padding:3px 6px;'>กลุ่ม_61</td></tr></table></div>]]></description>
      <styleUrl>#style_61_002</styleUrl>
      <MultiGeometry><Polygon><outerBoundaryIs><LinearRing><coordinates>103.1499663,14.6289064,0 103.1499241,14.6299434,0 103.1501633,14.6299813,0 103.1501723,14.6288731,0 103.1499663,14.6289064,0</coordinates></LinearRing></outerBoundaryIs></Polygon></MultiGeometry>
    </Placemark>
    <Placemark>
      <name>311501050173</name>
      <description><![CDATA[<div style='font-family:Tahoma,sans-serif; font-size:13px;'><h3 style='color:#1565C0; margin:4px 0;'>รหัส: 311501050173</h3><p style='margin:2px 0;'><b>กลุ่มรถไถ:</b> 61_002</p><table border='1' style='border-collapse:collapse; border-color:#ccc; width:100%;'><tr><td style='padding:3px 6px; font-weight:bold; background-color:#f2f2f2;'>ปีการผลิต</td><td style='padding:3px 6px;'>257071</td></tr><tr><td style='padding:3px 6px; font-weight:bold; background-color:#f2f2f2;'>รหัสกลุ่มรถไถ</td><td style='padding:3px 6px;'>61/002</td></tr><tr><td style='padding:3px 6px; font-weight:bold; background-color:#f2f2f2;'>โควตาชาวไร่</td><td style='padding:3px 6px;'>760010</td></tr><tr><td style='padding:3px 6px; font-weight:bold; background-color:#f2f2f2;'>ชื่อ-นามสกุล</td><td style='padding:3px 6px;'>นาย เถลิง บุญเจริญ</td></tr><tr><td style='padding:3px 6px; font-weight:bold; background-color:#f2f2f2;'>111</td><td style='padding:3px 6px;'>311501050173</td></tr><tr><td style='padding:3px 6px; font-weight:bold; background-color:#f2f2f2;'>ประเภทอ้อย</td><td style='padding:3px 6px;'>อ้อยปลายฝน</td></tr><tr><td style='padding:3px 6px; font-weight:bold; background-color:#f2f2f2;'>พื้นที่ปลูก</td><td style='padding:3px 6px;'>1.89</td></tr><tr><td style='padding:3px 6px; font-weight:bold; background-color:#f2f2f2;'>ศูนย์</td><td style='padding:3px 6px;'>K2-61</td></tr><tr><td style='padding:3px 6px; font-weight:bold; background-color:#f2f2f2;'>นักเกษตร</td><td style='padding:3px 6px;'>6106</td></tr><tr><td style='padding:3px 6px; font-weight:bold; background-color:#f2f2f2;'>กลุ่ม</td><td style='padding:3px 6px;'>กลุ่ม_61</td></tr></table></div>]]></description>
      <styleUrl>#style_61_002</styleUrl>
      <MultiGeometry><Polygon><outerBoundaryIs><LinearRing><coordinates>103.1698389,14.6423134,0 103.1691487,14.6422741,0 103.1691241,14.6426403,0 103.1698427,14.6426621,0 103.1698389,14.6423134,0</coordinates></LinearRing></outerBoundaryIs></Polygon></MultiGeometry>
    </Placemark>
    <Placemark>
      <name>311501071513</name>
      <description><![CDATA[<div style='font-family:Tahoma,sans-serif; font-size:13px;'><h3 style='color:#1565C0; margin:4px 0;'>รหัส: 311501071513</h3><p style='margin:2px 0;'><b>กลุ่มรถไถ:</b> 61_002</p><table border='1' style='border-collapse:collapse; border-color:#ccc; width:100%;'><tr><td style='padding:3px 6px; font-weight:bold; background-color:#f2f2f2;'>ปีการผลิต</td><td style='padding:3px 6px;'>257071</td></tr><tr><td style='padding:3px 6px; font-weight:bold; background-color:#f2f2f2;'>รหัสกลุ่มรถไถ</td><td style='padding:3px 6px;'>61/002</td></tr><tr><td style='padding:3px 6px; font-weight:bold; background-color:#f2f2f2;'>โควตาชาวไร่</td><td style='padding:3px 6px;'>760010</td></tr><tr><td style='padding:3px 6px; font-weight:bold; background-color:#f2f2f2;'>ชื่อ-นามสกุล</td><td style='padding:3px 6px;'>นาย เถลิง บุญเจริญ</td></tr><tr><td style='padding:3px 6px; font-weight:bold; background-color:#f2f2f2;'>111</td><td style='padding:3px 6px;'>311501071513</td></tr><tr><td style='padding:3px 6px; font-weight:bold; background-color:#f2f2f2;'>ประเภทอ้อย</td><td style='padding:3px 6px;'>อ้อยปลายฝน</td></tr><tr><td style='padding:3px 6px; font-weight:bold; background-color:#f2f2f2;'>พื้นที่ปลูก</td><td style='padding:3px 6px;'>2.99</td></tr><tr><td style='padding:3px 6px; font-weight:bold; background-color:#f2f2f2;'>ศูนย์</td><td style='padding:3px 6px;'>K2-61</td></tr><tr><td style='padding:3px 6px; font-weight:bold; background-color:#f2f2f2;'>นักเกษตร</td><td style='padding:3px 6px;'>6106</td></tr><tr><td style='padding:3px 6px; font-weight:bold; background-color:#f2f2f2;'>กลุ่ม</td><td style='padding:3px 6px;'>กลุ่ม_61</td></tr></table></div>]]></description>
      <styleUrl>#style_61_002</styleUrl>
      <MultiGeometry><Polygon><outerBoundaryIs><LinearRing><coordinates>103.1460745,14.6438599,0 103.1460411,14.6438527,0 103.1459036,14.6442146,0 103.1460350,14.6442733,0 103.1461601,14.6442974,0 103.1467497,14.6428320,0 103.1465392,14.6427160,0 103.1460745,14.6438599,0</coordinates></LinearRing></outerBoundaryIs></Polygon></MultiGeometry>
    </Placemark>
    <Placemark>
      <name>310718040020</name>
      <description><![CDATA[<div style='font-family:Tahoma,sans-serif; font-size:13px;'><h3 style='color:#1565C0; margin:4px 0;'>รหัส: 310718040020</h3><p style='margin:2px 0;'><b>กลุ่มรถไถ:</b> 61_002</p><table border='1' style='border-collapse:collapse; border-color:#ccc; width:100%;'><tr><td style='padding:3px 6px; font-weight:bold; background-color:#f2f2f2;'>ปีการผลิต</td><td style='padding:3px 6px;'>257071</td></tr><tr><td style='padding:3px 6px; font-weight:bold; background-color:#f2f2f2;'>รหัสกลุ่มรถไถ</td><td style='padding:3px 6px;'>61/002</td></tr><tr><td style='padding:3px 6px; font-weight:bold; background-color:#f2f2f2;'>โควตาชาวไร่</td><td style='padding:3px 6px;'>760546</td></tr><tr><td style='padding:3px 6px; font-weight:bold; background-color:#f2f2f2;'>ชื่อ-นามสกุล</td><td style='padding:3px 6px;'>นาย เลี้ยง ผูกแก้ว</td></tr><tr><td style='padding:3px 6px; font-weight:bold; background-color:#f2f2f2;'>111</td><td style='padding:3px 6px;'>310718040020</td></tr><tr><td style='padding:3px 6px; font-weight:bold; background-color:#f2f2f2;'>ประเภทอ้อย</td><td style='padding:3px 6px;'>อ้อยปลายฝน</td></tr><tr><td style='padding:3px 6px; font-weight:bold; background-color:#f2f2f2;'>พื้นที่ปลูก</td><td style='padding:3px 6px;'>4.18</td></tr><tr><td style='padding:3px 6px; font-weight:bold; background-color:#f2f2f2;'>ศูนย์</td><td style='padding:3px 6px;'>K2-61</td></tr><tr><td style='padding:3px 6px; font-weight:bold; background-color:#f2f2f2;'>นักเกษตร</td><td style='padding:3px 6px;'>6105</td></tr><tr><td style='padding:3px 6px; font-weight:bold; background-color:#f2f2f2;'>กลุ่ม</td><td style='padding:3px 6px;'>กลุ่ม_61</td></tr></table></div>]]></description>
      <styleUrl>#style_61_002</styleUrl>
      <MultiGeometry><Polygon><outerBoundaryIs><LinearRing><coordinates>103.1354263,14.6185999,0 103.1345853,14.6185732,0 103.1345893,14.6192335,0 103.1355136,14.6192060,0 103.1354263,14.6185999,0</coordinates></LinearRing></outerBoundaryIs></Polygon></MultiGeometry>
    </Placemark>
    <Placemark>
      <name>310718031644</name>
      <description><![CDATA[<div style='font-family:Tahoma,sans-serif; font-size:13px;'><h3 style='color:#1565C0; margin:4px 0;'>รหัส: 310718031644</h3><p style='margin:2px 0;'><b>กลุ่มรถไถ:</b> 61_002</p><table border='1' style='border-collapse:collapse; border-color:#ccc; width:100%;'><tr><td style='padding:3px 6px; font-weight:bold; background-color:#f2f2f2;'>ปีการผลิต</td><td style='padding:3px 6px;'>257071</td></tr><tr><td style='padding:3px 6px; font-weight:bold; background-color:#f2f2f2;'>รหัสกลุ่มรถไถ</td><td style='padding:3px 6px;'>61/002</td></tr><tr><td style='padding:3px 6px; font-weight:bold; background-color:#f2f2f2;'>โควตาชาวไร่</td><td style='padding:3px 6px;'>760614</td></tr><tr><td style='padding:3px 6px; font-weight:bold; background-color:#f2f2f2;'>ชื่อ-นามสกุล</td><td style='padding:3px 6px;'>นาย วีรศักดิ์ ปุยะติ</td></tr><tr><td style='padding:3px 6px; font-weight:bold; background-color:#f2f2f2;'>111</td><td style='padding:3px 6px;'>310718031644</td></tr><tr><td style='padding:3px 6px; font-weight:bold; background-color:#f2f2f2;'>ประเภทอ้อย</td><td style='padding:3px 6px;'>อ้อยปลายฝน</td></tr><tr><td style='padding:3px 6px; font-weight:bold; background-color:#f2f2f2;'>พื้นที่ปลูก</td><td style='padding:3px 6px;'>13.77</td></tr><tr><td style='padding:3px 6px; font-weight:bold; background-color:#f2f2f2;'>ศูนย์</td><td style='padding:3px 6px;'>K2-61</td></tr><tr><td style='padding:3px 6px; font-weight:bold; background-color:#f2f2f2;'>นักเกษตร</td><td style='padding:3px 6px;'>6105</td></tr><tr><td style='padding:3px 6px; font-weight:bold; background-color:#f2f2f2;'>กลุ่ม</td><td style='padding:3px 6px;'>กลุ่ม_61</td></tr></table></div>]]></description>
      <styleUrl>#style_61_002</styleUrl>
      <MultiGeometry><Polygon><outerBoundaryIs><LinearRing><coordinates>103.1140793,14.6287719,0 103.1146578,14.6297833,0 103.1147813,14.6299612,0 103.1151820,14.6298017,0 103.1155952,14.6296783,0 103.1159399,14.6295287,0 103.1156837,14.6288790,0 103.1154063,14.6283080,0 103.1148423,14.6284612,0 103.1145574,14.6285632,0 103.1140793,14.6287719,0</coordinates></LinearRing></outerBoundaryIs></Polygon></MultiGeometry>
    </Placemark>
    <Placemark>
      <name>311501161777</name>
      <description><![CDATA[<div style='font-family:Tahoma,sans-serif; font-size:13px;'><h3 style='color:#1565C0; margin:4px 0;'>รหัส: 311501161777</h3><p style='margin:2px 0;'><b>กลุ่มรถไถ:</b> 61_002</p><table border='1' style='border-collapse:collapse; border-color:#ccc; width:100%;'><tr><td style='padding:3px 6px; font-weight:bold; background-color:#f2f2f2;'>ปีการผลิต</td><td style='padding:3px 6px;'>257071</td></tr><tr><td style='padding:3px 6px; font-weight:bold; background-color:#f2f2f2;'>รหัสกลุ่มรถไถ</td><td style='padding:3px 6px;'>61/002</td></tr><tr><td style='padding:3px 6px; font-weight:bold; background-color:#f2f2f2;'>โควตาชาวไร่</td><td style='padding:3px 6px;'>761234</td></tr><tr><td style='padding:3px 6px; font-weight:bold; background-color:#f2f2f2;'>ชื่อ-นามสกุล</td><td style='padding:3px 6px;'>นางสาว ปภาดา เชื่อเหิม</td></tr><tr><td style='padding:3px 6px; font-weight:bold; background-color:#f2f2f2;'>111</td><td style='padding:3px 6px;'>311501161777</td></tr><tr><td style='padding:3px 6px; font-weight:bold; background-color:#f2f2f2;'>ประเภทอ้อย</td><td style='padding:3px 6px;'>อ้อยปลายฝน</td></tr><tr><td style='padding:3px 6px; font-weight:bold; background-color:#f2f2f2;'>พื้นที่ปลูก</td><td style='padding:3px 6px;'>9.0</td></tr><tr><td style='padding:3px 6px; font-weight:bold; background-color:#f2f2f2;'>ศูนย์</td><td style='padding:3px 6px;'>K2-61</td></tr><tr><td style='padding:3px 6px; font-weight:bold; background-color:#f2f2f2;'>นักเกษตร</td><td style='padding:3px 6px;'>6106</td></tr><tr><td style='padding:3px 6px; font-weight:bold; background-color:#f2f2f2;'>กลุ่ม</td><td style='padding:3px 6px;'>กลุ่ม_61</td></tr></table></div>]]></description>
      <styleUrl>#style_61_002</styleUrl>
      <MultiGeometry><Polygon><outerBoundaryIs><LinearRing><coordinates>103.1450479,14.6434164,0 103.1449994,14.6437556,0 103.1442527,14.6436221,0 103.1440163,14.6447654,0 103.1446941,14.6449346,0 103.1454729,14.6436179,0 103.1450479,14.6434164,0</coordinates></LinearRing></outerBoundaryIs></Polygon></MultiGeometry>
    </Placemark>
    <Placemark>
      <name>311501160170</name>
      <description><![CDATA[<div style='font-family:Tahoma,sans-serif; font-size:13px;'><h3 style='color:#1565C0; margin:4px 0;'>รหัส: 311501160170</h3><p style='margin:2px 0;'><b>กลุ่มรถไถ:</b> 61_002</p><table border='1' style='border-collapse:collapse; border-color:#ccc; width:100%;'><tr><td style='padding:3px 6px; font-weight:bold; background-color:#f2f2f2;'>ปีการผลิต</td><td style='padding:3px 6px;'>257071</td></tr><tr><td style='padding:3px 6px; font-weight:bold; background-color:#f2f2f2;'>รหัสกลุ่มรถไถ</td><td style='padding:3px 6px;'>61/002</td></tr><tr><td style='padding:3px 6px; font-weight:bold; background-color:#f2f2f2;'>โควตาชาวไร่</td><td style='padding:3px 6px;'>761844</td></tr><tr><td style='padding:3px 6px; font-weight:bold; background-color:#f2f2f2;'>ชื่อ-นามสกุล</td><td style='padding:3px 6px;'>นาง สะอูน ศรียำ</td></tr><tr><td style='padding:3px 6px; font-weight:bold; background-color:#f2f2f2;'>111</td><td style='padding:3px 6px;'>311501160170</td></tr><tr><td style='padding:3px 6px; font-weight:bold; background-color:#f2f2f2;'>ประเภทอ้อย</td><td style='padding:3px 6px;'>อ้อยปลายฝน</td></tr><tr><td style='padding:3px 6px; font-weight:bold; background-color:#f2f2f2;'>พื้นที่ปลูก</td><td style='padding:3px 6px;'>9.21</td></tr><tr><td style='padding:3px 6px; font-weight:bold; background-color:#f2f2f2;'>ศูนย์</td><td style='padding:3px 6px;'>K2-61</td></tr><tr><td style='padding:3px 6px; font-weight:bold; background-color:#f2f2f2;'>นักเกษตร</td><td style='padding:3px 6px;'>6105</td></tr><tr><td style='padding:3px 6px; font-weight:bold; background-color:#f2f2f2;'>กลุ่ม</td><td style='padding:3px 6px;'>กลุ่ม_61</td></tr></table></div>]]></description>
      <styleUrl>#style_61_002</styleUrl>
      <MultiGeometry><Polygon><outerBoundaryIs><LinearRing><coordinates>103.1487433,14.6364733,0 103.1456717,14.6360283,0 103.1456517,14.6363750,0 103.1475683,14.6367117,0 103.1486967,14.6369383,0 103.1487433,14.6364733,0</coordinates></LinearRing></outerBoundaryIs></Polygon></MultiGeometry>
    </Placemark>
    <Placemark>
      <name>311501051582</name>
      <description><![CDATA[<div style='font-family:Tahoma,sans-serif; font-size:13px;'><h3 style='color:#1565C0; margin:4px 0;'>รหัส: 311501051582</h3><p style='margin:2px 0;'><b>กลุ่มรถไถ:</b> 61_002</p><table border='1' style='border-collapse:collapse; border-color:#ccc; width:100%;'><tr><td style='padding:3px 6px; font-weight:bold; background-color:#f2f2f2;'>ปีการผลิต</td><td style='padding:3px 6px;'>257071</td></tr><tr><td style='padding:3px 6px; font-weight:bold; background-color:#f2f2f2;'>รหัสกลุ่มรถไถ</td><td style='padding:3px 6px;'>61/002</td></tr><tr><td style='padding:3px 6px; font-weight:bold; background-color:#f2f2f2;'>โควตาชาวไร่</td><td style='padding:3px 6px;'>769589</td></tr><tr><td style='padding:3px 6px; font-weight:bold; background-color:#f2f2f2;'>ชื่อ-นามสกุล</td><td style='padding:3px 6px;'>นางสาว ประภาภรณ์ สุขทวี</td></tr><tr><td style='padding:3px 6px; font-weight:bold; background-color:#f2f2f2;'>111</td><td style='padding:3px 6px;'>311501051582</td></tr><tr><td style='padding:3px 6px; font-weight:bold; background-color:#f2f2f2;'>ประเภทอ้อย</td><td style='padding:3px 6px;'>อ้อยปลายฝน</td></tr><tr><td style='padding:3px 6px; font-weight:bold; background-color:#f2f2f2;'>พื้นที่ปลูก</td><td style='padding:3px 6px;'>10.46</td></tr><tr><td style='padding:3px 6px; font-weight:bold; background-color:#f2f2f2;'>ศูนย์</td><td style='padding:3px 6px;'>K2-61</td></tr><tr><td style='padding:3px 6px; font-weight:bold; background-color:#f2f2f2;'>นักเกษตร</td><td style='padding:3px 6px;'>6106</td></tr><tr><td style='padding:3px 6px; font-weight:bold; background-color:#f2f2f2;'>กลุ่ม</td><td style='padding:3px 6px;'>กลุ่ม_61</td></tr></table></div>]]></description>
      <styleUrl>#style_61_002</styleUrl>
      <MultiGeometry><Polygon><outerBoundaryIs><LinearRing><coordinates>103.1518933,14.6544583,0 103.1514917,14.6543533,0 103.1515367,14.6542117,0 103.1512667,14.6540800,0 103.1506317,14.6562000,0 103.1511883,14.6563817,0 103.1513833,14.6559517,0 103.1518933,14.6544583,0</coordinates></LinearRing></outerBoundaryIs></Polygon></MultiGeometry>
    </Placemark>
    <Placemark>
      <name>311501051743</name>
      <description><![CDATA[<div style='font-family:Tahoma,sans-serif; font-size:13px;'><h3 style='color:#1565C0; margin:4px 0;'>รหัส: 311501051743</h3><p style='margin:2px 0;'><b>กลุ่มรถไถ:</b> 61_002</p><table border='1' style='border-collapse:collapse; border-color:#ccc; width:100%;'><tr><td style='padding:3px 6px; font-weight:bold; background-color:#f2f2f2;'>ปีการผลิต</td><td style='padding:3px 6px;'>257071</td></tr><tr><td style='padding:3px 6px; font-weight:bold; background-color:#f2f2f2;'>รหัสกลุ่มรถไถ</td><td style='padding:3px 6px;'>61/002</td></tr><tr><td style='padding:3px 6px; font-weight:bold; background-color:#f2f2f2;'>โควตาชาวไร่</td><td style='padding:3px 6px;'>769589</td></tr><tr><td style='padding:3px 6px; font-weight:bold; background-color:#f2f2f2;'>ชื่อ-นามสกุล</td><td style='padding:3px 6px;'>นางสาว ประภาภรณ์ สุขทวี</td></tr><tr><td style='padding:3px 6px; font-weight:bold; background-color:#f2f2f2;'>111</td><td style='padding:3px 6px;'>311501051743</td></tr><tr><td style='padding:3px 6px; font-weight:bold; background-color:#f2f2f2;'>ประเภทอ้อย</td><td style='padding:3px 6px;'>อ้อยปลายฝน</td></tr><tr><td style='padding:3px 6px; font-weight:bold; background-color:#f2f2f2;'>พื้นที่ปลูก</td><td style='padding:3px 6px;'>3.01</td></tr><tr><td style='padding:3px 6px; font-weight:bold; background-color:#f2f2f2;'>ศูนย์</td><td style='padding:3px 6px;'>K2-61</td></tr><tr><td style='padding:3px 6px; font-weight:bold; background-color:#f2f2f2;'>นักเกษตร</td><td style='padding:3px 6px;'>6106</td></tr><tr><td style='padding:3px 6px; font-weight:bold; background-color:#f2f2f2;'>กลุ่ม</td><td style='padding:3px 6px;'>กลุ่ม_61</td></tr></table></div>]]></description>
      <styleUrl>#style_61_002</styleUrl>
      <MultiGeometry><Polygon><outerBoundaryIs><LinearRing><coordinates>103.1511886,14.6564835,0 103.1511839,14.6564836,0 103.1509058,14.6563835,0 103.1503216,14.6579954,0 103.1504970,14.6580264,0 103.1511886,14.6564835,0</coordinates></LinearRing></outerBoundaryIs></Polygon></MultiGeometry>
    </Placemark>
  </Folder>
  <Style id="style_61_003">
    <LineStyle>
      <color>ffE5881E</color>
      <width>2.0</width>
    </LineStyle>
    <PolyStyle>
      <color>b3E5881E</color>
    </PolyStyle>
  </Style>
  <Folder>
    <name>61_003</name>
    <Placemark>
      <name>311501050276</name>
      <description><![CDATA[<div style='font-family:Tahoma,sans-serif; font-size:13px;'><h3 style='color:#1565C0; margin:4px 0;'>รหัส: 311501050276</h3><p style='margin:2px 0;'><b>กลุ่มรถไถ:</b> 61_003</p><table border='1' style='border-collapse:collapse; border-color:#ccc; width:100%;'><tr><td style='padding:3px 6px; font-weight:bold; background-color:#f2f2f2;'>ปีการผลิต</td><td style='padding:3px 6px;'>257071</td></tr><tr><td style='padding:3px 6px; font-weight:bold; background-color:#f2f2f2;'>รหัสกลุ่มรถไถ</td><td style='padding:3px 6px;'>61/003</td></tr><tr><td style='padding:3px 6px; font-weight:bold; background-color:#f2f2f2;'>โควตาชาวไร่</td><td style='padding:3px 6px;'>760139</td></tr><tr><td style='padding:3px 6px; font-weight:bold; background-color:#f2f2f2;'>ชื่อ-นามสกุล</td><td style='padding:3px 6px;'>นาย บัวทอง ของสกุล</td></tr><tr><td style='padding:3px 6px; font-weight:bold; background-color:#f2f2f2;'>111</td><td style='padding:3px 6px;'>311501050276</td></tr><tr><td style='padding:3px 6px; font-weight:bold; background-color:#f2f2f2;'>ประเภทอ้อย</td><td style='padding:3px 6px;'>อ้อยปลายฝน</td></tr><tr><td style='padding:3px 6px; font-weight:bold; background-color:#f2f2f2;'>พื้นที่ปลูก</td><td style='padding:3px 6px;'>5.42</td></tr><tr><td style='padding:3px 6px; font-weight:bold; background-color:#f2f2f2;'>ศูนย์</td><td style='padding:3px 6px;'>K2-61</td></tr><tr><td style='padding:3px 6px; font-weight:bold; background-color:#f2f2f2;'>นักเกษตร</td><td style='padding:3px 6px;'>6106</td></tr><tr><td style='padding:3px 6px; font-weight:bold; background-color:#f2f2f2;'>กลุ่ม</td><td style='padding:3px 6px;'>กลุ่ม_61</td></tr></table></div>]]></description>
      <styleUrl>#style_61_003</styleUrl>
      <MultiGeometry><Polygon><outerBoundaryIs><LinearRing><coordinates>103.1547262,14.6586985,0 103.1551779,14.6548926,0 103.1550359,14.6548192,0 103.1545052,14.6586420,0 103.1547262,14.6586985,0</coordinates></LinearRing></outerBoundaryIs></Polygon></MultiGeometry>
    </Placemark>
    <Placemark>
      <name>311501050288</name>
      <description><![CDATA[<div style='font-family:Tahoma,sans-serif; font-size:13px;'><h3 style='color:#1565C0; margin:4px 0;'>รหัส: 311501050288</h3><p style='margin:2px 0;'><b>กลุ่มรถไถ:</b> 61_003</p><table border='1' style='border-collapse:collapse; border-color:#ccc; width:100%;'><tr><td style='padding:3px 6px; font-weight:bold; background-color:#f2f2f2;'>ปีการผลิต</td><td style='padding:3px 6px;'>257071</td></tr><tr><td style='padding:3px 6px; font-weight:bold; background-color:#f2f2f2;'>รหัสกลุ่มรถไถ</td><td style='padding:3px 6px;'>61/003</td></tr><tr><td style='padding:3px 6px; font-weight:bold; background-color:#f2f2f2;'>โควตาชาวไร่</td><td style='padding:3px 6px;'>760555</td></tr><tr><td style='padding:3px 6px; font-weight:bold; background-color:#f2f2f2;'>ชื่อ-นามสกุล</td><td style='padding:3px 6px;'>นาง เอีย เสนาะเสียง</td></tr><tr><td style='padding:3px 6px; font-weight:bold; background-color:#f2f2f2;'>111</td><td style='padding:3px 6px;'>311501050288</td></tr><tr><td style='padding:3px 6px; font-weight:bold; background-color:#f2f2f2;'>ประเภทอ้อย</td><td style='padding:3px 6px;'>อ้อยปลายฝน</td></tr><tr><td style='padding:3px 6px; font-weight:bold; background-color:#f2f2f2;'>พื้นที่ปลูก</td><td style='padding:3px 6px;'>5.95</td></tr><tr><td style='padding:3px 6px; font-weight:bold; background-color:#f2f2f2;'>ศูนย์</td><td style='padding:3px 6px;'>K2-61</td></tr><tr><td style='padding:3px 6px; font-weight:bold; background-color:#f2f2f2;'>นักเกษตร</td><td style='padding:3px 6px;'>6106</td></tr><tr><td style='padding:3px 6px; font-weight:bold; background-color:#f2f2f2;'>กลุ่ม</td><td style='padding:3px 6px;'>กลุ่ม_61</td></tr></table></div>]]></description>
      <styleUrl>#style_61_003</styleUrl>
      <MultiGeometry><Polygon><outerBoundaryIs><LinearRing><coordinates>103.1571550,14.6405650,0 103.1601717,14.6406917,0 103.1602517,14.6404550,0 103.1590767,14.6403850,0 103.1590317,14.6404200,0 103.1571100,14.6402550,0 103.1571467,14.6403383,0 103.1571550,14.6405650,0</coordinates></LinearRing></outerBoundaryIs></Polygon></MultiGeometry>
    </Placemark>
    <Placemark>
      <name>311501161738</name>
      <description><![CDATA[<div style='font-family:Tahoma,sans-serif; font-size:13px;'><h3 style='color:#1565C0; margin:4px 0;'>รหัส: 311501161738</h3><p style='margin:2px 0;'><b>กลุ่มรถไถ:</b> 61_003</p><table border='1' style='border-collapse:collapse; border-color:#ccc; width:100%;'><tr><td style='padding:3px 6px; font-weight:bold; background-color:#f2f2f2;'>ปีการผลิต</td><td style='padding:3px 6px;'>257071</td></tr><tr><td style='padding:3px 6px; font-weight:bold; background-color:#f2f2f2;'>รหัสกลุ่มรถไถ</td><td style='padding:3px 6px;'>61/003</td></tr><tr><td style='padding:3px 6px; font-weight:bold; background-color:#f2f2f2;'>โควตาชาวไร่</td><td style='padding:3px 6px;'>760580</td></tr><tr><td style='padding:3px 6px; font-weight:bold; background-color:#f2f2f2;'>ชื่อ-นามสกุล</td><td style='padding:3px 6px;'>นางสาว เกือน เสนาะเสียง</td></tr><tr><td style='padding:3px 6px; font-weight:bold; background-color:#f2f2f2;'>111</td><td style='padding:3px 6px;'>311501161738</td></tr><tr><td style='padding:3px 6px; font-weight:bold; background-color:#f2f2f2;'>ประเภทอ้อย</td><td style='padding:3px 6px;'>อ้อยปลายฝน</td></tr><tr><td style='padding:3px 6px; font-weight:bold; background-color:#f2f2f2;'>พื้นที่ปลูก</td><td style='padding:3px 6px;'>5.39</td></tr><tr><td style='padding:3px 6px; font-weight:bold; background-color:#f2f2f2;'>ศูนย์</td><td style='padding:3px 6px;'>K2-61</td></tr><tr><td style='padding:3px 6px; font-weight:bold; background-color:#f2f2f2;'>นักเกษตร</td><td style='padding:3px 6px;'>6106</td></tr><tr><td style='padding:3px 6px; font-weight:bold; background-color:#f2f2f2;'>กลุ่ม</td><td style='padding:3px 6px;'>กลุ่ม_61</td></tr></table></div>]]></description>
      <styleUrl>#style_61_003</styleUrl>
      <MultiGeometry><Polygon><outerBoundaryIs><LinearRing><coordinates>103.1440642,14.6446695,0 103.1444192,14.6426676,0 103.1441707,14.6425528,0 103.1439068,14.6434929,0 103.1438703,14.6436434,0 103.1436797,14.6445867,0 103.1440642,14.6446695,0</coordinates></LinearRing></outerBoundaryIs></Polygon></MultiGeometry>
    </Placemark>
    <Placemark>
      <name>310713061754</name>
      <description><![CDATA[<div style='font-family:Tahoma,sans-serif; font-size:13px;'><h3 style='color:#1565C0; margin:4px 0;'>รหัส: 310713061754</h3><p style='margin:2px 0;'><b>กลุ่มรถไถ:</b> 61_003</p><table border='1' style='border-collapse:collapse; border-color:#ccc; width:100%;'><tr><td style='padding:3px 6px; font-weight:bold; background-color:#f2f2f2;'>ปีการผลิต</td><td style='padding:3px 6px;'>257071</td></tr><tr><td style='padding:3px 6px; font-weight:bold; background-color:#f2f2f2;'>รหัสกลุ่มรถไถ</td><td style='padding:3px 6px;'>61/003</td></tr><tr><td style='padding:3px 6px; font-weight:bold; background-color:#f2f2f2;'>โควตาชาวไร่</td><td style='padding:3px 6px;'>760620</td></tr><tr><td style='padding:3px 6px; font-weight:bold; background-color:#f2f2f2;'>ชื่อ-นามสกุล</td><td style='padding:3px 6px;'>นาง นงเยาว์ ครองชื่น</td></tr><tr><td style='padding:3px 6px; font-weight:bold; background-color:#f2f2f2;'>111</td><td style='padding:3px 6px;'>310713061754</td></tr><tr><td style='padding:3px 6px; font-weight:bold; background-color:#f2f2f2;'>ประเภทอ้อย</td><td style='padding:3px 6px;'>อ้อยปลายฝน</td></tr><tr><td style='padding:3px 6px; font-weight:bold; background-color:#f2f2f2;'>พื้นที่ปลูก</td><td style='padding:3px 6px;'>8.64</td></tr><tr><td style='padding:3px 6px; font-weight:bold; background-color:#f2f2f2;'>ศูนย์</td><td style='padding:3px 6px;'>K2-61</td></tr><tr><td style='padding:3px 6px; font-weight:bold; background-color:#f2f2f2;'>นักเกษตร</td><td style='padding:3px 6px;'>6106</td></tr><tr><td style='padding:3px 6px; font-weight:bold; background-color:#f2f2f2;'>กลุ่ม</td><td style='padding:3px 6px;'>กลุ่ม_61</td></tr></table></div>]]></description>
      <styleUrl>#style_61_003</styleUrl>
      <MultiGeometry><Polygon><outerBoundaryIs><LinearRing><coordinates>103.2446877,14.6821941,0 103.2442893,14.6821281,0 103.2443974,14.6825506,0 103.2443415,14.6826321,0 103.2446061,14.6834698,0 103.2447342,14.6837247,0 103.2449881,14.6844968,0 103.2452319,14.6845082,0 103.2452448,14.6844531,0 103.2453132,14.6844336,0 103.2453369,14.6845271,0 103.2455012,14.6845228,0 103.2453483,14.6840181,0 103.2451410,14.6835296,0 103.2451162,14.6833982,0 103.2450738,14.6832523,0 103.2446877,14.6821941,0</coordinates></LinearRing></outerBoundaryIs></Polygon></MultiGeometry>
    </Placemark>
    <Placemark>
      <name>311501051836</name>
      <description><![CDATA[<div style='font-family:Tahoma,sans-serif; font-size:13px;'><h3 style='color:#1565C0; margin:4px 0;'>รหัส: 311501051836</h3><p style='margin:2px 0;'><b>กลุ่มรถไถ:</b> 61_003</p><table border='1' style='border-collapse:collapse; border-color:#ccc; width:100%;'><tr><td style='padding:3px 6px; font-weight:bold; background-color:#f2f2f2;'>ปีการผลิต</td><td style='padding:3px 6px;'>257071</td></tr><tr><td style='padding:3px 6px; font-weight:bold; background-color:#f2f2f2;'>รหัสกลุ่มรถไถ</td><td style='padding:3px 6px;'>61/003</td></tr><tr><td style='padding:3px 6px; font-weight:bold; background-color:#f2f2f2;'>โควตาชาวไร่</td><td style='padding:3px 6px;'>760620</td></tr><tr><td style='padding:3px 6px; font-weight:bold; background-color:#f2f2f2;'>ชื่อ-นามสกุล</td><td style='padding:3px 6px;'>นาง นงเยาว์ ครองชื่น</td></tr><tr><td style='padding:3px 6px; font-weight:bold; background-color:#f2f2f2;'>111</td><td style='padding:3px 6px;'>311501051836</td></tr><tr><td style='padding:3px 6px; font-weight:bold; background-color:#f2f2f2;'>ประเภทอ้อย</td><td style='padding:3px 6px;'>อ้อยปลายฝน</td></tr><tr><td style='padding:3px 6px; font-weight:bold; background-color:#f2f2f2;'>พื้นที่ปลูก</td><td style='padding:3px 6px;'>19.21</td></tr><tr><td style='padding:3px 6px; font-weight:bold; background-color:#f2f2f2;'>ศูนย์</td><td style='padding:3px 6px;'>K2-61</td></tr><tr><td style='padding:3px 6px; font-weight:bold; background-color:#f2f2f2;'>นักเกษตร</td><td style='padding:3px 6px;'>6106</td></tr><tr><td style='padding:3px 6px; font-weight:bold; background-color:#f2f2f2;'>กลุ่ม</td><td style='padding:3px 6px;'>กลุ่ม_61</td></tr></table></div>]]></description>
      <styleUrl>#style_61_003</styleUrl>
      <MultiGeometry><Polygon><outerBoundaryIs><LinearRing><coordinates>103.1408846,14.6387228,0 103.1401905,14.6384525,0 103.1400639,14.6388022,0 103.1399639,14.6393876,0 103.1398411,14.6403635,0 103.1397481,14.6409530,0 103.1397402,14.6410221,0 103.1396187,14.6418253,0 103.1395276,14.6424947,0 103.1395796,14.6425133,0 103.1394097,14.6433046,0 103.1399045,14.6434047,0 103.1399861,14.6426958,0 103.1403048,14.6403169,0 103.1408846,14.6387228,0</coordinates></LinearRing></outerBoundaryIs></Polygon></MultiGeometry>
    </Placemark>
    <Placemark>
      <name>311501041727</name>
      <description><![CDATA[<div style='font-family:Tahoma,sans-serif; font-size:13px;'><h3 style='color:#1565C0; margin:4px 0;'>รหัส: 311501041727</h3><p style='margin:2px 0;'><b>กลุ่มรถไถ:</b> 61_003</p><table border='1' style='border-collapse:collapse; border-color:#ccc; width:100%;'><tr><td style='padding:3px 6px; font-weight:bold; background-color:#f2f2f2;'>ปีการผลิต</td><td style='padding:3px 6px;'>257071</td></tr><tr><td style='padding:3px 6px; font-weight:bold; background-color:#f2f2f2;'>รหัสกลุ่มรถไถ</td><td style='padding:3px 6px;'>61/003</td></tr><tr><td style='padding:3px 6px; font-weight:bold; background-color:#f2f2f2;'>โควตาชาวไร่</td><td style='padding:3px 6px;'>760875</td></tr><tr><td style='padding:3px 6px; font-weight:bold; background-color:#f2f2f2;'>ชื่อ-นามสกุล</td><td style='padding:3px 6px;'>นาย วิชัย สังเกตกิจ</td></tr><tr><td style='padding:3px 6px; font-weight:bold; background-color:#f2f2f2;'>111</td><td style='padding:3px 6px;'>311501041727</td></tr><tr><td style='padding:3px 6px; font-weight:bold; background-color:#f2f2f2;'>ประเภทอ้อย</td><td style='padding:3px 6px;'>อ้อยปลายฝน</td></tr><tr><td style='padding:3px 6px; font-weight:bold; background-color:#f2f2f2;'>พื้นที่ปลูก</td><td style='padding:3px 6px;'>6.59</td></tr><tr><td style='padding:3px 6px; font-weight:bold; background-color:#f2f2f2;'>ศูนย์</td><td style='padding:3px 6px;'>K2-61</td></tr><tr><td style='padding:3px 6px; font-weight:bold; background-color:#f2f2f2;'>นักเกษตร</td><td style='padding:3px 6px;'>6101</td></tr><tr><td style='padding:3px 6px; font-weight:bold; background-color:#f2f2f2;'>กลุ่ม</td><td style='padding:3px 6px;'>กลุ่ม_61</td></tr></table></div>]]></description>
      <styleUrl>#style_61_003</styleUrl>
      <MultiGeometry><Polygon><outerBoundaryIs><LinearRing><coordinates>103.1671029,14.6758606,0 103.1670977,14.6762598,0 103.1691425,14.6766196,0 103.1693806,14.6766619,0 103.1693345,14.6762729,0 103.1671029,14.6758606,0</coordinates></LinearRing></outerBoundaryIs></Polygon></MultiGeometry>
    </Placemark>
    <Placemark>
      <name>311501071650</name>
      <description><![CDATA[<div style='font-family:Tahoma,sans-serif; font-size:13px;'><h3 style='color:#1565C0; margin:4px 0;'>รหัส: 311501071650</h3><p style='margin:2px 0;'><b>กลุ่มรถไถ:</b> 61_003</p><table border='1' style='border-collapse:collapse; border-color:#ccc; width:100%;'><tr><td style='padding:3px 6px; font-weight:bold; background-color:#f2f2f2;'>ปีการผลิต</td><td style='padding:3px 6px;'>257071</td></tr><tr><td style='padding:3px 6px; font-weight:bold; background-color:#f2f2f2;'>รหัสกลุ่มรถไถ</td><td style='padding:3px 6px;'>61/003</td></tr><tr><td style='padding:3px 6px; font-weight:bold; background-color:#f2f2f2;'>โควตาชาวไร่</td><td style='padding:3px 6px;'>760917</td></tr><tr><td style='padding:3px 6px; font-weight:bold; background-color:#f2f2f2;'>ชื่อ-นามสกุล</td><td style='padding:3px 6px;'>นางสาว เยือย ประกอบดี</td></tr><tr><td style='padding:3px 6px; font-weight:bold; background-color:#f2f2f2;'>111</td><td style='padding:3px 6px;'>311501071650</td></tr><tr><td style='padding:3px 6px; font-weight:bold; background-color:#f2f2f2;'>ประเภทอ้อย</td><td style='padding:3px 6px;'>อ้อยปลายฝน</td></tr><tr><td style='padding:3px 6px; font-weight:bold; background-color:#f2f2f2;'>พื้นที่ปลูก</td><td style='padding:3px 6px;'>3.4</td></tr><tr><td style='padding:3px 6px; font-weight:bold; background-color:#f2f2f2;'>ศูนย์</td><td style='padding:3px 6px;'>K2-61</td></tr><tr><td style='padding:3px 6px; font-weight:bold; background-color:#f2f2f2;'>นักเกษตร</td><td style='padding:3px 6px;'>6106</td></tr><tr><td style='padding:3px 6px; font-weight:bold; background-color:#f2f2f2;'>กลุ่ม</td><td style='padding:3px 6px;'>กลุ่ม_61</td></tr></table></div>]]></description>
      <styleUrl>#style_61_003</styleUrl>
      <MultiGeometry><Polygon><outerBoundaryIs><LinearRing><coordinates>103.1464243,14.6449434,0 103.1464245,14.6449432,0 103.1461510,14.6447728,0 103.1461459,14.6447767,0 103.1457243,14.6445491,0 103.1453829,14.6450490,0 103.1462074,14.6453632,0 103.1464243,14.6449434,0</coordinates></LinearRing></outerBoundaryIs></Polygon></MultiGeometry>
    </Placemark>
    <Placemark>
      <name>311501041691</name>
      <description><![CDATA[<div style='font-family:Tahoma,sans-serif; font-size:13px;'><h3 style='color:#1565C0; margin:4px 0;'>รหัส: 311501041691</h3><p style='margin:2px 0;'><b>กลุ่มรถไถ:</b> 61_003</p><table border='1' style='border-collapse:collapse; border-color:#ccc; width:100%;'><tr><td style='padding:3px 6px; font-weight:bold; background-color:#f2f2f2;'>ปีการผลิต</td><td style='padding:3px 6px;'>257071</td></tr><tr><td style='padding:3px 6px; font-weight:bold; background-color:#f2f2f2;'>รหัสกลุ่มรถไถ</td><td style='padding:3px 6px;'>61/003</td></tr><tr><td style='padding:3px 6px; font-weight:bold; background-color:#f2f2f2;'>โควตาชาวไร่</td><td style='padding:3px 6px;'>760940</td></tr><tr><td style='padding:3px 6px; font-weight:bold; background-color:#f2f2f2;'>ชื่อ-นามสกุล</td><td style='padding:3px 6px;'>นาง เพียบ เย็นมั่น</td></tr><tr><td style='padding:3px 6px; font-weight:bold; background-color:#f2f2f2;'>111</td><td style='padding:3px 6px;'>311501041691</td></tr><tr><td style='padding:3px 6px; font-weight:bold; background-color:#f2f2f2;'>ประเภทอ้อย</td><td style='padding:3px 6px;'>อ้อยปลายฝน</td></tr><tr><td style='padding:3px 6px; font-weight:bold; background-color:#f2f2f2;'>พื้นที่ปลูก</td><td style='padding:3px 6px;'>8.48</td></tr><tr><td style='padding:3px 6px; font-weight:bold; background-color:#f2f2f2;'>ศูนย์</td><td style='padding:3px 6px;'>K2-61</td></tr><tr><td style='padding:3px 6px; font-weight:bold; background-color:#f2f2f2;'>นักเกษตร</td><td style='padding:3px 6px;'>6101</td></tr><tr><td style='padding:3px 6px; font-weight:bold; background-color:#f2f2f2;'>กลุ่ม</td><td style='padding:3px 6px;'>กลุ่ม_61</td></tr></table></div>]]></description>
      <styleUrl>#style_61_003</styleUrl>
      <MultiGeometry><Polygon><outerBoundaryIs><LinearRing><coordinates>103.1602656,14.6711766,0 103.1613059,14.6682089,0 103.1609443,14.6681283,0 103.1599199,14.6711030,0 103.1602656,14.6711766,0</coordinates></LinearRing></outerBoundaryIs></Polygon></MultiGeometry>
    </Placemark>
    <Placemark>
      <name>311501021550</name>
      <description><![CDATA[<div style='font-family:Tahoma,sans-serif; font-size:13px;'><h3 style='color:#1565C0; margin:4px 0;'>รหัส: 311501021550</h3><p style='margin:2px 0;'><b>กลุ่มรถไถ:</b> 61_003</p><table border='1' style='border-collapse:collapse; border-color:#ccc; width:100%;'><tr><td style='padding:3px 6px; font-weight:bold; background-color:#f2f2f2;'>ปีการผลิต</td><td style='padding:3px 6px;'>257071</td></tr><tr><td style='padding:3px 6px; font-weight:bold; background-color:#f2f2f2;'>รหัสกลุ่มรถไถ</td><td style='padding:3px 6px;'>61/003</td></tr><tr><td style='padding:3px 6px; font-weight:bold; background-color:#f2f2f2;'>โควตาชาวไร่</td><td style='padding:3px 6px;'>761063</td></tr><tr><td style='padding:3px 6px; font-weight:bold; background-color:#f2f2f2;'>ชื่อ-นามสกุล</td><td style='padding:3px 6px;'>นาง ประพจน์ เจาะประโคน</td></tr><tr><td style='padding:3px 6px; font-weight:bold; background-color:#f2f2f2;'>111</td><td style='padding:3px 6px;'>311501021550</td></tr><tr><td style='padding:3px 6px; font-weight:bold; background-color:#f2f2f2;'>ประเภทอ้อย</td><td style='padding:3px 6px;'>อ้อยปลายฝน</td></tr><tr><td style='padding:3px 6px; font-weight:bold; background-color:#f2f2f2;'>พื้นที่ปลูก</td><td style='padding:3px 6px;'>4.74</td></tr><tr><td style='padding:3px 6px; font-weight:bold; background-color:#f2f2f2;'>ศูนย์</td><td style='padding:3px 6px;'>K2-61</td></tr><tr><td style='padding:3px 6px; font-weight:bold; background-color:#f2f2f2;'>นักเกษตร</td><td style='padding:3px 6px;'>6101</td></tr><tr><td style='padding:3px 6px; font-weight:bold; background-color:#f2f2f2;'>กลุ่ม</td><td style='padding:3px 6px;'>กลุ่ม_61</td></tr></table></div>]]></description>
      <styleUrl>#style_61_003</styleUrl>
      <MultiGeometry><Polygon><outerBoundaryIs><LinearRing><coordinates>103.1633378,14.6719983,0 103.1639155,14.6721400,0 103.1640844,14.6710054,0 103.1636104,14.6708472,0 103.1633378,14.6719983,0</coordinates></LinearRing></outerBoundaryIs></Polygon></MultiGeometry>
    </Placemark>
    <Placemark>
      <name>311501021679</name>
      <description><![CDATA[<div style='font-family:Tahoma,sans-serif; font-size:13px;'><h3 style='color:#1565C0; margin:4px 0;'>รหัส: 311501021679</h3><p style='margin:2px 0;'><b>กลุ่มรถไถ:</b> 61_003</p><table border='1' style='border-collapse:collapse; border-color:#ccc; width:100%;'><tr><td style='padding:3px 6px; font-weight:bold; background-color:#f2f2f2;'>ปีการผลิต</td><td style='padding:3px 6px;'>257071</td></tr><tr><td style='padding:3px 6px; font-weight:bold; background-color:#f2f2f2;'>รหัสกลุ่มรถไถ</td><td style='padding:3px 6px;'>61/003</td></tr><tr><td style='padding:3px 6px; font-weight:bold; background-color:#f2f2f2;'>โควตาชาวไร่</td><td style='padding:3px 6px;'>761063</td></tr><tr><td style='padding:3px 6px; font-weight:bold; background-color:#f2f2f2;'>ชื่อ-นามสกุล</td><td style='padding:3px 6px;'>นาง ประพจน์ เจาะประโคน</td></tr><tr><td style='padding:3px 6px; font-weight:bold; background-color:#f2f2f2;'>111</td><td style='padding:3px 6px;'>311501021679</td></tr><tr><td style='padding:3px 6px; font-weight:bold; background-color:#f2f2f2;'>ประเภทอ้อย</td><td style='padding:3px 6px;'>อ้อยปลายฝน</td></tr><tr><td style='padding:3px 6px; font-weight:bold; background-color:#f2f2f2;'>พื้นที่ปลูก</td><td style='padding:3px 6px;'>6.59</td></tr><tr><td style='padding:3px 6px; font-weight:bold; background-color:#f2f2f2;'>ศูนย์</td><td style='padding:3px 6px;'>K2-61</td></tr><tr><td style='padding:3px 6px; font-weight:bold; background-color:#f2f2f2;'>นักเกษตร</td><td style='padding:3px 6px;'>6101</td></tr><tr><td style='padding:3px 6px; font-weight:bold; background-color:#f2f2f2;'>กลุ่ม</td><td style='padding:3px 6px;'>กลุ่ม_61</td></tr></table></div>]]></description>
      <styleUrl>#style_61_003</styleUrl>
      <MultiGeometry><Polygon><outerBoundaryIs><LinearRing><coordinates>103.1632626,14.6720960,0 103.1631601,14.6724407,0 103.1630932,14.6727497,0 103.1630448,14.6731368,0 103.1633711,14.6732296,0 103.1634778,14.6732682,0 103.1634145,14.6734729,0 103.1638571,14.6734928,0 103.1638657,14.6728680,0 103.1638452,14.6725427,0 103.1638863,14.6722451,0 103.1632626,14.6720960,0</coordinates></LinearRing></outerBoundaryIs></Polygon></MultiGeometry>
    </Placemark>
    <Placemark>
      <name>311501041520</name>
      <description><![CDATA[<div style='font-family:Tahoma,sans-serif; font-size:13px;'><h3 style='color:#1565C0; margin:4px 0;'>รหัส: 311501041520</h3><p style='margin:2px 0;'><b>กลุ่มรถไถ:</b> 61_003</p><table border='1' style='border-collapse:collapse; border-color:#ccc; width:100%;'><tr><td style='padding:3px 6px; font-weight:bold; background-color:#f2f2f2;'>ปีการผลิต</td><td style='padding:3px 6px;'>257071</td></tr><tr><td style='padding:3px 6px; font-weight:bold; background-color:#f2f2f2;'>รหัสกลุ่มรถไถ</td><td style='padding:3px 6px;'>61/003</td></tr><tr><td style='padding:3px 6px; font-weight:bold; background-color:#f2f2f2;'>โควตาชาวไร่</td><td style='padding:3px 6px;'>761063</td></tr><tr><td style='padding:3px 6px; font-weight:bold; background-color:#f2f2f2;'>ชื่อ-นามสกุล</td><td style='padding:3px 6px;'>นาง ประพจน์ เจาะประโคน</td></tr><tr><td style='padding:3px 6px; font-weight:bold; background-color:#f2f2f2;'>111</td><td style='padding:3px 6px;'>311501041520</td></tr><tr><td style='padding:3px 6px; font-weight:bold; background-color:#f2f2f2;'>ประเภทอ้อย</td><td style='padding:3px 6px;'>อ้อยปลายฝน</td></tr><tr><td style='padding:3px 6px; font-weight:bold; background-color:#f2f2f2;'>พื้นที่ปลูก</td><td style='padding:3px 6px;'>3.46</td></tr><tr><td style='padding:3px 6px; font-weight:bold; background-color:#f2f2f2;'>ศูนย์</td><td style='padding:3px 6px;'>K2-61</td></tr><tr><td style='padding:3px 6px; font-weight:bold; background-color:#f2f2f2;'>นักเกษตร</td><td style='padding:3px 6px;'>6101</td></tr><tr><td style='padding:3px 6px; font-weight:bold; background-color:#f2f2f2;'>กลุ่ม</td><td style='padding:3px 6px;'>กลุ่ม_61</td></tr></table></div>]]></description>
      <styleUrl>#style_61_003</styleUrl>
      <MultiGeometry><Polygon><outerBoundaryIs><LinearRing><coordinates>103.1339121,14.6690049,0 103.1340421,14.6683757,0 103.1341895,14.6678866,0 103.1342667,14.6676668,0 103.1343219,14.6675360,0 103.1343416,14.6674701,0 103.1344879,14.6670540,0 103.1345013,14.6669552,0 103.1342586,14.6669343,0 103.1340796,14.6672185,0 103.1340049,14.6676128,0 103.1339556,14.6679364,0 103.1338790,14.6682759,0 103.1338431,14.6685191,0 103.1338437,14.6686735,0 103.1338439,14.6687585,0 103.1338360,14.6689861,0 103.1339121,14.6690049,0</coordinates></LinearRing></outerBoundaryIs></Polygon></MultiGeometry>
    </Placemark>
    <Placemark>
      <name>311501051825</name>
      <description><![CDATA[<div style='font-family:Tahoma,sans-serif; font-size:13px;'><h3 style='color:#1565C0; margin:4px 0;'>รหัส: 311501051825</h3><p style='margin:2px 0;'><b>กลุ่มรถไถ:</b> 61_003</p><table border='1' style='border-collapse:collapse; border-color:#ccc; width:100%;'><tr><td style='padding:3px 6px; font-weight:bold; background-color:#f2f2f2;'>ปีการผลิต</td><td style='padding:3px 6px;'>257071</td></tr><tr><td style='padding:3px 6px; font-weight:bold; background-color:#f2f2f2;'>รหัสกลุ่มรถไถ</td><td style='padding:3px 6px;'>61/003</td></tr><tr><td style='padding:3px 6px; font-weight:bold; background-color:#f2f2f2;'>โควตาชาวไร่</td><td style='padding:3px 6px;'>761231</td></tr><tr><td style='padding:3px 6px; font-weight:bold; background-color:#f2f2f2;'>ชื่อ-นามสกุล</td><td style='padding:3px 6px;'>นาง สว่าง ก้อนเพชร</td></tr><tr><td style='padding:3px 6px; font-weight:bold; background-color:#f2f2f2;'>111</td><td style='padding:3px 6px;'>311501051825</td></tr><tr><td style='padding:3px 6px; font-weight:bold; background-color:#f2f2f2;'>ประเภทอ้อย</td><td style='padding:3px 6px;'>อ้อยปลายฝน</td></tr><tr><td style='padding:3px 6px; font-weight:bold; background-color:#f2f2f2;'>พื้นที่ปลูก</td><td style='padding:3px 6px;'>4.09</td></tr><tr><td style='padding:3px 6px; font-weight:bold; background-color:#f2f2f2;'>ศูนย์</td><td style='padding:3px 6px;'>K2-61</td></tr><tr><td style='padding:3px 6px; font-weight:bold; background-color:#f2f2f2;'>นักเกษตร</td><td style='padding:3px 6px;'>6106</td></tr><tr><td style='padding:3px 6px; font-weight:bold; background-color:#f2f2f2;'>กลุ่ม</td><td style='padding:3px 6px;'>กลุ่ม_61</td></tr></table></div>]]></description>
      <styleUrl>#style_61_003</styleUrl>
      <MultiGeometry><Polygon><outerBoundaryIs><LinearRing><coordinates>103.1551686,14.6479144,0 103.1550184,14.6478948,0 103.1544672,14.6515026,0 103.1546161,14.6515121,0 103.1551686,14.6479144,0</coordinates></LinearRing></outerBoundaryIs></Polygon></MultiGeometry>
    </Placemark>
    <Placemark>
      <name>311501160008</name>
      <description><![CDATA[<div style='font-family:Tahoma,sans-serif; font-size:13px;'><h3 style='color:#1565C0; margin:4px 0;'>รหัส: 311501160008</h3><p style='margin:2px 0;'><b>กลุ่มรถไถ:</b> 61_003</p><table border='1' style='border-collapse:collapse; border-color:#ccc; width:100%;'><tr><td style='padding:3px 6px; font-weight:bold; background-color:#f2f2f2;'>ปีการผลิต</td><td style='padding:3px 6px;'>257071</td></tr><tr><td style='padding:3px 6px; font-weight:bold; background-color:#f2f2f2;'>รหัสกลุ่มรถไถ</td><td style='padding:3px 6px;'>61/003</td></tr><tr><td style='padding:3px 6px; font-weight:bold; background-color:#f2f2f2;'>โควตาชาวไร่</td><td style='padding:3px 6px;'>761614</td></tr><tr><td style='padding:3px 6px; font-weight:bold; background-color:#f2f2f2;'>ชื่อ-นามสกุล</td><td style='padding:3px 6px;'>นาย พงษ์ จามิกรณ์</td></tr><tr><td style='padding:3px 6px; font-weight:bold; background-color:#f2f2f2;'>111</td><td style='padding:3px 6px;'>311501160008</td></tr><tr><td style='padding:3px 6px; font-weight:bold; background-color:#f2f2f2;'>ประเภทอ้อย</td><td style='padding:3px 6px;'>อ้อยปลายฝน</td></tr><tr><td style='padding:3px 6px; font-weight:bold; background-color:#f2f2f2;'>พื้นที่ปลูก</td><td style='padding:3px 6px;'>9.48</td></tr><tr><td style='padding:3px 6px; font-weight:bold; background-color:#f2f2f2;'>ศูนย์</td><td style='padding:3px 6px;'>K2-61</td></tr><tr><td style='padding:3px 6px; font-weight:bold; background-color:#f2f2f2;'>นักเกษตร</td><td style='padding:3px 6px;'>6106</td></tr><tr><td style='padding:3px 6px; font-weight:bold; background-color:#f2f2f2;'>กลุ่ม</td><td style='padding:3px 6px;'>กลุ่ม_61</td></tr></table></div>]]></description>
      <styleUrl>#style_61_003</styleUrl>
      <MultiGeometry><Polygon><outerBoundaryIs><LinearRing><coordinates>103.1577123,14.6289214,0 103.1578180,14.6281504,0 103.1561653,14.6281788,0 103.1561492,14.6289880,0 103.1577123,14.6289214,0</coordinates></LinearRing></outerBoundaryIs></Polygon></MultiGeometry>
    </Placemark>
    <Placemark>
      <name>311501161601</name>
      <description><![CDATA[<div style='font-family:Tahoma,sans-serif; font-size:13px;'><h3 style='color:#1565C0; margin:4px 0;'>รหัส: 311501161601</h3><p style='margin:2px 0;'><b>กลุ่มรถไถ:</b> 61_003</p><table border='1' style='border-collapse:collapse; border-color:#ccc; width:100%;'><tr><td style='padding:3px 6px; font-weight:bold; background-color:#f2f2f2;'>ปีการผลิต</td><td style='padding:3px 6px;'>257071</td></tr><tr><td style='padding:3px 6px; font-weight:bold; background-color:#f2f2f2;'>รหัสกลุ่มรถไถ</td><td style='padding:3px 6px;'>61/003</td></tr><tr><td style='padding:3px 6px; font-weight:bold; background-color:#f2f2f2;'>โควตาชาวไร่</td><td style='padding:3px 6px;'>761623</td></tr><tr><td style='padding:3px 6px; font-weight:bold; background-color:#f2f2f2;'>ชื่อ-นามสกุล</td><td style='padding:3px 6px;'>นาย สง่า บุญเจริญ</td></tr><tr><td style='padding:3px 6px; font-weight:bold; background-color:#f2f2f2;'>111</td><td style='padding:3px 6px;'>311501161601</td></tr><tr><td style='padding:3px 6px; font-weight:bold; background-color:#f2f2f2;'>ประเภทอ้อย</td><td style='padding:3px 6px;'>อ้อยปลายฝน</td></tr><tr><td style='padding:3px 6px; font-weight:bold; background-color:#f2f2f2;'>พื้นที่ปลูก</td><td style='padding:3px 6px;'>5.0</td></tr><tr><td style='padding:3px 6px; font-weight:bold; background-color:#f2f2f2;'>ศูนย์</td><td style='padding:3px 6px;'>K2-61</td></tr><tr><td style='padding:3px 6px; font-weight:bold; background-color:#f2f2f2;'>นักเกษตร</td><td style='padding:3px 6px;'>6106</td></tr><tr><td style='padding:3px 6px; font-weight:bold; background-color:#f2f2f2;'>กลุ่ม</td><td style='padding:3px 6px;'>กลุ่ม_61</td></tr></table></div>]]></description>
      <styleUrl>#style_61_003</styleUrl>
      <MultiGeometry><Polygon><outerBoundaryIs><LinearRing><coordinates>103.1566017,14.6344007,0 103.1566000,14.6340134,0 103.1547780,14.6341487,0 103.1547970,14.6344972,0 103.1566017,14.6344007,0</coordinates></LinearRing></outerBoundaryIs></Polygon></MultiGeometry>
    </Placemark>
    <Placemark>
      <name>311501041559</name>
      <description><![CDATA[<div style='font-family:Tahoma,sans-serif; font-size:13px;'><h3 style='color:#1565C0; margin:4px 0;'>รหัส: 311501041559</h3><p style='margin:2px 0;'><b>กลุ่มรถไถ:</b> 61_003</p><table border='1' style='border-collapse:collapse; border-color:#ccc; width:100%;'><tr><td style='padding:3px 6px; font-weight:bold; background-color:#f2f2f2;'>ปีการผลิต</td><td style='padding:3px 6px;'>257071</td></tr><tr><td style='padding:3px 6px; font-weight:bold; background-color:#f2f2f2;'>รหัสกลุ่มรถไถ</td><td style='padding:3px 6px;'>61/003</td></tr><tr><td style='padding:3px 6px; font-weight:bold; background-color:#f2f2f2;'>โควตาชาวไร่</td><td style='padding:3px 6px;'>761674</td></tr><tr><td style='padding:3px 6px; font-weight:bold; background-color:#f2f2f2;'>ชื่อ-นามสกุล</td><td style='padding:3px 6px;'>นางสาว จริยาภรณ์ ภักดี</td></tr><tr><td style='padding:3px 6px; font-weight:bold; background-color:#f2f2f2;'>111</td><td style='padding:3px 6px;'>311501041559</td></tr><tr><td style='padding:3px 6px; font-weight:bold; background-color:#f2f2f2;'>ประเภทอ้อย</td><td style='padding:3px 6px;'>อ้อยปลายฝน</td></tr><tr><td style='padding:3px 6px; font-weight:bold; background-color:#f2f2f2;'>พื้นที่ปลูก</td><td style='padding:3px 6px;'>4.04</td></tr><tr><td style='padding:3px 6px; font-weight:bold; background-color:#f2f2f2;'>ศูนย์</td><td style='padding:3px 6px;'>K2-61</td></tr><tr><td style='padding:3px 6px; font-weight:bold; background-color:#f2f2f2;'>นักเกษตร</td><td style='padding:3px 6px;'>6101</td></tr><tr><td style='padding:3px 6px; font-weight:bold; background-color:#f2f2f2;'>กลุ่ม</td><td style='padding:3px 6px;'>กลุ่ม_61</td></tr></table></div>]]></description>
      <styleUrl>#style_61_003</styleUrl>
      <MultiGeometry><Polygon><outerBoundaryIs><LinearRing><coordinates>103.1421750,14.7028384,0 103.1420059,14.7047269,0 103.1422969,14.7047493,0 103.1424546,14.7028952,0 103.1421750,14.7028384,0</coordinates></LinearRing></outerBoundaryIs></Polygon></MultiGeometry>
    </Placemark>
    <Placemark>
      <name>311504071634</name>
      <description><![CDATA[<div style='font-family:Tahoma,sans-serif; font-size:13px;'><h3 style='color:#1565C0; margin:4px 0;'>รหัส: 311504071634</h3><p style='margin:2px 0;'><b>กลุ่มรถไถ:</b> 61_003</p><table border='1' style='border-collapse:collapse; border-color:#ccc; width:100%;'><tr><td style='padding:3px 6px; font-weight:bold; background-color:#f2f2f2;'>ปีการผลิต</td><td style='padding:3px 6px;'>257071</td></tr><tr><td style='padding:3px 6px; font-weight:bold; background-color:#f2f2f2;'>รหัสกลุ่มรถไถ</td><td style='padding:3px 6px;'>61/003</td></tr><tr><td style='padding:3px 6px; font-weight:bold; background-color:#f2f2f2;'>โควตาชาวไร่</td><td style='padding:3px 6px;'>761674</td></tr><tr><td style='padding:3px 6px; font-weight:bold; background-color:#f2f2f2;'>ชื่อ-นามสกุล</td><td style='padding:3px 6px;'>นางสาว จริยาภรณ์ ภักดี</td></tr><tr><td style='padding:3px 6px; font-weight:bold; background-color:#f2f2f2;'>111</td><td style='padding:3px 6px;'>311504071634</td></tr><tr><td style='padding:3px 6px; font-weight:bold; background-color:#f2f2f2;'>ประเภทอ้อย</td><td style='padding:3px 6px;'>อ้อยปลายฝน</td></tr><tr><td style='padding:3px 6px; font-weight:bold; background-color:#f2f2f2;'>พื้นที่ปลูก</td><td style='padding:3px 6px;'>2.64</td></tr><tr><td style='padding:3px 6px; font-weight:bold; background-color:#f2f2f2;'>ศูนย์</td><td style='padding:3px 6px;'>K2-61</td></tr><tr><td style='padding:3px 6px; font-weight:bold; background-color:#f2f2f2;'>นักเกษตร</td><td style='padding:3px 6px;'>6101</td></tr><tr><td style='padding:3px 6px; font-weight:bold; background-color:#f2f2f2;'>กลุ่ม</td><td style='padding:3px 6px;'>กลุ่ม_61</td></tr></table></div>]]></description>
      <styleUrl>#style_61_003</styleUrl>
      <MultiGeometry><Polygon><outerBoundaryIs><LinearRing><coordinates>103.1420576,14.7041560,0 103.1421782,14.7028316,0 103.1419362,14.7027603,0 103.1417901,14.7041926,0 103.1420576,14.7041560,0</coordinates></LinearRing></outerBoundaryIs></Polygon></MultiGeometry>
    </Placemark>
    <Placemark>
      <name>311501091660</name>
      <description><![CDATA[<div style='font-family:Tahoma,sans-serif; font-size:13px;'><h3 style='color:#1565C0; margin:4px 0;'>รหัส: 311501091660</h3><p style='margin:2px 0;'><b>กลุ่มรถไถ:</b> 61_003</p><table border='1' style='border-collapse:collapse; border-color:#ccc; width:100%;'><tr><td style='padding:3px 6px; font-weight:bold; background-color:#f2f2f2;'>ปีการผลิต</td><td style='padding:3px 6px;'>257071</td></tr><tr><td style='padding:3px 6px; font-weight:bold; background-color:#f2f2f2;'>รหัสกลุ่มรถไถ</td><td style='padding:3px 6px;'>61/003</td></tr><tr><td style='padding:3px 6px; font-weight:bold; background-color:#f2f2f2;'>โควตาชาวไร่</td><td style='padding:3px 6px;'>769465</td></tr><tr><td style='padding:3px 6px; font-weight:bold; background-color:#f2f2f2;'>ชื่อ-นามสกุล</td><td style='padding:3px 6px;'>นาย สมพล ขวัญยืน</td></tr><tr><td style='padding:3px 6px; font-weight:bold; background-color:#f2f2f2;'>111</td><td style='padding:3px 6px;'>311501091660</td></tr><tr><td style='padding:3px 6px; font-weight:bold; background-color:#f2f2f2;'>ประเภทอ้อย</td><td style='padding:3px 6px;'>อ้อยปลายฝน</td></tr><tr><td style='padding:3px 6px; font-weight:bold; background-color:#f2f2f2;'>พื้นที่ปลูก</td><td style='padding:3px 6px;'>5.63</td></tr><tr><td style='padding:3px 6px; font-weight:bold; background-color:#f2f2f2;'>ศูนย์</td><td style='padding:3px 6px;'>K2-61</td></tr><tr><td style='padding:3px 6px; font-weight:bold; background-color:#f2f2f2;'>นักเกษตร</td><td style='padding:3px 6px;'>6106</td></tr><tr><td style='padding:3px 6px; font-weight:bold; background-color:#f2f2f2;'>กลุ่ม</td><td style='padding:3px 6px;'>กลุ่ม_61</td></tr></table></div>]]></description>
      <styleUrl>#style_61_003</styleUrl>
      <MultiGeometry><Polygon><outerBoundaryIs><LinearRing><coordinates>103.1484580,14.6649802,0 103.1488054,14.6650094,0 103.1488392,14.6649717,0 103.1487908,14.6626415,0 103.1485371,14.6626133,0 103.1484580,14.6649802,0</coordinates></LinearRing></outerBoundaryIs></Polygon></MultiGeometry>
    </Placemark>
    <Placemark>
      <name>311501050161</name>
      <description><![CDATA[<div style='font-family:Tahoma,sans-serif; font-size:13px;'><h3 style='color:#1565C0; margin:4px 0;'>รหัส: 311501050161</h3><p style='margin:2px 0;'><b>กลุ่มรถไถ:</b> 61_003</p><table border='1' style='border-collapse:collapse; border-color:#ccc; width:100%;'><tr><td style='padding:3px 6px; font-weight:bold; background-color:#f2f2f2;'>ปีการผลิต</td><td style='padding:3px 6px;'>257071</td></tr><tr><td style='padding:3px 6px; font-weight:bold; background-color:#f2f2f2;'>รหัสกลุ่มรถไถ</td><td style='padding:3px 6px;'>61/003</td></tr><tr><td style='padding:3px 6px; font-weight:bold; background-color:#f2f2f2;'>โควตาชาวไร่</td><td style='padding:3px 6px;'>769547</td></tr><tr><td style='padding:3px 6px; font-weight:bold; background-color:#f2f2f2;'>ชื่อ-นามสกุล</td><td style='padding:3px 6px;'>นาย วิฑูรย์ ทิงสุข</td></tr><tr><td style='padding:3px 6px; font-weight:bold; background-color:#f2f2f2;'>111</td><td style='padding:3px 6px;'>311501050161</td></tr><tr><td style='padding:3px 6px; font-weight:bold; background-color:#f2f2f2;'>ประเภทอ้อย</td><td style='padding:3px 6px;'>อ้อยปลายฝน</td></tr><tr><td style='padding:3px 6px; font-weight:bold; background-color:#f2f2f2;'>พื้นที่ปลูก</td><td style='padding:3px 6px;'>7.35</td></tr><tr><td style='padding:3px 6px; font-weight:bold; background-color:#f2f2f2;'>ศูนย์</td><td style='padding:3px 6px;'>K2-61</td></tr><tr><td style='padding:3px 6px; font-weight:bold; background-color:#f2f2f2;'>นักเกษตร</td><td style='padding:3px 6px;'>6106</td></tr><tr><td style='padding:3px 6px; font-weight:bold; background-color:#f2f2f2;'>กลุ่ม</td><td style='padding:3px 6px;'>กลุ่ม_61</td></tr></table></div>]]></description>
      <styleUrl>#style_61_003</styleUrl>
      <MultiGeometry><Polygon><outerBoundaryIs><LinearRing><coordinates>103.1569786,14.6363477,0 103.1570534,14.6356964,0 103.1572176,14.6344306,0 103.1571560,14.6344387,0 103.1566913,14.6344423,0 103.1565881,14.6353266,0 103.1564537,14.6363143,0 103.1569786,14.6363477,0</coordinates></LinearRing></outerBoundaryIs></Polygon></MultiGeometry>
    </Placemark>
    <Placemark>
      <name>311501071714</name>
      <description><![CDATA[<div style='font-family:Tahoma,sans-serif; font-size:13px;'><h3 style='color:#1565C0; margin:4px 0;'>รหัส: 311501071714</h3><p style='margin:2px 0;'><b>กลุ่มรถไถ:</b> 61_003</p><table border='1' style='border-collapse:collapse; border-color:#ccc; width:100%;'><tr><td style='padding:3px 6px; font-weight:bold; background-color:#f2f2f2;'>ปีการผลิต</td><td style='padding:3px 6px;'>257071</td></tr><tr><td style='padding:3px 6px; font-weight:bold; background-color:#f2f2f2;'>รหัสกลุ่มรถไถ</td><td style='padding:3px 6px;'>61/003</td></tr><tr><td style='padding:3px 6px; font-weight:bold; background-color:#f2f2f2;'>โควตาชาวไร่</td><td style='padding:3px 6px;'>769547</td></tr><tr><td style='padding:3px 6px; font-weight:bold; background-color:#f2f2f2;'>ชื่อ-นามสกุล</td><td style='padding:3px 6px;'>นาย วิฑูรย์ ทิงสุข</td></tr><tr><td style='padding:3px 6px; font-weight:bold; background-color:#f2f2f2;'>111</td><td style='padding:3px 6px;'>311501071714</td></tr><tr><td style='padding:3px 6px; font-weight:bold; background-color:#f2f2f2;'>ประเภทอ้อย</td><td style='padding:3px 6px;'>อ้อยปลายฝน</td></tr><tr><td style='padding:3px 6px; font-weight:bold; background-color:#f2f2f2;'>พื้นที่ปลูก</td><td style='padding:3px 6px;'>9.24</td></tr><tr><td style='padding:3px 6px; font-weight:bold; background-color:#f2f2f2;'>ศูนย์</td><td style='padding:3px 6px;'>K2-61</td></tr><tr><td style='padding:3px 6px; font-weight:bold; background-color:#f2f2f2;'>นักเกษตร</td><td style='padding:3px 6px;'>6106</td></tr><tr><td style='padding:3px 6px; font-weight:bold; background-color:#f2f2f2;'>กลุ่ม</td><td style='padding:3px 6px;'>กลุ่ม_61</td></tr></table></div>]]></description>
      <styleUrl>#style_61_003</styleUrl>
      <MultiGeometry><Polygon><outerBoundaryIs><LinearRing><coordinates>103.1449733,14.6418550,0 103.1448383,14.6417700,0 103.1445983,14.6422150,0 103.1445450,14.6423350,0 103.1444767,14.6425417,0 103.1444150,14.6428083,0 103.1443583,14.6430517,0 103.1443217,14.6432483,0 103.1442567,14.6436167,0 103.1445917,14.6436667,0 103.1447633,14.6436933,0 103.1449867,14.6437433,0 103.1450150,14.6436333,0 103.1450417,14.6434233,0 103.1450767,14.6432483,0 103.1450967,14.6431033,0 103.1451300,14.6429583,0 103.1451483,14.6428033,0 103.1452283,14.6426050,0 103.1453133,14.6424067,0 103.1454783,14.6421067,0 103.1453633,14.6420500,0 103.1452200,14.6422833,0 103.1448983,14.6420833,0 103.1449700,14.6419667,0 103.1449733,14.6418550,0</coordinates></LinearRing></outerBoundaryIs></Polygon></MultiGeometry>
    </Placemark>
    <Placemark>
      <name>311501071694</name>
      <description><![CDATA[<div style='font-family:Tahoma,sans-serif; font-size:13px;'><h3 style='color:#1565C0; margin:4px 0;'>รหัส: 311501071694</h3><p style='margin:2px 0;'><b>กลุ่มรถไถ:</b> 61_003</p><table border='1' style='border-collapse:collapse; border-color:#ccc; width:100%;'><tr><td style='padding:3px 6px; font-weight:bold; background-color:#f2f2f2;'>ปีการผลิต</td><td style='padding:3px 6px;'>257071</td></tr><tr><td style='padding:3px 6px; font-weight:bold; background-color:#f2f2f2;'>รหัสกลุ่มรถไถ</td><td style='padding:3px 6px;'>61/003</td></tr><tr><td style='padding:3px 6px; font-weight:bold; background-color:#f2f2f2;'>โควตาชาวไร่</td><td style='padding:3px 6px;'>769587</td></tr><tr><td style='padding:3px 6px; font-weight:bold; background-color:#f2f2f2;'>ชื่อ-นามสกุล</td><td style='padding:3px 6px;'>นาง ถาวร แคล้วณรงค์</td></tr><tr><td style='padding:3px 6px; font-weight:bold; background-color:#f2f2f2;'>111</td><td style='padding:3px 6px;'>311501071694</td></tr><tr><td style='padding:3px 6px; font-weight:bold; background-color:#f2f2f2;'>ประเภทอ้อย</td><td style='padding:3px 6px;'>อ้อยปลายฝน</td></tr><tr><td style='padding:3px 6px; font-weight:bold; background-color:#f2f2f2;'>พื้นที่ปลูก</td><td style='padding:3px 6px;'>2.84</td></tr><tr><td style='padding:3px 6px; font-weight:bold; background-color:#f2f2f2;'>ศูนย์</td><td style='padding:3px 6px;'>K2-61</td></tr><tr><td style='padding:3px 6px; font-weight:bold; background-color:#f2f2f2;'>นักเกษตร</td><td style='padding:3px 6px;'>6106</td></tr><tr><td style='padding:3px 6px; font-weight:bold; background-color:#f2f2f2;'>กลุ่ม</td><td style='padding:3px 6px;'>กลุ่ม_61</td></tr></table></div>]]></description>
      <styleUrl>#style_61_003</styleUrl>
      <MultiGeometry><Polygon><outerBoundaryIs><LinearRing><coordinates>103.1455162,14.6436372,0 103.1446707,14.6449598,0 103.1448609,14.6450766,0 103.1457624,14.6437221,0 103.1455162,14.6436372,0</coordinates></LinearRing></outerBoundaryIs></Polygon></MultiGeometry>
    </Placemark>
    <Placemark>
      <name>311501041713</name>
      <description><![CDATA[<div style='font-family:Tahoma,sans-serif; font-size:13px;'><h3 style='color:#1565C0; margin:4px 0;'>รหัส: 311501041713</h3><p style='margin:2px 0;'><b>กลุ่มรถไถ:</b> 61_003</p><table border='1' style='border-collapse:collapse; border-color:#ccc; width:100%;'><tr><td style='padding:3px 6px; font-weight:bold; background-color:#f2f2f2;'>ปีการผลิต</td><td style='padding:3px 6px;'>257071</td></tr><tr><td style='padding:3px 6px; font-weight:bold; background-color:#f2f2f2;'>รหัสกลุ่มรถไถ</td><td style='padding:3px 6px;'>61/003</td></tr><tr><td style='padding:3px 6px; font-weight:bold; background-color:#f2f2f2;'>โควตาชาวไร่</td><td style='padding:3px 6px;'>769706</td></tr><tr><td style='padding:3px 6px; font-weight:bold; background-color:#f2f2f2;'>ชื่อ-นามสกุล</td><td style='padding:3px 6px;'>นาง ภัทราพร เงินทอง</td></tr><tr><td style='padding:3px 6px; font-weight:bold; background-color:#f2f2f2;'>111</td><td style='padding:3px 6px;'>311501041713</td></tr><tr><td style='padding:3px 6px; font-weight:bold; background-color:#f2f2f2;'>ประเภทอ้อย</td><td style='padding:3px 6px;'>อ้อยปลายฝน</td></tr><tr><td style='padding:3px 6px; font-weight:bold; background-color:#f2f2f2;'>พื้นที่ปลูก</td><td style='padding:3px 6px;'>16.98</td></tr><tr><td style='padding:3px 6px; font-weight:bold; background-color:#f2f2f2;'>ศูนย์</td><td style='padding:3px 6px;'>K2-61</td></tr><tr><td style='padding:3px 6px; font-weight:bold; background-color:#f2f2f2;'>นักเกษตร</td><td style='padding:3px 6px;'>6101</td></tr><tr><td style='padding:3px 6px; font-weight:bold; background-color:#f2f2f2;'>กลุ่ม</td><td style='padding:3px 6px;'>กลุ่ม_61</td></tr></table></div>]]></description>
      <styleUrl>#style_61_003</styleUrl>
      <MultiGeometry><Polygon><outerBoundaryIs><LinearRing><coordinates>103.1618883,14.6719100,0 103.1619133,14.6717633,0 103.1616317,14.6716717,0 103.1603017,14.6756183,0 103.1605033,14.6756450,0 103.1605550,14.6756183,0 103.1606217,14.6756317,0 103.1605950,14.6756800,0 103.1609450,14.6757500,0 103.1620267,14.6719667,0 103.1618883,14.6719100,0</coordinates></LinearRing></outerBoundaryIs></Polygon></MultiGeometry>
    </Placemark>
    <Placemark>
      <name>311501091631</name>
      <description><![CDATA[<div style='font-family:Tahoma,sans-serif; font-size:13px;'><h3 style='color:#1565C0; margin:4px 0;'>รหัส: 311501091631</h3><p style='margin:2px 0;'><b>กลุ่มรถไถ:</b> 61_003</p><table border='1' style='border-collapse:collapse; border-color:#ccc; width:100%;'><tr><td style='padding:3px 6px; font-weight:bold; background-color:#f2f2f2;'>ปีการผลิต</td><td style='padding:3px 6px;'>257071</td></tr><tr><td style='padding:3px 6px; font-weight:bold; background-color:#f2f2f2;'>รหัสกลุ่มรถไถ</td><td style='padding:3px 6px;'>61/003</td></tr><tr><td style='padding:3px 6px; font-weight:bold; background-color:#f2f2f2;'>โควตาชาวไร่</td><td style='padding:3px 6px;'>769737</td></tr><tr><td style='padding:3px 6px; font-weight:bold; background-color:#f2f2f2;'>ชื่อ-นามสกุล</td><td style='padding:3px 6px;'>นางสาว กรรณิกา จูงสุข</td></tr><tr><td style='padding:3px 6px; font-weight:bold; background-color:#f2f2f2;'>111</td><td style='padding:3px 6px;'>311501091631</td></tr><tr><td style='padding:3px 6px; font-weight:bold; background-color:#f2f2f2;'>ประเภทอ้อย</td><td style='padding:3px 6px;'>อ้อยปลายฝน</td></tr><tr><td style='padding:3px 6px; font-weight:bold; background-color:#f2f2f2;'>พื้นที่ปลูก</td><td style='padding:3px 6px;'>8.74</td></tr><tr><td style='padding:3px 6px; font-weight:bold; background-color:#f2f2f2;'>ศูนย์</td><td style='padding:3px 6px;'>K2-61</td></tr><tr><td style='padding:3px 6px; font-weight:bold; background-color:#f2f2f2;'>นักเกษตร</td><td style='padding:3px 6px;'>6106</td></tr><tr><td style='padding:3px 6px; font-weight:bold; background-color:#f2f2f2;'>กลุ่ม</td><td style='padding:3px 6px;'>กลุ่ม_61</td></tr></table></div>]]></description>
      <styleUrl>#style_61_003</styleUrl>
      <MultiGeometry><Polygon><outerBoundaryIs><LinearRing><coordinates>103.1388971,14.6673678,0 103.1390722,14.6668420,0 103.1391711,14.6665023,0 103.1392413,14.6663085,0 103.1393763,14.6660040,0 103.1396606,14.6653237,0 103.1392273,14.6651282,0 103.1387138,14.6663345,0 103.1383998,14.6671021,0 103.1382975,14.6674001,0 103.1383786,14.6674363,0 103.1384848,14.6674232,0 103.1386121,14.6673704,0 103.1388971,14.6673678,0</coordinates></LinearRing></outerBoundaryIs></Polygon></MultiGeometry>
    </Placemark>
  </Folder>
  <Style id="style_61_004">
    <LineStyle>
      <color>ff7B8900</color>
      <width>2.0</width>
    </LineStyle>
    <PolyStyle>
      <color>b37B8900</color>
    </PolyStyle>
  </Style>
  <Folder>
    <name>61_004</name>
    <Placemark>
      <name>310705131632</name>
      <description><![CDATA[<div style='font-family:Tahoma,sans-serif; font-size:13px;'><h3 style='color:#1565C0; margin:4px 0;'>รหัส: 310705131632</h3><p style='margin:2px 0;'><b>กลุ่มรถไถ:</b> 61_004</p><table border='1' style='border-collapse:collapse; border-color:#ccc; width:100%;'><tr><td style='padding:3px 6px; font-weight:bold; background-color:#f2f2f2;'>ปีการผลิต</td><td style='padding:3px 6px;'>257071</td></tr><tr><td style='padding:3px 6px; font-weight:bold; background-color:#f2f2f2;'>รหัสกลุ่มรถไถ</td><td style='padding:3px 6px;'>61/004</td></tr><tr><td style='padding:3px 6px; font-weight:bold; background-color:#f2f2f2;'>โควตาชาวไร่</td><td style='padding:3px 6px;'>760207</td></tr><tr><td style='padding:3px 6px; font-weight:bold; background-color:#f2f2f2;'>ชื่อ-นามสกุล</td><td style='padding:3px 6px;'>นาง หน กำลังมา</td></tr><tr><td style='padding:3px 6px; font-weight:bold; background-color:#f2f2f2;'>111</td><td style='padding:3px 6px;'>310705131632</td></tr><tr><td style='padding:3px 6px; font-weight:bold; background-color:#f2f2f2;'>ประเภทอ้อย</td><td style='padding:3px 6px;'>อ้อยปลายฝน</td></tr><tr><td style='padding:3px 6px; font-weight:bold; background-color:#f2f2f2;'>พื้นที่ปลูก</td><td style='padding:3px 6px;'>10.42</td></tr><tr><td style='padding:3px 6px; font-weight:bold; background-color:#f2f2f2;'>ศูนย์</td><td style='padding:3px 6px;'>K2-61</td></tr><tr><td style='padding:3px 6px; font-weight:bold; background-color:#f2f2f2;'>นักเกษตร</td><td style='padding:3px 6px;'>6104</td></tr><tr><td style='padding:3px 6px; font-weight:bold; background-color:#f2f2f2;'>กลุ่ม</td><td style='padding:3px 6px;'>กลุ่ม_61</td></tr></table></div>]]></description>
      <styleUrl>#style_61_004</styleUrl>
      <MultiGeometry><Polygon><outerBoundaryIs><LinearRing><coordinates>103.1611881,14.6069422,0 103.1600131,14.6070076,0 103.1600207,14.6072289,0 103.1600018,14.6072969,0 103.1600143,14.6078358,0 103.1606244,14.6077891,0 103.1611034,14.6077092,0 103.1612169,14.6076939,0 103.1614409,14.6076655,0 103.1616751,14.6075824,0 103.1618520,14.6075404,0 103.1617999,14.6072080,0 103.1617317,14.6068718,0 103.1611881,14.6069422,0</coordinates></LinearRing></outerBoundaryIs></Polygon></MultiGeometry>
    </Placemark>
    <Placemark>
      <name>310705081517</name>
      <description><![CDATA[<div style='font-family:Tahoma,sans-serif; font-size:13px;'><h3 style='color:#1565C0; margin:4px 0;'>รหัส: 310705081517</h3><p style='margin:2px 0;'><b>กลุ่มรถไถ:</b> 61_004</p><table border='1' style='border-collapse:collapse; border-color:#ccc; width:100%;'><tr><td style='padding:3px 6px; font-weight:bold; background-color:#f2f2f2;'>ปีการผลิต</td><td style='padding:3px 6px;'>257071</td></tr><tr><td style='padding:3px 6px; font-weight:bold; background-color:#f2f2f2;'>รหัสกลุ่มรถไถ</td><td style='padding:3px 6px;'>61/004</td></tr><tr><td style='padding:3px 6px; font-weight:bold; background-color:#f2f2f2;'>โควตาชาวไร่</td><td style='padding:3px 6px;'>760226</td></tr><tr><td style='padding:3px 6px; font-weight:bold; background-color:#f2f2f2;'>ชื่อ-นามสกุล</td><td style='padding:3px 6px;'>นาย เทียม สนใจ</td></tr><tr><td style='padding:3px 6px; font-weight:bold; background-color:#f2f2f2;'>111</td><td style='padding:3px 6px;'>310705081517</td></tr><tr><td style='padding:3px 6px; font-weight:bold; background-color:#f2f2f2;'>ประเภทอ้อย</td><td style='padding:3px 6px;'>อ้อยปลายฝน</td></tr><tr><td style='padding:3px 6px; font-weight:bold; background-color:#f2f2f2;'>พื้นที่ปลูก</td><td style='padding:3px 6px;'>5.27</td></tr><tr><td style='padding:3px 6px; font-weight:bold; background-color:#f2f2f2;'>ศูนย์</td><td style='padding:3px 6px;'>K2-61</td></tr><tr><td style='padding:3px 6px; font-weight:bold; background-color:#f2f2f2;'>นักเกษตร</td><td style='padding:3px 6px;'>6104</td></tr><tr><td style='padding:3px 6px; font-weight:bold; background-color:#f2f2f2;'>กลุ่ม</td><td style='padding:3px 6px;'>กลุ่ม_61</td></tr></table></div>]]></description>
      <styleUrl>#style_61_004</styleUrl>
      <MultiGeometry><Polygon><outerBoundaryIs><LinearRing><coordinates>103.1563629,14.6001309,0 103.1555338,14.6002712,0 103.1557379,14.6011074,0 103.1560910,14.6010399,0 103.1560858,14.6009603,0 103.1561445,14.6009459,0 103.1561616,14.6010159,0 103.1565530,14.6009667,0 103.1563629,14.6001309,0</coordinates></LinearRing></outerBoundaryIs></Polygon></MultiGeometry>
    </Placemark>
    <Placemark>
      <name>310716030005</name>
      <description><![CDATA[<div style='font-family:Tahoma,sans-serif; font-size:13px;'><h3 style='color:#1565C0; margin:4px 0;'>รหัส: 310716030005</h3><p style='margin:2px 0;'><b>กลุ่มรถไถ:</b> 61_004</p><table border='1' style='border-collapse:collapse; border-color:#ccc; width:100%;'><tr><td style='padding:3px 6px; font-weight:bold; background-color:#f2f2f2;'>ปีการผลิต</td><td style='padding:3px 6px;'>257071</td></tr><tr><td style='padding:3px 6px; font-weight:bold; background-color:#f2f2f2;'>รหัสกลุ่มรถไถ</td><td style='padding:3px 6px;'>61/004</td></tr><tr><td style='padding:3px 6px; font-weight:bold; background-color:#f2f2f2;'>โควตาชาวไร่</td><td style='padding:3px 6px;'>760432</td></tr><tr><td style='padding:3px 6px; font-weight:bold; background-color:#f2f2f2;'>ชื่อ-นามสกุล</td><td style='padding:3px 6px;'>นาย วิจิตร ปั่นหอม</td></tr><tr><td style='padding:3px 6px; font-weight:bold; background-color:#f2f2f2;'>111</td><td style='padding:3px 6px;'>310716030005</td></tr><tr><td style='padding:3px 6px; font-weight:bold; background-color:#f2f2f2;'>ประเภทอ้อย</td><td style='padding:3px 6px;'>อ้อยปลายฝน</td></tr><tr><td style='padding:3px 6px; font-weight:bold; background-color:#f2f2f2;'>พื้นที่ปลูก</td><td style='padding:3px 6px;'>9.17</td></tr><tr><td style='padding:3px 6px; font-weight:bold; background-color:#f2f2f2;'>ศูนย์</td><td style='padding:3px 6px;'>K2-61</td></tr><tr><td style='padding:3px 6px; font-weight:bold; background-color:#f2f2f2;'>นักเกษตร</td><td style='padding:3px 6px;'>6103</td></tr><tr><td style='padding:3px 6px; font-weight:bold; background-color:#f2f2f2;'>กลุ่ม</td><td style='padding:3px 6px;'>กลุ่ม_61</td></tr></table></div>]]></description>
      <styleUrl>#style_61_004</styleUrl>
      <MultiGeometry><Polygon><outerBoundaryIs><LinearRing><coordinates>103.1403079,14.5887620,0 103.1384905,14.5887191,0 103.1386170,14.5893937,0 103.1404245,14.5894455,0 103.1403079,14.5887620,0</coordinates></LinearRing></outerBoundaryIs></Polygon></MultiGeometry>
    </Placemark>
    <Placemark>
      <name>310705101719</name>
      <description><![CDATA[<div style='font-family:Tahoma,sans-serif; font-size:13px;'><h3 style='color:#1565C0; margin:4px 0;'>รหัส: 310705101719</h3><p style='margin:2px 0;'><b>กลุ่มรถไถ:</b> 61_004</p><table border='1' style='border-collapse:collapse; border-color:#ccc; width:100%;'><tr><td style='padding:3px 6px; font-weight:bold; background-color:#f2f2f2;'>ปีการผลิต</td><td style='padding:3px 6px;'>257071</td></tr><tr><td style='padding:3px 6px; font-weight:bold; background-color:#f2f2f2;'>รหัสกลุ่มรถไถ</td><td style='padding:3px 6px;'>61/004</td></tr><tr><td style='padding:3px 6px; font-weight:bold; background-color:#f2f2f2;'>โควตาชาวไร่</td><td style='padding:3px 6px;'>760468</td></tr><tr><td style='padding:3px 6px; font-weight:bold; background-color:#f2f2f2;'>ชื่อ-นามสกุล</td><td style='padding:3px 6px;'>นาง น้อย สาระศรี</td></tr><tr><td style='padding:3px 6px; font-weight:bold; background-color:#f2f2f2;'>111</td><td style='padding:3px 6px;'>310705101719</td></tr><tr><td style='padding:3px 6px; font-weight:bold; background-color:#f2f2f2;'>ประเภทอ้อย</td><td style='padding:3px 6px;'>อ้อยปลายฝน</td></tr><tr><td style='padding:3px 6px; font-weight:bold; background-color:#f2f2f2;'>พื้นที่ปลูก</td><td style='padding:3px 6px;'>10.48</td></tr><tr><td style='padding:3px 6px; font-weight:bold; background-color:#f2f2f2;'>ศูนย์</td><td style='padding:3px 6px;'>K2-61</td></tr><tr><td style='padding:3px 6px; font-weight:bold; background-color:#f2f2f2;'>นักเกษตร</td><td style='padding:3px 6px;'>6104</td></tr><tr><td style='padding:3px 6px; font-weight:bold; background-color:#f2f2f2;'>กลุ่ม</td><td style='padding:3px 6px;'>กลุ่ม_61</td></tr></table></div>]]></description>
      <styleUrl>#style_61_004</styleUrl>
      <MultiGeometry><Polygon><outerBoundaryIs><LinearRing><coordinates>103.1733517,14.6061950,0 103.1753200,14.6062400,0 103.1751233,14.6055300,0 103.1750883,14.6054917,0 103.1750683,14.6054750,0 103.1750567,14.6054650,0 103.1748333,14.6054583,0 103.1744200,14.6054650,0 103.1733450,14.6054933,0 103.1733050,14.6055667,0 103.1733517,14.6061950,0</coordinates></LinearRing></outerBoundaryIs></Polygon></MultiGeometry>
    </Placemark>
    <Placemark>
      <name>310705011522</name>
      <description><![CDATA[<div style='font-family:Tahoma,sans-serif; font-size:13px;'><h3 style='color:#1565C0; margin:4px 0;'>รหัส: 310705011522</h3><p style='margin:2px 0;'><b>กลุ่มรถไถ:</b> 61_004</p><table border='1' style='border-collapse:collapse; border-color:#ccc; width:100%;'><tr><td style='padding:3px 6px; font-weight:bold; background-color:#f2f2f2;'>ปีการผลิต</td><td style='padding:3px 6px;'>257071</td></tr><tr><td style='padding:3px 6px; font-weight:bold; background-color:#f2f2f2;'>รหัสกลุ่มรถไถ</td><td style='padding:3px 6px;'>61/004</td></tr><tr><td style='padding:3px 6px; font-weight:bold; background-color:#f2f2f2;'>โควตาชาวไร่</td><td style='padding:3px 6px;'>760520</td></tr><tr><td style='padding:3px 6px; font-weight:bold; background-color:#f2f2f2;'>ชื่อ-นามสกุล</td><td style='padding:3px 6px;'>นาย เนน ผางาม</td></tr><tr><td style='padding:3px 6px; font-weight:bold; background-color:#f2f2f2;'>111</td><td style='padding:3px 6px;'>310705011522</td></tr><tr><td style='padding:3px 6px; font-weight:bold; background-color:#f2f2f2;'>ประเภทอ้อย</td><td style='padding:3px 6px;'>อ้อยปลายฝน</td></tr><tr><td style='padding:3px 6px; font-weight:bold; background-color:#f2f2f2;'>พื้นที่ปลูก</td><td style='padding:3px 6px;'>8.92</td></tr><tr><td style='padding:3px 6px; font-weight:bold; background-color:#f2f2f2;'>ศูนย์</td><td style='padding:3px 6px;'>K2-61</td></tr><tr><td style='padding:3px 6px; font-weight:bold; background-color:#f2f2f2;'>นักเกษตร</td><td style='padding:3px 6px;'>6104</td></tr><tr><td style='padding:3px 6px; font-weight:bold; background-color:#f2f2f2;'>กลุ่ม</td><td style='padding:3px 6px;'>กลุ่ม_61</td></tr></table></div>]]></description>
      <styleUrl>#style_61_004</styleUrl>
      <MultiGeometry><Polygon><outerBoundaryIs><LinearRing><coordinates>103.2111660,14.5709509,0 103.2111736,14.5727250,0 103.2116285,14.5726991,0 103.2119061,14.5726302,0 103.2117859,14.5709276,0 103.2111660,14.5709509,0</coordinates></LinearRing></outerBoundaryIs></Polygon></MultiGeometry>
    </Placemark>
    <Placemark>
      <name>310809041501</name>
      <description><![CDATA[<div style='font-family:Tahoma,sans-serif; font-size:13px;'><h3 style='color:#1565C0; margin:4px 0;'>รหัส: 310809041501</h3><p style='margin:2px 0;'><b>กลุ่มรถไถ:</b> 61_004</p><table border='1' style='border-collapse:collapse; border-color:#ccc; width:100%;'><tr><td style='padding:3px 6px; font-weight:bold; background-color:#f2f2f2;'>ปีการผลิต</td><td style='padding:3px 6px;'>257071</td></tr><tr><td style='padding:3px 6px; font-weight:bold; background-color:#f2f2f2;'>รหัสกลุ่มรถไถ</td><td style='padding:3px 6px;'>61/004</td></tr><tr><td style='padding:3px 6px; font-weight:bold; background-color:#f2f2f2;'>โควตาชาวไร่</td><td style='padding:3px 6px;'>760520</td></tr><tr><td style='padding:3px 6px; font-weight:bold; background-color:#f2f2f2;'>ชื่อ-นามสกุล</td><td style='padding:3px 6px;'>นาย เนน ผางาม</td></tr><tr><td style='padding:3px 6px; font-weight:bold; background-color:#f2f2f2;'>111</td><td style='padding:3px 6px;'>310809041501</td></tr><tr><td style='padding:3px 6px; font-weight:bold; background-color:#f2f2f2;'>ประเภทอ้อย</td><td style='padding:3px 6px;'>อ้อยปลายฝน</td></tr><tr><td style='padding:3px 6px; font-weight:bold; background-color:#f2f2f2;'>พื้นที่ปลูก</td><td style='padding:3px 6px;'>9.78</td></tr><tr><td style='padding:3px 6px; font-weight:bold; background-color:#f2f2f2;'>ศูนย์</td><td style='padding:3px 6px;'>K2-61</td></tr><tr><td style='padding:3px 6px; font-weight:bold; background-color:#f2f2f2;'>นักเกษตร</td><td style='padding:3px 6px;'>6104</td></tr><tr><td style='padding:3px 6px; font-weight:bold; background-color:#f2f2f2;'>กลุ่ม</td><td style='padding:3px 6px;'>กลุ่ม_61</td></tr></table></div>]]></description>
      <styleUrl>#style_61_004</styleUrl>
      <MultiGeometry><Polygon><outerBoundaryIs><LinearRing><coordinates>103.2101166,14.5701717,0 103.2117226,14.5702586,0 103.2117264,14.5693735,0 103.2102973,14.5693412,0 103.2101166,14.5701717,0</coordinates></LinearRing></outerBoundaryIs></Polygon></MultiGeometry>
    </Placemark>
    <Placemark>
      <name>310809050022</name>
      <description><![CDATA[<div style='font-family:Tahoma,sans-serif; font-size:13px;'><h3 style='color:#1565C0; margin:4px 0;'>รหัส: 310809050022</h3><p style='margin:2px 0;'><b>กลุ่มรถไถ:</b> 61_004</p><table border='1' style='border-collapse:collapse; border-color:#ccc; width:100%;'><tr><td style='padding:3px 6px; font-weight:bold; background-color:#f2f2f2;'>ปีการผลิต</td><td style='padding:3px 6px;'>257071</td></tr><tr><td style='padding:3px 6px; font-weight:bold; background-color:#f2f2f2;'>รหัสกลุ่มรถไถ</td><td style='padding:3px 6px;'>61/004</td></tr><tr><td style='padding:3px 6px; font-weight:bold; background-color:#f2f2f2;'>โควตาชาวไร่</td><td style='padding:3px 6px;'>760571</td></tr><tr><td style='padding:3px 6px; font-weight:bold; background-color:#f2f2f2;'>ชื่อ-นามสกุล</td><td style='padding:3px 6px;'>นาง สมจวน บุตรประโคน</td></tr><tr><td style='padding:3px 6px; font-weight:bold; background-color:#f2f2f2;'>111</td><td style='padding:3px 6px;'>310809050022</td></tr><tr><td style='padding:3px 6px; font-weight:bold; background-color:#f2f2f2;'>ประเภทอ้อย</td><td style='padding:3px 6px;'>อ้อยปลายฝน</td></tr><tr><td style='padding:3px 6px; font-weight:bold; background-color:#f2f2f2;'>พื้นที่ปลูก</td><td style='padding:3px 6px;'>8.37</td></tr><tr><td style='padding:3px 6px; font-weight:bold; background-color:#f2f2f2;'>ศูนย์</td><td style='padding:3px 6px;'>K2-61</td></tr><tr><td style='padding:3px 6px; font-weight:bold; background-color:#f2f2f2;'>นักเกษตร</td><td style='padding:3px 6px;'>6104</td></tr><tr><td style='padding:3px 6px; font-weight:bold; background-color:#f2f2f2;'>กลุ่ม</td><td style='padding:3px 6px;'>กลุ่ม_61</td></tr></table></div>]]></description>
      <styleUrl>#style_61_004</styleUrl>
      <MultiGeometry><Polygon><outerBoundaryIs><LinearRing><coordinates>103.2100895,14.5702487,0 103.2099726,14.5709348,0 103.2102733,14.5709654,0 103.2116921,14.5708907,0 103.2117191,14.5702799,0 103.2100895,14.5702487,0</coordinates></LinearRing></outerBoundaryIs></Polygon></MultiGeometry>
    </Placemark>
    <Placemark>
      <name>310705101509</name>
      <description><![CDATA[<div style='font-family:Tahoma,sans-serif; font-size:13px;'><h3 style='color:#1565C0; margin:4px 0;'>รหัส: 310705101509</h3><p style='margin:2px 0;'><b>กลุ่มรถไถ:</b> 61_004</p><table border='1' style='border-collapse:collapse; border-color:#ccc; width:100%;'><tr><td style='padding:3px 6px; font-weight:bold; background-color:#f2f2f2;'>ปีการผลิต</td><td style='padding:3px 6px;'>257071</td></tr><tr><td style='padding:3px 6px; font-weight:bold; background-color:#f2f2f2;'>รหัสกลุ่มรถไถ</td><td style='padding:3px 6px;'>61/004</td></tr><tr><td style='padding:3px 6px; font-weight:bold; background-color:#f2f2f2;'>โควตาชาวไร่</td><td style='padding:3px 6px;'>760869</td></tr><tr><td style='padding:3px 6px; font-weight:bold; background-color:#f2f2f2;'>ชื่อ-นามสกุล</td><td style='padding:3px 6px;'>นาย สัญญา มัครมย์</td></tr><tr><td style='padding:3px 6px; font-weight:bold; background-color:#f2f2f2;'>111</td><td style='padding:3px 6px;'>310705101509</td></tr><tr><td style='padding:3px 6px; font-weight:bold; background-color:#f2f2f2;'>ประเภทอ้อย</td><td style='padding:3px 6px;'>อ้อยปลายฝน</td></tr><tr><td style='padding:3px 6px; font-weight:bold; background-color:#f2f2f2;'>พื้นที่ปลูก</td><td style='padding:3px 6px;'>12.78</td></tr><tr><td style='padding:3px 6px; font-weight:bold; background-color:#f2f2f2;'>ศูนย์</td><td style='padding:3px 6px;'>K2-61</td></tr><tr><td style='padding:3px 6px; font-weight:bold; background-color:#f2f2f2;'>นักเกษตร</td><td style='padding:3px 6px;'>6104</td></tr><tr><td style='padding:3px 6px; font-weight:bold; background-color:#f2f2f2;'>กลุ่ม</td><td style='padding:3px 6px;'>กลุ่ม_61</td></tr></table></div>]]></description>
      <styleUrl>#style_61_004</styleUrl>
      <MultiGeometry><Polygon><outerBoundaryIs><LinearRing><coordinates>103.1623997,14.5978207,0 103.1613119,14.5978114,0 103.1601651,14.5978747,0 103.1595229,14.5979664,0 103.1595964,14.5985553,0 103.1606099,14.5984922,0 103.1605516,14.5982670,0 103.1607018,14.5982346,0 103.1607289,14.5984726,0 103.1624834,14.5983342,0 103.1623997,14.5978207,0</coordinates></LinearRing></outerBoundaryIs></Polygon></MultiGeometry>
    </Placemark>
    <Placemark>
      <name>310705071570</name>
      <description><![CDATA[<div style='font-family:Tahoma,sans-serif; font-size:13px;'><h3 style='color:#1565C0; margin:4px 0;'>รหัส: 310705071570</h3><p style='margin:2px 0;'><b>กลุ่มรถไถ:</b> 61_004</p><table border='1' style='border-collapse:collapse; border-color:#ccc; width:100%;'><tr><td style='padding:3px 6px; font-weight:bold; background-color:#f2f2f2;'>ปีการผลิต</td><td style='padding:3px 6px;'>257071</td></tr><tr><td style='padding:3px 6px; font-weight:bold; background-color:#f2f2f2;'>รหัสกลุ่มรถไถ</td><td style='padding:3px 6px;'>61/004</td></tr><tr><td style='padding:3px 6px; font-weight:bold; background-color:#f2f2f2;'>โควตาชาวไร่</td><td style='padding:3px 6px;'>760870</td></tr><tr><td style='padding:3px 6px; font-weight:bold; background-color:#f2f2f2;'>ชื่อ-นามสกุล</td><td style='padding:3px 6px;'>นางสาว สมหวัง มัครมย์</td></tr><tr><td style='padding:3px 6px; font-weight:bold; background-color:#f2f2f2;'>111</td><td style='padding:3px 6px;'>310705071570</td></tr><tr><td style='padding:3px 6px; font-weight:bold; background-color:#f2f2f2;'>ประเภทอ้อย</td><td style='padding:3px 6px;'>อ้อยปลายฝน</td></tr><tr><td style='padding:3px 6px; font-weight:bold; background-color:#f2f2f2;'>พื้นที่ปลูก</td><td style='padding:3px 6px;'>23.02</td></tr><tr><td style='padding:3px 6px; font-weight:bold; background-color:#f2f2f2;'>ศูนย์</td><td style='padding:3px 6px;'>K2-61</td></tr><tr><td style='padding:3px 6px; font-weight:bold; background-color:#f2f2f2;'>นักเกษตร</td><td style='padding:3px 6px;'>6104</td></tr><tr><td style='padding:3px 6px; font-weight:bold; background-color:#f2f2f2;'>กลุ่ม</td><td style='padding:3px 6px;'>กลุ่ม_61</td></tr></table></div>]]></description>
      <styleUrl>#style_61_004</styleUrl>
      <MultiGeometry><Polygon><outerBoundaryIs><LinearRing><coordinates>103.1622150,14.5996950,0 103.1600400,14.5999667,0 103.1600417,14.6000950,0 103.1597883,14.6001150,0 103.1597500,14.6000950,0 103.1597183,14.6000100,0 103.1591050,14.6000650,0 103.1583717,14.6001917,0 103.1585800,14.6008983,0 103.1601883,14.6006733,0 103.1601950,14.6005433,0 103.1601417,14.6005317,0 103.1601217,14.6004733,0 103.1601400,14.6004583,0 103.1601850,14.6004617,0 103.1602033,14.6005400,0 103.1601950,14.6006733,0 103.1604417,14.6006667,0 103.1603767,14.6004217,0 103.1603283,14.6004200,0 103.1603400,14.6003817,0 103.1603833,14.6003750,0 103.1604000,14.6003850,0 103.1603850,14.6004150,0 103.1604467,14.6006650,0 103.1606983,14.6006450,0 103.1609617,14.6006483,0 103.1611483,14.6006533,0 103.1613900,14.6006633,0 103.1616483,14.6006450,0 103.1617900,14.6006100,0 103.1619533,14.6005800,0 103.1620950,14.6005333,0 103.1621400,14.6005083,0 103.1621533,14.6005083,0 103.1621667,14.6005350,0 103.1627517,14.6003950,0 103.1627283,14.6000967,0 103.1623833,14.6001600,0 103.1623667,14.6001533,0 103.1622150,14.5996950,0</coordinates></LinearRing></outerBoundaryIs></Polygon></MultiGeometry>
    </Placemark>
    <Placemark>
      <name>310705011541</name>
      <description><![CDATA[<div style='font-family:Tahoma,sans-serif; font-size:13px;'><h3 style='color:#1565C0; margin:4px 0;'>รหัส: 310705011541</h3><p style='margin:2px 0;'><b>กลุ่มรถไถ:</b> 61_004</p><table border='1' style='border-collapse:collapse; border-color:#ccc; width:100%;'><tr><td style='padding:3px 6px; font-weight:bold; background-color:#f2f2f2;'>ปีการผลิต</td><td style='padding:3px 6px;'>257071</td></tr><tr><td style='padding:3px 6px; font-weight:bold; background-color:#f2f2f2;'>รหัสกลุ่มรถไถ</td><td style='padding:3px 6px;'>61/004</td></tr><tr><td style='padding:3px 6px; font-weight:bold; background-color:#f2f2f2;'>โควตาชาวไร่</td><td style='padding:3px 6px;'>761524</td></tr><tr><td style='padding:3px 6px; font-weight:bold; background-color:#f2f2f2;'>ชื่อ-นามสกุล</td><td style='padding:3px 6px;'>นาย ธเนศพล ชัยพูน</td></tr><tr><td style='padding:3px 6px; font-weight:bold; background-color:#f2f2f2;'>111</td><td style='padding:3px 6px;'>310705011541</td></tr><tr><td style='padding:3px 6px; font-weight:bold; background-color:#f2f2f2;'>ประเภทอ้อย</td><td style='padding:3px 6px;'>อ้อยปลายฝน</td></tr><tr><td style='padding:3px 6px; font-weight:bold; background-color:#f2f2f2;'>พื้นที่ปลูก</td><td style='padding:3px 6px;'>3.98</td></tr><tr><td style='padding:3px 6px; font-weight:bold; background-color:#f2f2f2;'>ศูนย์</td><td style='padding:3px 6px;'>K2-61</td></tr><tr><td style='padding:3px 6px; font-weight:bold; background-color:#f2f2f2;'>นักเกษตร</td><td style='padding:3px 6px;'>6104</td></tr><tr><td style='padding:3px 6px; font-weight:bold; background-color:#f2f2f2;'>กลุ่ม</td><td style='padding:3px 6px;'>กลุ่ม_61</td></tr></table></div>]]></description>
      <styleUrl>#style_61_004</styleUrl>
      <MultiGeometry><Polygon><outerBoundaryIs><LinearRing><coordinates>103.2005017,14.5849917,0 103.2001633,14.5847133,0 103.2002550,14.5861700,0 103.2003033,14.5863400,0 103.2006800,14.5862917,0 103.2005017,14.5849917,0</coordinates></LinearRing></outerBoundaryIs></Polygon></MultiGeometry>
    </Placemark>
    <Placemark>
      <name>310705081567</name>
      <description><![CDATA[<div style='font-family:Tahoma,sans-serif; font-size:13px;'><h3 style='color:#1565C0; margin:4px 0;'>รหัส: 310705081567</h3><p style='margin:2px 0;'><b>กลุ่มรถไถ:</b> 61_004</p><table border='1' style='border-collapse:collapse; border-color:#ccc; width:100%;'><tr><td style='padding:3px 6px; font-weight:bold; background-color:#f2f2f2;'>ปีการผลิต</td><td style='padding:3px 6px;'>257071</td></tr><tr><td style='padding:3px 6px; font-weight:bold; background-color:#f2f2f2;'>รหัสกลุ่มรถไถ</td><td style='padding:3px 6px;'>61/004</td></tr><tr><td style='padding:3px 6px; font-weight:bold; background-color:#f2f2f2;'>โควตาชาวไร่</td><td style='padding:3px 6px;'>761600</td></tr><tr><td style='padding:3px 6px; font-weight:bold; background-color:#f2f2f2;'>ชื่อ-นามสกุล</td><td style='padding:3px 6px;'>นาย พวน ดาทอง</td></tr><tr><td style='padding:3px 6px; font-weight:bold; background-color:#f2f2f2;'>111</td><td style='padding:3px 6px;'>310705081567</td></tr><tr><td style='padding:3px 6px; font-weight:bold; background-color:#f2f2f2;'>ประเภทอ้อย</td><td style='padding:3px 6px;'>อ้อยปลายฝน</td></tr><tr><td style='padding:3px 6px; font-weight:bold; background-color:#f2f2f2;'>พื้นที่ปลูก</td><td style='padding:3px 6px;'>3.35</td></tr><tr><td style='padding:3px 6px; font-weight:bold; background-color:#f2f2f2;'>ศูนย์</td><td style='padding:3px 6px;'>K2-61</td></tr><tr><td style='padding:3px 6px; font-weight:bold; background-color:#f2f2f2;'>นักเกษตร</td><td style='padding:3px 6px;'>6104</td></tr><tr><td style='padding:3px 6px; font-weight:bold; background-color:#f2f2f2;'>กลุ่ม</td><td style='padding:3px 6px;'>กลุ่ม_61</td></tr></table></div>]]></description>
      <styleUrl>#style_61_004</styleUrl>
      <MultiGeometry><Polygon><outerBoundaryIs><LinearRing><coordinates>103.1538961,14.6070814,0 103.1545489,14.6068560,0 103.1544802,14.6064935,0 103.1545674,14.6064714,0 103.1545388,14.6062298,0 103.1537787,14.6064573,0 103.1538961,14.6070814,0</coordinates></LinearRing></outerBoundaryIs></Polygon></MultiGeometry>
    </Placemark>
    <Placemark>
      <name>310705081771</name>
      <description><![CDATA[<div style='font-family:Tahoma,sans-serif; font-size:13px;'><h3 style='color:#1565C0; margin:4px 0;'>รหัส: 310705081771</h3><p style='margin:2px 0;'><b>กลุ่มรถไถ:</b> 61_004</p><table border='1' style='border-collapse:collapse; border-color:#ccc; width:100%;'><tr><td style='padding:3px 6px; font-weight:bold; background-color:#f2f2f2;'>ปีการผลิต</td><td style='padding:3px 6px;'>257071</td></tr><tr><td style='padding:3px 6px; font-weight:bold; background-color:#f2f2f2;'>รหัสกลุ่มรถไถ</td><td style='padding:3px 6px;'>61/004</td></tr><tr><td style='padding:3px 6px; font-weight:bold; background-color:#f2f2f2;'>โควตาชาวไร่</td><td style='padding:3px 6px;'>761600</td></tr><tr><td style='padding:3px 6px; font-weight:bold; background-color:#f2f2f2;'>ชื่อ-นามสกุล</td><td style='padding:3px 6px;'>นาย พวน ดาทอง</td></tr><tr><td style='padding:3px 6px; font-weight:bold; background-color:#f2f2f2;'>111</td><td style='padding:3px 6px;'>310705081771</td></tr><tr><td style='padding:3px 6px; font-weight:bold; background-color:#f2f2f2;'>ประเภทอ้อย</td><td style='padding:3px 6px;'>อ้อยปลายฝน</td></tr><tr><td style='padding:3px 6px; font-weight:bold; background-color:#f2f2f2;'>พื้นที่ปลูก</td><td style='padding:3px 6px;'>6.4</td></tr><tr><td style='padding:3px 6px; font-weight:bold; background-color:#f2f2f2;'>ศูนย์</td><td style='padding:3px 6px;'>K2-61</td></tr><tr><td style='padding:3px 6px; font-weight:bold; background-color:#f2f2f2;'>นักเกษตร</td><td style='padding:3px 6px;'>6104</td></tr><tr><td style='padding:3px 6px; font-weight:bold; background-color:#f2f2f2;'>กลุ่ม</td><td style='padding:3px 6px;'>กลุ่ม_61</td></tr></table></div>]]></description>
      <styleUrl>#style_61_004</styleUrl>
      <MultiGeometry><Polygon><outerBoundaryIs><LinearRing><coordinates>103.1493033,14.5971033,0 103.1488200,14.5971717,0 103.1488350,14.5971883,0 103.1488617,14.5972700,0 103.1488617,14.5973300,0 103.1488483,14.5973633,0 103.1486817,14.5973883,0 103.1486050,14.5972100,0 103.1479633,14.5972667,0 103.1479850,14.5974033,0 103.1483450,14.5973733,0 103.1483550,14.5973867,0 103.1483133,14.5976633,0 103.1493217,14.5975900,0 103.1486017,14.5976533,0 103.1486783,14.5982733,0 103.1493483,14.5982283,0 103.1493633,14.5980500,0 103.1491803,14.5980655,0 103.1491767,14.5980800,0 103.1490550,14.5981200,0 103.1489400,14.5981333,0 103.1488850,14.5981283,0 103.1488550,14.5981233,0 103.1488200,14.5980533,0 103.1488000,14.5979900,0 103.1488017,14.5979500,0 103.1488467,14.5979317,0 103.1488783,14.5979233,0 103.1489200,14.5979100,0 103.1489617,14.5979033,0 103.1490233,14.5978917,0 103.1490633,14.5979033,0 103.1490817,14.5979083,0 103.1491317,14.5979017,0 103.1491450,14.5979050,0 103.1491683,14.5979233,0 103.1491700,14.5979400,0 103.1491717,14.5979567,0 103.1491700,14.5979717,0 103.1491733,14.5980633,0 103.1493617,14.5980450,0 103.1493967,14.5980467,0 103.1493933,14.5975800,0 103.1493383,14.5975900,0 103.1493033,14.5971033,0</coordinates></LinearRing></outerBoundaryIs></Polygon></MultiGeometry>
    </Placemark>
    <Placemark>
      <name>310705080065</name>
      <description><![CDATA[<div style='font-family:Tahoma,sans-serif; font-size:13px;'><h3 style='color:#1565C0; margin:4px 0;'>รหัส: 310705080065</h3><p style='margin:2px 0;'><b>กลุ่มรถไถ:</b> 61_004</p><table border='1' style='border-collapse:collapse; border-color:#ccc; width:100%;'><tr><td style='padding:3px 6px; font-weight:bold; background-color:#f2f2f2;'>ปีการผลิต</td><td style='padding:3px 6px;'>257071</td></tr><tr><td style='padding:3px 6px; font-weight:bold; background-color:#f2f2f2;'>รหัสกลุ่มรถไถ</td><td style='padding:3px 6px;'>61/004</td></tr><tr><td style='padding:3px 6px; font-weight:bold; background-color:#f2f2f2;'>โควตาชาวไร่</td><td style='padding:3px 6px;'>769008</td></tr><tr><td style='padding:3px 6px; font-weight:bold; background-color:#f2f2f2;'>ชื่อ-นามสกุล</td><td style='padding:3px 6px;'>นางสาว มยุรี กำลังมา</td></tr><tr><td style='padding:3px 6px; font-weight:bold; background-color:#f2f2f2;'>111</td><td style='padding:3px 6px;'>310705080065</td></tr><tr><td style='padding:3px 6px; font-weight:bold; background-color:#f2f2f2;'>ประเภทอ้อย</td><td style='padding:3px 6px;'>อ้อยปลายฝน</td></tr><tr><td style='padding:3px 6px; font-weight:bold; background-color:#f2f2f2;'>พื้นที่ปลูก</td><td style='padding:3px 6px;'>16.44</td></tr><tr><td style='padding:3px 6px; font-weight:bold; background-color:#f2f2f2;'>ศูนย์</td><td style='padding:3px 6px;'>K2-61</td></tr><tr><td style='padding:3px 6px; font-weight:bold; background-color:#f2f2f2;'>นักเกษตร</td><td style='padding:3px 6px;'>6104</td></tr><tr><td style='padding:3px 6px; font-weight:bold; background-color:#f2f2f2;'>กลุ่ม</td><td style='padding:3px 6px;'>กลุ่ม_61</td></tr></table></div>]]></description>
      <styleUrl>#style_61_004</styleUrl>
      <MultiGeometry><Polygon><outerBoundaryIs><LinearRing><coordinates>103.1620074,14.5898736,0 103.1622722,14.5897947,0 103.1628702,14.5896222,0 103.1627634,14.5893162,0 103.1626601,14.5889912,0 103.1626005,14.5887808,0 103.1623543,14.5880284,0 103.1621950,14.5880754,0 103.1621501,14.5878747,0 103.1619522,14.5879194,0 103.1611738,14.5880159,0 103.1617194,14.5899321,0 103.1620074,14.5898736,0</coordinates></LinearRing></outerBoundaryIs></Polygon></MultiGeometry>
    </Placemark>
    <Placemark>
      <name>310705010018</name>
      <description><![CDATA[<div style='font-family:Tahoma,sans-serif; font-size:13px;'><h3 style='color:#1565C0; margin:4px 0;'>รหัส: 310705010018</h3><p style='margin:2px 0;'><b>กลุ่มรถไถ:</b> 61_004</p><table border='1' style='border-collapse:collapse; border-color:#ccc; width:100%;'><tr><td style='padding:3px 6px; font-weight:bold; background-color:#f2f2f2;'>ปีการผลิต</td><td style='padding:3px 6px;'>257071</td></tr><tr><td style='padding:3px 6px; font-weight:bold; background-color:#f2f2f2;'>รหัสกลุ่มรถไถ</td><td style='padding:3px 6px;'>61/004</td></tr><tr><td style='padding:3px 6px; font-weight:bold; background-color:#f2f2f2;'>โควตาชาวไร่</td><td style='padding:3px 6px;'>769249</td></tr><tr><td style='padding:3px 6px; font-weight:bold; background-color:#f2f2f2;'>ชื่อ-นามสกุล</td><td style='padding:3px 6px;'>นาย พุธ สาแก้ว</td></tr><tr><td style='padding:3px 6px; font-weight:bold; background-color:#f2f2f2;'>111</td><td style='padding:3px 6px;'>310705010018</td></tr><tr><td style='padding:3px 6px; font-weight:bold; background-color:#f2f2f2;'>ประเภทอ้อย</td><td style='padding:3px 6px;'>อ้อยปลายฝน</td></tr><tr><td style='padding:3px 6px; font-weight:bold; background-color:#f2f2f2;'>พื้นที่ปลูก</td><td style='padding:3px 6px;'>4.23</td></tr><tr><td style='padding:3px 6px; font-weight:bold; background-color:#f2f2f2;'>ศูนย์</td><td style='padding:3px 6px;'>K2-61</td></tr><tr><td style='padding:3px 6px; font-weight:bold; background-color:#f2f2f2;'>นักเกษตร</td><td style='padding:3px 6px;'>6104</td></tr><tr><td style='padding:3px 6px; font-weight:bold; background-color:#f2f2f2;'>กลุ่ม</td><td style='padding:3px 6px;'>กลุ่ม_61</td></tr></table></div>]]></description>
      <styleUrl>#style_61_004</styleUrl>
      <MultiGeometry><Polygon><outerBoundaryIs><LinearRing><coordinates>103.1688706,14.5746756,0 103.1684058,14.5733289,0 103.1680547,14.5734558,0 103.1684095,14.5747215,0 103.1688706,14.5746756,0</coordinates></LinearRing></outerBoundaryIs></Polygon></MultiGeometry>
    </Placemark>
    <Placemark>
      <name>310716011800</name>
      <description><![CDATA[<div style='font-family:Tahoma,sans-serif; font-size:13px;'><h3 style='color:#1565C0; margin:4px 0;'>รหัส: 310716011800</h3><p style='margin:2px 0;'><b>กลุ่มรถไถ:</b> 61_004</p><table border='1' style='border-collapse:collapse; border-color:#ccc; width:100%;'><tr><td style='padding:3px 6px; font-weight:bold; background-color:#f2f2f2;'>ปีการผลิต</td><td style='padding:3px 6px;'>257071</td></tr><tr><td style='padding:3px 6px; font-weight:bold; background-color:#f2f2f2;'>รหัสกลุ่มรถไถ</td><td style='padding:3px 6px;'>61/004</td></tr><tr><td style='padding:3px 6px; font-weight:bold; background-color:#f2f2f2;'>โควตาชาวไร่</td><td style='padding:3px 6px;'>769321</td></tr><tr><td style='padding:3px 6px; font-weight:bold; background-color:#f2f2f2;'>ชื่อ-นามสกุล</td><td style='padding:3px 6px;'>นางสาว แท โพธิ์กลาง</td></tr><tr><td style='padding:3px 6px; font-weight:bold; background-color:#f2f2f2;'>111</td><td style='padding:3px 6px;'>310716011800</td></tr><tr><td style='padding:3px 6px; font-weight:bold; background-color:#f2f2f2;'>ประเภทอ้อย</td><td style='padding:3px 6px;'>อ้อยปลายฝน</td></tr><tr><td style='padding:3px 6px; font-weight:bold; background-color:#f2f2f2;'>พื้นที่ปลูก</td><td style='padding:3px 6px;'>12.85</td></tr><tr><td style='padding:3px 6px; font-weight:bold; background-color:#f2f2f2;'>ศูนย์</td><td style='padding:3px 6px;'>K2-61</td></tr><tr><td style='padding:3px 6px; font-weight:bold; background-color:#f2f2f2;'>นักเกษตร</td><td style='padding:3px 6px;'>6104</td></tr><tr><td style='padding:3px 6px; font-weight:bold; background-color:#f2f2f2;'>กลุ่ม</td><td style='padding:3px 6px;'>กลุ่ม_61</td></tr></table></div>]]></description>
      <styleUrl>#style_61_004</styleUrl>
      <MultiGeometry><Polygon><outerBoundaryIs><LinearRing><coordinates>103.1348400,14.5516533,0 103.1334967,14.5521817,0 103.1338283,14.5526450,0 103.1330033,14.5529667,0 103.1330617,14.5531017,0 103.1354317,14.5523100,0 103.1353533,14.5522050,0 103.1354333,14.5521083,0 103.1357083,14.5519700,0 103.1357950,14.5519517,0 103.1358800,14.5519683,0 103.1359667,14.5521233,0 103.1360750,14.5520917,0 103.1360800,14.5520500,0 103.1361200,14.5520333,0 103.1361333,14.5520533,0 103.1363883,14.5519200,0 103.1360183,14.5518917,0 103.1358383,14.5519050,0 103.1356150,14.5515100,0 103.1349100,14.5517700,0 103.1348617,14.5517550,0 103.1348400,14.5516533,0</coordinates></LinearRing></outerBoundaryIs></Polygon></MultiGeometry>
    </Placemark>
    <Placemark>
      <name>310705081563</name>
      <description><![CDATA[<div style='font-family:Tahoma,sans-serif; font-size:13px;'><h3 style='color:#1565C0; margin:4px 0;'>รหัส: 310705081563</h3><p style='margin:2px 0;'><b>กลุ่มรถไถ:</b> 61_004</p><table border='1' style='border-collapse:collapse; border-color:#ccc; width:100%;'><tr><td style='padding:3px 6px; font-weight:bold; background-color:#f2f2f2;'>ปีการผลิต</td><td style='padding:3px 6px;'>257071</td></tr><tr><td style='padding:3px 6px; font-weight:bold; background-color:#f2f2f2;'>รหัสกลุ่มรถไถ</td><td style='padding:3px 6px;'>61/004</td></tr><tr><td style='padding:3px 6px; font-weight:bold; background-color:#f2f2f2;'>โควตาชาวไร่</td><td style='padding:3px 6px;'>769473</td></tr><tr><td style='padding:3px 6px; font-weight:bold; background-color:#f2f2f2;'>ชื่อ-นามสกุล</td><td style='padding:3px 6px;'>นาย สมศักดิ์ ใสดี</td></tr><tr><td style='padding:3px 6px; font-weight:bold; background-color:#f2f2f2;'>111</td><td style='padding:3px 6px;'>310705081563</td></tr><tr><td style='padding:3px 6px; font-weight:bold; background-color:#f2f2f2;'>ประเภทอ้อย</td><td style='padding:3px 6px;'>อ้อยปลายฝน</td></tr><tr><td style='padding:3px 6px; font-weight:bold; background-color:#f2f2f2;'>พื้นที่ปลูก</td><td style='padding:3px 6px;'>11.7</td></tr><tr><td style='padding:3px 6px; font-weight:bold; background-color:#f2f2f2;'>ศูนย์</td><td style='padding:3px 6px;'>K2-61</td></tr><tr><td style='padding:3px 6px; font-weight:bold; background-color:#f2f2f2;'>นักเกษตร</td><td style='padding:3px 6px;'>6104</td></tr><tr><td style='padding:3px 6px; font-weight:bold; background-color:#f2f2f2;'>กลุ่ม</td><td style='padding:3px 6px;'>กลุ่ม_61</td></tr></table></div>]]></description>
      <styleUrl>#style_61_004</styleUrl>
      <MultiGeometry><Polygon><outerBoundaryIs><LinearRing><coordinates>103.1621200,14.5960367,0 103.1616783,14.5960950,0 103.1616600,14.5960317,0 103.1612383,14.5960883,0 103.1614583,14.5974350,0 103.1615967,14.5974067,0 103.1615917,14.5972067,0 103.1617300,14.5972333,0 103.1617750,14.5974000,0 103.1614633,14.5974450,0 103.1615350,14.5978633,0 103.1624267,14.5978217,0 103.1621200,14.5960367,0</coordinates></LinearRing></outerBoundaryIs></Polygon></MultiGeometry>
    </Placemark>
    <Placemark>
      <name>310705081825</name>
      <description><![CDATA[<div style='font-family:Tahoma,sans-serif; font-size:13px;'><h3 style='color:#1565C0; margin:4px 0;'>รหัส: 310705081825</h3><p style='margin:2px 0;'><b>กลุ่มรถไถ:</b> 61_004</p><table border='1' style='border-collapse:collapse; border-color:#ccc; width:100%;'><tr><td style='padding:3px 6px; font-weight:bold; background-color:#f2f2f2;'>ปีการผลิต</td><td style='padding:3px 6px;'>257071</td></tr><tr><td style='padding:3px 6px; font-weight:bold; background-color:#f2f2f2;'>รหัสกลุ่มรถไถ</td><td style='padding:3px 6px;'>61/004</td></tr><tr><td style='padding:3px 6px; font-weight:bold; background-color:#f2f2f2;'>โควตาชาวไร่</td><td style='padding:3px 6px;'>769473</td></tr><tr><td style='padding:3px 6px; font-weight:bold; background-color:#f2f2f2;'>ชื่อ-นามสกุล</td><td style='padding:3px 6px;'>นาย สมศักดิ์ ใสดี</td></tr><tr><td style='padding:3px 6px; font-weight:bold; background-color:#f2f2f2;'>111</td><td style='padding:3px 6px;'>310705081825</td></tr><tr><td style='padding:3px 6px; font-weight:bold; background-color:#f2f2f2;'>ประเภทอ้อย</td><td style='padding:3px 6px;'>อ้อยปลายฝน</td></tr><tr><td style='padding:3px 6px; font-weight:bold; background-color:#f2f2f2;'>พื้นที่ปลูก</td><td style='padding:3px 6px;'>7.56</td></tr><tr><td style='padding:3px 6px; font-weight:bold; background-color:#f2f2f2;'>ศูนย์</td><td style='padding:3px 6px;'>K2-61</td></tr><tr><td style='padding:3px 6px; font-weight:bold; background-color:#f2f2f2;'>นักเกษตร</td><td style='padding:3px 6px;'>6104</td></tr><tr><td style='padding:3px 6px; font-weight:bold; background-color:#f2f2f2;'>กลุ่ม</td><td style='padding:3px 6px;'>กลุ่ม_61</td></tr></table></div>]]></description>
      <styleUrl>#style_61_004</styleUrl>
      <MultiGeometry><Polygon><outerBoundaryIs><LinearRing><coordinates>103.1478067,14.5964567,0 103.1479283,14.5972900,0 103.1485717,14.5971750,0 103.1486317,14.5971367,0 103.1487133,14.5971117,0 103.1487900,14.5971333,0 103.1488067,14.5971700,0 103.1494517,14.5970850,0 103.1494450,14.5968950,0 103.1491500,14.5969433,0 103.1490017,14.5963733,0 103.1489367,14.5963867,0 103.1487767,14.5963983,0 103.1487683,14.5964000,0 103.1487600,14.5964050,0 103.1487417,14.5964050,0 103.1484767,14.5964133,0 103.1483567,14.5964283,0 103.1482867,14.5964367,0 103.1481000,14.5964517,0 103.1480233,14.5964550,0 103.1480150,14.5964583,0 103.1480067,14.5964650,0 103.1480000,14.5964700,0 103.1479983,14.5964733,0 103.1479667,14.5964650,0 103.1479400,14.5964533,0 103.1479050,14.5964483,0 103.1478067,14.5964567,0</coordinates></LinearRing></outerBoundaryIs></Polygon></MultiGeometry>
    </Placemark>
    <Placemark>
      <name>310705081575</name>
      <description><![CDATA[<div style='font-family:Tahoma,sans-serif; font-size:13px;'><h3 style='color:#1565C0; margin:4px 0;'>รหัส: 310705081575</h3><p style='margin:2px 0;'><b>กลุ่มรถไถ:</b> 61_004</p><table border='1' style='border-collapse:collapse; border-color:#ccc; width:100%;'><tr><td style='padding:3px 6px; font-weight:bold; background-color:#f2f2f2;'>ปีการผลิต</td><td style='padding:3px 6px;'>257071</td></tr><tr><td style='padding:3px 6px; font-weight:bold; background-color:#f2f2f2;'>รหัสกลุ่มรถไถ</td><td style='padding:3px 6px;'>61/004</td></tr><tr><td style='padding:3px 6px; font-weight:bold; background-color:#f2f2f2;'>โควตาชาวไร่</td><td style='padding:3px 6px;'>769565</td></tr><tr><td style='padding:3px 6px; font-weight:bold; background-color:#f2f2f2;'>ชื่อ-นามสกุล</td><td style='padding:3px 6px;'>นาง แสงจันทร์ สัปประเสริฐ</td></tr><tr><td style='padding:3px 6px; font-weight:bold; background-color:#f2f2f2;'>111</td><td style='padding:3px 6px;'>310705081575</td></tr><tr><td style='padding:3px 6px; font-weight:bold; background-color:#f2f2f2;'>ประเภทอ้อย</td><td style='padding:3px 6px;'>อ้อยปลายฝน</td></tr><tr><td style='padding:3px 6px; font-weight:bold; background-color:#f2f2f2;'>พื้นที่ปลูก</td><td style='padding:3px 6px;'>5.59</td></tr><tr><td style='padding:3px 6px; font-weight:bold; background-color:#f2f2f2;'>ศูนย์</td><td style='padding:3px 6px;'>K2-61</td></tr><tr><td style='padding:3px 6px; font-weight:bold; background-color:#f2f2f2;'>นักเกษตร</td><td style='padding:3px 6px;'>6104</td></tr><tr><td style='padding:3px 6px; font-weight:bold; background-color:#f2f2f2;'>กลุ่ม</td><td style='padding:3px 6px;'>กลุ่ม_61</td></tr></table></div>]]></description>
      <styleUrl>#style_61_004</styleUrl>
      <MultiGeometry><Polygon><outerBoundaryIs><LinearRing><coordinates>103.1531154,14.6015763,0 103.1529965,14.6016108,0 103.1530112,14.6017691,0 103.1529900,14.6017847,0 103.1531721,14.6023859,0 103.1531773,14.6023838,0 103.1536540,14.6021829,0 103.1535143,14.6018376,0 103.1538146,14.6017400,0 103.1536735,14.6010300,0 103.1530254,14.6011779,0 103.1531154,14.6015763,0</coordinates></LinearRing></outerBoundaryIs></Polygon></MultiGeometry>
    </Placemark>
  </Folder>
  <Style id="style_61_005">
    <LineStyle>
      <color>ff47A043</color>
      <width>2.0</width>
    </LineStyle>
    <PolyStyle>
      <color>b347A043</color>
    </PolyStyle>
  </Style>
  <Folder>
    <name>61_005</name>
    <Placemark>
      <name>310716021821</name>
      <description><![CDATA[<div style='font-family:Tahoma,sans-serif; font-size:13px;'><h3 style='color:#1565C0; margin:4px 0;'>รหัส: 310716021821</h3><p style='margin:2px 0;'><b>กลุ่มรถไถ:</b> 61_005</p><table border='1' style='border-collapse:collapse; border-color:#ccc; width:100%;'><tr><td style='padding:3px 6px; font-weight:bold; background-color:#f2f2f2;'>ปีการผลิต</td><td style='padding:3px 6px;'>257071</td></tr><tr><td style='padding:3px 6px; font-weight:bold; background-color:#f2f2f2;'>รหัสกลุ่มรถไถ</td><td style='padding:3px 6px;'>61/005</td></tr><tr><td style='padding:3px 6px; font-weight:bold; background-color:#f2f2f2;'>โควตาชาวไร่</td><td style='padding:3px 6px;'>760861</td></tr><tr><td style='padding:3px 6px; font-weight:bold; background-color:#f2f2f2;'>ชื่อ-นามสกุล</td><td style='padding:3px 6px;'>นาง สาสุรีย์ ยอดสิงห์</td></tr><tr><td style='padding:3px 6px; font-weight:bold; background-color:#f2f2f2;'>111</td><td style='padding:3px 6px;'>310716021821</td></tr><tr><td style='padding:3px 6px; font-weight:bold; background-color:#f2f2f2;'>ประเภทอ้อย</td><td style='padding:3px 6px;'>อ้อยปลายฝน</td></tr><tr><td style='padding:3px 6px; font-weight:bold; background-color:#f2f2f2;'>พื้นที่ปลูก</td><td style='padding:3px 6px;'>4.31</td></tr><tr><td style='padding:3px 6px; font-weight:bold; background-color:#f2f2f2;'>ศูนย์</td><td style='padding:3px 6px;'>K2-61</td></tr><tr><td style='padding:3px 6px; font-weight:bold; background-color:#f2f2f2;'>นักเกษตร</td><td style='padding:3px 6px;'>6103</td></tr><tr><td style='padding:3px 6px; font-weight:bold; background-color:#f2f2f2;'>กลุ่ม</td><td style='padding:3px 6px;'>กลุ่ม_61</td></tr></table></div>]]></description>
      <styleUrl>#style_61_005</styleUrl>
      <MultiGeometry><Polygon><outerBoundaryIs><LinearRing><coordinates>103.1560412,14.5269978,0 103.1560489,14.5270327,0 103.1560054,14.5270463,0 103.1562575,14.5277820,0 103.1565175,14.5277180,0 103.1569734,14.5276055,0 103.1567635,14.5269171,0 103.1560412,14.5269978,0</coordinates></LinearRing></outerBoundaryIs></Polygon></MultiGeometry>
    </Placemark>
    <Placemark>
      <name>310701071501</name>
      <description><![CDATA[<div style='font-family:Tahoma,sans-serif; font-size:13px;'><h3 style='color:#1565C0; margin:4px 0;'>รหัส: 310701071501</h3><p style='margin:2px 0;'><b>กลุ่มรถไถ:</b> 61_005</p><table border='1' style='border-collapse:collapse; border-color:#ccc; width:100%;'><tr><td style='padding:3px 6px; font-weight:bold; background-color:#f2f2f2;'>ปีการผลิต</td><td style='padding:3px 6px;'>257071</td></tr><tr><td style='padding:3px 6px; font-weight:bold; background-color:#f2f2f2;'>รหัสกลุ่มรถไถ</td><td style='padding:3px 6px;'>61/005</td></tr><tr><td style='padding:3px 6px; font-weight:bold; background-color:#f2f2f2;'>โควตาชาวไร่</td><td style='padding:3px 6px;'>761068</td></tr><tr><td style='padding:3px 6px; font-weight:bold; background-color:#f2f2f2;'>ชื่อ-นามสกุล</td><td style='padding:3px 6px;'>นาย ประเทือง ทองกระจาย</td></tr><tr><td style='padding:3px 6px; font-weight:bold; background-color:#f2f2f2;'>111</td><td style='padding:3px 6px;'>310701071501</td></tr><tr><td style='padding:3px 6px; font-weight:bold; background-color:#f2f2f2;'>ประเภทอ้อย</td><td style='padding:3px 6px;'>อ้อยปลายฝน</td></tr><tr><td style='padding:3px 6px; font-weight:bold; background-color:#f2f2f2;'>พื้นที่ปลูก</td><td style='padding:3px 6px;'>11.86</td></tr><tr><td style='padding:3px 6px; font-weight:bold; background-color:#f2f2f2;'>ศูนย์</td><td style='padding:3px 6px;'>K2-61</td></tr><tr><td style='padding:3px 6px; font-weight:bold; background-color:#f2f2f2;'>นักเกษตร</td><td style='padding:3px 6px;'>6103</td></tr><tr><td style='padding:3px 6px; font-weight:bold; background-color:#f2f2f2;'>กลุ่ม</td><td style='padding:3px 6px;'>กลุ่ม_61</td></tr></table></div>]]></description>
      <styleUrl>#style_61_005</styleUrl>
      <MultiGeometry><Polygon><outerBoundaryIs><LinearRing><coordinates>103.0764548,14.5957987,0 103.0772059,14.5951858,0 103.0769405,14.5948381,0 103.0768675,14.5947203,0 103.0767681,14.5946645,0 103.0768630,14.5945526,0 103.0767248,14.5943616,0 103.0757637,14.5951034,0 103.0758649,14.5953439,0 103.0759327,14.5956045,0 103.0757564,14.5956514,0 103.0754348,14.5958324,0 103.0755500,14.5963381,0 103.0755868,14.5963874,0 103.0756247,14.5964188,0 103.0757478,14.5964837,0 103.0758664,14.5963225,0 103.0759800,14.5961711,0 103.0760254,14.5961273,0 103.0760868,14.5960655,0 103.0761470,14.5960108,0 103.0762222,14.5959473,0 103.0763312,14.5958632,0 103.0764548,14.5957987,0</coordinates></LinearRing></outerBoundaryIs></Polygon></MultiGeometry>
    </Placemark>
    <Placemark>
      <name>310716111556</name>
      <description><![CDATA[<div style='font-family:Tahoma,sans-serif; font-size:13px;'><h3 style='color:#1565C0; margin:4px 0;'>รหัส: 310716111556</h3><p style='margin:2px 0;'><b>กลุ่มรถไถ:</b> 61_005</p><table border='1' style='border-collapse:collapse; border-color:#ccc; width:100%;'><tr><td style='padding:3px 6px; font-weight:bold; background-color:#f2f2f2;'>ปีการผลิต</td><td style='padding:3px 6px;'>257071</td></tr><tr><td style='padding:3px 6px; font-weight:bold; background-color:#f2f2f2;'>รหัสกลุ่มรถไถ</td><td style='padding:3px 6px;'>61/005</td></tr><tr><td style='padding:3px 6px; font-weight:bold; background-color:#f2f2f2;'>โควตาชาวไร่</td><td style='padding:3px 6px;'>761311</td></tr><tr><td style='padding:3px 6px; font-weight:bold; background-color:#f2f2f2;'>ชื่อ-นามสกุล</td><td style='padding:3px 6px;'>นาย วีระ เจริญยิ่ง</td></tr><tr><td style='padding:3px 6px; font-weight:bold; background-color:#f2f2f2;'>111</td><td style='padding:3px 6px;'>310716111556</td></tr><tr><td style='padding:3px 6px; font-weight:bold; background-color:#f2f2f2;'>ประเภทอ้อย</td><td style='padding:3px 6px;'>อ้อยปลายฝน</td></tr><tr><td style='padding:3px 6px; font-weight:bold; background-color:#f2f2f2;'>พื้นที่ปลูก</td><td style='padding:3px 6px;'>8.31</td></tr><tr><td style='padding:3px 6px; font-weight:bold; background-color:#f2f2f2;'>ศูนย์</td><td style='padding:3px 6px;'>K2-61</td></tr><tr><td style='padding:3px 6px; font-weight:bold; background-color:#f2f2f2;'>นักเกษตร</td><td style='padding:3px 6px;'>6103</td></tr><tr><td style='padding:3px 6px; font-weight:bold; background-color:#f2f2f2;'>กลุ่ม</td><td style='padding:3px 6px;'>กลุ่ม_61</td></tr></table></div>]]></description>
      <styleUrl>#style_61_005</styleUrl>
      <MultiGeometry><Polygon><outerBoundaryIs><LinearRing><coordinates>103.1453219,14.5530711,0 103.1446062,14.5507797,0 103.1441279,14.5508687,0 103.1448794,14.5531437,0 103.1453219,14.5530711,0</coordinates></LinearRing></outerBoundaryIs></Polygon></MultiGeometry>
    </Placemark>
    <Placemark>
      <name>310707061507</name>
      <description><![CDATA[<div style='font-family:Tahoma,sans-serif; font-size:13px;'><h3 style='color:#1565C0; margin:4px 0;'>รหัส: 310707061507</h3><p style='margin:2px 0;'><b>กลุ่มรถไถ:</b> 61_005</p><table border='1' style='border-collapse:collapse; border-color:#ccc; width:100%;'><tr><td style='padding:3px 6px; font-weight:bold; background-color:#f2f2f2;'>ปีการผลิต</td><td style='padding:3px 6px;'>257071</td></tr><tr><td style='padding:3px 6px; font-weight:bold; background-color:#f2f2f2;'>รหัสกลุ่มรถไถ</td><td style='padding:3px 6px;'>61/005</td></tr><tr><td style='padding:3px 6px; font-weight:bold; background-color:#f2f2f2;'>โควตาชาวไร่</td><td style='padding:3px 6px;'>764007</td></tr><tr><td style='padding:3px 6px; font-weight:bold; background-color:#f2f2f2;'>ชื่อ-นามสกุล</td><td style='padding:3px 6px;'>นาย ประสิทธิ์ สายบุตร</td></tr><tr><td style='padding:3px 6px; font-weight:bold; background-color:#f2f2f2;'>111</td><td style='padding:3px 6px;'>310707061507</td></tr><tr><td style='padding:3px 6px; font-weight:bold; background-color:#f2f2f2;'>ประเภทอ้อย</td><td style='padding:3px 6px;'>อ้อยปลายฝน</td></tr><tr><td style='padding:3px 6px; font-weight:bold; background-color:#f2f2f2;'>พื้นที่ปลูก</td><td style='padding:3px 6px;'>11.88</td></tr><tr><td style='padding:3px 6px; font-weight:bold; background-color:#f2f2f2;'>ศูนย์</td><td style='padding:3px 6px;'>K2-61</td></tr><tr><td style='padding:3px 6px; font-weight:bold; background-color:#f2f2f2;'>นักเกษตร</td><td style='padding:3px 6px;'>6103</td></tr><tr><td style='padding:3px 6px; font-weight:bold; background-color:#f2f2f2;'>กลุ่ม</td><td style='padding:3px 6px;'>กลุ่ม_61</td></tr></table></div>]]></description>
      <styleUrl>#style_61_005</styleUrl>
      <MultiGeometry><Polygon><outerBoundaryIs><LinearRing><coordinates>103.1294390,14.5444943,0 103.1259586,14.5445392,0 103.1259336,14.5447971,0 103.1259483,14.5449424,0 103.1290046,14.5449865,0 103.1294007,14.5450333,0 103.1294115,14.5449024,0 103.1294779,14.5448616,0 103.1294390,14.5444943,0</coordinates></LinearRing></outerBoundaryIs></Polygon></MultiGeometry>
    </Placemark>
    <Placemark>
      <name>310716031777</name>
      <description><![CDATA[<div style='font-family:Tahoma,sans-serif; font-size:13px;'><h3 style='color:#1565C0; margin:4px 0;'>รหัส: 310716031777</h3><p style='margin:2px 0;'><b>กลุ่มรถไถ:</b> 61_005</p><table border='1' style='border-collapse:collapse; border-color:#ccc; width:100%;'><tr><td style='padding:3px 6px; font-weight:bold; background-color:#f2f2f2;'>ปีการผลิต</td><td style='padding:3px 6px;'>257071</td></tr><tr><td style='padding:3px 6px; font-weight:bold; background-color:#f2f2f2;'>รหัสกลุ่มรถไถ</td><td style='padding:3px 6px;'>61/005</td></tr><tr><td style='padding:3px 6px; font-weight:bold; background-color:#f2f2f2;'>โควตาชาวไร่</td><td style='padding:3px 6px;'>769483</td></tr><tr><td style='padding:3px 6px; font-weight:bold; background-color:#f2f2f2;'>ชื่อ-นามสกุล</td><td style='padding:3px 6px;'>นาย สาคร เนือนประโคน</td></tr><tr><td style='padding:3px 6px; font-weight:bold; background-color:#f2f2f2;'>111</td><td style='padding:3px 6px;'>310716031777</td></tr><tr><td style='padding:3px 6px; font-weight:bold; background-color:#f2f2f2;'>ประเภทอ้อย</td><td style='padding:3px 6px;'>อ้อยปลายฝน</td></tr><tr><td style='padding:3px 6px; font-weight:bold; background-color:#f2f2f2;'>พื้นที่ปลูก</td><td style='padding:3px 6px;'>12.38</td></tr><tr><td style='padding:3px 6px; font-weight:bold; background-color:#f2f2f2;'>ศูนย์</td><td style='padding:3px 6px;'>K2-61</td></tr><tr><td style='padding:3px 6px; font-weight:bold; background-color:#f2f2f2;'>นักเกษตร</td><td style='padding:3px 6px;'>6103</td></tr><tr><td style='padding:3px 6px; font-weight:bold; background-color:#f2f2f2;'>กลุ่ม</td><td style='padding:3px 6px;'>กลุ่ม_61</td></tr></table></div>]]></description>
      <styleUrl>#style_61_005</styleUrl>
      <MultiGeometry><Polygon><outerBoundaryIs><LinearRing><coordinates>103.1441665,14.5824107,0 103.1441585,14.5824142,0 103.1445202,14.5824177,0 103.1448704,14.5824165,0 103.1450465,14.5824072,0 103.1451328,14.5823788,0 103.1451022,14.5821405,0 103.1450765,14.5819202,0 103.1452646,14.5819020,0 103.1453201,14.5814366,0 103.1453451,14.5811931,0 103.1454562,14.5802698,0 103.1449572,14.5803130,0 103.1448970,14.5804430,0 103.1449516,14.5805057,0 103.1449779,14.5805468,0 103.1449836,14.5805899,0 103.1449461,14.5805865,0 103.1448595,14.5805539,0 103.1446985,14.5808428,0 103.1445498,14.5811103,0 103.1444140,14.5815408,0 103.1441665,14.5824107,0</coordinates></LinearRing></outerBoundaryIs></Polygon></MultiGeometry>
    </Placemark>
    <Placemark>
      <name>310716011528</name>
      <description><![CDATA[<div style='font-family:Tahoma,sans-serif; font-size:13px;'><h3 style='color:#1565C0; margin:4px 0;'>รหัส: 310716011528</h3><p style='margin:2px 0;'><b>กลุ่มรถไถ:</b> 61_005</p><table border='1' style='border-collapse:collapse; border-color:#ccc; width:100%;'><tr><td style='padding:3px 6px; font-weight:bold; background-color:#f2f2f2;'>ปีการผลิต</td><td style='padding:3px 6px;'>257071</td></tr><tr><td style='padding:3px 6px; font-weight:bold; background-color:#f2f2f2;'>รหัสกลุ่มรถไถ</td><td style='padding:3px 6px;'>61/005</td></tr><tr><td style='padding:3px 6px; font-weight:bold; background-color:#f2f2f2;'>โควตาชาวไร่</td><td style='padding:3px 6px;'>769515</td></tr><tr><td style='padding:3px 6px; font-weight:bold; background-color:#f2f2f2;'>ชื่อ-นามสกุล</td><td style='padding:3px 6px;'>นาย ตี ค้ำชู</td></tr><tr><td style='padding:3px 6px; font-weight:bold; background-color:#f2f2f2;'>111</td><td style='padding:3px 6px;'>310716011528</td></tr><tr><td style='padding:3px 6px; font-weight:bold; background-color:#f2f2f2;'>ประเภทอ้อย</td><td style='padding:3px 6px;'>อ้อยปลายฝน</td></tr><tr><td style='padding:3px 6px; font-weight:bold; background-color:#f2f2f2;'>พื้นที่ปลูก</td><td style='padding:3px 6px;'>7.93</td></tr><tr><td style='padding:3px 6px; font-weight:bold; background-color:#f2f2f2;'>ศูนย์</td><td style='padding:3px 6px;'>K2-61</td></tr><tr><td style='padding:3px 6px; font-weight:bold; background-color:#f2f2f2;'>นักเกษตร</td><td style='padding:3px 6px;'>6103</td></tr><tr><td style='padding:3px 6px; font-weight:bold; background-color:#f2f2f2;'>กลุ่ม</td><td style='padding:3px 6px;'>กลุ่ม_61</td></tr></table></div>]]></description>
      <styleUrl>#style_61_005</styleUrl>
      <MultiGeometry><Polygon><outerBoundaryIs><LinearRing><coordinates>103.1101831,14.5365928,0 103.1102310,14.5361346,0 103.1081284,14.5350006,0 103.1078878,14.5353507,0 103.1101831,14.5365928,0</coordinates></LinearRing></outerBoundaryIs></Polygon></MultiGeometry>
    </Placemark>
    <Placemark>
      <name>310716101685</name>
      <description><![CDATA[<div style='font-family:Tahoma,sans-serif; font-size:13px;'><h3 style='color:#1565C0; margin:4px 0;'>รหัส: 310716101685</h3><p style='margin:2px 0;'><b>กลุ่มรถไถ:</b> 61_005</p><table border='1' style='border-collapse:collapse; border-color:#ccc; width:100%;'><tr><td style='padding:3px 6px; font-weight:bold; background-color:#f2f2f2;'>ปีการผลิต</td><td style='padding:3px 6px;'>257071</td></tr><tr><td style='padding:3px 6px; font-weight:bold; background-color:#f2f2f2;'>รหัสกลุ่มรถไถ</td><td style='padding:3px 6px;'>61/005</td></tr><tr><td style='padding:3px 6px; font-weight:bold; background-color:#f2f2f2;'>โควตาชาวไร่</td><td style='padding:3px 6px;'>769602</td></tr><tr><td style='padding:3px 6px; font-weight:bold; background-color:#f2f2f2;'>ชื่อ-นามสกุล</td><td style='padding:3px 6px;'>นาย เพลิน ปะสุข</td></tr><tr><td style='padding:3px 6px; font-weight:bold; background-color:#f2f2f2;'>111</td><td style='padding:3px 6px;'>310716101685</td></tr><tr><td style='padding:3px 6px; font-weight:bold; background-color:#f2f2f2;'>ประเภทอ้อย</td><td style='padding:3px 6px;'>อ้อยปลายฝน</td></tr><tr><td style='padding:3px 6px; font-weight:bold; background-color:#f2f2f2;'>พื้นที่ปลูก</td><td style='padding:3px 6px;'>5.11</td></tr><tr><td style='padding:3px 6px; font-weight:bold; background-color:#f2f2f2;'>ศูนย์</td><td style='padding:3px 6px;'>K2-61</td></tr><tr><td style='padding:3px 6px; font-weight:bold; background-color:#f2f2f2;'>นักเกษตร</td><td style='padding:3px 6px;'>6103</td></tr><tr><td style='padding:3px 6px; font-weight:bold; background-color:#f2f2f2;'>กลุ่ม</td><td style='padding:3px 6px;'>กลุ่ม_61</td></tr></table></div>]]></description>
      <styleUrl>#style_61_005</styleUrl>
      <MultiGeometry><Polygon><outerBoundaryIs><LinearRing><coordinates>103.1621775,14.5270094,0 103.1621659,14.5269630,0 103.1621616,14.5268682,0 103.1621486,14.5267673,0 103.1621681,14.5266835,0 103.1622037,14.5266377,0 103.1622807,14.5265482,0 103.1623100,14.5264952,0 103.1622911,14.5264584,0 103.1622362,14.5264197,0 103.1620841,14.5264160,0 103.1619868,14.5264214,0 103.1618636,14.5264305,0 103.1615685,14.5264684,0 103.1614758,14.5264682,0 103.1613439,14.5264539,0 103.1611689,14.5264834,0 103.1611168,14.5264900,0 103.1610963,14.5267658,0 103.1610982,14.5271035,0 103.1611278,14.5271340,0 103.1612412,14.5271419,0 103.1614555,14.5270966,0 103.1616729,14.5270523,0 103.1621775,14.5270094,0</coordinates></LinearRing></outerBoundaryIs></Polygon></MultiGeometry>
    </Placemark>
    <Placemark>
      <name>310716020021</name>
      <description><![CDATA[<div style='font-family:Tahoma,sans-serif; font-size:13px;'><h3 style='color:#1565C0; margin:4px 0;'>รหัส: 310716020021</h3><p style='margin:2px 0;'><b>กลุ่มรถไถ:</b> 61_005</p><table border='1' style='border-collapse:collapse; border-color:#ccc; width:100%;'><tr><td style='padding:3px 6px; font-weight:bold; background-color:#f2f2f2;'>ปีการผลิต</td><td style='padding:3px 6px;'>257071</td></tr><tr><td style='padding:3px 6px; font-weight:bold; background-color:#f2f2f2;'>รหัสกลุ่มรถไถ</td><td style='padding:3px 6px;'>61/005</td></tr><tr><td style='padding:3px 6px; font-weight:bold; background-color:#f2f2f2;'>โควตาชาวไร่</td><td style='padding:3px 6px;'>769768</td></tr><tr><td style='padding:3px 6px; font-weight:bold; background-color:#f2f2f2;'>ชื่อ-นามสกุล</td><td style='padding:3px 6px;'>นาย พิเชษฐ์ ฉลอมประโคน</td></tr><tr><td style='padding:3px 6px; font-weight:bold; background-color:#f2f2f2;'>111</td><td style='padding:3px 6px;'>310716020021</td></tr><tr><td style='padding:3px 6px; font-weight:bold; background-color:#f2f2f2;'>ประเภทอ้อย</td><td style='padding:3px 6px;'>อ้อยปลายฝน</td></tr><tr><td style='padding:3px 6px; font-weight:bold; background-color:#f2f2f2;'>พื้นที่ปลูก</td><td style='padding:3px 6px;'>5.97</td></tr><tr><td style='padding:3px 6px; font-weight:bold; background-color:#f2f2f2;'>ศูนย์</td><td style='padding:3px 6px;'>K2-61</td></tr><tr><td style='padding:3px 6px; font-weight:bold; background-color:#f2f2f2;'>นักเกษตร</td><td style='padding:3px 6px;'>6103</td></tr><tr><td style='padding:3px 6px; font-weight:bold; background-color:#f2f2f2;'>กลุ่ม</td><td style='padding:3px 6px;'>กลุ่ม_61</td></tr></table></div>]]></description>
      <styleUrl>#style_61_005</styleUrl>
      <MultiGeometry><Polygon><outerBoundaryIs><LinearRing><coordinates>103.1641817,14.5311174,0 103.1648066,14.5303654,0 103.1644142,14.5300171,0 103.1639435,14.5302627,0 103.1637683,14.5303885,0 103.1635774,14.5305688,0 103.1633843,14.5308264,0 103.1634630,14.5309581,0 103.1639262,14.5309071,0 103.1639583,14.5309156,0 103.1641817,14.5311174,0</coordinates></LinearRing></outerBoundaryIs></Polygon></MultiGeometry>
    </Placemark>
  </Folder>
  <Style id="style_61_006">
    <LineStyle>
      <color>ff008CFB</color>
      <width>2.0</width>
    </LineStyle>
    <PolyStyle>
      <color>b3008CFB</color>
    </PolyStyle>
  </Style>
  <Folder>
    <name>61_006</name>
    <Placemark>
      <name>310716030016</name>
      <description><![CDATA[<div style='font-family:Tahoma,sans-serif; font-size:13px;'><h3 style='color:#1565C0; margin:4px 0;'>รหัส: 310716030016</h3><p style='margin:2px 0;'><b>กลุ่มรถไถ:</b> 61_006</p><table border='1' style='border-collapse:collapse; border-color:#ccc; width:100%;'><tr><td style='padding:3px 6px; font-weight:bold; background-color:#f2f2f2;'>ปีการผลิต</td><td style='padding:3px 6px;'>257071</td></tr><tr><td style='padding:3px 6px; font-weight:bold; background-color:#f2f2f2;'>รหัสกลุ่มรถไถ</td><td style='padding:3px 6px;'>61/006</td></tr><tr><td style='padding:3px 6px; font-weight:bold; background-color:#f2f2f2;'>โควตาชาวไร่</td><td style='padding:3px 6px;'>760319</td></tr><tr><td style='padding:3px 6px; font-weight:bold; background-color:#f2f2f2;'>ชื่อ-นามสกุล</td><td style='padding:3px 6px;'>นาย สนิท โสประโคน</td></tr><tr><td style='padding:3px 6px; font-weight:bold; background-color:#f2f2f2;'>111</td><td style='padding:3px 6px;'>310716030016</td></tr><tr><td style='padding:3px 6px; font-weight:bold; background-color:#f2f2f2;'>ประเภทอ้อย</td><td style='padding:3px 6px;'>อ้อยปลายฝน</td></tr><tr><td style='padding:3px 6px; font-weight:bold; background-color:#f2f2f2;'>พื้นที่ปลูก</td><td style='padding:3px 6px;'>15.78</td></tr><tr><td style='padding:3px 6px; font-weight:bold; background-color:#f2f2f2;'>ศูนย์</td><td style='padding:3px 6px;'>K2-61</td></tr><tr><td style='padding:3px 6px; font-weight:bold; background-color:#f2f2f2;'>นักเกษตร</td><td style='padding:3px 6px;'>6103</td></tr><tr><td style='padding:3px 6px; font-weight:bold; background-color:#f2f2f2;'>กลุ่ม</td><td style='padding:3px 6px;'>กลุ่ม_61</td></tr></table></div>]]></description>
      <styleUrl>#style_61_006</styleUrl>
      <MultiGeometry><Polygon><outerBoundaryIs><LinearRing><coordinates>103.1369419,14.5784725,0 103.1370480,14.5800667,0 103.1384363,14.5798596,0 103.1383663,14.5784675,0 103.1369419,14.5784725,0</coordinates></LinearRing></outerBoundaryIs></Polygon></MultiGeometry>
    </Placemark>
    <Placemark>
      <name>310716041507</name>
      <description><![CDATA[<div style='font-family:Tahoma,sans-serif; font-size:13px;'><h3 style='color:#1565C0; margin:4px 0;'>รหัส: 310716041507</h3><p style='margin:2px 0;'><b>กลุ่มรถไถ:</b> 61_006</p><table border='1' style='border-collapse:collapse; border-color:#ccc; width:100%;'><tr><td style='padding:3px 6px; font-weight:bold; background-color:#f2f2f2;'>ปีการผลิต</td><td style='padding:3px 6px;'>257071</td></tr><tr><td style='padding:3px 6px; font-weight:bold; background-color:#f2f2f2;'>รหัสกลุ่มรถไถ</td><td style='padding:3px 6px;'>61/006</td></tr><tr><td style='padding:3px 6px; font-weight:bold; background-color:#f2f2f2;'>โควตาชาวไร่</td><td style='padding:3px 6px;'>760585</td></tr><tr><td style='padding:3px 6px; font-weight:bold; background-color:#f2f2f2;'>ชื่อ-นามสกุล</td><td style='padding:3px 6px;'>นางสาว ประน้อม สนิทประโคน</td></tr><tr><td style='padding:3px 6px; font-weight:bold; background-color:#f2f2f2;'>111</td><td style='padding:3px 6px;'>310716041507</td></tr><tr><td style='padding:3px 6px; font-weight:bold; background-color:#f2f2f2;'>ประเภทอ้อย</td><td style='padding:3px 6px;'>อ้อยปลายฝน</td></tr><tr><td style='padding:3px 6px; font-weight:bold; background-color:#f2f2f2;'>พื้นที่ปลูก</td><td style='padding:3px 6px;'>9.81</td></tr><tr><td style='padding:3px 6px; font-weight:bold; background-color:#f2f2f2;'>ศูนย์</td><td style='padding:3px 6px;'>K2-61</td></tr><tr><td style='padding:3px 6px; font-weight:bold; background-color:#f2f2f2;'>นักเกษตร</td><td style='padding:3px 6px;'>6103</td></tr><tr><td style='padding:3px 6px; font-weight:bold; background-color:#f2f2f2;'>กลุ่ม</td><td style='padding:3px 6px;'>กลุ่ม_61</td></tr></table></div>]]></description>
      <styleUrl>#style_61_006</styleUrl>
      <MultiGeometry><Polygon><outerBoundaryIs><LinearRing><coordinates>103.1568134,14.5700427,0 103.1567613,14.5700300,0 103.1567444,14.5699848,0 103.1562876,14.5700685,0 103.1562537,14.5709294,0 103.1561561,14.5717249,0 103.1563223,14.5717616,0 103.1572457,14.5715397,0 103.1568134,14.5700427,0</coordinates></LinearRing></outerBoundaryIs></Polygon></MultiGeometry>
    </Placemark>
    <Placemark>
      <name>310716041733</name>
      <description><![CDATA[<div style='font-family:Tahoma,sans-serif; font-size:13px;'><h3 style='color:#1565C0; margin:4px 0;'>รหัส: 310716041733</h3><p style='margin:2px 0;'><b>กลุ่มรถไถ:</b> 61_006</p><table border='1' style='border-collapse:collapse; border-color:#ccc; width:100%;'><tr><td style='padding:3px 6px; font-weight:bold; background-color:#f2f2f2;'>ปีการผลิต</td><td style='padding:3px 6px;'>257071</td></tr><tr><td style='padding:3px 6px; font-weight:bold; background-color:#f2f2f2;'>รหัสกลุ่มรถไถ</td><td style='padding:3px 6px;'>61/006</td></tr><tr><td style='padding:3px 6px; font-weight:bold; background-color:#f2f2f2;'>โควตาชาวไร่</td><td style='padding:3px 6px;'>761074</td></tr><tr><td style='padding:3px 6px; font-weight:bold; background-color:#f2f2f2;'>ชื่อ-นามสกุล</td><td style='padding:3px 6px;'>นาย พล สุรินทบูรณ์</td></tr><tr><td style='padding:3px 6px; font-weight:bold; background-color:#f2f2f2;'>111</td><td style='padding:3px 6px;'>310716041733</td></tr><tr><td style='padding:3px 6px; font-weight:bold; background-color:#f2f2f2;'>ประเภทอ้อย</td><td style='padding:3px 6px;'>อ้อยปลายฝน</td></tr><tr><td style='padding:3px 6px; font-weight:bold; background-color:#f2f2f2;'>พื้นที่ปลูก</td><td style='padding:3px 6px;'>12.63</td></tr><tr><td style='padding:3px 6px; font-weight:bold; background-color:#f2f2f2;'>ศูนย์</td><td style='padding:3px 6px;'>K2-61</td></tr><tr><td style='padding:3px 6px; font-weight:bold; background-color:#f2f2f2;'>นักเกษตร</td><td style='padding:3px 6px;'>6103</td></tr><tr><td style='padding:3px 6px; font-weight:bold; background-color:#f2f2f2;'>กลุ่ม</td><td style='padding:3px 6px;'>กลุ่ม_61</td></tr></table></div>]]></description>
      <styleUrl>#style_61_006</styleUrl>
      <MultiGeometry><Polygon><outerBoundaryIs><LinearRing><coordinates>103.1638201,14.5706498,0 103.1632411,14.5694433,0 103.1621911,14.5696881,0 103.1621771,14.5702030,0 103.1622167,14.5702022,0 103.1622883,14.5706550,0 103.1623418,14.5709420,0 103.1638201,14.5706498,0</coordinates></LinearRing></outerBoundaryIs></Polygon></MultiGeometry>
    </Placemark>
    <Placemark>
      <name>310718061720</name>
      <description><![CDATA[<div style='font-family:Tahoma,sans-serif; font-size:13px;'><h3 style='color:#1565C0; margin:4px 0;'>รหัส: 310718061720</h3><p style='margin:2px 0;'><b>กลุ่มรถไถ:</b> 61_006</p><table border='1' style='border-collapse:collapse; border-color:#ccc; width:100%;'><tr><td style='padding:3px 6px; font-weight:bold; background-color:#f2f2f2;'>ปีการผลิต</td><td style='padding:3px 6px;'>257071</td></tr><tr><td style='padding:3px 6px; font-weight:bold; background-color:#f2f2f2;'>รหัสกลุ่มรถไถ</td><td style='padding:3px 6px;'>61/006</td></tr><tr><td style='padding:3px 6px; font-weight:bold; background-color:#f2f2f2;'>โควตาชาวไร่</td><td style='padding:3px 6px;'>761074</td></tr><tr><td style='padding:3px 6px; font-weight:bold; background-color:#f2f2f2;'>ชื่อ-นามสกุล</td><td style='padding:3px 6px;'>นาย พล สุรินทบูรณ์</td></tr><tr><td style='padding:3px 6px; font-weight:bold; background-color:#f2f2f2;'>111</td><td style='padding:3px 6px;'>310718061720</td></tr><tr><td style='padding:3px 6px; font-weight:bold; background-color:#f2f2f2;'>ประเภทอ้อย</td><td style='padding:3px 6px;'>อ้อยปลายฝน</td></tr><tr><td style='padding:3px 6px; font-weight:bold; background-color:#f2f2f2;'>พื้นที่ปลูก</td><td style='padding:3px 6px;'>7.69</td></tr><tr><td style='padding:3px 6px; font-weight:bold; background-color:#f2f2f2;'>ศูนย์</td><td style='padding:3px 6px;'>K2-61</td></tr><tr><td style='padding:3px 6px; font-weight:bold; background-color:#f2f2f2;'>นักเกษตร</td><td style='padding:3px 6px;'>6103</td></tr><tr><td style='padding:3px 6px; font-weight:bold; background-color:#f2f2f2;'>กลุ่ม</td><td style='padding:3px 6px;'>กลุ่ม_61</td></tr></table></div>]]></description>
      <styleUrl>#style_61_006</styleUrl>
      <MultiGeometry><Polygon><outerBoundaryIs><LinearRing><coordinates>103.1246104,14.5612655,0 103.1254705,14.5601814,0 103.1258189,14.5599814,0 103.1258365,14.5599669,0 103.1258327,14.5599495,0 103.1258130,14.5599171,0 103.1257935,14.5599030,0 103.1249075,14.5597507,0 103.1248936,14.5597373,0 103.1245362,14.5604453,0 103.1244435,14.5605880,0 103.1241368,14.5610620,0 103.1246104,14.5612655,0</coordinates></LinearRing></outerBoundaryIs></Polygon></MultiGeometry>
    </Placemark>
    <Placemark>
      <name>310716011709</name>
      <description><![CDATA[<div style='font-family:Tahoma,sans-serif; font-size:13px;'><h3 style='color:#1565C0; margin:4px 0;'>รหัส: 310716011709</h3><p style='margin:2px 0;'><b>กลุ่มรถไถ:</b> 61_006</p><table border='1' style='border-collapse:collapse; border-color:#ccc; width:100%;'><tr><td style='padding:3px 6px; font-weight:bold; background-color:#f2f2f2;'>ปีการผลิต</td><td style='padding:3px 6px;'>257071</td></tr><tr><td style='padding:3px 6px; font-weight:bold; background-color:#f2f2f2;'>รหัสกลุ่มรถไถ</td><td style='padding:3px 6px;'>61/006</td></tr><tr><td style='padding:3px 6px; font-weight:bold; background-color:#f2f2f2;'>โควตาชาวไร่</td><td style='padding:3px 6px;'>761104</td></tr><tr><td style='padding:3px 6px; font-weight:bold; background-color:#f2f2f2;'>ชื่อ-นามสกุล</td><td style='padding:3px 6px;'>นาย ทองพูน ดียิ่ง</td></tr><tr><td style='padding:3px 6px; font-weight:bold; background-color:#f2f2f2;'>111</td><td style='padding:3px 6px;'>310716011709</td></tr><tr><td style='padding:3px 6px; font-weight:bold; background-color:#f2f2f2;'>ประเภทอ้อย</td><td style='padding:3px 6px;'>อ้อยปลายฝน</td></tr><tr><td style='padding:3px 6px; font-weight:bold; background-color:#f2f2f2;'>พื้นที่ปลูก</td><td style='padding:3px 6px;'>10.09</td></tr><tr><td style='padding:3px 6px; font-weight:bold; background-color:#f2f2f2;'>ศูนย์</td><td style='padding:3px 6px;'>K2-61</td></tr><tr><td style='padding:3px 6px; font-weight:bold; background-color:#f2f2f2;'>นักเกษตร</td><td style='padding:3px 6px;'>6103</td></tr><tr><td style='padding:3px 6px; font-weight:bold; background-color:#f2f2f2;'>กลุ่ม</td><td style='padding:3px 6px;'>กลุ่ม_61</td></tr></table></div>]]></description>
      <styleUrl>#style_61_006</styleUrl>
      <MultiGeometry><Polygon><outerBoundaryIs><LinearRing><coordinates>103.1286084,14.5583274,0 103.1275960,14.5584865,0 103.1275996,14.5587813,0 103.1278800,14.5587729,0 103.1278782,14.5590688,0 103.1276325,14.5590918,0 103.1276919,14.5597545,0 103.1288285,14.5596624,0 103.1286084,14.5583274,0</coordinates></LinearRing></outerBoundaryIs></Polygon></MultiGeometry>
    </Placemark>
    <Placemark>
      <name>310716011533</name>
      <description><![CDATA[<div style='font-family:Tahoma,sans-serif; font-size:13px;'><h3 style='color:#1565C0; margin:4px 0;'>รหัส: 310716011533</h3><p style='margin:2px 0;'><b>กลุ่มรถไถ:</b> 61_006</p><table border='1' style='border-collapse:collapse; border-color:#ccc; width:100%;'><tr><td style='padding:3px 6px; font-weight:bold; background-color:#f2f2f2;'>ปีการผลิต</td><td style='padding:3px 6px;'>257071</td></tr><tr><td style='padding:3px 6px; font-weight:bold; background-color:#f2f2f2;'>รหัสกลุ่มรถไถ</td><td style='padding:3px 6px;'>61/006</td></tr><tr><td style='padding:3px 6px; font-weight:bold; background-color:#f2f2f2;'>โควตาชาวไร่</td><td style='padding:3px 6px;'>761105</td></tr><tr><td style='padding:3px 6px; font-weight:bold; background-color:#f2f2f2;'>ชื่อ-นามสกุล</td><td style='padding:3px 6px;'>นาย ทองขาว ทองแม้น</td></tr><tr><td style='padding:3px 6px; font-weight:bold; background-color:#f2f2f2;'>111</td><td style='padding:3px 6px;'>310716011533</td></tr><tr><td style='padding:3px 6px; font-weight:bold; background-color:#f2f2f2;'>ประเภทอ้อย</td><td style='padding:3px 6px;'>อ้อยปลายฝน</td></tr><tr><td style='padding:3px 6px; font-weight:bold; background-color:#f2f2f2;'>พื้นที่ปลูก</td><td style='padding:3px 6px;'>5.37</td></tr><tr><td style='padding:3px 6px; font-weight:bold; background-color:#f2f2f2;'>ศูนย์</td><td style='padding:3px 6px;'>K2-61</td></tr><tr><td style='padding:3px 6px; font-weight:bold; background-color:#f2f2f2;'>นักเกษตร</td><td style='padding:3px 6px;'>6103</td></tr><tr><td style='padding:3px 6px; font-weight:bold; background-color:#f2f2f2;'>กลุ่ม</td><td style='padding:3px 6px;'>กลุ่ม_61</td></tr></table></div>]]></description>
      <styleUrl>#style_61_006</styleUrl>
      <MultiGeometry><Polygon><outerBoundaryIs><LinearRing><coordinates>103.1240438,14.5344698,0 103.1245222,14.5342221,0 103.1243849,14.5329115,0 103.1238875,14.5329133,0 103.1240438,14.5344698,0</coordinates></LinearRing></outerBoundaryIs></Polygon></MultiGeometry>
    </Placemark>
    <Placemark>
      <name>310716041760</name>
      <description><![CDATA[<div style='font-family:Tahoma,sans-serif; font-size:13px;'><h3 style='color:#1565C0; margin:4px 0;'>รหัส: 310716041760</h3><p style='margin:2px 0;'><b>กลุ่มรถไถ:</b> 61_006</p><table border='1' style='border-collapse:collapse; border-color:#ccc; width:100%;'><tr><td style='padding:3px 6px; font-weight:bold; background-color:#f2f2f2;'>ปีการผลิต</td><td style='padding:3px 6px;'>257071</td></tr><tr><td style='padding:3px 6px; font-weight:bold; background-color:#f2f2f2;'>รหัสกลุ่มรถไถ</td><td style='padding:3px 6px;'>61/006</td></tr><tr><td style='padding:3px 6px; font-weight:bold; background-color:#f2f2f2;'>โควตาชาวไร่</td><td style='padding:3px 6px;'>761181</td></tr><tr><td style='padding:3px 6px; font-weight:bold; background-color:#f2f2f2;'>ชื่อ-นามสกุล</td><td style='padding:3px 6px;'>นาย บุญถม กาประโคน</td></tr><tr><td style='padding:3px 6px; font-weight:bold; background-color:#f2f2f2;'>111</td><td style='padding:3px 6px;'>310716041760</td></tr><tr><td style='padding:3px 6px; font-weight:bold; background-color:#f2f2f2;'>ประเภทอ้อย</td><td style='padding:3px 6px;'>อ้อยปลายฝน</td></tr><tr><td style='padding:3px 6px; font-weight:bold; background-color:#f2f2f2;'>พื้นที่ปลูก</td><td style='padding:3px 6px;'>4.27</td></tr><tr><td style='padding:3px 6px; font-weight:bold; background-color:#f2f2f2;'>ศูนย์</td><td style='padding:3px 6px;'>K2-61</td></tr><tr><td style='padding:3px 6px; font-weight:bold; background-color:#f2f2f2;'>นักเกษตร</td><td style='padding:3px 6px;'>6103</td></tr><tr><td style='padding:3px 6px; font-weight:bold; background-color:#f2f2f2;'>กลุ่ม</td><td style='padding:3px 6px;'>กลุ่ม_61</td></tr></table></div>]]></description>
      <styleUrl>#style_61_006</styleUrl>
      <MultiGeometry><Polygon><outerBoundaryIs><LinearRing><coordinates>103.1575170,14.5609127,0 103.1574994,14.5606411,0 103.1568981,14.5606309,0 103.1564420,14.5606144,0 103.1561466,14.5606269,0 103.1559515,14.5606197,0 103.1556848,14.5610003,0 103.1556708,14.5610132,0 103.1556762,14.5610215,0 103.1575170,14.5609127,0</coordinates></LinearRing></outerBoundaryIs></Polygon></MultiGeometry>
    </Placemark>
    <Placemark>
      <name>310716081620</name>
      <description><![CDATA[<div style='font-family:Tahoma,sans-serif; font-size:13px;'><h3 style='color:#1565C0; margin:4px 0;'>รหัส: 310716081620</h3><p style='margin:2px 0;'><b>กลุ่มรถไถ:</b> 61_006</p><table border='1' style='border-collapse:collapse; border-color:#ccc; width:100%;'><tr><td style='padding:3px 6px; font-weight:bold; background-color:#f2f2f2;'>ปีการผลิต</td><td style='padding:3px 6px;'>257071</td></tr><tr><td style='padding:3px 6px; font-weight:bold; background-color:#f2f2f2;'>รหัสกลุ่มรถไถ</td><td style='padding:3px 6px;'>61/006</td></tr><tr><td style='padding:3px 6px; font-weight:bold; background-color:#f2f2f2;'>โควตาชาวไร่</td><td style='padding:3px 6px;'>761221</td></tr><tr><td style='padding:3px 6px; font-weight:bold; background-color:#f2f2f2;'>ชื่อ-นามสกุล</td><td style='padding:3px 6px;'>นาย บุญทอง บุญโกมล</td></tr><tr><td style='padding:3px 6px; font-weight:bold; background-color:#f2f2f2;'>111</td><td style='padding:3px 6px;'>310716081620</td></tr><tr><td style='padding:3px 6px; font-weight:bold; background-color:#f2f2f2;'>ประเภทอ้อย</td><td style='padding:3px 6px;'>อ้อยปลายฝน</td></tr><tr><td style='padding:3px 6px; font-weight:bold; background-color:#f2f2f2;'>พื้นที่ปลูก</td><td style='padding:3px 6px;'>4.15</td></tr><tr><td style='padding:3px 6px; font-weight:bold; background-color:#f2f2f2;'>ศูนย์</td><td style='padding:3px 6px;'>K2-61</td></tr><tr><td style='padding:3px 6px; font-weight:bold; background-color:#f2f2f2;'>นักเกษตร</td><td style='padding:3px 6px;'>6103</td></tr><tr><td style='padding:3px 6px; font-weight:bold; background-color:#f2f2f2;'>กลุ่ม</td><td style='padding:3px 6px;'>กลุ่ม_61</td></tr></table></div>]]></description>
      <styleUrl>#style_61_006</styleUrl>
      <MultiGeometry><Polygon><outerBoundaryIs><LinearRing><coordinates>103.1246198,14.5612417,0 103.1235941,14.5608717,0 103.1233985,14.5614212,0 103.1235812,14.5614714,0 103.1238826,14.5615596,0 103.1240488,14.5616153,0 103.1242597,14.5616957,0 103.1246198,14.5612417,0</coordinates></LinearRing></outerBoundaryIs></Polygon></MultiGeometry>
    </Placemark>
    <Placemark>
      <name>310716111557</name>
      <description><![CDATA[<div style='font-family:Tahoma,sans-serif; font-size:13px;'><h3 style='color:#1565C0; margin:4px 0;'>รหัส: 310716111557</h3><p style='margin:2px 0;'><b>กลุ่มรถไถ:</b> 61_006</p><table border='1' style='border-collapse:collapse; border-color:#ccc; width:100%;'><tr><td style='padding:3px 6px; font-weight:bold; background-color:#f2f2f2;'>ปีการผลิต</td><td style='padding:3px 6px;'>257071</td></tr><tr><td style='padding:3px 6px; font-weight:bold; background-color:#f2f2f2;'>รหัสกลุ่มรถไถ</td><td style='padding:3px 6px;'>61/006</td></tr><tr><td style='padding:3px 6px; font-weight:bold; background-color:#f2f2f2;'>โควตาชาวไร่</td><td style='padding:3px 6px;'>761251</td></tr><tr><td style='padding:3px 6px; font-weight:bold; background-color:#f2f2f2;'>ชื่อ-นามสกุล</td><td style='padding:3px 6px;'>นาย จันทร์ เมยประโคน</td></tr><tr><td style='padding:3px 6px; font-weight:bold; background-color:#f2f2f2;'>111</td><td style='padding:3px 6px;'>310716111557</td></tr><tr><td style='padding:3px 6px; font-weight:bold; background-color:#f2f2f2;'>ประเภทอ้อย</td><td style='padding:3px 6px;'>อ้อยปลายฝน</td></tr><tr><td style='padding:3px 6px; font-weight:bold; background-color:#f2f2f2;'>พื้นที่ปลูก</td><td style='padding:3px 6px;'>8.27</td></tr><tr><td style='padding:3px 6px; font-weight:bold; background-color:#f2f2f2;'>ศูนย์</td><td style='padding:3px 6px;'>K2-61</td></tr><tr><td style='padding:3px 6px; font-weight:bold; background-color:#f2f2f2;'>นักเกษตร</td><td style='padding:3px 6px;'>6103</td></tr><tr><td style='padding:3px 6px; font-weight:bold; background-color:#f2f2f2;'>กลุ่ม</td><td style='padding:3px 6px;'>กลุ่ม_61</td></tr></table></div>]]></description>
      <styleUrl>#style_61_006</styleUrl>
      <MultiGeometry><Polygon><outerBoundaryIs><LinearRing><coordinates>103.1455907,14.5575470,0 103.1457908,14.5574934,0 103.1456210,14.5560050,0 103.1450878,14.5560872,0 103.1449523,14.5560745,0 103.1450353,14.5576635,0 103.1455907,14.5575470,0</coordinates></LinearRing></outerBoundaryIs></Polygon></MultiGeometry>
    </Placemark>
    <Placemark>
      <name>310705091636</name>
      <description><![CDATA[<div style='font-family:Tahoma,sans-serif; font-size:13px;'><h3 style='color:#1565C0; margin:4px 0;'>รหัส: 310705091636</h3><p style='margin:2px 0;'><b>กลุ่มรถไถ:</b> 61_006</p><table border='1' style='border-collapse:collapse; border-color:#ccc; width:100%;'><tr><td style='padding:3px 6px; font-weight:bold; background-color:#f2f2f2;'>ปีการผลิต</td><td style='padding:3px 6px;'>257071</td></tr><tr><td style='padding:3px 6px; font-weight:bold; background-color:#f2f2f2;'>รหัสกลุ่มรถไถ</td><td style='padding:3px 6px;'>61/006</td></tr><tr><td style='padding:3px 6px; font-weight:bold; background-color:#f2f2f2;'>โควตาชาวไร่</td><td style='padding:3px 6px;'>761412</td></tr><tr><td style='padding:3px 6px; font-weight:bold; background-color:#f2f2f2;'>ชื่อ-นามสกุล</td><td style='padding:3px 6px;'>นาง สมบัติ มังประโคน</td></tr><tr><td style='padding:3px 6px; font-weight:bold; background-color:#f2f2f2;'>111</td><td style='padding:3px 6px;'>310705091636</td></tr><tr><td style='padding:3px 6px; font-weight:bold; background-color:#f2f2f2;'>ประเภทอ้อย</td><td style='padding:3px 6px;'>อ้อยปลายฝน</td></tr><tr><td style='padding:3px 6px; font-weight:bold; background-color:#f2f2f2;'>พื้นที่ปลูก</td><td style='padding:3px 6px;'>13.8</td></tr><tr><td style='padding:3px 6px; font-weight:bold; background-color:#f2f2f2;'>ศูนย์</td><td style='padding:3px 6px;'>K2-61</td></tr><tr><td style='padding:3px 6px; font-weight:bold; background-color:#f2f2f2;'>นักเกษตร</td><td style='padding:3px 6px;'>6103</td></tr><tr><td style='padding:3px 6px; font-weight:bold; background-color:#f2f2f2;'>กลุ่ม</td><td style='padding:3px 6px;'>กลุ่ม_61</td></tr></table></div>]]></description>
      <styleUrl>#style_61_006</styleUrl>
      <MultiGeometry><Polygon><outerBoundaryIs><LinearRing><coordinates>103.1769026,14.6040030,0 103.1759291,14.6033393,0 103.1758242,14.6032936,0 103.1757442,14.6032627,0 103.1757039,14.6030950,0 103.1753394,14.6029777,0 103.1753456,14.6027862,0 103.1751371,14.6027668,0 103.1749394,14.6040876,0 103.1751760,14.6041596,0 103.1756078,14.6042711,0 103.1760958,14.6043693,0 103.1762351,14.6044575,0 103.1762550,14.6044657,0 103.1762959,14.6044848,0 103.1763254,14.6044968,0 103.1763465,14.6045050,0 103.1763900,14.6045226,0 103.1764393,14.6045295,0 103.1764887,14.6045243,0 103.1765278,14.6045143,0 103.1765573,14.6045031,0 103.1765744,14.6044902,0 103.1765876,14.6044736,0 103.1766027,14.6044474,0 103.1768537,14.6044797,0 103.1769026,14.6040030,0</coordinates></LinearRing></outerBoundaryIs></Polygon></MultiGeometry>
    </Placemark>
    <Placemark>
      <name>310716031606</name>
      <description><![CDATA[<div style='font-family:Tahoma,sans-serif; font-size:13px;'><h3 style='color:#1565C0; margin:4px 0;'>รหัส: 310716031606</h3><p style='margin:2px 0;'><b>กลุ่มรถไถ:</b> 61_006</p><table border='1' style='border-collapse:collapse; border-color:#ccc; width:100%;'><tr><td style='padding:3px 6px; font-weight:bold; background-color:#f2f2f2;'>ปีการผลิต</td><td style='padding:3px 6px;'>257071</td></tr><tr><td style='padding:3px 6px; font-weight:bold; background-color:#f2f2f2;'>รหัสกลุ่มรถไถ</td><td style='padding:3px 6px;'>61/006</td></tr><tr><td style='padding:3px 6px; font-weight:bold; background-color:#f2f2f2;'>โควตาชาวไร่</td><td style='padding:3px 6px;'>769051</td></tr><tr><td style='padding:3px 6px; font-weight:bold; background-color:#f2f2f2;'>ชื่อ-นามสกุล</td><td style='padding:3px 6px;'>นางสาว ภาพตะวัน เนาว์ประโคน</td></tr><tr><td style='padding:3px 6px; font-weight:bold; background-color:#f2f2f2;'>111</td><td style='padding:3px 6px;'>310716031606</td></tr><tr><td style='padding:3px 6px; font-weight:bold; background-color:#f2f2f2;'>ประเภทอ้อย</td><td style='padding:3px 6px;'>อ้อยปลายฝน</td></tr><tr><td style='padding:3px 6px; font-weight:bold; background-color:#f2f2f2;'>พื้นที่ปลูก</td><td style='padding:3px 6px;'>7.48</td></tr><tr><td style='padding:3px 6px; font-weight:bold; background-color:#f2f2f2;'>ศูนย์</td><td style='padding:3px 6px;'>K2-61</td></tr><tr><td style='padding:3px 6px; font-weight:bold; background-color:#f2f2f2;'>นักเกษตร</td><td style='padding:3px 6px;'>6103</td></tr><tr><td style='padding:3px 6px; font-weight:bold; background-color:#f2f2f2;'>กลุ่ม</td><td style='padding:3px 6px;'>กลุ่ม_61</td></tr></table></div>]]></description>
      <styleUrl>#style_61_006</styleUrl>
      <MultiGeometry><Polygon><outerBoundaryIs><LinearRing><coordinates>103.1514742,14.5857786,0 103.1506857,14.5859559,0 103.1507047,14.5861248,0 103.1514425,14.5860002,0 103.1514788,14.5859859,0 103.1514797,14.5860308,0 103.1507098,14.5861698,0 103.1508349,14.5872775,0 103.1515897,14.5871354,0 103.1515088,14.5865844,0 103.1514742,14.5857786,0</coordinates></LinearRing></outerBoundaryIs></Polygon></MultiGeometry>
    </Placemark>
    <Placemark>
      <name>310716011698</name>
      <description><![CDATA[<div style='font-family:Tahoma,sans-serif; font-size:13px;'><h3 style='color:#1565C0; margin:4px 0;'>รหัส: 310716011698</h3><p style='margin:2px 0;'><b>กลุ่มรถไถ:</b> 61_006</p><table border='1' style='border-collapse:collapse; border-color:#ccc; width:100%;'><tr><td style='padding:3px 6px; font-weight:bold; background-color:#f2f2f2;'>ปีการผลิต</td><td style='padding:3px 6px;'>257071</td></tr><tr><td style='padding:3px 6px; font-weight:bold; background-color:#f2f2f2;'>รหัสกลุ่มรถไถ</td><td style='padding:3px 6px;'>61/006</td></tr><tr><td style='padding:3px 6px; font-weight:bold; background-color:#f2f2f2;'>โควตาชาวไร่</td><td style='padding:3px 6px;'>769081</td></tr><tr><td style='padding:3px 6px; font-weight:bold; background-color:#f2f2f2;'>ชื่อ-นามสกุล</td><td style='padding:3px 6px;'>นาง ประไพ แสวงสุข</td></tr><tr><td style='padding:3px 6px; font-weight:bold; background-color:#f2f2f2;'>111</td><td style='padding:3px 6px;'>310716011698</td></tr><tr><td style='padding:3px 6px; font-weight:bold; background-color:#f2f2f2;'>ประเภทอ้อย</td><td style='padding:3px 6px;'>อ้อยปลายฝน</td></tr><tr><td style='padding:3px 6px; font-weight:bold; background-color:#f2f2f2;'>พื้นที่ปลูก</td><td style='padding:3px 6px;'>7.14</td></tr><tr><td style='padding:3px 6px; font-weight:bold; background-color:#f2f2f2;'>ศูนย์</td><td style='padding:3px 6px;'>K2-61</td></tr><tr><td style='padding:3px 6px; font-weight:bold; background-color:#f2f2f2;'>นักเกษตร</td><td style='padding:3px 6px;'>6103</td></tr><tr><td style='padding:3px 6px; font-weight:bold; background-color:#f2f2f2;'>กลุ่ม</td><td style='padding:3px 6px;'>กลุ่ม_61</td></tr></table></div>]]></description>
      <styleUrl>#style_61_006</styleUrl>
      <MultiGeometry><Polygon><outerBoundaryIs><LinearRing><coordinates>103.1309966,14.5414664,0 103.1303489,14.5394585,0 103.1299538,14.5395954,0 103.1305122,14.5415803,0 103.1309966,14.5414664,0</coordinates></LinearRing></outerBoundaryIs></Polygon></MultiGeometry>
    </Placemark>
    <Placemark>
      <name>310716011774</name>
      <description><![CDATA[<div style='font-family:Tahoma,sans-serif; font-size:13px;'><h3 style='color:#1565C0; margin:4px 0;'>รหัส: 310716011774</h3><p style='margin:2px 0;'><b>กลุ่มรถไถ:</b> 61_006</p><table border='1' style='border-collapse:collapse; border-color:#ccc; width:100%;'><tr><td style='padding:3px 6px; font-weight:bold; background-color:#f2f2f2;'>ปีการผลิต</td><td style='padding:3px 6px;'>257071</td></tr><tr><td style='padding:3px 6px; font-weight:bold; background-color:#f2f2f2;'>รหัสกลุ่มรถไถ</td><td style='padding:3px 6px;'>61/006</td></tr><tr><td style='padding:3px 6px; font-weight:bold; background-color:#f2f2f2;'>โควตาชาวไร่</td><td style='padding:3px 6px;'>769081</td></tr><tr><td style='padding:3px 6px; font-weight:bold; background-color:#f2f2f2;'>ชื่อ-นามสกุล</td><td style='padding:3px 6px;'>นาง ประไพ แสวงสุข</td></tr><tr><td style='padding:3px 6px; font-weight:bold; background-color:#f2f2f2;'>111</td><td style='padding:3px 6px;'>310716011774</td></tr><tr><td style='padding:3px 6px; font-weight:bold; background-color:#f2f2f2;'>ประเภทอ้อย</td><td style='padding:3px 6px;'>อ้อยปลายฝน</td></tr><tr><td style='padding:3px 6px; font-weight:bold; background-color:#f2f2f2;'>พื้นที่ปลูก</td><td style='padding:3px 6px;'>12.32</td></tr><tr><td style='padding:3px 6px; font-weight:bold; background-color:#f2f2f2;'>ศูนย์</td><td style='padding:3px 6px;'>K2-61</td></tr><tr><td style='padding:3px 6px; font-weight:bold; background-color:#f2f2f2;'>นักเกษตร</td><td style='padding:3px 6px;'>6103</td></tr><tr><td style='padding:3px 6px; font-weight:bold; background-color:#f2f2f2;'>กลุ่ม</td><td style='padding:3px 6px;'>กลุ่ม_61</td></tr></table></div>]]></description>
      <styleUrl>#style_61_006</styleUrl>
      <MultiGeometry><Polygon><outerBoundaryIs><LinearRing><coordinates>103.1338013,14.5499891,0 103.1341601,14.5512309,0 103.1353164,14.5507411,0 103.1349406,14.5494457,0 103.1338013,14.5499891,0</coordinates></LinearRing></outerBoundaryIs></Polygon></MultiGeometry>
    </Placemark>
    <Placemark>
      <name>310716031780</name>
      <description><![CDATA[<div style='font-family:Tahoma,sans-serif; font-size:13px;'><h3 style='color:#1565C0; margin:4px 0;'>รหัส: 310716031780</h3><p style='margin:2px 0;'><b>กลุ่มรถไถ:</b> 61_006</p><table border='1' style='border-collapse:collapse; border-color:#ccc; width:100%;'><tr><td style='padding:3px 6px; font-weight:bold; background-color:#f2f2f2;'>ปีการผลิต</td><td style='padding:3px 6px;'>257071</td></tr><tr><td style='padding:3px 6px; font-weight:bold; background-color:#f2f2f2;'>รหัสกลุ่มรถไถ</td><td style='padding:3px 6px;'>61/006</td></tr><tr><td style='padding:3px 6px; font-weight:bold; background-color:#f2f2f2;'>โควตาชาวไร่</td><td style='padding:3px 6px;'>769081</td></tr><tr><td style='padding:3px 6px; font-weight:bold; background-color:#f2f2f2;'>ชื่อ-นามสกุล</td><td style='padding:3px 6px;'>นาง ประไพ แสวงสุข</td></tr><tr><td style='padding:3px 6px; font-weight:bold; background-color:#f2f2f2;'>111</td><td style='padding:3px 6px;'>310716031780</td></tr><tr><td style='padding:3px 6px; font-weight:bold; background-color:#f2f2f2;'>ประเภทอ้อย</td><td style='padding:3px 6px;'>อ้อยปลายฝน</td></tr><tr><td style='padding:3px 6px; font-weight:bold; background-color:#f2f2f2;'>พื้นที่ปลูก</td><td style='padding:3px 6px;'>30.34</td></tr><tr><td style='padding:3px 6px; font-weight:bold; background-color:#f2f2f2;'>ศูนย์</td><td style='padding:3px 6px;'>K2-61</td></tr><tr><td style='padding:3px 6px; font-weight:bold; background-color:#f2f2f2;'>นักเกษตร</td><td style='padding:3px 6px;'>6103</td></tr><tr><td style='padding:3px 6px; font-weight:bold; background-color:#f2f2f2;'>กลุ่ม</td><td style='padding:3px 6px;'>กลุ่ม_61</td></tr></table></div>]]></description>
      <styleUrl>#style_61_006</styleUrl>
      <MultiGeometry><Polygon><outerBoundaryIs><LinearRing><coordinates>103.1448532,14.5928309,0 103.1448423,14.5928051,0 103.1441034,14.5928500,0 103.1431691,14.5928273,0 103.1431848,14.5928033,0 103.1441114,14.5928354,0 103.1448261,14.5927730,0 103.1447996,14.5922213,0 103.1448042,14.5921405,0 103.1448842,14.5919859,0 103.1448630,14.5918593,0 103.1448419,14.5918269,0 103.1432530,14.5915900,0 103.1431764,14.5919956,0 103.1431786,14.5923321,0 103.1431468,14.5928027,0 103.1430679,14.5932869,0 103.1430052,14.5936825,0 103.1429803,14.5941729,0 103.1435736,14.5940104,0 103.1437105,14.5940529,0 103.1439084,14.5940611,0 103.1440545,14.5941343,0 103.1442109,14.5941497,0 103.1442714,14.5941065,0 103.1443473,14.5941160,0 103.1443189,14.5937790,0 103.1441341,14.5937962,0 103.1441318,14.5936354,0 103.1443072,14.5936004,0 103.1443649,14.5941071,0 103.1443781,14.5940923,0 103.1446389,14.5938184,0 103.1448190,14.5936960,0 103.1450446,14.5936588,0 103.1449931,14.5932354,0 103.1449474,14.5930335,0 103.1448532,14.5928309,0</coordinates></LinearRing></outerBoundaryIs></Polygon></MultiGeometry>
    </Placemark>
    <Placemark>
      <name>310716081617</name>
      <description><![CDATA[<div style='font-family:Tahoma,sans-serif; font-size:13px;'><h3 style='color:#1565C0; margin:4px 0;'>รหัส: 310716081617</h3><p style='margin:2px 0;'><b>กลุ่มรถไถ:</b> 61_006</p><table border='1' style='border-collapse:collapse; border-color:#ccc; width:100%;'><tr><td style='padding:3px 6px; font-weight:bold; background-color:#f2f2f2;'>ปีการผลิต</td><td style='padding:3px 6px;'>257071</td></tr><tr><td style='padding:3px 6px; font-weight:bold; background-color:#f2f2f2;'>รหัสกลุ่มรถไถ</td><td style='padding:3px 6px;'>61/006</td></tr><tr><td style='padding:3px 6px; font-weight:bold; background-color:#f2f2f2;'>โควตาชาวไร่</td><td style='padding:3px 6px;'>769081</td></tr><tr><td style='padding:3px 6px; font-weight:bold; background-color:#f2f2f2;'>ชื่อ-นามสกุล</td><td style='padding:3px 6px;'>นาง ประไพ แสวงสุข</td></tr><tr><td style='padding:3px 6px; font-weight:bold; background-color:#f2f2f2;'>111</td><td style='padding:3px 6px;'>310716081617</td></tr><tr><td style='padding:3px 6px; font-weight:bold; background-color:#f2f2f2;'>ประเภทอ้อย</td><td style='padding:3px 6px;'>อ้อยปลายฝน</td></tr><tr><td style='padding:3px 6px; font-weight:bold; background-color:#f2f2f2;'>พื้นที่ปลูก</td><td style='padding:3px 6px;'>9.54</td></tr><tr><td style='padding:3px 6px; font-weight:bold; background-color:#f2f2f2;'>ศูนย์</td><td style='padding:3px 6px;'>K2-61</td></tr><tr><td style='padding:3px 6px; font-weight:bold; background-color:#f2f2f2;'>นักเกษตร</td><td style='padding:3px 6px;'>6103</td></tr><tr><td style='padding:3px 6px; font-weight:bold; background-color:#f2f2f2;'>กลุ่ม</td><td style='padding:3px 6px;'>กลุ่ม_61</td></tr></table></div>]]></description>
      <styleUrl>#style_61_006</styleUrl>
      <MultiGeometry><Polygon><outerBoundaryIs><LinearRing><coordinates>103.1264763,14.5610350,0 103.1264331,14.5610553,0 103.1263565,14.5613026,0 103.1263666,14.5613324,0 103.1299111,14.5613103,0 103.1299095,14.5611973,0 103.1299740,14.5611959,0 103.1300260,14.5609130,0 103.1298942,14.5609187,0 103.1298859,14.5608935,0 103.1264763,14.5610350,0</coordinates></LinearRing></outerBoundaryIs></Polygon></MultiGeometry>
    </Placemark>
    <Placemark>
      <name>310716011765</name>
      <description><![CDATA[<div style='font-family:Tahoma,sans-serif; font-size:13px;'><h3 style='color:#1565C0; margin:4px 0;'>รหัส: 310716011765</h3><p style='margin:2px 0;'><b>กลุ่มรถไถ:</b> 61_006</p><table border='1' style='border-collapse:collapse; border-color:#ccc; width:100%;'><tr><td style='padding:3px 6px; font-weight:bold; background-color:#f2f2f2;'>ปีการผลิต</td><td style='padding:3px 6px;'>257071</td></tr><tr><td style='padding:3px 6px; font-weight:bold; background-color:#f2f2f2;'>รหัสกลุ่มรถไถ</td><td style='padding:3px 6px;'>61/006</td></tr><tr><td style='padding:3px 6px; font-weight:bold; background-color:#f2f2f2;'>โควตาชาวไร่</td><td style='padding:3px 6px;'>769479</td></tr><tr><td style='padding:3px 6px; font-weight:bold; background-color:#f2f2f2;'>ชื่อ-นามสกุล</td><td style='padding:3px 6px;'>นาง บุญเลื่อน มีทุกดวง</td></tr><tr><td style='padding:3px 6px; font-weight:bold; background-color:#f2f2f2;'>111</td><td style='padding:3px 6px;'>310716011765</td></tr><tr><td style='padding:3px 6px; font-weight:bold; background-color:#f2f2f2;'>ประเภทอ้อย</td><td style='padding:3px 6px;'>อ้อยปลายฝน</td></tr><tr><td style='padding:3px 6px; font-weight:bold; background-color:#f2f2f2;'>พื้นที่ปลูก</td><td style='padding:3px 6px;'>6.6</td></tr><tr><td style='padding:3px 6px; font-weight:bold; background-color:#f2f2f2;'>ศูนย์</td><td style='padding:3px 6px;'>K2-61</td></tr><tr><td style='padding:3px 6px; font-weight:bold; background-color:#f2f2f2;'>นักเกษตร</td><td style='padding:3px 6px;'>6103</td></tr><tr><td style='padding:3px 6px; font-weight:bold; background-color:#f2f2f2;'>กลุ่ม</td><td style='padding:3px 6px;'>กลุ่ม_61</td></tr></table></div>]]></description>
      <styleUrl>#style_61_006</styleUrl>
      <MultiGeometry><Polygon><outerBoundaryIs><LinearRing><coordinates>103.1224744,14.5594786,0 103.1224778,14.5594789,0 103.1228462,14.5594833,0 103.1229355,14.5569464,0 103.1229031,14.5569431,0 103.1227747,14.5569404,0 103.1227843,14.5566112,0 103.1229042,14.5566201,0 103.1228996,14.5569365,0 103.1229345,14.5569446,0 103.1229704,14.5564741,0 103.1229875,14.5564634,0 103.1229552,14.5563100,0 103.1227543,14.5563003,0 103.1224744,14.5594786,0</coordinates></LinearRing></outerBoundaryIs></Polygon></MultiGeometry>
    </Placemark>
    <Placemark>
      <name>310716011576</name>
      <description><![CDATA[<div style='font-family:Tahoma,sans-serif; font-size:13px;'><h3 style='color:#1565C0; margin:4px 0;'>รหัส: 310716011576</h3><p style='margin:2px 0;'><b>กลุ่มรถไถ:</b> 61_006</p><table border='1' style='border-collapse:collapse; border-color:#ccc; width:100%;'><tr><td style='padding:3px 6px; font-weight:bold; background-color:#f2f2f2;'>ปีการผลิต</td><td style='padding:3px 6px;'>257071</td></tr><tr><td style='padding:3px 6px; font-weight:bold; background-color:#f2f2f2;'>รหัสกลุ่มรถไถ</td><td style='padding:3px 6px;'>61/006</td></tr><tr><td style='padding:3px 6px; font-weight:bold; background-color:#f2f2f2;'>โควตาชาวไร่</td><td style='padding:3px 6px;'>769480</td></tr><tr><td style='padding:3px 6px; font-weight:bold; background-color:#f2f2f2;'>ชื่อ-นามสกุล</td><td style='padding:3px 6px;'>นาง สมัย ถือความชื่อ</td></tr><tr><td style='padding:3px 6px; font-weight:bold; background-color:#f2f2f2;'>111</td><td style='padding:3px 6px;'>310716011576</td></tr><tr><td style='padding:3px 6px; font-weight:bold; background-color:#f2f2f2;'>ประเภทอ้อย</td><td style='padding:3px 6px;'>อ้อยปลายฝน</td></tr><tr><td style='padding:3px 6px; font-weight:bold; background-color:#f2f2f2;'>พื้นที่ปลูก</td><td style='padding:3px 6px;'>5.01</td></tr><tr><td style='padding:3px 6px; font-weight:bold; background-color:#f2f2f2;'>ศูนย์</td><td style='padding:3px 6px;'>K2-61</td></tr><tr><td style='padding:3px 6px; font-weight:bold; background-color:#f2f2f2;'>นักเกษตร</td><td style='padding:3px 6px;'>6103</td></tr><tr><td style='padding:3px 6px; font-weight:bold; background-color:#f2f2f2;'>กลุ่ม</td><td style='padding:3px 6px;'>กลุ่ม_61</td></tr></table></div>]]></description>
      <styleUrl>#style_61_006</styleUrl>
      <MultiGeometry><Polygon><outerBoundaryIs><LinearRing><coordinates>103.1222013,14.5594758,0 103.1221060,14.5599247,0 103.1224657,14.5599490,0 103.1225623,14.5595975,0 103.1228392,14.5596249,0 103.1227420,14.5600193,0 103.1233955,14.5601357,0 103.1236861,14.5594689,0 103.1222013,14.5594758,0</coordinates></LinearRing></outerBoundaryIs></Polygon></MultiGeometry>
    </Placemark>
    <Placemark>
      <name>310718061820</name>
      <description><![CDATA[<div style='font-family:Tahoma,sans-serif; font-size:13px;'><h3 style='color:#1565C0; margin:4px 0;'>รหัส: 310718061820</h3><p style='margin:2px 0;'><b>กลุ่มรถไถ:</b> 61_006</p><table border='1' style='border-collapse:collapse; border-color:#ccc; width:100%;'><tr><td style='padding:3px 6px; font-weight:bold; background-color:#f2f2f2;'>ปีการผลิต</td><td style='padding:3px 6px;'>257071</td></tr><tr><td style='padding:3px 6px; font-weight:bold; background-color:#f2f2f2;'>รหัสกลุ่มรถไถ</td><td style='padding:3px 6px;'>61/006</td></tr><tr><td style='padding:3px 6px; font-weight:bold; background-color:#f2f2f2;'>โควตาชาวไร่</td><td style='padding:3px 6px;'>769485</td></tr><tr><td style='padding:3px 6px; font-weight:bold; background-color:#f2f2f2;'>ชื่อ-นามสกุล</td><td style='padding:3px 6px;'>นาย จันลา งามเลิศ</td></tr><tr><td style='padding:3px 6px; font-weight:bold; background-color:#f2f2f2;'>111</td><td style='padding:3px 6px;'>310718061820</td></tr><tr><td style='padding:3px 6px; font-weight:bold; background-color:#f2f2f2;'>ประเภทอ้อย</td><td style='padding:3px 6px;'>อ้อยปลายฝน</td></tr><tr><td style='padding:3px 6px; font-weight:bold; background-color:#f2f2f2;'>พื้นที่ปลูก</td><td style='padding:3px 6px;'>6.01</td></tr><tr><td style='padding:3px 6px; font-weight:bold; background-color:#f2f2f2;'>ศูนย์</td><td style='padding:3px 6px;'>K2-61</td></tr><tr><td style='padding:3px 6px; font-weight:bold; background-color:#f2f2f2;'>นักเกษตร</td><td style='padding:3px 6px;'>6103</td></tr><tr><td style='padding:3px 6px; font-weight:bold; background-color:#f2f2f2;'>กลุ่ม</td><td style='padding:3px 6px;'>กลุ่ม_61</td></tr></table></div>]]></description>
      <styleUrl>#style_61_006</styleUrl>
      <MultiGeometry><Polygon><outerBoundaryIs><LinearRing><coordinates>103.1303690,14.5665936,0 103.1298976,14.5666457,0 103.1305957,14.5683642,0 103.1307812,14.5683315,0 103.1310074,14.5682557,0 103.1303690,14.5665936,0</coordinates></LinearRing></outerBoundaryIs></Polygon></MultiGeometry>
    </Placemark>
    <Placemark>
      <name>310716031776</name>
      <description><![CDATA[<div style='font-family:Tahoma,sans-serif; font-size:13px;'><h3 style='color:#1565C0; margin:4px 0;'>รหัส: 310716031776</h3><p style='margin:2px 0;'><b>กลุ่มรถไถ:</b> 61_006</p><table border='1' style='border-collapse:collapse; border-color:#ccc; width:100%;'><tr><td style='padding:3px 6px; font-weight:bold; background-color:#f2f2f2;'>ปีการผลิต</td><td style='padding:3px 6px;'>257071</td></tr><tr><td style='padding:3px 6px; font-weight:bold; background-color:#f2f2f2;'>รหัสกลุ่มรถไถ</td><td style='padding:3px 6px;'>61/006</td></tr><tr><td style='padding:3px 6px; font-weight:bold; background-color:#f2f2f2;'>โควตาชาวไร่</td><td style='padding:3px 6px;'>769906</td></tr><tr><td style='padding:3px 6px; font-weight:bold; background-color:#f2f2f2;'>ชื่อ-นามสกุล</td><td style='padding:3px 6px;'>นาย ทนง วรรณฉาย</td></tr><tr><td style='padding:3px 6px; font-weight:bold; background-color:#f2f2f2;'>111</td><td style='padding:3px 6px;'>310716031776</td></tr><tr><td style='padding:3px 6px; font-weight:bold; background-color:#f2f2f2;'>ประเภทอ้อย</td><td style='padding:3px 6px;'>อ้อยปลายฝน</td></tr><tr><td style='padding:3px 6px; font-weight:bold; background-color:#f2f2f2;'>พื้นที่ปลูก</td><td style='padding:3px 6px;'>6.24</td></tr><tr><td style='padding:3px 6px; font-weight:bold; background-color:#f2f2f2;'>ศูนย์</td><td style='padding:3px 6px;'>K2-61</td></tr><tr><td style='padding:3px 6px; font-weight:bold; background-color:#f2f2f2;'>นักเกษตร</td><td style='padding:3px 6px;'>6103</td></tr><tr><td style='padding:3px 6px; font-weight:bold; background-color:#f2f2f2;'>กลุ่ม</td><td style='padding:3px 6px;'>กลุ่ม_61</td></tr></table></div>]]></description>
      <styleUrl>#style_61_006</styleUrl>
      <MultiGeometry><Polygon><outerBoundaryIs><LinearRing><coordinates>103.1438255,14.5684647,0 103.1437021,14.5677870,0 103.1432133,14.5679386,0 103.1433729,14.5682039,0 103.1428226,14.5683394,0 103.1427347,14.5680710,0 103.1422562,14.5682436,0 103.1423525,14.5685303,0 103.1421165,14.5685975,0 103.1422013,14.5688308,0 103.1435595,14.5685207,0 103.1438255,14.5684647,0</coordinates></LinearRing></outerBoundaryIs></Polygon></MultiGeometry>
    </Placemark>
  </Folder>
  <Style id="style_61_007">
    <LineStyle>
      <color>ff1E51F4</color>
      <width>2.0</width>
    </LineStyle>
    <PolyStyle>
      <color>b31E51F4</color>
    </PolyStyle>
  </Style>
  <Folder>
    <name>61_007</name>
    <Placemark>
      <name>310716041537</name>
      <description><![CDATA[<div style='font-family:Tahoma,sans-serif; font-size:13px;'><h3 style='color:#1565C0; margin:4px 0;'>รหัส: 310716041537</h3><p style='margin:2px 0;'><b>กลุ่มรถไถ:</b> 61_007</p><table border='1' style='border-collapse:collapse; border-color:#ccc; width:100%;'><tr><td style='padding:3px 6px; font-weight:bold; background-color:#f2f2f2;'>ปีการผลิต</td><td style='padding:3px 6px;'>257071</td></tr><tr><td style='padding:3px 6px; font-weight:bold; background-color:#f2f2f2;'>รหัสกลุ่มรถไถ</td><td style='padding:3px 6px;'>61/007</td></tr><tr><td style='padding:3px 6px; font-weight:bold; background-color:#f2f2f2;'>โควตาชาวไร่</td><td style='padding:3px 6px;'>760350</td></tr><tr><td style='padding:3px 6px; font-weight:bold; background-color:#f2f2f2;'>ชื่อ-นามสกุล</td><td style='padding:3px 6px;'>นาย ไวพจน์ คือประโคน</td></tr><tr><td style='padding:3px 6px; font-weight:bold; background-color:#f2f2f2;'>111</td><td style='padding:3px 6px;'>310716041537</td></tr><tr><td style='padding:3px 6px; font-weight:bold; background-color:#f2f2f2;'>ประเภทอ้อย</td><td style='padding:3px 6px;'>อ้อยปลายฝน</td></tr><tr><td style='padding:3px 6px; font-weight:bold; background-color:#f2f2f2;'>พื้นที่ปลูก</td><td style='padding:3px 6px;'>11.01</td></tr><tr><td style='padding:3px 6px; font-weight:bold; background-color:#f2f2f2;'>ศูนย์</td><td style='padding:3px 6px;'>K2-61</td></tr><tr><td style='padding:3px 6px; font-weight:bold; background-color:#f2f2f2;'>นักเกษตร</td><td style='padding:3px 6px;'>6103</td></tr><tr><td style='padding:3px 6px; font-weight:bold; background-color:#f2f2f2;'>กลุ่ม</td><td style='padding:3px 6px;'>กลุ่ม_61</td></tr></table></div>]]></description>
      <styleUrl>#style_61_007</styleUrl>
      <MultiGeometry><Polygon><outerBoundaryIs><LinearRing><coordinates>103.1596216,14.5599233,0 103.1569796,14.5600172,0 103.1569193,14.5606098,0 103.1572119,14.5606180,0 103.1571843,14.5603540,0 103.1575441,14.5603530,0 103.1575510,14.5605922,0 103.1592127,14.5605478,0 103.1592310,14.5603452,0 103.1594674,14.5603418,0 103.1595039,14.5605277,0 103.1596266,14.5605104,0 103.1596216,14.5599233,0</coordinates></LinearRing></outerBoundaryIs></Polygon></MultiGeometry>
    </Placemark>
    <Placemark>
      <name>310716051674</name>
      <description><![CDATA[<div style='font-family:Tahoma,sans-serif; font-size:13px;'><h3 style='color:#1565C0; margin:4px 0;'>รหัส: 310716051674</h3><p style='margin:2px 0;'><b>กลุ่มรถไถ:</b> 61_007</p><table border='1' style='border-collapse:collapse; border-color:#ccc; width:100%;'><tr><td style='padding:3px 6px; font-weight:bold; background-color:#f2f2f2;'>ปีการผลิต</td><td style='padding:3px 6px;'>257071</td></tr><tr><td style='padding:3px 6px; font-weight:bold; background-color:#f2f2f2;'>รหัสกลุ่มรถไถ</td><td style='padding:3px 6px;'>61/007</td></tr><tr><td style='padding:3px 6px; font-weight:bold; background-color:#f2f2f2;'>โควตาชาวไร่</td><td style='padding:3px 6px;'>760350</td></tr><tr><td style='padding:3px 6px; font-weight:bold; background-color:#f2f2f2;'>ชื่อ-นามสกุล</td><td style='padding:3px 6px;'>นาย ไวพจน์ คือประโคน</td></tr><tr><td style='padding:3px 6px; font-weight:bold; background-color:#f2f2f2;'>111</td><td style='padding:3px 6px;'>310716051674</td></tr><tr><td style='padding:3px 6px; font-weight:bold; background-color:#f2f2f2;'>ประเภทอ้อย</td><td style='padding:3px 6px;'>อ้อยปลายฝน</td></tr><tr><td style='padding:3px 6px; font-weight:bold; background-color:#f2f2f2;'>พื้นที่ปลูก</td><td style='padding:3px 6px;'>8.15</td></tr><tr><td style='padding:3px 6px; font-weight:bold; background-color:#f2f2f2;'>ศูนย์</td><td style='padding:3px 6px;'>K2-61</td></tr><tr><td style='padding:3px 6px; font-weight:bold; background-color:#f2f2f2;'>นักเกษตร</td><td style='padding:3px 6px;'>6103</td></tr><tr><td style='padding:3px 6px; font-weight:bold; background-color:#f2f2f2;'>กลุ่ม</td><td style='padding:3px 6px;'>กลุ่ม_61</td></tr></table></div>]]></description>
      <styleUrl>#style_61_007</styleUrl>
      <MultiGeometry><Polygon><outerBoundaryIs><LinearRing><coordinates>103.1170415,14.5203727,0 103.1180624,14.5205603,0 103.1182825,14.5206110,0 103.1183059,14.5205649,0 103.1183688,14.5205010,0 103.1184628,14.5202649,0 103.1183722,14.5202072,0 103.1183698,14.5201729,0 103.1184200,14.5200233,0 103.1184815,14.5199700,0 103.1184324,14.5198913,0 103.1183905,14.5197963,0 103.1183815,14.5197523,0 103.1183683,14.5196705,0 103.1172198,14.5196288,0 103.1170415,14.5203727,0</coordinates></LinearRing></outerBoundaryIs></Polygon></MultiGeometry>
    </Placemark>
    <Placemark>
      <name>310716100008</name>
      <description><![CDATA[<div style='font-family:Tahoma,sans-serif; font-size:13px;'><h3 style='color:#1565C0; margin:4px 0;'>รหัส: 310716100008</h3><p style='margin:2px 0;'><b>กลุ่มรถไถ:</b> 61_007</p><table border='1' style='border-collapse:collapse; border-color:#ccc; width:100%;'><tr><td style='padding:3px 6px; font-weight:bold; background-color:#f2f2f2;'>ปีการผลิต</td><td style='padding:3px 6px;'>257071</td></tr><tr><td style='padding:3px 6px; font-weight:bold; background-color:#f2f2f2;'>รหัสกลุ่มรถไถ</td><td style='padding:3px 6px;'>61/007</td></tr><tr><td style='padding:3px 6px; font-weight:bold; background-color:#f2f2f2;'>โควตาชาวไร่</td><td style='padding:3px 6px;'>760350</td></tr><tr><td style='padding:3px 6px; font-weight:bold; background-color:#f2f2f2;'>ชื่อ-นามสกุล</td><td style='padding:3px 6px;'>นาย ไวพจน์ คือประโคน</td></tr><tr><td style='padding:3px 6px; font-weight:bold; background-color:#f2f2f2;'>111</td><td style='padding:3px 6px;'>310716100008</td></tr><tr><td style='padding:3px 6px; font-weight:bold; background-color:#f2f2f2;'>ประเภทอ้อย</td><td style='padding:3px 6px;'>อ้อยปลายฝน</td></tr><tr><td style='padding:3px 6px; font-weight:bold; background-color:#f2f2f2;'>พื้นที่ปลูก</td><td style='padding:3px 6px;'>8.9</td></tr><tr><td style='padding:3px 6px; font-weight:bold; background-color:#f2f2f2;'>ศูนย์</td><td style='padding:3px 6px;'>K2-61</td></tr><tr><td style='padding:3px 6px; font-weight:bold; background-color:#f2f2f2;'>นักเกษตร</td><td style='padding:3px 6px;'>6103</td></tr><tr><td style='padding:3px 6px; font-weight:bold; background-color:#f2f2f2;'>กลุ่ม</td><td style='padding:3px 6px;'>กลุ่ม_61</td></tr></table></div>]]></description>
      <styleUrl>#style_61_007</styleUrl>
      <MultiGeometry><Polygon><outerBoundaryIs><LinearRing><coordinates>103.1639527,14.5443136,0 103.1659314,14.5443103,0 103.1660685,14.5438077,0 103.1660536,14.5437657,0 103.1651456,14.5437457,0 103.1646572,14.5437251,0 103.1644924,14.5437059,0 103.1639578,14.5436868,0 103.1639527,14.5443136,0</coordinates></LinearRing></outerBoundaryIs></Polygon></MultiGeometry>
    </Placemark>
    <Placemark>
      <name>310716110013</name>
      <description><![CDATA[<div style='font-family:Tahoma,sans-serif; font-size:13px;'><h3 style='color:#1565C0; margin:4px 0;'>รหัส: 310716110013</h3><p style='margin:2px 0;'><b>กลุ่มรถไถ:</b> 61_007</p><table border='1' style='border-collapse:collapse; border-color:#ccc; width:100%;'><tr><td style='padding:3px 6px; font-weight:bold; background-color:#f2f2f2;'>ปีการผลิต</td><td style='padding:3px 6px;'>257071</td></tr><tr><td style='padding:3px 6px; font-weight:bold; background-color:#f2f2f2;'>รหัสกลุ่มรถไถ</td><td style='padding:3px 6px;'>61/007</td></tr><tr><td style='padding:3px 6px; font-weight:bold; background-color:#f2f2f2;'>โควตาชาวไร่</td><td style='padding:3px 6px;'>760350</td></tr><tr><td style='padding:3px 6px; font-weight:bold; background-color:#f2f2f2;'>ชื่อ-นามสกุล</td><td style='padding:3px 6px;'>นาย ไวพจน์ คือประโคน</td></tr><tr><td style='padding:3px 6px; font-weight:bold; background-color:#f2f2f2;'>111</td><td style='padding:3px 6px;'>310716110013</td></tr><tr><td style='padding:3px 6px; font-weight:bold; background-color:#f2f2f2;'>ประเภทอ้อย</td><td style='padding:3px 6px;'>อ้อยปลายฝน</td></tr><tr><td style='padding:3px 6px; font-weight:bold; background-color:#f2f2f2;'>พื้นที่ปลูก</td><td style='padding:3px 6px;'>17.76</td></tr><tr><td style='padding:3px 6px; font-weight:bold; background-color:#f2f2f2;'>ศูนย์</td><td style='padding:3px 6px;'>K2-61</td></tr><tr><td style='padding:3px 6px; font-weight:bold; background-color:#f2f2f2;'>นักเกษตร</td><td style='padding:3px 6px;'>6103</td></tr><tr><td style='padding:3px 6px; font-weight:bold; background-color:#f2f2f2;'>กลุ่ม</td><td style='padding:3px 6px;'>กลุ่ม_61</td></tr></table></div>]]></description>
      <styleUrl>#style_61_007</styleUrl>
      <MultiGeometry><Polygon><outerBoundaryIs><LinearRing><coordinates>103.1429787,14.5539121,0 103.1432832,14.5558198,0 103.1436068,14.5558468,0 103.1442968,14.5559593,0 103.1439039,14.5533431,0 103.1431220,14.5534737,0 103.1432073,14.5538709,0 103.1429787,14.5539121,0</coordinates></LinearRing></outerBoundaryIs></Polygon></MultiGeometry>
    </Placemark>
    <Placemark>
      <name>310716111539</name>
      <description><![CDATA[<div style='font-family:Tahoma,sans-serif; font-size:13px;'><h3 style='color:#1565C0; margin:4px 0;'>รหัส: 310716111539</h3><p style='margin:2px 0;'><b>กลุ่มรถไถ:</b> 61_007</p><table border='1' style='border-collapse:collapse; border-color:#ccc; width:100%;'><tr><td style='padding:3px 6px; font-weight:bold; background-color:#f2f2f2;'>ปีการผลิต</td><td style='padding:3px 6px;'>257071</td></tr><tr><td style='padding:3px 6px; font-weight:bold; background-color:#f2f2f2;'>รหัสกลุ่มรถไถ</td><td style='padding:3px 6px;'>61/007</td></tr><tr><td style='padding:3px 6px; font-weight:bold; background-color:#f2f2f2;'>โควตาชาวไร่</td><td style='padding:3px 6px;'>760350</td></tr><tr><td style='padding:3px 6px; font-weight:bold; background-color:#f2f2f2;'>ชื่อ-นามสกุล</td><td style='padding:3px 6px;'>นาย ไวพจน์ คือประโคน</td></tr><tr><td style='padding:3px 6px; font-weight:bold; background-color:#f2f2f2;'>111</td><td style='padding:3px 6px;'>310716111539</td></tr><tr><td style='padding:3px 6px; font-weight:bold; background-color:#f2f2f2;'>ประเภทอ้อย</td><td style='padding:3px 6px;'>อ้อยปลายฝน</td></tr><tr><td style='padding:3px 6px; font-weight:bold; background-color:#f2f2f2;'>พื้นที่ปลูก</td><td style='padding:3px 6px;'>9.38</td></tr><tr><td style='padding:3px 6px; font-weight:bold; background-color:#f2f2f2;'>ศูนย์</td><td style='padding:3px 6px;'>K2-61</td></tr><tr><td style='padding:3px 6px; font-weight:bold; background-color:#f2f2f2;'>นักเกษตร</td><td style='padding:3px 6px;'>6103</td></tr><tr><td style='padding:3px 6px; font-weight:bold; background-color:#f2f2f2;'>กลุ่ม</td><td style='padding:3px 6px;'>กลุ่ม_61</td></tr></table></div>]]></description>
      <styleUrl>#style_61_007</styleUrl>
      <MultiGeometry><Polygon><outerBoundaryIs><LinearRing><coordinates>103.1427016,14.5557452,0 103.1432454,14.5557224,0 103.1428869,14.5534806,0 103.1428599,14.5534727,0 103.1427729,14.5534640,0 103.1423239,14.5535515,0 103.1427016,14.5557452,0</coordinates></LinearRing></outerBoundaryIs></Polygon></MultiGeometry>
    </Placemark>
    <Placemark>
      <name>310716111735</name>
      <description><![CDATA[<div style='font-family:Tahoma,sans-serif; font-size:13px;'><h3 style='color:#1565C0; margin:4px 0;'>รหัส: 310716111735</h3><p style='margin:2px 0;'><b>กลุ่มรถไถ:</b> 61_007</p><table border='1' style='border-collapse:collapse; border-color:#ccc; width:100%;'><tr><td style='padding:3px 6px; font-weight:bold; background-color:#f2f2f2;'>ปีการผลิต</td><td style='padding:3px 6px;'>257071</td></tr><tr><td style='padding:3px 6px; font-weight:bold; background-color:#f2f2f2;'>รหัสกลุ่มรถไถ</td><td style='padding:3px 6px;'>61/007</td></tr><tr><td style='padding:3px 6px; font-weight:bold; background-color:#f2f2f2;'>โควตาชาวไร่</td><td style='padding:3px 6px;'>760772</td></tr><tr><td style='padding:3px 6px; font-weight:bold; background-color:#f2f2f2;'>ชื่อ-นามสกุล</td><td style='padding:3px 6px;'>นาย นิด จัดรัมย์</td></tr><tr><td style='padding:3px 6px; font-weight:bold; background-color:#f2f2f2;'>111</td><td style='padding:3px 6px;'>310716111735</td></tr><tr><td style='padding:3px 6px; font-weight:bold; background-color:#f2f2f2;'>ประเภทอ้อย</td><td style='padding:3px 6px;'>อ้อยปลายฝน</td></tr><tr><td style='padding:3px 6px; font-weight:bold; background-color:#f2f2f2;'>พื้นที่ปลูก</td><td style='padding:3px 6px;'>15.2</td></tr><tr><td style='padding:3px 6px; font-weight:bold; background-color:#f2f2f2;'>ศูนย์</td><td style='padding:3px 6px;'>K2-61</td></tr><tr><td style='padding:3px 6px; font-weight:bold; background-color:#f2f2f2;'>นักเกษตร</td><td style='padding:3px 6px;'>6103</td></tr><tr><td style='padding:3px 6px; font-weight:bold; background-color:#f2f2f2;'>กลุ่ม</td><td style='padding:3px 6px;'>กลุ่ม_61</td></tr></table></div>]]></description>
      <styleUrl>#style_61_007</styleUrl>
      <MultiGeometry><Polygon><outerBoundaryIs><LinearRing><coordinates>103.1382418,14.5484821,0 103.1392232,14.5508289,0 103.1397821,14.5506678,0 103.1395643,14.5499044,0 103.1399666,14.5498158,0 103.1395003,14.5487285,0 103.1391058,14.5491028,0 103.1387998,14.5483034,0 103.1387513,14.5483137,0 103.1387758,14.5483791,0 103.1387384,14.5483906,0 103.1387031,14.5483301,0 103.1385673,14.5483789,0 103.1384023,14.5483898,0 103.1383120,14.5483671,0 103.1383074,14.5484247,0 103.1382838,14.5484503,0 103.1382418,14.5484821,0</coordinates></LinearRing></outerBoundaryIs></Polygon></MultiGeometry>
    </Placemark>
    <Placemark>
      <name>310716111788</name>
      <description><![CDATA[<div style='font-family:Tahoma,sans-serif; font-size:13px;'><h3 style='color:#1565C0; margin:4px 0;'>รหัส: 310716111788</h3><p style='margin:2px 0;'><b>กลุ่มรถไถ:</b> 61_007</p><table border='1' style='border-collapse:collapse; border-color:#ccc; width:100%;'><tr><td style='padding:3px 6px; font-weight:bold; background-color:#f2f2f2;'>ปีการผลิต</td><td style='padding:3px 6px;'>257071</td></tr><tr><td style='padding:3px 6px; font-weight:bold; background-color:#f2f2f2;'>รหัสกลุ่มรถไถ</td><td style='padding:3px 6px;'>61/007</td></tr><tr><td style='padding:3px 6px; font-weight:bold; background-color:#f2f2f2;'>โควตาชาวไร่</td><td style='padding:3px 6px;'>760772</td></tr><tr><td style='padding:3px 6px; font-weight:bold; background-color:#f2f2f2;'>ชื่อ-นามสกุล</td><td style='padding:3px 6px;'>นาย นิด จัดรัมย์</td></tr><tr><td style='padding:3px 6px; font-weight:bold; background-color:#f2f2f2;'>111</td><td style='padding:3px 6px;'>310716111788</td></tr><tr><td style='padding:3px 6px; font-weight:bold; background-color:#f2f2f2;'>ประเภทอ้อย</td><td style='padding:3px 6px;'>อ้อยปลายฝน</td></tr><tr><td style='padding:3px 6px; font-weight:bold; background-color:#f2f2f2;'>พื้นที่ปลูก</td><td style='padding:3px 6px;'>5.6</td></tr><tr><td style='padding:3px 6px; font-weight:bold; background-color:#f2f2f2;'>ศูนย์</td><td style='padding:3px 6px;'>K2-61</td></tr><tr><td style='padding:3px 6px; font-weight:bold; background-color:#f2f2f2;'>นักเกษตร</td><td style='padding:3px 6px;'>6103</td></tr><tr><td style='padding:3px 6px; font-weight:bold; background-color:#f2f2f2;'>กลุ่ม</td><td style='padding:3px 6px;'>กลุ่ม_61</td></tr></table></div>]]></description>
      <styleUrl>#style_61_007</styleUrl>
      <MultiGeometry><Polygon><outerBoundaryIs><LinearRing><coordinates>103.1421478,14.5558252,0 103.1426958,14.5557678,0 103.1426162,14.5552756,0 103.1424214,14.5553127,0 103.1424111,14.5552598,0 103.1426096,14.5552226,0 103.1424722,14.5544573,0 103.1418857,14.5546125,0 103.1419749,14.5551877,0 103.1420086,14.5552180,0 103.1421478,14.5558252,0</coordinates></LinearRing></outerBoundaryIs></Polygon></MultiGeometry>
    </Placemark>
    <Placemark>
      <name>310716111746</name>
      <description><![CDATA[<div style='font-family:Tahoma,sans-serif; font-size:13px;'><h3 style='color:#1565C0; margin:4px 0;'>รหัส: 310716111746</h3><p style='margin:2px 0;'><b>กลุ่มรถไถ:</b> 61_007</p><table border='1' style='border-collapse:collapse; border-color:#ccc; width:100%;'><tr><td style='padding:3px 6px; font-weight:bold; background-color:#f2f2f2;'>ปีการผลิต</td><td style='padding:3px 6px;'>257071</td></tr><tr><td style='padding:3px 6px; font-weight:bold; background-color:#f2f2f2;'>รหัสกลุ่มรถไถ</td><td style='padding:3px 6px;'>61/007</td></tr><tr><td style='padding:3px 6px; font-weight:bold; background-color:#f2f2f2;'>โควตาชาวไร่</td><td style='padding:3px 6px;'>760862</td></tr><tr><td style='padding:3px 6px; font-weight:bold; background-color:#f2f2f2;'>ชื่อ-นามสกุล</td><td style='padding:3px 6px;'>นาย ประเสริฐ จันครา</td></tr><tr><td style='padding:3px 6px; font-weight:bold; background-color:#f2f2f2;'>111</td><td style='padding:3px 6px;'>310716111746</td></tr><tr><td style='padding:3px 6px; font-weight:bold; background-color:#f2f2f2;'>ประเภทอ้อย</td><td style='padding:3px 6px;'>อ้อยปลายฝน</td></tr><tr><td style='padding:3px 6px; font-weight:bold; background-color:#f2f2f2;'>พื้นที่ปลูก</td><td style='padding:3px 6px;'>11.98</td></tr><tr><td style='padding:3px 6px; font-weight:bold; background-color:#f2f2f2;'>ศูนย์</td><td style='padding:3px 6px;'>K2-61</td></tr><tr><td style='padding:3px 6px; font-weight:bold; background-color:#f2f2f2;'>นักเกษตร</td><td style='padding:3px 6px;'>6103</td></tr><tr><td style='padding:3px 6px; font-weight:bold; background-color:#f2f2f2;'>กลุ่ม</td><td style='padding:3px 6px;'>กลุ่ม_61</td></tr></table></div>]]></description>
      <styleUrl>#style_61_007</styleUrl>
      <MultiGeometry><Polygon><outerBoundaryIs><LinearRing><coordinates>103.1441692,14.5621693,0 103.1441267,14.5620396,0 103.1440477,14.5615065,0 103.1437454,14.5615224,0 103.1434281,14.5614753,0 103.1431482,14.5614402,0 103.1431269,14.5614116,0 103.1427794,14.5613423,0 103.1421971,14.5613155,0 103.1421746,14.5616867,0 103.1417515,14.5622288,0 103.1441692,14.5621693,0</coordinates></LinearRing></outerBoundaryIs></Polygon></MultiGeometry>
    </Placemark>
    <Placemark>
      <name>310716021577</name>
      <description><![CDATA[<div style='font-family:Tahoma,sans-serif; font-size:13px;'><h3 style='color:#1565C0; margin:4px 0;'>รหัส: 310716021577</h3><p style='margin:2px 0;'><b>กลุ่มรถไถ:</b> 61_007</p><table border='1' style='border-collapse:collapse; border-color:#ccc; width:100%;'><tr><td style='padding:3px 6px; font-weight:bold; background-color:#f2f2f2;'>ปีการผลิต</td><td style='padding:3px 6px;'>257071</td></tr><tr><td style='padding:3px 6px; font-weight:bold; background-color:#f2f2f2;'>รหัสกลุ่มรถไถ</td><td style='padding:3px 6px;'>61/007</td></tr><tr><td style='padding:3px 6px; font-weight:bold; background-color:#f2f2f2;'>โควตาชาวไร่</td><td style='padding:3px 6px;'>761125</td></tr><tr><td style='padding:3px 6px; font-weight:bold; background-color:#f2f2f2;'>ชื่อ-นามสกุล</td><td style='padding:3px 6px;'>นาย วิศิลป์ อพรรัมย์</td></tr><tr><td style='padding:3px 6px; font-weight:bold; background-color:#f2f2f2;'>111</td><td style='padding:3px 6px;'>310716021577</td></tr><tr><td style='padding:3px 6px; font-weight:bold; background-color:#f2f2f2;'>ประเภทอ้อย</td><td style='padding:3px 6px;'>อ้อยปลายฝน</td></tr><tr><td style='padding:3px 6px; font-weight:bold; background-color:#f2f2f2;'>พื้นที่ปลูก</td><td style='padding:3px 6px;'>5.2</td></tr><tr><td style='padding:3px 6px; font-weight:bold; background-color:#f2f2f2;'>ศูนย์</td><td style='padding:3px 6px;'>K2-61</td></tr><tr><td style='padding:3px 6px; font-weight:bold; background-color:#f2f2f2;'>นักเกษตร</td><td style='padding:3px 6px;'>6103</td></tr><tr><td style='padding:3px 6px; font-weight:bold; background-color:#f2f2f2;'>กลุ่ม</td><td style='padding:3px 6px;'>กลุ่ม_61</td></tr></table></div>]]></description>
      <styleUrl>#style_61_007</styleUrl>
      <MultiGeometry><Polygon><outerBoundaryIs><LinearRing><coordinates>103.1495570,14.5725705,0 103.1496442,14.5721567,0 103.1491468,14.5721632,0 103.1489075,14.5722080,0 103.1485392,14.5723028,0 103.1481612,14.5724026,0 103.1482828,14.5728982,0 103.1495570,14.5725705,0</coordinates></LinearRing></outerBoundaryIs></Polygon></MultiGeometry>
    </Placemark>
    <Placemark>
      <name>310716031548</name>
      <description><![CDATA[<div style='font-family:Tahoma,sans-serif; font-size:13px;'><h3 style='color:#1565C0; margin:4px 0;'>รหัส: 310716031548</h3><p style='margin:2px 0;'><b>กลุ่มรถไถ:</b> 61_007</p><table border='1' style='border-collapse:collapse; border-color:#ccc; width:100%;'><tr><td style='padding:3px 6px; font-weight:bold; background-color:#f2f2f2;'>ปีการผลิต</td><td style='padding:3px 6px;'>257071</td></tr><tr><td style='padding:3px 6px; font-weight:bold; background-color:#f2f2f2;'>รหัสกลุ่มรถไถ</td><td style='padding:3px 6px;'>61/007</td></tr><tr><td style='padding:3px 6px; font-weight:bold; background-color:#f2f2f2;'>โควตาชาวไร่</td><td style='padding:3px 6px;'>761253</td></tr><tr><td style='padding:3px 6px; font-weight:bold; background-color:#f2f2f2;'>ชื่อ-นามสกุล</td><td style='padding:3px 6px;'>นาย ทอน เงางาม</td></tr><tr><td style='padding:3px 6px; font-weight:bold; background-color:#f2f2f2;'>111</td><td style='padding:3px 6px;'>310716031548</td></tr><tr><td style='padding:3px 6px; font-weight:bold; background-color:#f2f2f2;'>ประเภทอ้อย</td><td style='padding:3px 6px;'>อ้อยปลายฝน</td></tr><tr><td style='padding:3px 6px; font-weight:bold; background-color:#f2f2f2;'>พื้นที่ปลูก</td><td style='padding:3px 6px;'>4.83</td></tr><tr><td style='padding:3px 6px; font-weight:bold; background-color:#f2f2f2;'>ศูนย์</td><td style='padding:3px 6px;'>K2-61</td></tr><tr><td style='padding:3px 6px; font-weight:bold; background-color:#f2f2f2;'>นักเกษตร</td><td style='padding:3px 6px;'>6103</td></tr><tr><td style='padding:3px 6px; font-weight:bold; background-color:#f2f2f2;'>กลุ่ม</td><td style='padding:3px 6px;'>กลุ่ม_61</td></tr></table></div>]]></description>
      <styleUrl>#style_61_007</styleUrl>
      <MultiGeometry><Polygon><outerBoundaryIs><LinearRing><coordinates>103.1376367,14.5722570,0 103.1375090,14.5718654,0 103.1372835,14.5719019,0 103.1361514,14.5722643,0 103.1362885,14.5727132,0 103.1376367,14.5722570,0</coordinates></LinearRing></outerBoundaryIs></Polygon></MultiGeometry>
    </Placemark>
    <Placemark>
      <name>310716111756</name>
      <description><![CDATA[<div style='font-family:Tahoma,sans-serif; font-size:13px;'><h3 style='color:#1565C0; margin:4px 0;'>รหัส: 310716111756</h3><p style='margin:2px 0;'><b>กลุ่มรถไถ:</b> 61_007</p><table border='1' style='border-collapse:collapse; border-color:#ccc; width:100%;'><tr><td style='padding:3px 6px; font-weight:bold; background-color:#f2f2f2;'>ปีการผลิต</td><td style='padding:3px 6px;'>257071</td></tr><tr><td style='padding:3px 6px; font-weight:bold; background-color:#f2f2f2;'>รหัสกลุ่มรถไถ</td><td style='padding:3px 6px;'>61/007</td></tr><tr><td style='padding:3px 6px; font-weight:bold; background-color:#f2f2f2;'>โควตาชาวไร่</td><td style='padding:3px 6px;'>761253</td></tr><tr><td style='padding:3px 6px; font-weight:bold; background-color:#f2f2f2;'>ชื่อ-นามสกุล</td><td style='padding:3px 6px;'>นาย ทอน เงางาม</td></tr><tr><td style='padding:3px 6px; font-weight:bold; background-color:#f2f2f2;'>111</td><td style='padding:3px 6px;'>310716111756</td></tr><tr><td style='padding:3px 6px; font-weight:bold; background-color:#f2f2f2;'>ประเภทอ้อย</td><td style='padding:3px 6px;'>อ้อยปลายฝน</td></tr><tr><td style='padding:3px 6px; font-weight:bold; background-color:#f2f2f2;'>พื้นที่ปลูก</td><td style='padding:3px 6px;'>6.64</td></tr><tr><td style='padding:3px 6px; font-weight:bold; background-color:#f2f2f2;'>ศูนย์</td><td style='padding:3px 6px;'>K2-61</td></tr><tr><td style='padding:3px 6px; font-weight:bold; background-color:#f2f2f2;'>นักเกษตร</td><td style='padding:3px 6px;'>6103</td></tr><tr><td style='padding:3px 6px; font-weight:bold; background-color:#f2f2f2;'>กลุ่ม</td><td style='padding:3px 6px;'>กลุ่ม_61</td></tr></table></div>]]></description>
      <styleUrl>#style_61_007</styleUrl>
      <MultiGeometry><Polygon><outerBoundaryIs><LinearRing><coordinates>103.1446235,14.5583328,0 103.1450750,14.5583230,0 103.1449438,14.5561011,0 103.1446037,14.5560698,0 103.1446235,14.5583328,0</coordinates></LinearRing></outerBoundaryIs></Polygon></MultiGeometry>
    </Placemark>
    <Placemark>
      <name>310716011716</name>
      <description><![CDATA[<div style='font-family:Tahoma,sans-serif; font-size:13px;'><h3 style='color:#1565C0; margin:4px 0;'>รหัส: 310716011716</h3><p style='margin:2px 0;'><b>กลุ่มรถไถ:</b> 61_007</p><table border='1' style='border-collapse:collapse; border-color:#ccc; width:100%;'><tr><td style='padding:3px 6px; font-weight:bold; background-color:#f2f2f2;'>ปีการผลิต</td><td style='padding:3px 6px;'>257071</td></tr><tr><td style='padding:3px 6px; font-weight:bold; background-color:#f2f2f2;'>รหัสกลุ่มรถไถ</td><td style='padding:3px 6px;'>61/007</td></tr><tr><td style='padding:3px 6px; font-weight:bold; background-color:#f2f2f2;'>โควตาชาวไร่</td><td style='padding:3px 6px;'>769172</td></tr><tr><td style='padding:3px 6px; font-weight:bold; background-color:#f2f2f2;'>ชื่อ-นามสกุล</td><td style='padding:3px 6px;'>นาย ทองคำ ทองแม้น</td></tr><tr><td style='padding:3px 6px; font-weight:bold; background-color:#f2f2f2;'>111</td><td style='padding:3px 6px;'>310716011716</td></tr><tr><td style='padding:3px 6px; font-weight:bold; background-color:#f2f2f2;'>ประเภทอ้อย</td><td style='padding:3px 6px;'>อ้อยปลายฝน</td></tr><tr><td style='padding:3px 6px; font-weight:bold; background-color:#f2f2f2;'>พื้นที่ปลูก</td><td style='padding:3px 6px;'>10.39</td></tr><tr><td style='padding:3px 6px; font-weight:bold; background-color:#f2f2f2;'>ศูนย์</td><td style='padding:3px 6px;'>K2-61</td></tr><tr><td style='padding:3px 6px; font-weight:bold; background-color:#f2f2f2;'>นักเกษตร</td><td style='padding:3px 6px;'>6103</td></tr><tr><td style='padding:3px 6px; font-weight:bold; background-color:#f2f2f2;'>กลุ่ม</td><td style='padding:3px 6px;'>กลุ่ม_61</td></tr></table></div>]]></description>
      <styleUrl>#style_61_007</styleUrl>
      <MultiGeometry><Polygon><outerBoundaryIs><LinearRing><coordinates>103.1290022,14.5418014,0 103.1289487,14.5414344,0 103.1253554,14.5417553,0 103.1253468,14.5421503,0 103.1290022,14.5418014,0</coordinates></LinearRing></outerBoundaryIs></Polygon></MultiGeometry>
    </Placemark>
  </Folder>
  <Style id="style_61_008">
    <LineStyle>
      <color>ff414C6D</color>
      <width>2.0</width>
    </LineStyle>
    <PolyStyle>
      <color>b3414C6D</color>
    </PolyStyle>
  </Style>
  <Folder>
    <name>61_008</name>
    <Placemark>
      <name>310705100031</name>
      <description><![CDATA[<div style='font-family:Tahoma,sans-serif; font-size:13px;'><h3 style='color:#1565C0; margin:4px 0;'>รหัส: 310705100031</h3><p style='margin:2px 0;'><b>กลุ่มรถไถ:</b> 61_008</p><table border='1' style='border-collapse:collapse; border-color:#ccc; width:100%;'><tr><td style='padding:3px 6px; font-weight:bold; background-color:#f2f2f2;'>ปีการผลิต</td><td style='padding:3px 6px;'>257071</td></tr><tr><td style='padding:3px 6px; font-weight:bold; background-color:#f2f2f2;'>รหัสกลุ่มรถไถ</td><td style='padding:3px 6px;'>61/008</td></tr><tr><td style='padding:3px 6px; font-weight:bold; background-color:#f2f2f2;'>โควตาชาวไร่</td><td style='padding:3px 6px;'>761798</td></tr><tr><td style='padding:3px 6px; font-weight:bold; background-color:#f2f2f2;'>ชื่อ-นามสกุล</td><td style='padding:3px 6px;'>นางสาว ภณิตา บุญสุข</td></tr><tr><td style='padding:3px 6px; font-weight:bold; background-color:#f2f2f2;'>111</td><td style='padding:3px 6px;'>310705100031</td></tr><tr><td style='padding:3px 6px; font-weight:bold; background-color:#f2f2f2;'>ประเภทอ้อย</td><td style='padding:3px 6px;'>อ้อยปลายฝน</td></tr><tr><td style='padding:3px 6px; font-weight:bold; background-color:#f2f2f2;'>พื้นที่ปลูก</td><td style='padding:3px 6px;'>33.15</td></tr><tr><td style='padding:3px 6px; font-weight:bold; background-color:#f2f2f2;'>ศูนย์</td><td style='padding:3px 6px;'>K2-61</td></tr><tr><td style='padding:3px 6px; font-weight:bold; background-color:#f2f2f2;'>นักเกษตร</td><td style='padding:3px 6px;'>6104</td></tr><tr><td style='padding:3px 6px; font-weight:bold; background-color:#f2f2f2;'>กลุ่ม</td><td style='padding:3px 6px;'>กลุ่ม_61</td></tr></table></div>]]></description>
      <styleUrl>#style_61_008</styleUrl>
      <MultiGeometry><Polygon><outerBoundaryIs><LinearRing><coordinates>103.1659149,14.5873180,0 103.1658792,14.5876256,0 103.1658028,14.5876594,0 103.1656627,14.5876901,0 103.1655468,14.5877552,0 103.1654618,14.5878464,0 103.1652637,14.5878595,0 103.1653281,14.5887474,0 103.1677210,14.5883822,0 103.1677335,14.5881720,0 103.1683431,14.5880519,0 103.1687300,14.5879453,0 103.1687401,14.5876678,0 103.1688072,14.5876528,0 103.1687795,14.5874838,0 103.1687533,14.5871583,0 103.1693911,14.5870260,0 103.1693822,14.5867314,0 103.1659149,14.5873180,0</coordinates></LinearRing></outerBoundaryIs></Polygon></MultiGeometry>
    </Placemark>
    <Placemark>
      <name>310713021649</name>
      <description><![CDATA[<div style='font-family:Tahoma,sans-serif; font-size:13px;'><h3 style='color:#1565C0; margin:4px 0;'>รหัส: 310713021649</h3><p style='margin:2px 0;'><b>กลุ่มรถไถ:</b> 61_008</p><table border='1' style='border-collapse:collapse; border-color:#ccc; width:100%;'><tr><td style='padding:3px 6px; font-weight:bold; background-color:#f2f2f2;'>ปีการผลิต</td><td style='padding:3px 6px;'>257071</td></tr><tr><td style='padding:3px 6px; font-weight:bold; background-color:#f2f2f2;'>รหัสกลุ่มรถไถ</td><td style='padding:3px 6px;'>61/008</td></tr><tr><td style='padding:3px 6px; font-weight:bold; background-color:#f2f2f2;'>โควตาชาวไร่</td><td style='padding:3px 6px;'>761798</td></tr><tr><td style='padding:3px 6px; font-weight:bold; background-color:#f2f2f2;'>ชื่อ-นามสกุล</td><td style='padding:3px 6px;'>นางสาว ภณิตา บุญสุข</td></tr><tr><td style='padding:3px 6px; font-weight:bold; background-color:#f2f2f2;'>111</td><td style='padding:3px 6px;'>310713021649</td></tr><tr><td style='padding:3px 6px; font-weight:bold; background-color:#f2f2f2;'>ประเภทอ้อย</td><td style='padding:3px 6px;'>อ้อยปลายฝน</td></tr><tr><td style='padding:3px 6px; font-weight:bold; background-color:#f2f2f2;'>พื้นที่ปลูก</td><td style='padding:3px 6px;'>12.43</td></tr><tr><td style='padding:3px 6px; font-weight:bold; background-color:#f2f2f2;'>ศูนย์</td><td style='padding:3px 6px;'>K2-61</td></tr><tr><td style='padding:3px 6px; font-weight:bold; background-color:#f2f2f2;'>นักเกษตร</td><td style='padding:3px 6px;'>6104</td></tr><tr><td style='padding:3px 6px; font-weight:bold; background-color:#f2f2f2;'>กลุ่ม</td><td style='padding:3px 6px;'>กลุ่ม_61</td></tr></table></div>]]></description>
      <styleUrl>#style_61_008</styleUrl>
      <MultiGeometry><Polygon><outerBoundaryIs><LinearRing><coordinates>103.1575433,14.6177050,0 103.1574633,14.6189483,0 103.1586717,14.6191733,0 103.1588317,14.6176683,0 103.1586783,14.6176500,0 103.1586767,14.6176667,0 103.1585350,14.6176750,0 103.1584933,14.6177833,0 103.1581317,14.6177617,0 103.1581233,14.6177983,0 103.1575433,14.6177050,0</coordinates></LinearRing></outerBoundaryIs></Polygon></MultiGeometry>
    </Placemark>
  </Folder>
  <Style id="style_61_009">
    <LineStyle>
      <color>ff7A6E54</color>
      <width>2.0</width>
    </LineStyle>
    <PolyStyle>
      <color>b37A6E54</color>
    </PolyStyle>
  </Style>
  <Folder>
    <name>61_009</name>
    <Placemark>
      <name>311501021501</name>
      <description><![CDATA[<div style='font-family:Tahoma,sans-serif; font-size:13px;'><h3 style='color:#1565C0; margin:4px 0;'>รหัส: 311501021501</h3><p style='margin:2px 0;'><b>กลุ่มรถไถ:</b> 61_009</p><table border='1' style='border-collapse:collapse; border-color:#ccc; width:100%;'><tr><td style='padding:3px 6px; font-weight:bold; background-color:#f2f2f2;'>ปีการผลิต</td><td style='padding:3px 6px;'>257071</td></tr><tr><td style='padding:3px 6px; font-weight:bold; background-color:#f2f2f2;'>รหัสกลุ่มรถไถ</td><td style='padding:3px 6px;'>61/009</td></tr><tr><td style='padding:3px 6px; font-weight:bold; background-color:#f2f2f2;'>โควตาชาวไร่</td><td style='padding:3px 6px;'>760292</td></tr><tr><td style='padding:3px 6px; font-weight:bold; background-color:#f2f2f2;'>ชื่อ-นามสกุล</td><td style='padding:3px 6px;'>นาย สมจิตร บุตรศรี</td></tr><tr><td style='padding:3px 6px; font-weight:bold; background-color:#f2f2f2;'>111</td><td style='padding:3px 6px;'>311501021501</td></tr><tr><td style='padding:3px 6px; font-weight:bold; background-color:#f2f2f2;'>ประเภทอ้อย</td><td style='padding:3px 6px;'>อ้อยปลายฝน</td></tr><tr><td style='padding:3px 6px; font-weight:bold; background-color:#f2f2f2;'>พื้นที่ปลูก</td><td style='padding:3px 6px;'>5.57</td></tr><tr><td style='padding:3px 6px; font-weight:bold; background-color:#f2f2f2;'>ศูนย์</td><td style='padding:3px 6px;'>K2-61</td></tr><tr><td style='padding:3px 6px; font-weight:bold; background-color:#f2f2f2;'>นักเกษตร</td><td style='padding:3px 6px;'>6101</td></tr><tr><td style='padding:3px 6px; font-weight:bold; background-color:#f2f2f2;'>กลุ่ม</td><td style='padding:3px 6px;'>กลุ่ม_61</td></tr></table></div>]]></description>
      <styleUrl>#style_61_009</styleUrl>
      <MultiGeometry><Polygon><outerBoundaryIs><LinearRing><coordinates>103.1339204,14.6770424,0 103.1336396,14.6772239,0 103.1335914,14.6770638,0 103.1335535,14.6770550,0 103.1333237,14.6786448,0 103.1338832,14.6787627,0 103.1339204,14.6770424,0</coordinates></LinearRing></outerBoundaryIs></Polygon></MultiGeometry>
    </Placemark>
    <Placemark>
      <name>311501041550</name>
      <description><![CDATA[<div style='font-family:Tahoma,sans-serif; font-size:13px;'><h3 style='color:#1565C0; margin:4px 0;'>รหัส: 311501041550</h3><p style='margin:2px 0;'><b>กลุ่มรถไถ:</b> 61_009</p><table border='1' style='border-collapse:collapse; border-color:#ccc; width:100%;'><tr><td style='padding:3px 6px; font-weight:bold; background-color:#f2f2f2;'>ปีการผลิต</td><td style='padding:3px 6px;'>257071</td></tr><tr><td style='padding:3px 6px; font-weight:bold; background-color:#f2f2f2;'>รหัสกลุ่มรถไถ</td><td style='padding:3px 6px;'>61/009</td></tr><tr><td style='padding:3px 6px; font-weight:bold; background-color:#f2f2f2;'>โควตาชาวไร่</td><td style='padding:3px 6px;'>760850</td></tr><tr><td style='padding:3px 6px; font-weight:bold; background-color:#f2f2f2;'>ชื่อ-นามสกุล</td><td style='padding:3px 6px;'>นาย ประสิทธิ์ ศิลาลาย</td></tr><tr><td style='padding:3px 6px; font-weight:bold; background-color:#f2f2f2;'>111</td><td style='padding:3px 6px;'>311501041550</td></tr><tr><td style='padding:3px 6px; font-weight:bold; background-color:#f2f2f2;'>ประเภทอ้อย</td><td style='padding:3px 6px;'>อ้อยปลายฝน</td></tr><tr><td style='padding:3px 6px; font-weight:bold; background-color:#f2f2f2;'>พื้นที่ปลูก</td><td style='padding:3px 6px;'>9.65</td></tr><tr><td style='padding:3px 6px; font-weight:bold; background-color:#f2f2f2;'>ศูนย์</td><td style='padding:3px 6px;'>K2-61</td></tr><tr><td style='padding:3px 6px; font-weight:bold; background-color:#f2f2f2;'>นักเกษตร</td><td style='padding:3px 6px;'>6101</td></tr><tr><td style='padding:3px 6px; font-weight:bold; background-color:#f2f2f2;'>กลุ่ม</td><td style='padding:3px 6px;'>กลุ่ม_61</td></tr></table></div>]]></description>
      <styleUrl>#style_61_009</styleUrl>
      <MultiGeometry><Polygon><outerBoundaryIs><LinearRing><coordinates>103.1320390,14.6613053,0 103.1318270,14.6612802,0 103.1315526,14.6611539,0 103.1312350,14.6611026,0 103.1312407,14.6612982,0 103.1310569,14.6627813,0 103.1315114,14.6628208,0 103.1319374,14.6627993,0 103.1319115,14.6621290,0 103.1320390,14.6613053,0</coordinates></LinearRing></outerBoundaryIs></Polygon></MultiGeometry>
    </Placemark>
    <Placemark>
      <name>311501101673</name>
      <description><![CDATA[<div style='font-family:Tahoma,sans-serif; font-size:13px;'><h3 style='color:#1565C0; margin:4px 0;'>รหัส: 311501101673</h3><p style='margin:2px 0;'><b>กลุ่มรถไถ:</b> 61_009</p><table border='1' style='border-collapse:collapse; border-color:#ccc; width:100%;'><tr><td style='padding:3px 6px; font-weight:bold; background-color:#f2f2f2;'>ปีการผลิต</td><td style='padding:3px 6px;'>257071</td></tr><tr><td style='padding:3px 6px; font-weight:bold; background-color:#f2f2f2;'>รหัสกลุ่มรถไถ</td><td style='padding:3px 6px;'>61/009</td></tr><tr><td style='padding:3px 6px; font-weight:bold; background-color:#f2f2f2;'>โควตาชาวไร่</td><td style='padding:3px 6px;'>760879</td></tr><tr><td style='padding:3px 6px; font-weight:bold; background-color:#f2f2f2;'>ชื่อ-นามสกุล</td><td style='padding:3px 6px;'>นาย ชาตรี แจ่มใส</td></tr><tr><td style='padding:3px 6px; font-weight:bold; background-color:#f2f2f2;'>111</td><td style='padding:3px 6px;'>311501101673</td></tr><tr><td style='padding:3px 6px; font-weight:bold; background-color:#f2f2f2;'>ประเภทอ้อย</td><td style='padding:3px 6px;'>อ้อยปลายฝน</td></tr><tr><td style='padding:3px 6px; font-weight:bold; background-color:#f2f2f2;'>พื้นที่ปลูก</td><td style='padding:3px 6px;'>26.44</td></tr><tr><td style='padding:3px 6px; font-weight:bold; background-color:#f2f2f2;'>ศูนย์</td><td style='padding:3px 6px;'>K2-61</td></tr><tr><td style='padding:3px 6px; font-weight:bold; background-color:#f2f2f2;'>นักเกษตร</td><td style='padding:3px 6px;'>6101</td></tr><tr><td style='padding:3px 6px; font-weight:bold; background-color:#f2f2f2;'>กลุ่ม</td><td style='padding:3px 6px;'>กลุ่ม_61</td></tr></table></div>]]></description>
      <styleUrl>#style_61_009</styleUrl>
      <MultiGeometry><Polygon><outerBoundaryIs><LinearRing><coordinates>103.1164168,14.6760472,0 103.1162747,14.6772122,0 103.1180279,14.6775614,0 103.1180363,14.6775744,0 103.1182424,14.6772965,0 103.1183777,14.6771085,0 103.1183789,14.6771056,0 103.1198044,14.6774591,0 103.1201811,14.6770086,0 103.1203327,14.6768257,0 103.1164168,14.6760472,0</coordinates></LinearRing></outerBoundaryIs></Polygon></MultiGeometry>
    </Placemark>
    <Placemark>
      <name>311501101697</name>
      <description><![CDATA[<div style='font-family:Tahoma,sans-serif; font-size:13px;'><h3 style='color:#1565C0; margin:4px 0;'>รหัส: 311501101697</h3><p style='margin:2px 0;'><b>กลุ่มรถไถ:</b> 61_009</p><table border='1' style='border-collapse:collapse; border-color:#ccc; width:100%;'><tr><td style='padding:3px 6px; font-weight:bold; background-color:#f2f2f2;'>ปีการผลิต</td><td style='padding:3px 6px;'>257071</td></tr><tr><td style='padding:3px 6px; font-weight:bold; background-color:#f2f2f2;'>รหัสกลุ่มรถไถ</td><td style='padding:3px 6px;'>61/009</td></tr><tr><td style='padding:3px 6px; font-weight:bold; background-color:#f2f2f2;'>โควตาชาวไร่</td><td style='padding:3px 6px;'>761159</td></tr><tr><td style='padding:3px 6px; font-weight:bold; background-color:#f2f2f2;'>ชื่อ-นามสกุล</td><td style='padding:3px 6px;'>นาย ทรงวุฒิ หล่าเพีย</td></tr><tr><td style='padding:3px 6px; font-weight:bold; background-color:#f2f2f2;'>111</td><td style='padding:3px 6px;'>311501101697</td></tr><tr><td style='padding:3px 6px; font-weight:bold; background-color:#f2f2f2;'>ประเภทอ้อย</td><td style='padding:3px 6px;'>อ้อยปลายฝน</td></tr><tr><td style='padding:3px 6px; font-weight:bold; background-color:#f2f2f2;'>พื้นที่ปลูก</td><td style='padding:3px 6px;'>11.53</td></tr><tr><td style='padding:3px 6px; font-weight:bold; background-color:#f2f2f2;'>ศูนย์</td><td style='padding:3px 6px;'>K2-61</td></tr><tr><td style='padding:3px 6px; font-weight:bold; background-color:#f2f2f2;'>นักเกษตร</td><td style='padding:3px 6px;'>6107</td></tr><tr><td style='padding:3px 6px; font-weight:bold; background-color:#f2f2f2;'>กลุ่ม</td><td style='padding:3px 6px;'>กลุ่ม_61</td></tr></table></div>]]></description>
      <styleUrl>#style_61_009</styleUrl>
      <MultiGeometry><Polygon><outerBoundaryIs><LinearRing><coordinates>103.1274159,14.6925717,0 103.1280656,14.6926902,0 103.1284329,14.6904357,0 103.1277444,14.6903343,0 103.1274159,14.6925717,0</coordinates></LinearRing></outerBoundaryIs></Polygon></MultiGeometry>
    </Placemark>
    <Placemark>
      <name>311501021773</name>
      <description><![CDATA[<div style='font-family:Tahoma,sans-serif; font-size:13px;'><h3 style='color:#1565C0; margin:4px 0;'>รหัส: 311501021773</h3><p style='margin:2px 0;'><b>กลุ่มรถไถ:</b> 61_009</p><table border='1' style='border-collapse:collapse; border-color:#ccc; width:100%;'><tr><td style='padding:3px 6px; font-weight:bold; background-color:#f2f2f2;'>ปีการผลิต</td><td style='padding:3px 6px;'>257071</td></tr><tr><td style='padding:3px 6px; font-weight:bold; background-color:#f2f2f2;'>รหัสกลุ่มรถไถ</td><td style='padding:3px 6px;'>61/009</td></tr><tr><td style='padding:3px 6px; font-weight:bold; background-color:#f2f2f2;'>โควตาชาวไร่</td><td style='padding:3px 6px;'>761406</td></tr><tr><td style='padding:3px 6px; font-weight:bold; background-color:#f2f2f2;'>ชื่อ-นามสกุล</td><td style='padding:3px 6px;'>นาย ราด ไสนะรา</td></tr><tr><td style='padding:3px 6px; font-weight:bold; background-color:#f2f2f2;'>111</td><td style='padding:3px 6px;'>311501021773</td></tr><tr><td style='padding:3px 6px; font-weight:bold; background-color:#f2f2f2;'>ประเภทอ้อย</td><td style='padding:3px 6px;'>อ้อยปลายฝน</td></tr><tr><td style='padding:3px 6px; font-weight:bold; background-color:#f2f2f2;'>พื้นที่ปลูก</td><td style='padding:3px 6px;'>6.55</td></tr><tr><td style='padding:3px 6px; font-weight:bold; background-color:#f2f2f2;'>ศูนย์</td><td style='padding:3px 6px;'>K2-61</td></tr><tr><td style='padding:3px 6px; font-weight:bold; background-color:#f2f2f2;'>นักเกษตร</td><td style='padding:3px 6px;'>6101</td></tr><tr><td style='padding:3px 6px; font-weight:bold; background-color:#f2f2f2;'>กลุ่ม</td><td style='padding:3px 6px;'>กลุ่ม_61</td></tr></table></div>]]></description>
      <styleUrl>#style_61_009</styleUrl>
      <MultiGeometry><Polygon><outerBoundaryIs><LinearRing><coordinates>103.1367668,14.6672439,0 103.1372493,14.6656280,0 103.1367449,14.6654943,0 103.1362664,14.6671383,0 103.1367668,14.6672439,0</coordinates></LinearRing></outerBoundaryIs></Polygon></MultiGeometry>
    </Placemark>
    <Placemark>
      <name>311501091679</name>
      <description><![CDATA[<div style='font-family:Tahoma,sans-serif; font-size:13px;'><h3 style='color:#1565C0; margin:4px 0;'>รหัส: 311501091679</h3><p style='margin:2px 0;'><b>กลุ่มรถไถ:</b> 61_009</p><table border='1' style='border-collapse:collapse; border-color:#ccc; width:100%;'><tr><td style='padding:3px 6px; font-weight:bold; background-color:#f2f2f2;'>ปีการผลิต</td><td style='padding:3px 6px;'>257071</td></tr><tr><td style='padding:3px 6px; font-weight:bold; background-color:#f2f2f2;'>รหัสกลุ่มรถไถ</td><td style='padding:3px 6px;'>61/009</td></tr><tr><td style='padding:3px 6px; font-weight:bold; background-color:#f2f2f2;'>โควตาชาวไร่</td><td style='padding:3px 6px;'>761406</td></tr><tr><td style='padding:3px 6px; font-weight:bold; background-color:#f2f2f2;'>ชื่อ-นามสกุล</td><td style='padding:3px 6px;'>นาย ราด ไสนะรา</td></tr><tr><td style='padding:3px 6px; font-weight:bold; background-color:#f2f2f2;'>111</td><td style='padding:3px 6px;'>311501091679</td></tr><tr><td style='padding:3px 6px; font-weight:bold; background-color:#f2f2f2;'>ประเภทอ้อย</td><td style='padding:3px 6px;'>อ้อยปลายฝน</td></tr><tr><td style='padding:3px 6px; font-weight:bold; background-color:#f2f2f2;'>พื้นที่ปลูก</td><td style='padding:3px 6px;'>8.29</td></tr><tr><td style='padding:3px 6px; font-weight:bold; background-color:#f2f2f2;'>ศูนย์</td><td style='padding:3px 6px;'>K2-61</td></tr><tr><td style='padding:3px 6px; font-weight:bold; background-color:#f2f2f2;'>นักเกษตร</td><td style='padding:3px 6px;'>6101</td></tr><tr><td style='padding:3px 6px; font-weight:bold; background-color:#f2f2f2;'>กลุ่ม</td><td style='padding:3px 6px;'>กลุ่ม_61</td></tr></table></div>]]></description>
      <styleUrl>#style_61_009</styleUrl>
      <MultiGeometry><Polygon><outerBoundaryIs><LinearRing><coordinates>103.1459663,14.6621120,0 103.1462170,14.6621553,0 103.1473581,14.6576001,0 103.1472435,14.6576046,0 103.1472304,14.6576718,0 103.1471795,14.6576827,0 103.1467203,14.6590878,0 103.1459663,14.6621120,0</coordinates></LinearRing></outerBoundaryIs></Polygon></MultiGeometry>
    </Placemark>
    <Placemark>
      <name>311501021543</name>
      <description><![CDATA[<div style='font-family:Tahoma,sans-serif; font-size:13px;'><h3 style='color:#1565C0; margin:4px 0;'>รหัส: 311501021543</h3><p style='margin:2px 0;'><b>กลุ่มรถไถ:</b> 61_009</p><table border='1' style='border-collapse:collapse; border-color:#ccc; width:100%;'><tr><td style='padding:3px 6px; font-weight:bold; background-color:#f2f2f2;'>ปีการผลิต</td><td style='padding:3px 6px;'>257071</td></tr><tr><td style='padding:3px 6px; font-weight:bold; background-color:#f2f2f2;'>รหัสกลุ่มรถไถ</td><td style='padding:3px 6px;'>61/009</td></tr><tr><td style='padding:3px 6px; font-weight:bold; background-color:#f2f2f2;'>โควตาชาวไร่</td><td style='padding:3px 6px;'>761574</td></tr><tr><td style='padding:3px 6px; font-weight:bold; background-color:#f2f2f2;'>ชื่อ-นามสกุล</td><td style='padding:3px 6px;'>นาย ธีรศักดิ์ ดีตลอด</td></tr><tr><td style='padding:3px 6px; font-weight:bold; background-color:#f2f2f2;'>111</td><td style='padding:3px 6px;'>311501021543</td></tr><tr><td style='padding:3px 6px; font-weight:bold; background-color:#f2f2f2;'>ประเภทอ้อย</td><td style='padding:3px 6px;'>อ้อยปลายฝน</td></tr><tr><td style='padding:3px 6px; font-weight:bold; background-color:#f2f2f2;'>พื้นที่ปลูก</td><td style='padding:3px 6px;'>10.09</td></tr><tr><td style='padding:3px 6px; font-weight:bold; background-color:#f2f2f2;'>ศูนย์</td><td style='padding:3px 6px;'>K2-61</td></tr><tr><td style='padding:3px 6px; font-weight:bold; background-color:#f2f2f2;'>นักเกษตร</td><td style='padding:3px 6px;'>6101</td></tr><tr><td style='padding:3px 6px; font-weight:bold; background-color:#f2f2f2;'>กลุ่ม</td><td style='padding:3px 6px;'>กลุ่ม_61</td></tr></table></div>]]></description>
      <styleUrl>#style_61_009</styleUrl>
      <MultiGeometry><Polygon><outerBoundaryIs><LinearRing><coordinates>103.1463670,14.6697121,0 103.1459572,14.6696714,0 103.1456002,14.6696948,0 103.1453649,14.6713230,0 103.1462161,14.6713723,0 103.1463670,14.6697121,0</coordinates></LinearRing></outerBoundaryIs></Polygon></MultiGeometry>
    </Placemark>
    <Placemark>
      <name>311501021557</name>
      <description><![CDATA[<div style='font-family:Tahoma,sans-serif; font-size:13px;'><h3 style='color:#1565C0; margin:4px 0;'>รหัส: 311501021557</h3><p style='margin:2px 0;'><b>กลุ่มรถไถ:</b> 61_009</p><table border='1' style='border-collapse:collapse; border-color:#ccc; width:100%;'><tr><td style='padding:3px 6px; font-weight:bold; background-color:#f2f2f2;'>ปีการผลิต</td><td style='padding:3px 6px;'>257071</td></tr><tr><td style='padding:3px 6px; font-weight:bold; background-color:#f2f2f2;'>รหัสกลุ่มรถไถ</td><td style='padding:3px 6px;'>61/009</td></tr><tr><td style='padding:3px 6px; font-weight:bold; background-color:#f2f2f2;'>โควตาชาวไร่</td><td style='padding:3px 6px;'>761574</td></tr><tr><td style='padding:3px 6px; font-weight:bold; background-color:#f2f2f2;'>ชื่อ-นามสกุล</td><td style='padding:3px 6px;'>นาย ธีรศักดิ์ ดีตลอด</td></tr><tr><td style='padding:3px 6px; font-weight:bold; background-color:#f2f2f2;'>111</td><td style='padding:3px 6px;'>311501021557</td></tr><tr><td style='padding:3px 6px; font-weight:bold; background-color:#f2f2f2;'>ประเภทอ้อย</td><td style='padding:3px 6px;'>อ้อยปลายฝน</td></tr><tr><td style='padding:3px 6px; font-weight:bold; background-color:#f2f2f2;'>พื้นที่ปลูก</td><td style='padding:3px 6px;'>14.89</td></tr><tr><td style='padding:3px 6px; font-weight:bold; background-color:#f2f2f2;'>ศูนย์</td><td style='padding:3px 6px;'>K2-61</td></tr><tr><td style='padding:3px 6px; font-weight:bold; background-color:#f2f2f2;'>นักเกษตร</td><td style='padding:3px 6px;'>6101</td></tr><tr><td style='padding:3px 6px; font-weight:bold; background-color:#f2f2f2;'>กลุ่ม</td><td style='padding:3px 6px;'>กลุ่ม_61</td></tr></table></div>]]></description>
      <styleUrl>#style_61_009</styleUrl>
      <MultiGeometry><Polygon><outerBoundaryIs><LinearRing><coordinates>103.1490559,14.6625669,0 103.1494358,14.6626044,0 103.1497126,14.6593142,0 103.1495224,14.6592373,0 103.1494067,14.6595330,0 103.1492254,14.6595034,0 103.1492408,14.6593208,0 103.1488542,14.6592851,0 103.1490559,14.6625669,0</coordinates></LinearRing></outerBoundaryIs></Polygon></MultiGeometry>
    </Placemark>
    <Placemark>
      <name>311501021515</name>
      <description><![CDATA[<div style='font-family:Tahoma,sans-serif; font-size:13px;'><h3 style='color:#1565C0; margin:4px 0;'>รหัส: 311501021515</h3><p style='margin:2px 0;'><b>กลุ่มรถไถ:</b> 61_009</p><table border='1' style='border-collapse:collapse; border-color:#ccc; width:100%;'><tr><td style='padding:3px 6px; font-weight:bold; background-color:#f2f2f2;'>ปีการผลิต</td><td style='padding:3px 6px;'>257071</td></tr><tr><td style='padding:3px 6px; font-weight:bold; background-color:#f2f2f2;'>รหัสกลุ่มรถไถ</td><td style='padding:3px 6px;'>61/009</td></tr><tr><td style='padding:3px 6px; font-weight:bold; background-color:#f2f2f2;'>โควตาชาวไร่</td><td style='padding:3px 6px;'>761652</td></tr><tr><td style='padding:3px 6px; font-weight:bold; background-color:#f2f2f2;'>ชื่อ-นามสกุล</td><td style='padding:3px 6px;'>นาย สมหมาย บุญปัญญา</td></tr><tr><td style='padding:3px 6px; font-weight:bold; background-color:#f2f2f2;'>111</td><td style='padding:3px 6px;'>311501021515</td></tr><tr><td style='padding:3px 6px; font-weight:bold; background-color:#f2f2f2;'>ประเภทอ้อย</td><td style='padding:3px 6px;'>อ้อยปลายฝน</td></tr><tr><td style='padding:3px 6px; font-weight:bold; background-color:#f2f2f2;'>พื้นที่ปลูก</td><td style='padding:3px 6px;'>6.05</td></tr><tr><td style='padding:3px 6px; font-weight:bold; background-color:#f2f2f2;'>ศูนย์</td><td style='padding:3px 6px;'>K2-61</td></tr><tr><td style='padding:3px 6px; font-weight:bold; background-color:#f2f2f2;'>นักเกษตร</td><td style='padding:3px 6px;'>6101</td></tr><tr><td style='padding:3px 6px; font-weight:bold; background-color:#f2f2f2;'>กลุ่ม</td><td style='padding:3px 6px;'>กลุ่ม_61</td></tr></table></div>]]></description>
      <styleUrl>#style_61_009</styleUrl>
      <MultiGeometry><Polygon><outerBoundaryIs><LinearRing><coordinates>103.1287966,14.6706634,0 103.1304419,14.6713521,0 103.1305998,14.6708366,0 103.1302717,14.6707605,0 103.1298040,14.6705698,0 103.1292593,14.6702773,0 103.1287966,14.6706634,0</coordinates></LinearRing></outerBoundaryIs></Polygon></MultiGeometry>
    </Placemark>
    <Placemark>
      <name>311501021516</name>
      <description><![CDATA[<div style='font-family:Tahoma,sans-serif; font-size:13px;'><h3 style='color:#1565C0; margin:4px 0;'>รหัส: 311501021516</h3><p style='margin:2px 0;'><b>กลุ่มรถไถ:</b> 61_009</p><table border='1' style='border-collapse:collapse; border-color:#ccc; width:100%;'><tr><td style='padding:3px 6px; font-weight:bold; background-color:#f2f2f2;'>ปีการผลิต</td><td style='padding:3px 6px;'>257071</td></tr><tr><td style='padding:3px 6px; font-weight:bold; background-color:#f2f2f2;'>รหัสกลุ่มรถไถ</td><td style='padding:3px 6px;'>61/009</td></tr><tr><td style='padding:3px 6px; font-weight:bold; background-color:#f2f2f2;'>โควตาชาวไร่</td><td style='padding:3px 6px;'>761652</td></tr><tr><td style='padding:3px 6px; font-weight:bold; background-color:#f2f2f2;'>ชื่อ-นามสกุล</td><td style='padding:3px 6px;'>นาย สมหมาย บุญปัญญา</td></tr><tr><td style='padding:3px 6px; font-weight:bold; background-color:#f2f2f2;'>111</td><td style='padding:3px 6px;'>311501021516</td></tr><tr><td style='padding:3px 6px; font-weight:bold; background-color:#f2f2f2;'>ประเภทอ้อย</td><td style='padding:3px 6px;'>อ้อยปลายฝน</td></tr><tr><td style='padding:3px 6px; font-weight:bold; background-color:#f2f2f2;'>พื้นที่ปลูก</td><td style='padding:3px 6px;'>11.41</td></tr><tr><td style='padding:3px 6px; font-weight:bold; background-color:#f2f2f2;'>ศูนย์</td><td style='padding:3px 6px;'>K2-61</td></tr><tr><td style='padding:3px 6px; font-weight:bold; background-color:#f2f2f2;'>นักเกษตร</td><td style='padding:3px 6px;'>6101</td></tr><tr><td style='padding:3px 6px; font-weight:bold; background-color:#f2f2f2;'>กลุ่ม</td><td style='padding:3px 6px;'>กลุ่ม_61</td></tr></table></div>]]></description>
      <styleUrl>#style_61_009</styleUrl>
      <MultiGeometry><Polygon><outerBoundaryIs><LinearRing><coordinates>103.1372719,14.7082604,0 103.1368734,14.7102858,0 103.1374817,14.7103439,0 103.1381445,14.7083676,0 103.1372719,14.7082604,0</coordinates></LinearRing></outerBoundaryIs></Polygon></MultiGeometry>
    </Placemark>
    <Placemark>
      <name>311501021560</name>
      <description><![CDATA[<div style='font-family:Tahoma,sans-serif; font-size:13px;'><h3 style='color:#1565C0; margin:4px 0;'>รหัส: 311501021560</h3><p style='margin:2px 0;'><b>กลุ่มรถไถ:</b> 61_009</p><table border='1' style='border-collapse:collapse; border-color:#ccc; width:100%;'><tr><td style='padding:3px 6px; font-weight:bold; background-color:#f2f2f2;'>ปีการผลิต</td><td style='padding:3px 6px;'>257071</td></tr><tr><td style='padding:3px 6px; font-weight:bold; background-color:#f2f2f2;'>รหัสกลุ่มรถไถ</td><td style='padding:3px 6px;'>61/009</td></tr><tr><td style='padding:3px 6px; font-weight:bold; background-color:#f2f2f2;'>โควตาชาวไร่</td><td style='padding:3px 6px;'>761652</td></tr><tr><td style='padding:3px 6px; font-weight:bold; background-color:#f2f2f2;'>ชื่อ-นามสกุล</td><td style='padding:3px 6px;'>นาย สมหมาย บุญปัญญา</td></tr><tr><td style='padding:3px 6px; font-weight:bold; background-color:#f2f2f2;'>111</td><td style='padding:3px 6px;'>311501021560</td></tr><tr><td style='padding:3px 6px; font-weight:bold; background-color:#f2f2f2;'>ประเภทอ้อย</td><td style='padding:3px 6px;'>อ้อยปลายฝน</td></tr><tr><td style='padding:3px 6px; font-weight:bold; background-color:#f2f2f2;'>พื้นที่ปลูก</td><td style='padding:3px 6px;'>38.99</td></tr><tr><td style='padding:3px 6px; font-weight:bold; background-color:#f2f2f2;'>ศูนย์</td><td style='padding:3px 6px;'>K2-61</td></tr><tr><td style='padding:3px 6px; font-weight:bold; background-color:#f2f2f2;'>นักเกษตร</td><td style='padding:3px 6px;'>6101</td></tr><tr><td style='padding:3px 6px; font-weight:bold; background-color:#f2f2f2;'>กลุ่ม</td><td style='padding:3px 6px;'>กลุ่ม_61</td></tr></table></div>]]></description>
      <styleUrl>#style_61_009</styleUrl>
      <MultiGeometry><Polygon><outerBoundaryIs><LinearRing><coordinates>103.1185517,14.6817500,0 103.1187777,14.6813140,0 103.1191094,14.6808904,0 103.1192136,14.6807978,0 103.1196624,14.6805858,0 103.1202695,14.6801004,0 103.1208035,14.6793060,0 103.1186000,14.6779896,0 103.1179874,14.6816283,0 103.1181758,14.6816384,0 103.1183208,14.6817442,0 103.1185517,14.6817500,0</coordinates></LinearRing></outerBoundaryIs></Polygon></MultiGeometry>
    </Placemark>
    <Placemark>
      <name>311501041548</name>
      <description><![CDATA[<div style='font-family:Tahoma,sans-serif; font-size:13px;'><h3 style='color:#1565C0; margin:4px 0;'>รหัส: 311501041548</h3><p style='margin:2px 0;'><b>กลุ่มรถไถ:</b> 61_009</p><table border='1' style='border-collapse:collapse; border-color:#ccc; width:100%;'><tr><td style='padding:3px 6px; font-weight:bold; background-color:#f2f2f2;'>ปีการผลิต</td><td style='padding:3px 6px;'>257071</td></tr><tr><td style='padding:3px 6px; font-weight:bold; background-color:#f2f2f2;'>รหัสกลุ่มรถไถ</td><td style='padding:3px 6px;'>61/009</td></tr><tr><td style='padding:3px 6px; font-weight:bold; background-color:#f2f2f2;'>โควตาชาวไร่</td><td style='padding:3px 6px;'>761652</td></tr><tr><td style='padding:3px 6px; font-weight:bold; background-color:#f2f2f2;'>ชื่อ-นามสกุล</td><td style='padding:3px 6px;'>นาย สมหมาย บุญปัญญา</td></tr><tr><td style='padding:3px 6px; font-weight:bold; background-color:#f2f2f2;'>111</td><td style='padding:3px 6px;'>311501041548</td></tr><tr><td style='padding:3px 6px; font-weight:bold; background-color:#f2f2f2;'>ประเภทอ้อย</td><td style='padding:3px 6px;'>อ้อยปลายฝน</td></tr><tr><td style='padding:3px 6px; font-weight:bold; background-color:#f2f2f2;'>พื้นที่ปลูก</td><td style='padding:3px 6px;'>14.14</td></tr><tr><td style='padding:3px 6px; font-weight:bold; background-color:#f2f2f2;'>ศูนย์</td><td style='padding:3px 6px;'>K2-61</td></tr><tr><td style='padding:3px 6px; font-weight:bold; background-color:#f2f2f2;'>นักเกษตร</td><td style='padding:3px 6px;'>6101</td></tr><tr><td style='padding:3px 6px; font-weight:bold; background-color:#f2f2f2;'>กลุ่ม</td><td style='padding:3px 6px;'>กลุ่ม_61</td></tr></table></div>]]></description>
      <styleUrl>#style_61_009</styleUrl>
      <MultiGeometry><Polygon><outerBoundaryIs><LinearRing><coordinates>103.1374426,14.7082918,0 103.1379110,14.7083416,0 103.1376343,14.7040057,0 103.1372256,14.7039353,0 103.1374426,14.7082918,0</coordinates></LinearRing></outerBoundaryIs></Polygon></MultiGeometry>
    </Placemark>
    <Placemark>
      <name>311501101676</name>
      <description><![CDATA[<div style='font-family:Tahoma,sans-serif; font-size:13px;'><h3 style='color:#1565C0; margin:4px 0;'>รหัส: 311501101676</h3><p style='margin:2px 0;'><b>กลุ่มรถไถ:</b> 61_009</p><table border='1' style='border-collapse:collapse; border-color:#ccc; width:100%;'><tr><td style='padding:3px 6px; font-weight:bold; background-color:#f2f2f2;'>ปีการผลิต</td><td style='padding:3px 6px;'>257071</td></tr><tr><td style='padding:3px 6px; font-weight:bold; background-color:#f2f2f2;'>รหัสกลุ่มรถไถ</td><td style='padding:3px 6px;'>61/009</td></tr><tr><td style='padding:3px 6px; font-weight:bold; background-color:#f2f2f2;'>โควตาชาวไร่</td><td style='padding:3px 6px;'>761652</td></tr><tr><td style='padding:3px 6px; font-weight:bold; background-color:#f2f2f2;'>ชื่อ-นามสกุล</td><td style='padding:3px 6px;'>นาย สมหมาย บุญปัญญา</td></tr><tr><td style='padding:3px 6px; font-weight:bold; background-color:#f2f2f2;'>111</td><td style='padding:3px 6px;'>311501101676</td></tr><tr><td style='padding:3px 6px; font-weight:bold; background-color:#f2f2f2;'>ประเภทอ้อย</td><td style='padding:3px 6px;'>อ้อยปลายฝน</td></tr><tr><td style='padding:3px 6px; font-weight:bold; background-color:#f2f2f2;'>พื้นที่ปลูก</td><td style='padding:3px 6px;'>81.74</td></tr><tr><td style='padding:3px 6px; font-weight:bold; background-color:#f2f2f2;'>ศูนย์</td><td style='padding:3px 6px;'>K2-61</td></tr><tr><td style='padding:3px 6px; font-weight:bold; background-color:#f2f2f2;'>นักเกษตร</td><td style='padding:3px 6px;'>6101</td></tr><tr><td style='padding:3px 6px; font-weight:bold; background-color:#f2f2f2;'>กลุ่ม</td><td style='padding:3px 6px;'>กลุ่ม_61</td></tr></table></div>]]></description>
      <styleUrl>#style_61_009</styleUrl>
      <MultiGeometry><Polygon><outerBoundaryIs><LinearRing><coordinates>103.1257743,14.6787578,0 103.1253223,14.6788386,0 103.1245195,14.6788142,0 103.1222561,14.6785326,0 103.1221665,14.6787073,0 103.1218359,14.6786436,0 103.1216616,14.6788576,0 103.1209090,14.6794743,0 103.1210176,14.6795531,0 103.1236737,14.6805299,0 103.1243755,14.6807738,0 103.1268587,14.6810642,0 103.1269215,14.6810527,0 103.1272626,14.6800099,0 103.1274539,14.6787293,0 103.1257743,14.6787578,0</coordinates></LinearRing></outerBoundaryIs></Polygon></MultiGeometry>
    </Placemark>
    <Placemark>
      <name>311501021513</name>
      <description><![CDATA[<div style='font-family:Tahoma,sans-serif; font-size:13px;'><h3 style='color:#1565C0; margin:4px 0;'>รหัส: 311501021513</h3><p style='margin:2px 0;'><b>กลุ่มรถไถ:</b> 61_009</p><table border='1' style='border-collapse:collapse; border-color:#ccc; width:100%;'><tr><td style='padding:3px 6px; font-weight:bold; background-color:#f2f2f2;'>ปีการผลิต</td><td style='padding:3px 6px;'>257071</td></tr><tr><td style='padding:3px 6px; font-weight:bold; background-color:#f2f2f2;'>รหัสกลุ่มรถไถ</td><td style='padding:3px 6px;'>61/009</td></tr><tr><td style='padding:3px 6px; font-weight:bold; background-color:#f2f2f2;'>โควตาชาวไร่</td><td style='padding:3px 6px;'>761725</td></tr><tr><td style='padding:3px 6px; font-weight:bold; background-color:#f2f2f2;'>ชื่อ-นามสกุล</td><td style='padding:3px 6px;'>นาง ยวน เครือเนียม</td></tr><tr><td style='padding:3px 6px; font-weight:bold; background-color:#f2f2f2;'>111</td><td style='padding:3px 6px;'>311501021513</td></tr><tr><td style='padding:3px 6px; font-weight:bold; background-color:#f2f2f2;'>ประเภทอ้อย</td><td style='padding:3px 6px;'>อ้อยปลายฝน</td></tr><tr><td style='padding:3px 6px; font-weight:bold; background-color:#f2f2f2;'>พื้นที่ปลูก</td><td style='padding:3px 6px;'>3.07</td></tr><tr><td style='padding:3px 6px; font-weight:bold; background-color:#f2f2f2;'>ศูนย์</td><td style='padding:3px 6px;'>K2-61</td></tr><tr><td style='padding:3px 6px; font-weight:bold; background-color:#f2f2f2;'>นักเกษตร</td><td style='padding:3px 6px;'>6107</td></tr><tr><td style='padding:3px 6px; font-weight:bold; background-color:#f2f2f2;'>กลุ่ม</td><td style='padding:3px 6px;'>กลุ่ม_61</td></tr></table></div>]]></description>
      <styleUrl>#style_61_009</styleUrl>
      <MultiGeometry><Polygon><outerBoundaryIs><LinearRing><coordinates>103.1416800,14.7026717,0 103.1415767,14.7046117,0 103.1417500,14.7046450,0 103.1419267,14.7027567,0 103.1416800,14.7026717,0</coordinates></LinearRing></outerBoundaryIs></Polygon></MultiGeometry>
    </Placemark>
    <Placemark>
      <name>311501021716</name>
      <description><![CDATA[<div style='font-family:Tahoma,sans-serif; font-size:13px;'><h3 style='color:#1565C0; margin:4px 0;'>รหัส: 311501021716</h3><p style='margin:2px 0;'><b>กลุ่มรถไถ:</b> 61_009</p><table border='1' style='border-collapse:collapse; border-color:#ccc; width:100%;'><tr><td style='padding:3px 6px; font-weight:bold; background-color:#f2f2f2;'>ปีการผลิต</td><td style='padding:3px 6px;'>257071</td></tr><tr><td style='padding:3px 6px; font-weight:bold; background-color:#f2f2f2;'>รหัสกลุ่มรถไถ</td><td style='padding:3px 6px;'>61/009</td></tr><tr><td style='padding:3px 6px; font-weight:bold; background-color:#f2f2f2;'>โควตาชาวไร่</td><td style='padding:3px 6px;'>761865</td></tr><tr><td style='padding:3px 6px; font-weight:bold; background-color:#f2f2f2;'>ชื่อ-นามสกุล</td><td style='padding:3px 6px;'>นาย เชิด เครือจ่าย</td></tr><tr><td style='padding:3px 6px; font-weight:bold; background-color:#f2f2f2;'>111</td><td style='padding:3px 6px;'>311501021716</td></tr><tr><td style='padding:3px 6px; font-weight:bold; background-color:#f2f2f2;'>ประเภทอ้อย</td><td style='padding:3px 6px;'>อ้อยปลายฝน</td></tr><tr><td style='padding:3px 6px; font-weight:bold; background-color:#f2f2f2;'>พื้นที่ปลูก</td><td style='padding:3px 6px;'>11.8</td></tr><tr><td style='padding:3px 6px; font-weight:bold; background-color:#f2f2f2;'>ศูนย์</td><td style='padding:3px 6px;'>K2-61</td></tr><tr><td style='padding:3px 6px; font-weight:bold; background-color:#f2f2f2;'>นักเกษตร</td><td style='padding:3px 6px;'>6101</td></tr><tr><td style='padding:3px 6px; font-weight:bold; background-color:#f2f2f2;'>กลุ่ม</td><td style='padding:3px 6px;'>กลุ่ม_61</td></tr></table></div>]]></description>
      <styleUrl>#style_61_009</styleUrl>
      <MultiGeometry><Polygon><outerBoundaryIs><LinearRing><coordinates>103.1411824,14.7108910,0 103.1418881,14.7108313,0 103.1418051,14.7086536,0 103.1415928,14.7086922,0 103.1413299,14.7086622,0 103.1410700,14.7087090,0 103.1411824,14.7108910,0</coordinates></LinearRing></outerBoundaryIs></Polygon></MultiGeometry>
    </Placemark>
    <Placemark>
      <name>311501061643</name>
      <description><![CDATA[<div style='font-family:Tahoma,sans-serif; font-size:13px;'><h3 style='color:#1565C0; margin:4px 0;'>รหัส: 311501061643</h3><p style='margin:2px 0;'><b>กลุ่มรถไถ:</b> 61_009</p><table border='1' style='border-collapse:collapse; border-color:#ccc; width:100%;'><tr><td style='padding:3px 6px; font-weight:bold; background-color:#f2f2f2;'>ปีการผลิต</td><td style='padding:3px 6px;'>257071</td></tr><tr><td style='padding:3px 6px; font-weight:bold; background-color:#f2f2f2;'>รหัสกลุ่มรถไถ</td><td style='padding:3px 6px;'>61/009</td></tr><tr><td style='padding:3px 6px; font-weight:bold; background-color:#f2f2f2;'>โควตาชาวไร่</td><td style='padding:3px 6px;'>761865</td></tr><tr><td style='padding:3px 6px; font-weight:bold; background-color:#f2f2f2;'>ชื่อ-นามสกุล</td><td style='padding:3px 6px;'>นาย เชิด เครือจ่าย</td></tr><tr><td style='padding:3px 6px; font-weight:bold; background-color:#f2f2f2;'>111</td><td style='padding:3px 6px;'>311501061643</td></tr><tr><td style='padding:3px 6px; font-weight:bold; background-color:#f2f2f2;'>ประเภทอ้อย</td><td style='padding:3px 6px;'>อ้อยปลายฝน</td></tr><tr><td style='padding:3px 6px; font-weight:bold; background-color:#f2f2f2;'>พื้นที่ปลูก</td><td style='padding:3px 6px;'>13.87</td></tr><tr><td style='padding:3px 6px; font-weight:bold; background-color:#f2f2f2;'>ศูนย์</td><td style='padding:3px 6px;'>K2-61</td></tr><tr><td style='padding:3px 6px; font-weight:bold; background-color:#f2f2f2;'>นักเกษตร</td><td style='padding:3px 6px;'>6101</td></tr><tr><td style='padding:3px 6px; font-weight:bold; background-color:#f2f2f2;'>กลุ่ม</td><td style='padding:3px 6px;'>กลุ่ม_61</td></tr></table></div>]]></description>
      <styleUrl>#style_61_009</styleUrl>
      <MultiGeometry><Polygon><outerBoundaryIs><LinearRing><coordinates>103.1202367,14.7032933,0 103.1202717,14.7031000,0 103.1202567,14.7030933,0 103.1202433,14.7030733,0 103.1200217,14.7029883,0 103.1197817,14.7039967,0 103.1218783,14.7043533,0 103.1218900,14.7040400,0 103.1219150,14.7037550,0 103.1219983,14.7035267,0 103.1206183,14.7031317,0 103.1205817,14.7033700,0 103.1202367,14.7032933,0</coordinates></LinearRing></outerBoundaryIs></Polygon></MultiGeometry>
    </Placemark>
    <Placemark>
      <name>311501041555</name>
      <description><![CDATA[<div style='font-family:Tahoma,sans-serif; font-size:13px;'><h3 style='color:#1565C0; margin:4px 0;'>รหัส: 311501041555</h3><p style='margin:2px 0;'><b>กลุ่มรถไถ:</b> 61_009</p><table border='1' style='border-collapse:collapse; border-color:#ccc; width:100%;'><tr><td style='padding:3px 6px; font-weight:bold; background-color:#f2f2f2;'>ปีการผลิต</td><td style='padding:3px 6px;'>257071</td></tr><tr><td style='padding:3px 6px; font-weight:bold; background-color:#f2f2f2;'>รหัสกลุ่มรถไถ</td><td style='padding:3px 6px;'>61/009</td></tr><tr><td style='padding:3px 6px; font-weight:bold; background-color:#f2f2f2;'>โควตาชาวไร่</td><td style='padding:3px 6px;'>761912</td></tr><tr><td style='padding:3px 6px; font-weight:bold; background-color:#f2f2f2;'>ชื่อ-นามสกุล</td><td style='padding:3px 6px;'>นาย สุวิทย์ ศิริพร</td></tr><tr><td style='padding:3px 6px; font-weight:bold; background-color:#f2f2f2;'>111</td><td style='padding:3px 6px;'>311501041555</td></tr><tr><td style='padding:3px 6px; font-weight:bold; background-color:#f2f2f2;'>ประเภทอ้อย</td><td style='padding:3px 6px;'>อ้อยปลายฝน</td></tr><tr><td style='padding:3px 6px; font-weight:bold; background-color:#f2f2f2;'>พื้นที่ปลูก</td><td style='padding:3px 6px;'>10.65</td></tr><tr><td style='padding:3px 6px; font-weight:bold; background-color:#f2f2f2;'>ศูนย์</td><td style='padding:3px 6px;'>K2-61</td></tr><tr><td style='padding:3px 6px; font-weight:bold; background-color:#f2f2f2;'>นักเกษตร</td><td style='padding:3px 6px;'>6101</td></tr><tr><td style='padding:3px 6px; font-weight:bold; background-color:#f2f2f2;'>กลุ่ม</td><td style='padding:3px 6px;'>กลุ่ม_61</td></tr></table></div>]]></description>
      <styleUrl>#style_61_009</styleUrl>
      <MultiGeometry><Polygon><outerBoundaryIs><LinearRing><coordinates>103.1371219,14.7082634,0 103.1374359,14.7082353,0 103.1374248,14.7075402,0 103.1372845,14.7075438,0 103.1372581,14.7071909,0 103.1374052,14.7071894,0 103.1372354,14.7039259,0 103.1368903,14.7038618,0 103.1371219,14.7082634,0</coordinates></LinearRing></outerBoundaryIs></Polygon></MultiGeometry>
    </Placemark>
    <Placemark>
      <name>310703071613</name>
      <description><![CDATA[<div style='font-family:Tahoma,sans-serif; font-size:13px;'><h3 style='color:#1565C0; margin:4px 0;'>รหัส: 310703071613</h3><p style='margin:2px 0;'><b>กลุ่มรถไถ:</b> 61_009</p><table border='1' style='border-collapse:collapse; border-color:#ccc; width:100%;'><tr><td style='padding:3px 6px; font-weight:bold; background-color:#f2f2f2;'>ปีการผลิต</td><td style='padding:3px 6px;'>257071</td></tr><tr><td style='padding:3px 6px; font-weight:bold; background-color:#f2f2f2;'>รหัสกลุ่มรถไถ</td><td style='padding:3px 6px;'>61/009</td></tr><tr><td style='padding:3px 6px; font-weight:bold; background-color:#f2f2f2;'>โควตาชาวไร่</td><td style='padding:3px 6px;'>769128</td></tr><tr><td style='padding:3px 6px; font-weight:bold; background-color:#f2f2f2;'>ชื่อ-นามสกุล</td><td style='padding:3px 6px;'>นาง สมนึก เทียมมณีรัตน์</td></tr><tr><td style='padding:3px 6px; font-weight:bold; background-color:#f2f2f2;'>111</td><td style='padding:3px 6px;'>310703071613</td></tr><tr><td style='padding:3px 6px; font-weight:bold; background-color:#f2f2f2;'>ประเภทอ้อย</td><td style='padding:3px 6px;'>อ้อยปลายฝน</td></tr><tr><td style='padding:3px 6px; font-weight:bold; background-color:#f2f2f2;'>พื้นที่ปลูก</td><td style='padding:3px 6px;'>18.74</td></tr><tr><td style='padding:3px 6px; font-weight:bold; background-color:#f2f2f2;'>ศูนย์</td><td style='padding:3px 6px;'>K2-61</td></tr><tr><td style='padding:3px 6px; font-weight:bold; background-color:#f2f2f2;'>นักเกษตร</td><td style='padding:3px 6px;'>6105</td></tr><tr><td style='padding:3px 6px; font-weight:bold; background-color:#f2f2f2;'>กลุ่ม</td><td style='padding:3px 6px;'>กลุ่ม_61</td></tr></table></div>]]></description>
      <styleUrl>#style_61_009</styleUrl>
      <MultiGeometry><Polygon><outerBoundaryIs><LinearRing><coordinates>103.0777337,14.6958801,0 103.0783823,14.6957821,0 103.0781990,14.6950477,0 103.0781752,14.6949548,0 103.0779164,14.6951178,0 103.0779270,14.6949143,0 103.0781644,14.6948783,0 103.0774637,14.6920672,0 103.0768028,14.6922450,0 103.0777337,14.6958801,0</coordinates></LinearRing></outerBoundaryIs></Polygon></MultiGeometry>
    </Placemark>
    <Placemark>
      <name>310703071614</name>
      <description><![CDATA[<div style='font-family:Tahoma,sans-serif; font-size:13px;'><h3 style='color:#1565C0; margin:4px 0;'>รหัส: 310703071614</h3><p style='margin:2px 0;'><b>กลุ่มรถไถ:</b> 61_009</p><table border='1' style='border-collapse:collapse; border-color:#ccc; width:100%;'><tr><td style='padding:3px 6px; font-weight:bold; background-color:#f2f2f2;'>ปีการผลิต</td><td style='padding:3px 6px;'>257071</td></tr><tr><td style='padding:3px 6px; font-weight:bold; background-color:#f2f2f2;'>รหัสกลุ่มรถไถ</td><td style='padding:3px 6px;'>61/009</td></tr><tr><td style='padding:3px 6px; font-weight:bold; background-color:#f2f2f2;'>โควตาชาวไร่</td><td style='padding:3px 6px;'>769128</td></tr><tr><td style='padding:3px 6px; font-weight:bold; background-color:#f2f2f2;'>ชื่อ-นามสกุล</td><td style='padding:3px 6px;'>นาง สมนึก เทียมมณีรัตน์</td></tr><tr><td style='padding:3px 6px; font-weight:bold; background-color:#f2f2f2;'>111</td><td style='padding:3px 6px;'>310703071614</td></tr><tr><td style='padding:3px 6px; font-weight:bold; background-color:#f2f2f2;'>ประเภทอ้อย</td><td style='padding:3px 6px;'>อ้อยปลายฝน</td></tr><tr><td style='padding:3px 6px; font-weight:bold; background-color:#f2f2f2;'>พื้นที่ปลูก</td><td style='padding:3px 6px;'>12.05</td></tr><tr><td style='padding:3px 6px; font-weight:bold; background-color:#f2f2f2;'>ศูนย์</td><td style='padding:3px 6px;'>K2-61</td></tr><tr><td style='padding:3px 6px; font-weight:bold; background-color:#f2f2f2;'>นักเกษตร</td><td style='padding:3px 6px;'>6105</td></tr><tr><td style='padding:3px 6px; font-weight:bold; background-color:#f2f2f2;'>กลุ่ม</td><td style='padding:3px 6px;'>กลุ่ม_61</td></tr></table></div>]]></description>
      <styleUrl>#style_61_009</styleUrl>
      <MultiGeometry><Polygon><outerBoundaryIs><LinearRing><coordinates>103.0909785,14.6895481,0 103.0915096,14.6926378,0 103.0920272,14.6926696,0 103.0916147,14.6901502,0 103.0913766,14.6901736,0 103.0913540,14.6900033,0 103.0915905,14.6899780,0 103.0915130,14.6894759,0 103.0909785,14.6895481,0</coordinates></LinearRing></outerBoundaryIs></Polygon></MultiGeometry>
    </Placemark>
    <Placemark>
      <name>311501021692</name>
      <description><![CDATA[<div style='font-family:Tahoma,sans-serif; font-size:13px;'><h3 style='color:#1565C0; margin:4px 0;'>รหัส: 311501021692</h3><p style='margin:2px 0;'><b>กลุ่มรถไถ:</b> 61_009</p><table border='1' style='border-collapse:collapse; border-color:#ccc; width:100%;'><tr><td style='padding:3px 6px; font-weight:bold; background-color:#f2f2f2;'>ปีการผลิต</td><td style='padding:3px 6px;'>257071</td></tr><tr><td style='padding:3px 6px; font-weight:bold; background-color:#f2f2f2;'>รหัสกลุ่มรถไถ</td><td style='padding:3px 6px;'>61/009</td></tr><tr><td style='padding:3px 6px; font-weight:bold; background-color:#f2f2f2;'>โควตาชาวไร่</td><td style='padding:3px 6px;'>769167</td></tr><tr><td style='padding:3px 6px; font-weight:bold; background-color:#f2f2f2;'>ชื่อ-นามสกุล</td><td style='padding:3px 6px;'>นาย คืน โสมวิเศษ</td></tr><tr><td style='padding:3px 6px; font-weight:bold; background-color:#f2f2f2;'>111</td><td style='padding:3px 6px;'>311501021692</td></tr><tr><td style='padding:3px 6px; font-weight:bold; background-color:#f2f2f2;'>ประเภทอ้อย</td><td style='padding:3px 6px;'>อ้อยปลายฝน</td></tr><tr><td style='padding:3px 6px; font-weight:bold; background-color:#f2f2f2;'>พื้นที่ปลูก</td><td style='padding:3px 6px;'>5.12</td></tr><tr><td style='padding:3px 6px; font-weight:bold; background-color:#f2f2f2;'>ศูนย์</td><td style='padding:3px 6px;'>K2-61</td></tr><tr><td style='padding:3px 6px; font-weight:bold; background-color:#f2f2f2;'>นักเกษตร</td><td style='padding:3px 6px;'>6101</td></tr><tr><td style='padding:3px 6px; font-weight:bold; background-color:#f2f2f2;'>กลุ่ม</td><td style='padding:3px 6px;'>กลุ่ม_61</td></tr></table></div>]]></description>
      <styleUrl>#style_61_009</styleUrl>
      <MultiGeometry><Polygon><outerBoundaryIs><LinearRing><coordinates>103.1234486,14.6722008,0 103.1239722,14.6713657,0 103.1233608,14.6712070,0 103.1226366,14.6718265,0 103.1234486,14.6722008,0</coordinates></LinearRing></outerBoundaryIs></Polygon></MultiGeometry>
    </Placemark>
    <Placemark>
      <name>311501021696</name>
      <description><![CDATA[<div style='font-family:Tahoma,sans-serif; font-size:13px;'><h3 style='color:#1565C0; margin:4px 0;'>รหัส: 311501021696</h3><p style='margin:2px 0;'><b>กลุ่มรถไถ:</b> 61_009</p><table border='1' style='border-collapse:collapse; border-color:#ccc; width:100%;'><tr><td style='padding:3px 6px; font-weight:bold; background-color:#f2f2f2;'>ปีการผลิต</td><td style='padding:3px 6px;'>257071</td></tr><tr><td style='padding:3px 6px; font-weight:bold; background-color:#f2f2f2;'>รหัสกลุ่มรถไถ</td><td style='padding:3px 6px;'>61/009</td></tr><tr><td style='padding:3px 6px; font-weight:bold; background-color:#f2f2f2;'>โควตาชาวไร่</td><td style='padding:3px 6px;'>769167</td></tr><tr><td style='padding:3px 6px; font-weight:bold; background-color:#f2f2f2;'>ชื่อ-นามสกุล</td><td style='padding:3px 6px;'>นาย คืน โสมวิเศษ</td></tr><tr><td style='padding:3px 6px; font-weight:bold; background-color:#f2f2f2;'>111</td><td style='padding:3px 6px;'>311501021696</td></tr><tr><td style='padding:3px 6px; font-weight:bold; background-color:#f2f2f2;'>ประเภทอ้อย</td><td style='padding:3px 6px;'>อ้อยปลายฝน</td></tr><tr><td style='padding:3px 6px; font-weight:bold; background-color:#f2f2f2;'>พื้นที่ปลูก</td><td style='padding:3px 6px;'>4.07</td></tr><tr><td style='padding:3px 6px; font-weight:bold; background-color:#f2f2f2;'>ศูนย์</td><td style='padding:3px 6px;'>K2-61</td></tr><tr><td style='padding:3px 6px; font-weight:bold; background-color:#f2f2f2;'>นักเกษตร</td><td style='padding:3px 6px;'>6101</td></tr><tr><td style='padding:3px 6px; font-weight:bold; background-color:#f2f2f2;'>กลุ่ม</td><td style='padding:3px 6px;'>กลุ่ม_61</td></tr></table></div>]]></description>
      <styleUrl>#style_61_009</styleUrl>
      <MultiGeometry><Polygon><outerBoundaryIs><LinearRing><coordinates>103.1358648,14.6763697,0 103.1357589,14.6771637,0 103.1363097,14.6772294,0 103.1363418,14.6770193,0 103.1364867,14.6770110,0 103.1366149,14.6764604,0 103.1358648,14.6763697,0</coordinates></LinearRing></outerBoundaryIs></Polygon></MultiGeometry>
    </Placemark>
    <Placemark>
      <name>311501141528</name>
      <description><![CDATA[<div style='font-family:Tahoma,sans-serif; font-size:13px;'><h3 style='color:#1565C0; margin:4px 0;'>รหัส: 311501141528</h3><p style='margin:2px 0;'><b>กลุ่มรถไถ:</b> 61_009</p><table border='1' style='border-collapse:collapse; border-color:#ccc; width:100%;'><tr><td style='padding:3px 6px; font-weight:bold; background-color:#f2f2f2;'>ปีการผลิต</td><td style='padding:3px 6px;'>257071</td></tr><tr><td style='padding:3px 6px; font-weight:bold; background-color:#f2f2f2;'>รหัสกลุ่มรถไถ</td><td style='padding:3px 6px;'>61/009</td></tr><tr><td style='padding:3px 6px; font-weight:bold; background-color:#f2f2f2;'>โควตาชาวไร่</td><td style='padding:3px 6px;'>769167</td></tr><tr><td style='padding:3px 6px; font-weight:bold; background-color:#f2f2f2;'>ชื่อ-นามสกุล</td><td style='padding:3px 6px;'>นาย คืน โสมวิเศษ</td></tr><tr><td style='padding:3px 6px; font-weight:bold; background-color:#f2f2f2;'>111</td><td style='padding:3px 6px;'>311501141528</td></tr><tr><td style='padding:3px 6px; font-weight:bold; background-color:#f2f2f2;'>ประเภทอ้อย</td><td style='padding:3px 6px;'>อ้อยปลายฝน</td></tr><tr><td style='padding:3px 6px; font-weight:bold; background-color:#f2f2f2;'>พื้นที่ปลูก</td><td style='padding:3px 6px;'>6.2</td></tr><tr><td style='padding:3px 6px; font-weight:bold; background-color:#f2f2f2;'>ศูนย์</td><td style='padding:3px 6px;'>K2-61</td></tr><tr><td style='padding:3px 6px; font-weight:bold; background-color:#f2f2f2;'>นักเกษตร</td><td style='padding:3px 6px;'>6101</td></tr><tr><td style='padding:3px 6px; font-weight:bold; background-color:#f2f2f2;'>กลุ่ม</td><td style='padding:3px 6px;'>กลุ่ม_61</td></tr></table></div>]]></description>
      <styleUrl>#style_61_009</styleUrl>
      <MultiGeometry><Polygon><outerBoundaryIs><LinearRing><coordinates>103.1255383,14.6731600,0 103.1258967,14.6726567,0 103.1253667,14.6724583,0 103.1243700,14.6721033,0 103.1241900,14.6725233,0 103.1255383,14.6731600,0</coordinates></LinearRing></outerBoundaryIs></Polygon></MultiGeometry>
    </Placemark>
    <Placemark>
      <name>311501021739</name>
      <description><![CDATA[<div style='font-family:Tahoma,sans-serif; font-size:13px;'><h3 style='color:#1565C0; margin:4px 0;'>รหัส: 311501021739</h3><p style='margin:2px 0;'><b>กลุ่มรถไถ:</b> 61_009</p><table border='1' style='border-collapse:collapse; border-color:#ccc; width:100%;'><tr><td style='padding:3px 6px; font-weight:bold; background-color:#f2f2f2;'>ปีการผลิต</td><td style='padding:3px 6px;'>257071</td></tr><tr><td style='padding:3px 6px; font-weight:bold; background-color:#f2f2f2;'>รหัสกลุ่มรถไถ</td><td style='padding:3px 6px;'>61/009</td></tr><tr><td style='padding:3px 6px; font-weight:bold; background-color:#f2f2f2;'>โควตาชาวไร่</td><td style='padding:3px 6px;'>769187</td></tr><tr><td style='padding:3px 6px; font-weight:bold; background-color:#f2f2f2;'>ชื่อ-นามสกุล</td><td style='padding:3px 6px;'>นาง เสนอ โสมะมี</td></tr><tr><td style='padding:3px 6px; font-weight:bold; background-color:#f2f2f2;'>111</td><td style='padding:3px 6px;'>311501021739</td></tr><tr><td style='padding:3px 6px; font-weight:bold; background-color:#f2f2f2;'>ประเภทอ้อย</td><td style='padding:3px 6px;'>อ้อยปลายฝน</td></tr><tr><td style='padding:3px 6px; font-weight:bold; background-color:#f2f2f2;'>พื้นที่ปลูก</td><td style='padding:3px 6px;'>7.34</td></tr><tr><td style='padding:3px 6px; font-weight:bold; background-color:#f2f2f2;'>ศูนย์</td><td style='padding:3px 6px;'>K2-61</td></tr><tr><td style='padding:3px 6px; font-weight:bold; background-color:#f2f2f2;'>นักเกษตร</td><td style='padding:3px 6px;'>6101</td></tr><tr><td style='padding:3px 6px; font-weight:bold; background-color:#f2f2f2;'>กลุ่ม</td><td style='padding:3px 6px;'>กลุ่ม_61</td></tr></table></div>]]></description>
      <styleUrl>#style_61_009</styleUrl>
      <MultiGeometry><Polygon><outerBoundaryIs><LinearRing><coordinates>103.1422683,14.6730891,0 103.1419432,14.6744253,0 103.1419543,14.6744589,0 103.1426892,14.6746169,0 103.1427738,14.6745824,0 103.1428083,14.6734464,0 103.1427978,14.6732336,0 103.1422683,14.6730891,0</coordinates></LinearRing></outerBoundaryIs></Polygon></MultiGeometry>
    </Placemark>
    <Placemark>
      <name>311501101684</name>
      <description><![CDATA[<div style='font-family:Tahoma,sans-serif; font-size:13px;'><h3 style='color:#1565C0; margin:4px 0;'>รหัส: 311501101684</h3><p style='margin:2px 0;'><b>กลุ่มรถไถ:</b> 61_009</p><table border='1' style='border-collapse:collapse; border-color:#ccc; width:100%;'><tr><td style='padding:3px 6px; font-weight:bold; background-color:#f2f2f2;'>ปีการผลิต</td><td style='padding:3px 6px;'>257071</td></tr><tr><td style='padding:3px 6px; font-weight:bold; background-color:#f2f2f2;'>รหัสกลุ่มรถไถ</td><td style='padding:3px 6px;'>61/009</td></tr><tr><td style='padding:3px 6px; font-weight:bold; background-color:#f2f2f2;'>โควตาชาวไร่</td><td style='padding:3px 6px;'>769293</td></tr><tr><td style='padding:3px 6px; font-weight:bold; background-color:#f2f2f2;'>ชื่อ-นามสกุล</td><td style='padding:3px 6px;'>นาง เปือด แก้วกระมล</td></tr><tr><td style='padding:3px 6px; font-weight:bold; background-color:#f2f2f2;'>111</td><td style='padding:3px 6px;'>311501101684</td></tr><tr><td style='padding:3px 6px; font-weight:bold; background-color:#f2f2f2;'>ประเภทอ้อย</td><td style='padding:3px 6px;'>อ้อยปลายฝน</td></tr><tr><td style='padding:3px 6px; font-weight:bold; background-color:#f2f2f2;'>พื้นที่ปลูก</td><td style='padding:3px 6px;'>5.8</td></tr><tr><td style='padding:3px 6px; font-weight:bold; background-color:#f2f2f2;'>ศูนย์</td><td style='padding:3px 6px;'>K2-61</td></tr><tr><td style='padding:3px 6px; font-weight:bold; background-color:#f2f2f2;'>นักเกษตร</td><td style='padding:3px 6px;'>6101</td></tr><tr><td style='padding:3px 6px; font-weight:bold; background-color:#f2f2f2;'>กลุ่ม</td><td style='padding:3px 6px;'>กลุ่ม_61</td></tr></table></div>]]></description>
      <styleUrl>#style_61_009</styleUrl>
      <MultiGeometry><Polygon><outerBoundaryIs><LinearRing><coordinates>103.1239572,14.6713725,0 103.1234479,14.6722157,0 103.1241663,14.6725400,0 103.1246599,14.6715692,0 103.1239572,14.6713725,0</coordinates></LinearRing></outerBoundaryIs></Polygon></MultiGeometry>
    </Placemark>
    <Placemark>
      <name>311501101785</name>
      <description><![CDATA[<div style='font-family:Tahoma,sans-serif; font-size:13px;'><h3 style='color:#1565C0; margin:4px 0;'>รหัส: 311501101785</h3><p style='margin:2px 0;'><b>กลุ่มรถไถ:</b> 61_009</p><table border='1' style='border-collapse:collapse; border-color:#ccc; width:100%;'><tr><td style='padding:3px 6px; font-weight:bold; background-color:#f2f2f2;'>ปีการผลิต</td><td style='padding:3px 6px;'>257071</td></tr><tr><td style='padding:3px 6px; font-weight:bold; background-color:#f2f2f2;'>รหัสกลุ่มรถไถ</td><td style='padding:3px 6px;'>61/009</td></tr><tr><td style='padding:3px 6px; font-weight:bold; background-color:#f2f2f2;'>โควตาชาวไร่</td><td style='padding:3px 6px;'>769492</td></tr><tr><td style='padding:3px 6px; font-weight:bold; background-color:#f2f2f2;'>ชื่อ-นามสกุล</td><td style='padding:3px 6px;'>นาย กิตติสาร ไชยพันนา</td></tr><tr><td style='padding:3px 6px; font-weight:bold; background-color:#f2f2f2;'>111</td><td style='padding:3px 6px;'>311501101785</td></tr><tr><td style='padding:3px 6px; font-weight:bold; background-color:#f2f2f2;'>ประเภทอ้อย</td><td style='padding:3px 6px;'>อ้อยปลายฝน</td></tr><tr><td style='padding:3px 6px; font-weight:bold; background-color:#f2f2f2;'>พื้นที่ปลูก</td><td style='padding:3px 6px;'>6.24</td></tr><tr><td style='padding:3px 6px; font-weight:bold; background-color:#f2f2f2;'>ศูนย์</td><td style='padding:3px 6px;'>K2-61</td></tr><tr><td style='padding:3px 6px; font-weight:bold; background-color:#f2f2f2;'>นักเกษตร</td><td style='padding:3px 6px;'>6101</td></tr><tr><td style='padding:3px 6px; font-weight:bold; background-color:#f2f2f2;'>กลุ่ม</td><td style='padding:3px 6px;'>กลุ่ม_61</td></tr></table></div>]]></description>
      <styleUrl>#style_61_009</styleUrl>
      <MultiGeometry><Polygon><outerBoundaryIs><LinearRing><coordinates>103.1230983,14.6871083,0 103.1231933,14.6871167,0 103.1232967,14.6871667,0 103.1207000,14.6845533,0 103.1204950,14.6847350,0 103.1230017,14.6871533,0 103.1230983,14.6871083,0</coordinates></LinearRing></outerBoundaryIs></Polygon></MultiGeometry>
    </Placemark>
    <Placemark>
      <name>311501021768</name>
      <description><![CDATA[<div style='font-family:Tahoma,sans-serif; font-size:13px;'><h3 style='color:#1565C0; margin:4px 0;'>รหัส: 311501021768</h3><p style='margin:2px 0;'><b>กลุ่มรถไถ:</b> 61_009</p><table border='1' style='border-collapse:collapse; border-color:#ccc; width:100%;'><tr><td style='padding:3px 6px; font-weight:bold; background-color:#f2f2f2;'>ปีการผลิต</td><td style='padding:3px 6px;'>257071</td></tr><tr><td style='padding:3px 6px; font-weight:bold; background-color:#f2f2f2;'>รหัสกลุ่มรถไถ</td><td style='padding:3px 6px;'>61/009</td></tr><tr><td style='padding:3px 6px; font-weight:bold; background-color:#f2f2f2;'>โควตาชาวไร่</td><td style='padding:3px 6px;'>769532</td></tr><tr><td style='padding:3px 6px; font-weight:bold; background-color:#f2f2f2;'>ชื่อ-นามสกุล</td><td style='padding:3px 6px;'>นาง สัก จำนงค์ประโคน</td></tr><tr><td style='padding:3px 6px; font-weight:bold; background-color:#f2f2f2;'>111</td><td style='padding:3px 6px;'>311501021768</td></tr><tr><td style='padding:3px 6px; font-weight:bold; background-color:#f2f2f2;'>ประเภทอ้อย</td><td style='padding:3px 6px;'>อ้อยปลายฝน</td></tr><tr><td style='padding:3px 6px; font-weight:bold; background-color:#f2f2f2;'>พื้นที่ปลูก</td><td style='padding:3px 6px;'>8.41</td></tr><tr><td style='padding:3px 6px; font-weight:bold; background-color:#f2f2f2;'>ศูนย์</td><td style='padding:3px 6px;'>K2-61</td></tr><tr><td style='padding:3px 6px; font-weight:bold; background-color:#f2f2f2;'>นักเกษตร</td><td style='padding:3px 6px;'>6107</td></tr><tr><td style='padding:3px 6px; font-weight:bold; background-color:#f2f2f2;'>กลุ่ม</td><td style='padding:3px 6px;'>กลุ่ม_61</td></tr></table></div>]]></description>
      <styleUrl>#style_61_009</styleUrl>
      <MultiGeometry><Polygon><outerBoundaryIs><LinearRing><coordinates>103.1497021,14.6593165,0 103.1496215,14.6603754,0 103.1495905,14.6607938,0 103.1501649,14.6609262,0 103.1504124,14.6599517,0 103.1504463,14.6597308,0 103.1506298,14.6593544,0 103.1505810,14.6591829,0 103.1502120,14.6593105,0 103.1500990,14.6594816,0 103.1499391,14.6594994,0 103.1498567,14.6593271,0 103.1497021,14.6593165,0</coordinates></LinearRing></outerBoundaryIs></Polygon></MultiGeometry>
    </Placemark>
    <Placemark>
      <name>311501041712</name>
      <description><![CDATA[<div style='font-family:Tahoma,sans-serif; font-size:13px;'><h3 style='color:#1565C0; margin:4px 0;'>รหัส: 311501041712</h3><p style='margin:2px 0;'><b>กลุ่มรถไถ:</b> 61_009</p><table border='1' style='border-collapse:collapse; border-color:#ccc; width:100%;'><tr><td style='padding:3px 6px; font-weight:bold; background-color:#f2f2f2;'>ปีการผลิต</td><td style='padding:3px 6px;'>257071</td></tr><tr><td style='padding:3px 6px; font-weight:bold; background-color:#f2f2f2;'>รหัสกลุ่มรถไถ</td><td style='padding:3px 6px;'>61/009</td></tr><tr><td style='padding:3px 6px; font-weight:bold; background-color:#f2f2f2;'>โควตาชาวไร่</td><td style='padding:3px 6px;'>769535</td></tr><tr><td style='padding:3px 6px; font-weight:bold; background-color:#f2f2f2;'>ชื่อ-นามสกุล</td><td style='padding:3px 6px;'>นาย กันติพงศ์ เสมอภาค</td></tr><tr><td style='padding:3px 6px; font-weight:bold; background-color:#f2f2f2;'>111</td><td style='padding:3px 6px;'>311501041712</td></tr><tr><td style='padding:3px 6px; font-weight:bold; background-color:#f2f2f2;'>ประเภทอ้อย</td><td style='padding:3px 6px;'>อ้อยปลายฝน</td></tr><tr><td style='padding:3px 6px; font-weight:bold; background-color:#f2f2f2;'>พื้นที่ปลูก</td><td style='padding:3px 6px;'>17.01</td></tr><tr><td style='padding:3px 6px; font-weight:bold; background-color:#f2f2f2;'>ศูนย์</td><td style='padding:3px 6px;'>K2-61</td></tr><tr><td style='padding:3px 6px; font-weight:bold; background-color:#f2f2f2;'>นักเกษตร</td><td style='padding:3px 6px;'>6101</td></tr><tr><td style='padding:3px 6px; font-weight:bold; background-color:#f2f2f2;'>กลุ่ม</td><td style='padding:3px 6px;'>กลุ่ม_61</td></tr></table></div>]]></description>
      <styleUrl>#style_61_009</styleUrl>
      <MultiGeometry><Polygon><outerBoundaryIs><LinearRing><coordinates>103.1577264,14.6705722,0 103.1594707,14.6643318,0 103.1592842,14.6642919,0 103.1591306,14.6642276,0 103.1573895,14.6704912,0 103.1577264,14.6705722,0</coordinates></LinearRing></outerBoundaryIs></Polygon></MultiGeometry>
    </Placemark>
    <Placemark>
      <name>311501091629</name>
      <description><![CDATA[<div style='font-family:Tahoma,sans-serif; font-size:13px;'><h3 style='color:#1565C0; margin:4px 0;'>รหัส: 311501091629</h3><p style='margin:2px 0;'><b>กลุ่มรถไถ:</b> 61_009</p><table border='1' style='border-collapse:collapse; border-color:#ccc; width:100%;'><tr><td style='padding:3px 6px; font-weight:bold; background-color:#f2f2f2;'>ปีการผลิต</td><td style='padding:3px 6px;'>257071</td></tr><tr><td style='padding:3px 6px; font-weight:bold; background-color:#f2f2f2;'>รหัสกลุ่มรถไถ</td><td style='padding:3px 6px;'>61/009</td></tr><tr><td style='padding:3px 6px; font-weight:bold; background-color:#f2f2f2;'>โควตาชาวไร่</td><td style='padding:3px 6px;'>769535</td></tr><tr><td style='padding:3px 6px; font-weight:bold; background-color:#f2f2f2;'>ชื่อ-นามสกุล</td><td style='padding:3px 6px;'>นาย กันติพงศ์ เสมอภาค</td></tr><tr><td style='padding:3px 6px; font-weight:bold; background-color:#f2f2f2;'>111</td><td style='padding:3px 6px;'>311501091629</td></tr><tr><td style='padding:3px 6px; font-weight:bold; background-color:#f2f2f2;'>ประเภทอ้อย</td><td style='padding:3px 6px;'>อ้อยปลายฝน</td></tr><tr><td style='padding:3px 6px; font-weight:bold; background-color:#f2f2f2;'>พื้นที่ปลูก</td><td style='padding:3px 6px;'>8.84</td></tr><tr><td style='padding:3px 6px; font-weight:bold; background-color:#f2f2f2;'>ศูนย์</td><td style='padding:3px 6px;'>K2-61</td></tr><tr><td style='padding:3px 6px; font-weight:bold; background-color:#f2f2f2;'>นักเกษตร</td><td style='padding:3px 6px;'>6101</td></tr><tr><td style='padding:3px 6px; font-weight:bold; background-color:#f2f2f2;'>กลุ่ม</td><td style='padding:3px 6px;'>กลุ่ม_61</td></tr></table></div>]]></description>
      <styleUrl>#style_61_009</styleUrl>
      <MultiGeometry><Polygon><outerBoundaryIs><LinearRing><coordinates>103.1465333,14.6622217,0 103.1473150,14.6585850,0 103.1476467,14.6577683,0 103.1474033,14.6576383,0 103.1470800,14.6586483,0 103.1462333,14.6621700,0 103.1465333,14.6622217,0</coordinates></LinearRing></outerBoundaryIs></Polygon></MultiGeometry>
    </Placemark>
    <Placemark>
      <name>311501021769</name>
      <description><![CDATA[<div style='font-family:Tahoma,sans-serif; font-size:13px;'><h3 style='color:#1565C0; margin:4px 0;'>รหัส: 311501021769</h3><p style='margin:2px 0;'><b>กลุ่มรถไถ:</b> 61_009</p><table border='1' style='border-collapse:collapse; border-color:#ccc; width:100%;'><tr><td style='padding:3px 6px; font-weight:bold; background-color:#f2f2f2;'>ปีการผลิต</td><td style='padding:3px 6px;'>257071</td></tr><tr><td style='padding:3px 6px; font-weight:bold; background-color:#f2f2f2;'>รหัสกลุ่มรถไถ</td><td style='padding:3px 6px;'>61/009</td></tr><tr><td style='padding:3px 6px; font-weight:bold; background-color:#f2f2f2;'>โควตาชาวไร่</td><td style='padding:3px 6px;'>769537</td></tr><tr><td style='padding:3px 6px; font-weight:bold; background-color:#f2f2f2;'>ชื่อ-นามสกุล</td><td style='padding:3px 6px;'>นาง เกือม สนิทประโคน</td></tr><tr><td style='padding:3px 6px; font-weight:bold; background-color:#f2f2f2;'>111</td><td style='padding:3px 6px;'>311501021769</td></tr><tr><td style='padding:3px 6px; font-weight:bold; background-color:#f2f2f2;'>ประเภทอ้อย</td><td style='padding:3px 6px;'>อ้อยปลายฝน</td></tr><tr><td style='padding:3px 6px; font-weight:bold; background-color:#f2f2f2;'>พื้นที่ปลูก</td><td style='padding:3px 6px;'>5.69</td></tr><tr><td style='padding:3px 6px; font-weight:bold; background-color:#f2f2f2;'>ศูนย์</td><td style='padding:3px 6px;'>K2-61</td></tr><tr><td style='padding:3px 6px; font-weight:bold; background-color:#f2f2f2;'>นักเกษตร</td><td style='padding:3px 6px;'>6101</td></tr><tr><td style='padding:3px 6px; font-weight:bold; background-color:#f2f2f2;'>กลุ่ม</td><td style='padding:3px 6px;'>กลุ่ม_61</td></tr></table></div>]]></description>
      <styleUrl>#style_61_009</styleUrl>
      <MultiGeometry><Polygon><outerBoundaryIs><LinearRing><coordinates>103.1375177,14.6713826,0 103.1392629,14.6717180,0 103.1393122,14.6712190,0 103.1391414,14.6712008,0 103.1376049,14.6710189,0 103.1375177,14.6713826,0</coordinates></LinearRing></outerBoundaryIs></Polygon></MultiGeometry>
    </Placemark>
    <Placemark>
      <name>311501091664</name>
      <description><![CDATA[<div style='font-family:Tahoma,sans-serif; font-size:13px;'><h3 style='color:#1565C0; margin:4px 0;'>รหัส: 311501091664</h3><p style='margin:2px 0;'><b>กลุ่มรถไถ:</b> 61_009</p><table border='1' style='border-collapse:collapse; border-color:#ccc; width:100%;'><tr><td style='padding:3px 6px; font-weight:bold; background-color:#f2f2f2;'>ปีการผลิต</td><td style='padding:3px 6px;'>257071</td></tr><tr><td style='padding:3px 6px; font-weight:bold; background-color:#f2f2f2;'>รหัสกลุ่มรถไถ</td><td style='padding:3px 6px;'>61/009</td></tr><tr><td style='padding:3px 6px; font-weight:bold; background-color:#f2f2f2;'>โควตาชาวไร่</td><td style='padding:3px 6px;'>769549</td></tr><tr><td style='padding:3px 6px; font-weight:bold; background-color:#f2f2f2;'>ชื่อ-นามสกุล</td><td style='padding:3px 6px;'>นางสาว จินตนา ศรีบุญเรือง</td></tr><tr><td style='padding:3px 6px; font-weight:bold; background-color:#f2f2f2;'>111</td><td style='padding:3px 6px;'>311501091664</td></tr><tr><td style='padding:3px 6px; font-weight:bold; background-color:#f2f2f2;'>ประเภทอ้อย</td><td style='padding:3px 6px;'>อ้อยปลายฝน</td></tr><tr><td style='padding:3px 6px; font-weight:bold; background-color:#f2f2f2;'>พื้นที่ปลูก</td><td style='padding:3px 6px;'>5.73</td></tr><tr><td style='padding:3px 6px; font-weight:bold; background-color:#f2f2f2;'>ศูนย์</td><td style='padding:3px 6px;'>K2-61</td></tr><tr><td style='padding:3px 6px; font-weight:bold; background-color:#f2f2f2;'>นักเกษตร</td><td style='padding:3px 6px;'>6107</td></tr><tr><td style='padding:3px 6px; font-weight:bold; background-color:#f2f2f2;'>กลุ่ม</td><td style='padding:3px 6px;'>กลุ่ม_61</td></tr></table></div>]]></description>
      <styleUrl>#style_61_009</styleUrl>
      <MultiGeometry><Polygon><outerBoundaryIs><LinearRing><coordinates>103.1444829,14.6618930,0 103.1443348,14.6618657,0 103.1441991,14.6621347,0 103.1439565,14.6620747,0 103.1430351,14.6640101,0 103.1433692,14.6640937,0 103.1438828,14.6629544,0 103.1441554,14.6625105,0 103.1444829,14.6618930,0</coordinates></LinearRing></outerBoundaryIs></Polygon></MultiGeometry>
    </Placemark>
    <Placemark>
      <name>311504071656</name>
      <description><![CDATA[<div style='font-family:Tahoma,sans-serif; font-size:13px;'><h3 style='color:#1565C0; margin:4px 0;'>รหัส: 311504071656</h3><p style='margin:2px 0;'><b>กลุ่มรถไถ:</b> 61_009</p><table border='1' style='border-collapse:collapse; border-color:#ccc; width:100%;'><tr><td style='padding:3px 6px; font-weight:bold; background-color:#f2f2f2;'>ปีการผลิต</td><td style='padding:3px 6px;'>257071</td></tr><tr><td style='padding:3px 6px; font-weight:bold; background-color:#f2f2f2;'>รหัสกลุ่มรถไถ</td><td style='padding:3px 6px;'>61/009</td></tr><tr><td style='padding:3px 6px; font-weight:bold; background-color:#f2f2f2;'>โควตาชาวไร่</td><td style='padding:3px 6px;'>769556</td></tr><tr><td style='padding:3px 6px; font-weight:bold; background-color:#f2f2f2;'>ชื่อ-นามสกุล</td><td style='padding:3px 6px;'>นาง ตติยา จีนประโคน</td></tr><tr><td style='padding:3px 6px; font-weight:bold; background-color:#f2f2f2;'>111</td><td style='padding:3px 6px;'>311504071656</td></tr><tr><td style='padding:3px 6px; font-weight:bold; background-color:#f2f2f2;'>ประเภทอ้อย</td><td style='padding:3px 6px;'>อ้อยปลายฝน</td></tr><tr><td style='padding:3px 6px; font-weight:bold; background-color:#f2f2f2;'>พื้นที่ปลูก</td><td style='padding:3px 6px;'>23.22</td></tr><tr><td style='padding:3px 6px; font-weight:bold; background-color:#f2f2f2;'>ศูนย์</td><td style='padding:3px 6px;'>K2-61</td></tr><tr><td style='padding:3px 6px; font-weight:bold; background-color:#f2f2f2;'>นักเกษตร</td><td style='padding:3px 6px;'>6107</td></tr><tr><td style='padding:3px 6px; font-weight:bold; background-color:#f2f2f2;'>กลุ่ม</td><td style='padding:3px 6px;'>กลุ่ม_61</td></tr></table></div>]]></description>
      <styleUrl>#style_61_009</styleUrl>
      <MultiGeometry><Polygon><outerBoundaryIs><LinearRing><coordinates>103.1410200,14.7264967,0 103.1395150,14.7265117,0 103.1361067,14.7273983,0 103.1362783,14.7279800,0 103.1394883,14.7270983,0 103.1410467,14.7273567,0 103.1410200,14.7264967,0</coordinates></LinearRing></outerBoundaryIs></Polygon></MultiGeometry>
    </Placemark>
    <Placemark>
      <name>311501021783</name>
      <description><![CDATA[<div style='font-family:Tahoma,sans-serif; font-size:13px;'><h3 style='color:#1565C0; margin:4px 0;'>รหัส: 311501021783</h3><p style='margin:2px 0;'><b>กลุ่มรถไถ:</b> 61_009</p><table border='1' style='border-collapse:collapse; border-color:#ccc; width:100%;'><tr><td style='padding:3px 6px; font-weight:bold; background-color:#f2f2f2;'>ปีการผลิต</td><td style='padding:3px 6px;'>257071</td></tr><tr><td style='padding:3px 6px; font-weight:bold; background-color:#f2f2f2;'>รหัสกลุ่มรถไถ</td><td style='padding:3px 6px;'>61/009</td></tr><tr><td style='padding:3px 6px; font-weight:bold; background-color:#f2f2f2;'>โควตาชาวไร่</td><td style='padding:3px 6px;'>769605</td></tr><tr><td style='padding:3px 6px; font-weight:bold; background-color:#f2f2f2;'>ชื่อ-นามสกุล</td><td style='padding:3px 6px;'>นาง ประเสริฐ โสมะมี</td></tr><tr><td style='padding:3px 6px; font-weight:bold; background-color:#f2f2f2;'>111</td><td style='padding:3px 6px;'>311501021783</td></tr><tr><td style='padding:3px 6px; font-weight:bold; background-color:#f2f2f2;'>ประเภทอ้อย</td><td style='padding:3px 6px;'>อ้อยปลายฝน</td></tr><tr><td style='padding:3px 6px; font-weight:bold; background-color:#f2f2f2;'>พื้นที่ปลูก</td><td style='padding:3px 6px;'>10.73</td></tr><tr><td style='padding:3px 6px; font-weight:bold; background-color:#f2f2f2;'>ศูนย์</td><td style='padding:3px 6px;'>K2-61</td></tr><tr><td style='padding:3px 6px; font-weight:bold; background-color:#f2f2f2;'>นักเกษตร</td><td style='padding:3px 6px;'>6101</td></tr><tr><td style='padding:3px 6px; font-weight:bold; background-color:#f2f2f2;'>กลุ่ม</td><td style='padding:3px 6px;'>กลุ่ม_61</td></tr></table></div>]]></description>
      <styleUrl>#style_61_009</styleUrl>
      <MultiGeometry><Polygon><outerBoundaryIs><LinearRing><coordinates>103.1510275,14.6630058,0 103.1514848,14.6613054,0 103.1515372,14.6610711,0 103.1516982,14.6602786,0 103.1517113,14.6601940,0 103.1517543,14.6600912,0 103.1517921,14.6597066,0 103.1513782,14.6596408,0 103.1513794,14.6597321,0 103.1506577,14.6629223,0 103.1510275,14.6630058,0</coordinates></LinearRing></outerBoundaryIs></Polygon></MultiGeometry>
    </Placemark>
    <Placemark>
      <name>311501021794</name>
      <description><![CDATA[<div style='font-family:Tahoma,sans-serif; font-size:13px;'><h3 style='color:#1565C0; margin:4px 0;'>รหัส: 311501021794</h3><p style='margin:2px 0;'><b>กลุ่มรถไถ:</b> 61_009</p><table border='1' style='border-collapse:collapse; border-color:#ccc; width:100%;'><tr><td style='padding:3px 6px; font-weight:bold; background-color:#f2f2f2;'>ปีการผลิต</td><td style='padding:3px 6px;'>257071</td></tr><tr><td style='padding:3px 6px; font-weight:bold; background-color:#f2f2f2;'>รหัสกลุ่มรถไถ</td><td style='padding:3px 6px;'>61/009</td></tr><tr><td style='padding:3px 6px; font-weight:bold; background-color:#f2f2f2;'>โควตาชาวไร่</td><td style='padding:3px 6px;'>769627</td></tr><tr><td style='padding:3px 6px; font-weight:bold; background-color:#f2f2f2;'>ชื่อ-นามสกุล</td><td style='padding:3px 6px;'>นาย สำราญ ซูประโคน</td></tr><tr><td style='padding:3px 6px; font-weight:bold; background-color:#f2f2f2;'>111</td><td style='padding:3px 6px;'>311501021794</td></tr><tr><td style='padding:3px 6px; font-weight:bold; background-color:#f2f2f2;'>ประเภทอ้อย</td><td style='padding:3px 6px;'>อ้อยปลายฝน</td></tr><tr><td style='padding:3px 6px; font-weight:bold; background-color:#f2f2f2;'>พื้นที่ปลูก</td><td style='padding:3px 6px;'>16.41</td></tr><tr><td style='padding:3px 6px; font-weight:bold; background-color:#f2f2f2;'>ศูนย์</td><td style='padding:3px 6px;'>K2-61</td></tr><tr><td style='padding:3px 6px; font-weight:bold; background-color:#f2f2f2;'>นักเกษตร</td><td style='padding:3px 6px;'>6101</td></tr><tr><td style='padding:3px 6px; font-weight:bold; background-color:#f2f2f2;'>กลุ่ม</td><td style='padding:3px 6px;'>กลุ่ม_61</td></tr></table></div>]]></description>
      <styleUrl>#style_61_009</styleUrl>
      <MultiGeometry><Polygon><outerBoundaryIs><LinearRing><coordinates>103.1435194,14.6690585,0 103.1444125,14.6657026,0 103.1440597,14.6656385,0 103.1440432,14.6656806,0 103.1437121,14.6655808,0 103.1431163,14.6682140,0 103.1429327,14.6688630,0 103.1435194,14.6690585,0</coordinates></LinearRing></outerBoundaryIs></Polygon></MultiGeometry>
    </Placemark>
    <Placemark>
      <name>310703071611</name>
      <description><![CDATA[<div style='font-family:Tahoma,sans-serif; font-size:13px;'><h3 style='color:#1565C0; margin:4px 0;'>รหัส: 310703071611</h3><p style='margin:2px 0;'><b>กลุ่มรถไถ:</b> 61_009</p><table border='1' style='border-collapse:collapse; border-color:#ccc; width:100%;'><tr><td style='padding:3px 6px; font-weight:bold; background-color:#f2f2f2;'>ปีการผลิต</td><td style='padding:3px 6px;'>257071</td></tr><tr><td style='padding:3px 6px; font-weight:bold; background-color:#f2f2f2;'>รหัสกลุ่มรถไถ</td><td style='padding:3px 6px;'>61/009</td></tr><tr><td style='padding:3px 6px; font-weight:bold; background-color:#f2f2f2;'>โควตาชาวไร่</td><td style='padding:3px 6px;'>769638</td></tr><tr><td style='padding:3px 6px; font-weight:bold; background-color:#f2f2f2;'>ชื่อ-นามสกุล</td><td style='padding:3px 6px;'>นางสาว สมฤดี ทรงประโคน</td></tr><tr><td style='padding:3px 6px; font-weight:bold; background-color:#f2f2f2;'>111</td><td style='padding:3px 6px;'>310703071611</td></tr><tr><td style='padding:3px 6px; font-weight:bold; background-color:#f2f2f2;'>ประเภทอ้อย</td><td style='padding:3px 6px;'>อ้อยปลายฝน</td></tr><tr><td style='padding:3px 6px; font-weight:bold; background-color:#f2f2f2;'>พื้นที่ปลูก</td><td style='padding:3px 6px;'>19.86</td></tr><tr><td style='padding:3px 6px; font-weight:bold; background-color:#f2f2f2;'>ศูนย์</td><td style='padding:3px 6px;'>K2-61</td></tr><tr><td style='padding:3px 6px; font-weight:bold; background-color:#f2f2f2;'>นักเกษตร</td><td style='padding:3px 6px;'>6107</td></tr><tr><td style='padding:3px 6px; font-weight:bold; background-color:#f2f2f2;'>กลุ่ม</td><td style='padding:3px 6px;'>กลุ่ม_61</td></tr></table></div>]]></description>
      <styleUrl>#style_61_009</styleUrl>
      <MultiGeometry><Polygon><outerBoundaryIs><LinearRing><coordinates>103.0908845,14.6926942,0 103.0889682,14.6928886,0 103.0890258,14.6941714,0 103.0908685,14.6942354,0 103.0908845,14.6926942,0</coordinates></LinearRing></outerBoundaryIs></Polygon></MultiGeometry>
    </Placemark>
  </Folder>
  <Style id="style_61_010">
    <LineStyle>
      <color>ffC1AC00</color>
      <width>2.0</width>
    </LineStyle>
    <PolyStyle>
      <color>b3C1AC00</color>
    </PolyStyle>
  </Style>
  <Folder>
    <name>61_010</name>
    <Placemark>
      <name>311504111502</name>
      <description><![CDATA[<div style='font-family:Tahoma,sans-serif; font-size:13px;'><h3 style='color:#1565C0; margin:4px 0;'>รหัส: 311504111502</h3><p style='margin:2px 0;'><b>กลุ่มรถไถ:</b> 61_010</p><table border='1' style='border-collapse:collapse; border-color:#ccc; width:100%;'><tr><td style='padding:3px 6px; font-weight:bold; background-color:#f2f2f2;'>ปีการผลิต</td><td style='padding:3px 6px;'>257071</td></tr><tr><td style='padding:3px 6px; font-weight:bold; background-color:#f2f2f2;'>รหัสกลุ่มรถไถ</td><td style='padding:3px 6px;'>61/010</td></tr><tr><td style='padding:3px 6px; font-weight:bold; background-color:#f2f2f2;'>โควตาชาวไร่</td><td style='padding:3px 6px;'>760735</td></tr><tr><td style='padding:3px 6px; font-weight:bold; background-color:#f2f2f2;'>ชื่อ-นามสกุล</td><td style='padding:3px 6px;'>นาง นารีรัตน์ กุยแก้ว</td></tr><tr><td style='padding:3px 6px; font-weight:bold; background-color:#f2f2f2;'>111</td><td style='padding:3px 6px;'>311504111502</td></tr><tr><td style='padding:3px 6px; font-weight:bold; background-color:#f2f2f2;'>ประเภทอ้อย</td><td style='padding:3px 6px;'>อ้อยปลายฝน</td></tr><tr><td style='padding:3px 6px; font-weight:bold; background-color:#f2f2f2;'>พื้นที่ปลูก</td><td style='padding:3px 6px;'>17.88</td></tr><tr><td style='padding:3px 6px; font-weight:bold; background-color:#f2f2f2;'>ศูนย์</td><td style='padding:3px 6px;'>K2-61</td></tr><tr><td style='padding:3px 6px; font-weight:bold; background-color:#f2f2f2;'>นักเกษตร</td><td style='padding:3px 6px;'>6101</td></tr><tr><td style='padding:3px 6px; font-weight:bold; background-color:#f2f2f2;'>กลุ่ม</td><td style='padding:3px 6px;'>กลุ่ม_61</td></tr></table></div>]]></description>
      <styleUrl>#style_61_010</styleUrl>
      <MultiGeometry><Polygon><outerBoundaryIs><LinearRing><coordinates>103.1770900,14.6992467,0 103.1773667,14.6991217,0 103.1773367,14.6990150,0 103.1773200,14.6989583,0 103.1771550,14.6984617,0 103.1770783,14.6985217,0 103.1768117,14.6986267,0 103.1767333,14.6986633,0 103.1763917,14.6988867,0 103.1763500,14.6991083,0 103.1766750,14.7007983,0 103.1766750,14.7010000,0 103.1770133,14.7009950,0 103.1772350,14.7009917,0 103.1774833,14.7009550,0 103.1774683,14.7008450,0 103.1776000,14.7008117,0 103.1776050,14.7007433,0 103.1779350,14.7006333,0 103.1777417,14.6998717,0 103.1776783,14.6998783,0 103.1775933,14.6995950,0 103.1772617,14.6997133,0 103.1770900,14.6992467,0</coordinates></LinearRing></outerBoundaryIs></Polygon></MultiGeometry>
    </Placemark>
    <Placemark>
      <name>311501041582</name>
      <description><![CDATA[<div style='font-family:Tahoma,sans-serif; font-size:13px;'><h3 style='color:#1565C0; margin:4px 0;'>รหัส: 311501041582</h3><p style='margin:2px 0;'><b>กลุ่มรถไถ:</b> 61_010</p><table border='1' style='border-collapse:collapse; border-color:#ccc; width:100%;'><tr><td style='padding:3px 6px; font-weight:bold; background-color:#f2f2f2;'>ปีการผลิต</td><td style='padding:3px 6px;'>257071</td></tr><tr><td style='padding:3px 6px; font-weight:bold; background-color:#f2f2f2;'>รหัสกลุ่มรถไถ</td><td style='padding:3px 6px;'>61/010</td></tr><tr><td style='padding:3px 6px; font-weight:bold; background-color:#f2f2f2;'>โควตาชาวไร่</td><td style='padding:3px 6px;'>760852</td></tr><tr><td style='padding:3px 6px; font-weight:bold; background-color:#f2f2f2;'>ชื่อ-นามสกุล</td><td style='padding:3px 6px;'>นาง พิน ไสนะรา</td></tr><tr><td style='padding:3px 6px; font-weight:bold; background-color:#f2f2f2;'>111</td><td style='padding:3px 6px;'>311501041582</td></tr><tr><td style='padding:3px 6px; font-weight:bold; background-color:#f2f2f2;'>ประเภทอ้อย</td><td style='padding:3px 6px;'>อ้อยปลายฝน</td></tr><tr><td style='padding:3px 6px; font-weight:bold; background-color:#f2f2f2;'>พื้นที่ปลูก</td><td style='padding:3px 6px;'>6.71</td></tr><tr><td style='padding:3px 6px; font-weight:bold; background-color:#f2f2f2;'>ศูนย์</td><td style='padding:3px 6px;'>K2-61</td></tr><tr><td style='padding:3px 6px; font-weight:bold; background-color:#f2f2f2;'>นักเกษตร</td><td style='padding:3px 6px;'>6101</td></tr><tr><td style='padding:3px 6px; font-weight:bold; background-color:#f2f2f2;'>กลุ่ม</td><td style='padding:3px 6px;'>กลุ่ม_61</td></tr></table></div>]]></description>
      <styleUrl>#style_61_010</styleUrl>
      <MultiGeometry><Polygon><outerBoundaryIs><LinearRing><coordinates>103.1548775,14.6709477,0 103.1551615,14.6709931,0 103.1558662,14.6683170,0 103.1558622,14.6683035,0 103.1555365,14.6682546,0 103.1553140,14.6691327,0 103.1552274,14.6694596,0 103.1550881,14.6700007,0 103.1549734,14.6704429,0 103.1548775,14.6709477,0</coordinates></LinearRing></outerBoundaryIs></Polygon></MultiGeometry>
    </Placemark>
    <Placemark>
      <name>311501041583</name>
      <description><![CDATA[<div style='font-family:Tahoma,sans-serif; font-size:13px;'><h3 style='color:#1565C0; margin:4px 0;'>รหัส: 311501041583</h3><p style='margin:2px 0;'><b>กลุ่มรถไถ:</b> 61_010</p><table border='1' style='border-collapse:collapse; border-color:#ccc; width:100%;'><tr><td style='padding:3px 6px; font-weight:bold; background-color:#f2f2f2;'>ปีการผลิต</td><td style='padding:3px 6px;'>257071</td></tr><tr><td style='padding:3px 6px; font-weight:bold; background-color:#f2f2f2;'>รหัสกลุ่มรถไถ</td><td style='padding:3px 6px;'>61/010</td></tr><tr><td style='padding:3px 6px; font-weight:bold; background-color:#f2f2f2;'>โควตาชาวไร่</td><td style='padding:3px 6px;'>760852</td></tr><tr><td style='padding:3px 6px; font-weight:bold; background-color:#f2f2f2;'>ชื่อ-นามสกุล</td><td style='padding:3px 6px;'>นาง พิน ไสนะรา</td></tr><tr><td style='padding:3px 6px; font-weight:bold; background-color:#f2f2f2;'>111</td><td style='padding:3px 6px;'>311501041583</td></tr><tr><td style='padding:3px 6px; font-weight:bold; background-color:#f2f2f2;'>ประเภทอ้อย</td><td style='padding:3px 6px;'>อ้อยปลายฝน</td></tr><tr><td style='padding:3px 6px; font-weight:bold; background-color:#f2f2f2;'>พื้นที่ปลูก</td><td style='padding:3px 6px;'>20.6</td></tr><tr><td style='padding:3px 6px; font-weight:bold; background-color:#f2f2f2;'>ศูนย์</td><td style='padding:3px 6px;'>K2-61</td></tr><tr><td style='padding:3px 6px; font-weight:bold; background-color:#f2f2f2;'>นักเกษตร</td><td style='padding:3px 6px;'>6101</td></tr><tr><td style='padding:3px 6px; font-weight:bold; background-color:#f2f2f2;'>กลุ่ม</td><td style='padding:3px 6px;'>กลุ่ม_61</td></tr></table></div>]]></description>
      <styleUrl>#style_61_010</styleUrl>
      <MultiGeometry><Polygon><outerBoundaryIs><LinearRing><coordinates>103.1557507,14.6711798,0 103.1548702,14.6710384,0 103.1547553,14.6714497,0 103.1547233,14.6716806,0 103.1546475,14.6723058,0 103.1545880,14.6725479,0 103.1545750,14.6726573,0 103.1545704,14.6727531,0 103.1545563,14.6729001,0 103.1545427,14.6730399,0 103.1541646,14.6745765,0 103.1548496,14.6746481,0 103.1557507,14.6711798,0</coordinates></LinearRing></outerBoundaryIs></Polygon></MultiGeometry>
    </Placemark>
    <Placemark>
      <name>311504061629</name>
      <description><![CDATA[<div style='font-family:Tahoma,sans-serif; font-size:13px;'><h3 style='color:#1565C0; margin:4px 0;'>รหัส: 311504061629</h3><p style='margin:2px 0;'><b>กลุ่มรถไถ:</b> 61_010</p><table border='1' style='border-collapse:collapse; border-color:#ccc; width:100%;'><tr><td style='padding:3px 6px; font-weight:bold; background-color:#f2f2f2;'>ปีการผลิต</td><td style='padding:3px 6px;'>257071</td></tr><tr><td style='padding:3px 6px; font-weight:bold; background-color:#f2f2f2;'>รหัสกลุ่มรถไถ</td><td style='padding:3px 6px;'>61/010</td></tr><tr><td style='padding:3px 6px; font-weight:bold; background-color:#f2f2f2;'>โควตาชาวไร่</td><td style='padding:3px 6px;'>760893</td></tr><tr><td style='padding:3px 6px; font-weight:bold; background-color:#f2f2f2;'>ชื่อ-นามสกุล</td><td style='padding:3px 6px;'>นาง น้อม สร้อยสุวรรณ</td></tr><tr><td style='padding:3px 6px; font-weight:bold; background-color:#f2f2f2;'>111</td><td style='padding:3px 6px;'>311504061629</td></tr><tr><td style='padding:3px 6px; font-weight:bold; background-color:#f2f2f2;'>ประเภทอ้อย</td><td style='padding:3px 6px;'>อ้อยปลายฝน</td></tr><tr><td style='padding:3px 6px; font-weight:bold; background-color:#f2f2f2;'>พื้นที่ปลูก</td><td style='padding:3px 6px;'>8.96</td></tr><tr><td style='padding:3px 6px; font-weight:bold; background-color:#f2f2f2;'>ศูนย์</td><td style='padding:3px 6px;'>K2-61</td></tr><tr><td style='padding:3px 6px; font-weight:bold; background-color:#f2f2f2;'>นักเกษตร</td><td style='padding:3px 6px;'>6107</td></tr><tr><td style='padding:3px 6px; font-weight:bold; background-color:#f2f2f2;'>กลุ่ม</td><td style='padding:3px 6px;'>กลุ่ม_61</td></tr></table></div>]]></description>
      <styleUrl>#style_61_010</styleUrl>
      <MultiGeometry><Polygon><outerBoundaryIs><LinearRing><coordinates>103.1969332,14.6983795,0 103.1973130,14.6982424,0 103.1974827,14.6985243,0 103.1990092,14.6980745,0 103.1987745,14.6975279,0 103.1967667,14.6980092,0 103.1968264,14.6983110,0 103.1969332,14.6983795,0</coordinates></LinearRing></outerBoundaryIs></Polygon></MultiGeometry>
    </Placemark>
    <Placemark>
      <name>311501021508</name>
      <description><![CDATA[<div style='font-family:Tahoma,sans-serif; font-size:13px;'><h3 style='color:#1565C0; margin:4px 0;'>รหัส: 311501021508</h3><p style='margin:2px 0;'><b>กลุ่มรถไถ:</b> 61_010</p><table border='1' style='border-collapse:collapse; border-color:#ccc; width:100%;'><tr><td style='padding:3px 6px; font-weight:bold; background-color:#f2f2f2;'>ปีการผลิต</td><td style='padding:3px 6px;'>257071</td></tr><tr><td style='padding:3px 6px; font-weight:bold; background-color:#f2f2f2;'>รหัสกลุ่มรถไถ</td><td style='padding:3px 6px;'>61/010</td></tr><tr><td style='padding:3px 6px; font-weight:bold; background-color:#f2f2f2;'>โควตาชาวไร่</td><td style='padding:3px 6px;'>760894</td></tr><tr><td style='padding:3px 6px; font-weight:bold; background-color:#f2f2f2;'>ชื่อ-นามสกุล</td><td style='padding:3px 6px;'>นาย อนุชา สายบุตร</td></tr><tr><td style='padding:3px 6px; font-weight:bold; background-color:#f2f2f2;'>111</td><td style='padding:3px 6px;'>311501021508</td></tr><tr><td style='padding:3px 6px; font-weight:bold; background-color:#f2f2f2;'>ประเภทอ้อย</td><td style='padding:3px 6px;'>อ้อยปลายฝน</td></tr><tr><td style='padding:3px 6px; font-weight:bold; background-color:#f2f2f2;'>พื้นที่ปลูก</td><td style='padding:3px 6px;'>21.18</td></tr><tr><td style='padding:3px 6px; font-weight:bold; background-color:#f2f2f2;'>ศูนย์</td><td style='padding:3px 6px;'>K2-61</td></tr><tr><td style='padding:3px 6px; font-weight:bold; background-color:#f2f2f2;'>นักเกษตร</td><td style='padding:3px 6px;'>6101</td></tr><tr><td style='padding:3px 6px; font-weight:bold; background-color:#f2f2f2;'>กลุ่ม</td><td style='padding:3px 6px;'>กลุ่ม_61</td></tr></table></div>]]></description>
      <styleUrl>#style_61_010</styleUrl>
      <MultiGeometry><Polygon><outerBoundaryIs><LinearRing><coordinates>103.1356000,14.7035783,0 103.1365683,14.7037200,0 103.1370017,14.7015283,0 103.1368083,14.7014767,0 103.1368733,14.7012400,0 103.1370483,14.7012600,0 103.1371117,14.7008917,0 103.1360917,14.7007783,0 103.1356000,14.7035783,0</coordinates></LinearRing></outerBoundaryIs></Polygon></MultiGeometry>
    </Placemark>
    <Placemark>
      <name>311501081634</name>
      <description><![CDATA[<div style='font-family:Tahoma,sans-serif; font-size:13px;'><h3 style='color:#1565C0; margin:4px 0;'>รหัส: 311501081634</h3><p style='margin:2px 0;'><b>กลุ่มรถไถ:</b> 61_010</p><table border='1' style='border-collapse:collapse; border-color:#ccc; width:100%;'><tr><td style='padding:3px 6px; font-weight:bold; background-color:#f2f2f2;'>ปีการผลิต</td><td style='padding:3px 6px;'>257071</td></tr><tr><td style='padding:3px 6px; font-weight:bold; background-color:#f2f2f2;'>รหัสกลุ่มรถไถ</td><td style='padding:3px 6px;'>61/010</td></tr><tr><td style='padding:3px 6px; font-weight:bold; background-color:#f2f2f2;'>โควตาชาวไร่</td><td style='padding:3px 6px;'>761008</td></tr><tr><td style='padding:3px 6px; font-weight:bold; background-color:#f2f2f2;'>ชื่อ-นามสกุล</td><td style='padding:3px 6px;'>นาย บรรลือ สังเกตกิจ</td></tr><tr><td style='padding:3px 6px; font-weight:bold; background-color:#f2f2f2;'>111</td><td style='padding:3px 6px;'>311501081634</td></tr><tr><td style='padding:3px 6px; font-weight:bold; background-color:#f2f2f2;'>ประเภทอ้อย</td><td style='padding:3px 6px;'>อ้อยปลายฝน</td></tr><tr><td style='padding:3px 6px; font-weight:bold; background-color:#f2f2f2;'>พื้นที่ปลูก</td><td style='padding:3px 6px;'>5.61</td></tr><tr><td style='padding:3px 6px; font-weight:bold; background-color:#f2f2f2;'>ศูนย์</td><td style='padding:3px 6px;'>K2-61</td></tr><tr><td style='padding:3px 6px; font-weight:bold; background-color:#f2f2f2;'>นักเกษตร</td><td style='padding:3px 6px;'>6101</td></tr><tr><td style='padding:3px 6px; font-weight:bold; background-color:#f2f2f2;'>กลุ่ม</td><td style='padding:3px 6px;'>กลุ่ม_61</td></tr></table></div>]]></description>
      <styleUrl>#style_61_010</styleUrl>
      <MultiGeometry><Polygon><outerBoundaryIs><LinearRing><coordinates>103.1670269,14.6726537,0 103.1672491,14.6708896,0 103.1668537,14.6708120,0 103.1666061,14.6726398,0 103.1670269,14.6726537,0</coordinates></LinearRing></outerBoundaryIs></Polygon></MultiGeometry>
    </Placemark>
    <Placemark>
      <name>311501081641</name>
      <description><![CDATA[<div style='font-family:Tahoma,sans-serif; font-size:13px;'><h3 style='color:#1565C0; margin:4px 0;'>รหัส: 311501081641</h3><p style='margin:2px 0;'><b>กลุ่มรถไถ:</b> 61_010</p><table border='1' style='border-collapse:collapse; border-color:#ccc; width:100%;'><tr><td style='padding:3px 6px; font-weight:bold; background-color:#f2f2f2;'>ปีการผลิต</td><td style='padding:3px 6px;'>257071</td></tr><tr><td style='padding:3px 6px; font-weight:bold; background-color:#f2f2f2;'>รหัสกลุ่มรถไถ</td><td style='padding:3px 6px;'>61/010</td></tr><tr><td style='padding:3px 6px; font-weight:bold; background-color:#f2f2f2;'>โควตาชาวไร่</td><td style='padding:3px 6px;'>761008</td></tr><tr><td style='padding:3px 6px; font-weight:bold; background-color:#f2f2f2;'>ชื่อ-นามสกุล</td><td style='padding:3px 6px;'>นาย บรรลือ สังเกตกิจ</td></tr><tr><td style='padding:3px 6px; font-weight:bold; background-color:#f2f2f2;'>111</td><td style='padding:3px 6px;'>311501081641</td></tr><tr><td style='padding:3px 6px; font-weight:bold; background-color:#f2f2f2;'>ประเภทอ้อย</td><td style='padding:3px 6px;'>อ้อยปลายฝน</td></tr><tr><td style='padding:3px 6px; font-weight:bold; background-color:#f2f2f2;'>พื้นที่ปลูก</td><td style='padding:3px 6px;'>3.11</td></tr><tr><td style='padding:3px 6px; font-weight:bold; background-color:#f2f2f2;'>ศูนย์</td><td style='padding:3px 6px;'>K2-61</td></tr><tr><td style='padding:3px 6px; font-weight:bold; background-color:#f2f2f2;'>นักเกษตร</td><td style='padding:3px 6px;'>6101</td></tr><tr><td style='padding:3px 6px; font-weight:bold; background-color:#f2f2f2;'>กลุ่ม</td><td style='padding:3px 6px;'>กลุ่ม_61</td></tr></table></div>]]></description>
      <styleUrl>#style_61_010</styleUrl>
      <MultiGeometry><Polygon><outerBoundaryIs><LinearRing><coordinates>103.1669045,14.6736825,0 103.1670358,14.6727631,0 103.1665935,14.6727295,0 103.1664658,14.6736808,0 103.1669045,14.6736825,0</coordinates></LinearRing></outerBoundaryIs></Polygon></MultiGeometry>
    </Placemark>
    <Placemark>
      <name>311501041574</name>
      <description><![CDATA[<div style='font-family:Tahoma,sans-serif; font-size:13px;'><h3 style='color:#1565C0; margin:4px 0;'>รหัส: 311501041574</h3><p style='margin:2px 0;'><b>กลุ่มรถไถ:</b> 61_010</p><table border='1' style='border-collapse:collapse; border-color:#ccc; width:100%;'><tr><td style='padding:3px 6px; font-weight:bold; background-color:#f2f2f2;'>ปีการผลิต</td><td style='padding:3px 6px;'>257071</td></tr><tr><td style='padding:3px 6px; font-weight:bold; background-color:#f2f2f2;'>รหัสกลุ่มรถไถ</td><td style='padding:3px 6px;'>61/010</td></tr><tr><td style='padding:3px 6px; font-weight:bold; background-color:#f2f2f2;'>โควตาชาวไร่</td><td style='padding:3px 6px;'>769020</td></tr><tr><td style='padding:3px 6px; font-weight:bold; background-color:#f2f2f2;'>ชื่อ-นามสกุล</td><td style='padding:3px 6px;'>นาย สมคิด พ่อเกตุ</td></tr><tr><td style='padding:3px 6px; font-weight:bold; background-color:#f2f2f2;'>111</td><td style='padding:3px 6px;'>311501041574</td></tr><tr><td style='padding:3px 6px; font-weight:bold; background-color:#f2f2f2;'>ประเภทอ้อย</td><td style='padding:3px 6px;'>อ้อยปลายฝน</td></tr><tr><td style='padding:3px 6px; font-weight:bold; background-color:#f2f2f2;'>พื้นที่ปลูก</td><td style='padding:3px 6px;'>6.21</td></tr><tr><td style='padding:3px 6px; font-weight:bold; background-color:#f2f2f2;'>ศูนย์</td><td style='padding:3px 6px;'>K2-61</td></tr><tr><td style='padding:3px 6px; font-weight:bold; background-color:#f2f2f2;'>นักเกษตร</td><td style='padding:3px 6px;'>6101</td></tr><tr><td style='padding:3px 6px; font-weight:bold; background-color:#f2f2f2;'>กลุ่ม</td><td style='padding:3px 6px;'>กลุ่ม_61</td></tr></table></div>]]></description>
      <styleUrl>#style_61_010</styleUrl>
      <MultiGeometry><Polygon><outerBoundaryIs><LinearRing><coordinates>103.1590685,14.6864764,0 103.1608629,14.6866283,0 103.1608701,14.6862412,0 103.1594095,14.6859330,0 103.1591346,14.6861890,0 103.1590685,14.6864764,0</coordinates></LinearRing></outerBoundaryIs></Polygon></MultiGeometry>
    </Placemark>
    <Placemark>
      <name>311501041578</name>
      <description><![CDATA[<div style='font-family:Tahoma,sans-serif; font-size:13px;'><h3 style='color:#1565C0; margin:4px 0;'>รหัส: 311501041578</h3><p style='margin:2px 0;'><b>กลุ่มรถไถ:</b> 61_010</p><table border='1' style='border-collapse:collapse; border-color:#ccc; width:100%;'><tr><td style='padding:3px 6px; font-weight:bold; background-color:#f2f2f2;'>ปีการผลิต</td><td style='padding:3px 6px;'>257071</td></tr><tr><td style='padding:3px 6px; font-weight:bold; background-color:#f2f2f2;'>รหัสกลุ่มรถไถ</td><td style='padding:3px 6px;'>61/010</td></tr><tr><td style='padding:3px 6px; font-weight:bold; background-color:#f2f2f2;'>โควตาชาวไร่</td><td style='padding:3px 6px;'>769020</td></tr><tr><td style='padding:3px 6px; font-weight:bold; background-color:#f2f2f2;'>ชื่อ-นามสกุล</td><td style='padding:3px 6px;'>นาย สมคิด พ่อเกตุ</td></tr><tr><td style='padding:3px 6px; font-weight:bold; background-color:#f2f2f2;'>111</td><td style='padding:3px 6px;'>311501041578</td></tr><tr><td style='padding:3px 6px; font-weight:bold; background-color:#f2f2f2;'>ประเภทอ้อย</td><td style='padding:3px 6px;'>อ้อยปลายฝน</td></tr><tr><td style='padding:3px 6px; font-weight:bold; background-color:#f2f2f2;'>พื้นที่ปลูก</td><td style='padding:3px 6px;'>9.75</td></tr><tr><td style='padding:3px 6px; font-weight:bold; background-color:#f2f2f2;'>ศูนย์</td><td style='padding:3px 6px;'>K2-61</td></tr><tr><td style='padding:3px 6px; font-weight:bold; background-color:#f2f2f2;'>นักเกษตร</td><td style='padding:3px 6px;'>6101</td></tr><tr><td style='padding:3px 6px; font-weight:bold; background-color:#f2f2f2;'>กลุ่ม</td><td style='padding:3px 6px;'>กลุ่ม_61</td></tr></table></div>]]></description>
      <styleUrl>#style_61_010</styleUrl>
      <MultiGeometry><Polygon><outerBoundaryIs><LinearRing><coordinates>103.1765743,14.6766094,0 103.1766372,14.6763729,0 103.1718782,14.6756944,0 103.1718246,14.6759798,0 103.1749694,14.6764082,0 103.1765743,14.6766094,0</coordinates></LinearRing></outerBoundaryIs></Polygon></MultiGeometry>
    </Placemark>
    <Placemark>
      <name>311501041674</name>
      <description><![CDATA[<div style='font-family:Tahoma,sans-serif; font-size:13px;'><h3 style='color:#1565C0; margin:4px 0;'>รหัส: 311501041674</h3><p style='margin:2px 0;'><b>กลุ่มรถไถ:</b> 61_010</p><table border='1' style='border-collapse:collapse; border-color:#ccc; width:100%;'><tr><td style='padding:3px 6px; font-weight:bold; background-color:#f2f2f2;'>ปีการผลิต</td><td style='padding:3px 6px;'>257071</td></tr><tr><td style='padding:3px 6px; font-weight:bold; background-color:#f2f2f2;'>รหัสกลุ่มรถไถ</td><td style='padding:3px 6px;'>61/010</td></tr><tr><td style='padding:3px 6px; font-weight:bold; background-color:#f2f2f2;'>โควตาชาวไร่</td><td style='padding:3px 6px;'>769094</td></tr><tr><td style='padding:3px 6px; font-weight:bold; background-color:#f2f2f2;'>ชื่อ-นามสกุล</td><td style='padding:3px 6px;'>นาง จุฑาทิพ สายบุตร</td></tr><tr><td style='padding:3px 6px; font-weight:bold; background-color:#f2f2f2;'>111</td><td style='padding:3px 6px;'>311501041674</td></tr><tr><td style='padding:3px 6px; font-weight:bold; background-color:#f2f2f2;'>ประเภทอ้อย</td><td style='padding:3px 6px;'>อ้อยปลายฝน</td></tr><tr><td style='padding:3px 6px; font-weight:bold; background-color:#f2f2f2;'>พื้นที่ปลูก</td><td style='padding:3px 6px;'>10.86</td></tr><tr><td style='padding:3px 6px; font-weight:bold; background-color:#f2f2f2;'>ศูนย์</td><td style='padding:3px 6px;'>K2-61</td></tr><tr><td style='padding:3px 6px; font-weight:bold; background-color:#f2f2f2;'>นักเกษตร</td><td style='padding:3px 6px;'>6101</td></tr><tr><td style='padding:3px 6px; font-weight:bold; background-color:#f2f2f2;'>กลุ่ม</td><td style='padding:3px 6px;'>กลุ่ม_61</td></tr></table></div>]]></description>
      <styleUrl>#style_61_010</styleUrl>
      <MultiGeometry><Polygon><outerBoundaryIs><LinearRing><coordinates>103.1541705,14.6745930,0 103.1543559,14.6737990,0 103.1544293,14.6734866,0 103.1544823,14.6732182,0 103.1545279,14.6730064,0 103.1545559,14.6727709,0 103.1545668,14.6726303,0 103.1546269,14.6723733,0 103.1547042,14.6717201,0 103.1547366,14.6715359,0 103.1548399,14.6710610,0 103.1544304,14.6710106,0 103.1543908,14.6712908,0 103.1545735,14.6713462,0 103.1545406,14.6715274,0 103.1543491,14.6714989,0 103.1541455,14.6726417,0 103.1537780,14.6745427,0 103.1541705,14.6745930,0</coordinates></LinearRing></outerBoundaryIs></Polygon></MultiGeometry>
    </Placemark>
    <Placemark>
      <name>311501041683</name>
      <description><![CDATA[<div style='font-family:Tahoma,sans-serif; font-size:13px;'><h3 style='color:#1565C0; margin:4px 0;'>รหัส: 311501041683</h3><p style='margin:2px 0;'><b>กลุ่มรถไถ:</b> 61_010</p><table border='1' style='border-collapse:collapse; border-color:#ccc; width:100%;'><tr><td style='padding:3px 6px; font-weight:bold; background-color:#f2f2f2;'>ปีการผลิต</td><td style='padding:3px 6px;'>257071</td></tr><tr><td style='padding:3px 6px; font-weight:bold; background-color:#f2f2f2;'>รหัสกลุ่มรถไถ</td><td style='padding:3px 6px;'>61/010</td></tr><tr><td style='padding:3px 6px; font-weight:bold; background-color:#f2f2f2;'>โควตาชาวไร่</td><td style='padding:3px 6px;'>769094</td></tr><tr><td style='padding:3px 6px; font-weight:bold; background-color:#f2f2f2;'>ชื่อ-นามสกุล</td><td style='padding:3px 6px;'>นาง จุฑาทิพ สายบุตร</td></tr><tr><td style='padding:3px 6px; font-weight:bold; background-color:#f2f2f2;'>111</td><td style='padding:3px 6px;'>311501041683</td></tr><tr><td style='padding:3px 6px; font-weight:bold; background-color:#f2f2f2;'>ประเภทอ้อย</td><td style='padding:3px 6px;'>อ้อยปลายฝน</td></tr><tr><td style='padding:3px 6px; font-weight:bold; background-color:#f2f2f2;'>พื้นที่ปลูก</td><td style='padding:3px 6px;'>12.0</td></tr><tr><td style='padding:3px 6px; font-weight:bold; background-color:#f2f2f2;'>ศูนย์</td><td style='padding:3px 6px;'>K2-61</td></tr><tr><td style='padding:3px 6px; font-weight:bold; background-color:#f2f2f2;'>นักเกษตร</td><td style='padding:3px 6px;'>6101</td></tr><tr><td style='padding:3px 6px; font-weight:bold; background-color:#f2f2f2;'>กลุ่ม</td><td style='padding:3px 6px;'>กลุ่ม_61</td></tr></table></div>]]></description>
      <styleUrl>#style_61_010</styleUrl>
      <MultiGeometry><Polygon><outerBoundaryIs><LinearRing><coordinates>103.1643274,14.6811171,0 103.1640798,14.6809797,0 103.1629504,14.6828849,0 103.1628854,14.6830090,0 103.1626293,14.6835520,0 103.1622492,14.6843651,0 103.1619720,14.6849694,0 103.1616186,14.6858327,0 103.1618107,14.6859277,0 103.1622037,14.6850759,0 103.1625432,14.6843582,0 103.1643274,14.6811171,0</coordinates></LinearRing></outerBoundaryIs></Polygon></MultiGeometry>
    </Placemark>
    <Placemark>
      <name>311501081651</name>
      <description><![CDATA[<div style='font-family:Tahoma,sans-serif; font-size:13px;'><h3 style='color:#1565C0; margin:4px 0;'>รหัส: 311501081651</h3><p style='margin:2px 0;'><b>กลุ่มรถไถ:</b> 61_010</p><table border='1' style='border-collapse:collapse; border-color:#ccc; width:100%;'><tr><td style='padding:3px 6px; font-weight:bold; background-color:#f2f2f2;'>ปีการผลิต</td><td style='padding:3px 6px;'>257071</td></tr><tr><td style='padding:3px 6px; font-weight:bold; background-color:#f2f2f2;'>รหัสกลุ่มรถไถ</td><td style='padding:3px 6px;'>61/010</td></tr><tr><td style='padding:3px 6px; font-weight:bold; background-color:#f2f2f2;'>โควตาชาวไร่</td><td style='padding:3px 6px;'>769752</td></tr><tr><td style='padding:3px 6px; font-weight:bold; background-color:#f2f2f2;'>ชื่อ-นามสกุล</td><td style='padding:3px 6px;'>นาย ละออง แจ่มใส</td></tr><tr><td style='padding:3px 6px; font-weight:bold; background-color:#f2f2f2;'>111</td><td style='padding:3px 6px;'>311501081651</td></tr><tr><td style='padding:3px 6px; font-weight:bold; background-color:#f2f2f2;'>ประเภทอ้อย</td><td style='padding:3px 6px;'>อ้อยปลายฝน</td></tr><tr><td style='padding:3px 6px; font-weight:bold; background-color:#f2f2f2;'>พื้นที่ปลูก</td><td style='padding:3px 6px;'>4.61</td></tr><tr><td style='padding:3px 6px; font-weight:bold; background-color:#f2f2f2;'>ศูนย์</td><td style='padding:3px 6px;'>K2-61</td></tr><tr><td style='padding:3px 6px; font-weight:bold; background-color:#f2f2f2;'>นักเกษตร</td><td style='padding:3px 6px;'>6101</td></tr><tr><td style='padding:3px 6px; font-weight:bold; background-color:#f2f2f2;'>กลุ่ม</td><td style='padding:3px 6px;'>กลุ่ม_61</td></tr></table></div>]]></description>
      <styleUrl>#style_61_010</styleUrl>
      <MultiGeometry><Polygon><outerBoundaryIs><LinearRing><coordinates>103.1616138,14.7006447,0 103.1617588,14.7013380,0 103.1625130,14.7039970,0 103.1627835,14.7048885,0 103.1628988,14.7052180,0 103.1632020,14.7051472,0 103.1618566,14.7005903,0 103.1616138,14.7006447,0</coordinates></LinearRing></outerBoundaryIs></Polygon></MultiGeometry>
    </Placemark>
  </Folder>
  <Style id="style_61_011">
    <LineStyle>
      <color>ff601BD8</color>
      <width>2.0</width>
    </LineStyle>
    <PolyStyle>
      <color>b3601BD8</color>
    </PolyStyle>
  </Style>
  <Folder>
    <name>61_011</name>
    <Placemark>
      <name>311501061613</name>
      <description><![CDATA[<div style='font-family:Tahoma,sans-serif; font-size:13px;'><h3 style='color:#1565C0; margin:4px 0;'>รหัส: 311501061613</h3><p style='margin:2px 0;'><b>กลุ่มรถไถ:</b> 61_011</p><table border='1' style='border-collapse:collapse; border-color:#ccc; width:100%;'><tr><td style='padding:3px 6px; font-weight:bold; background-color:#f2f2f2;'>ปีการผลิต</td><td style='padding:3px 6px;'>257071</td></tr><tr><td style='padding:3px 6px; font-weight:bold; background-color:#f2f2f2;'>รหัสกลุ่มรถไถ</td><td style='padding:3px 6px;'>61/011</td></tr><tr><td style='padding:3px 6px; font-weight:bold; background-color:#f2f2f2;'>โควตาชาวไร่</td><td style='padding:3px 6px;'>761980</td></tr><tr><td style='padding:3px 6px; font-weight:bold; background-color:#f2f2f2;'>ชื่อ-นามสกุล</td><td style='padding:3px 6px;'>นาง สมร วันนา</td></tr><tr><td style='padding:3px 6px; font-weight:bold; background-color:#f2f2f2;'>111</td><td style='padding:3px 6px;'>311501061613</td></tr><tr><td style='padding:3px 6px; font-weight:bold; background-color:#f2f2f2;'>ประเภทอ้อย</td><td style='padding:3px 6px;'>อ้อยปลายฝน</td></tr><tr><td style='padding:3px 6px; font-weight:bold; background-color:#f2f2f2;'>พื้นที่ปลูก</td><td style='padding:3px 6px;'>15.06</td></tr><tr><td style='padding:3px 6px; font-weight:bold; background-color:#f2f2f2;'>ศูนย์</td><td style='padding:3px 6px;'>K2-61</td></tr><tr><td style='padding:3px 6px; font-weight:bold; background-color:#f2f2f2;'>นักเกษตร</td><td style='padding:3px 6px;'>6107</td></tr><tr><td style='padding:3px 6px; font-weight:bold; background-color:#f2f2f2;'>กลุ่ม</td><td style='padding:3px 6px;'>กลุ่ม_61</td></tr></table></div>]]></description>
      <styleUrl>#style_61_011</styleUrl>
      <MultiGeometry><Polygon><outerBoundaryIs><LinearRing><coordinates>103.1087210,14.6905279,0 103.1085984,14.6925603,0 103.1085809,14.6930257,0 103.1085376,14.6939448,0 103.1091092,14.6939555,0 103.1093038,14.6904411,0 103.1087210,14.6905279,0</coordinates></LinearRing></outerBoundaryIs></Polygon></MultiGeometry>
    </Placemark>
    <Placemark>
      <name>311501061619</name>
      <description><![CDATA[<div style='font-family:Tahoma,sans-serif; font-size:13px;'><h3 style='color:#1565C0; margin:4px 0;'>รหัส: 311501061619</h3><p style='margin:2px 0;'><b>กลุ่มรถไถ:</b> 61_011</p><table border='1' style='border-collapse:collapse; border-color:#ccc; width:100%;'><tr><td style='padding:3px 6px; font-weight:bold; background-color:#f2f2f2;'>ปีการผลิต</td><td style='padding:3px 6px;'>257071</td></tr><tr><td style='padding:3px 6px; font-weight:bold; background-color:#f2f2f2;'>รหัสกลุ่มรถไถ</td><td style='padding:3px 6px;'>61/011</td></tr><tr><td style='padding:3px 6px; font-weight:bold; background-color:#f2f2f2;'>โควตาชาวไร่</td><td style='padding:3px 6px;'>761980</td></tr><tr><td style='padding:3px 6px; font-weight:bold; background-color:#f2f2f2;'>ชื่อ-นามสกุล</td><td style='padding:3px 6px;'>นาง สมร วันนา</td></tr><tr><td style='padding:3px 6px; font-weight:bold; background-color:#f2f2f2;'>111</td><td style='padding:3px 6px;'>311501061619</td></tr><tr><td style='padding:3px 6px; font-weight:bold; background-color:#f2f2f2;'>ประเภทอ้อย</td><td style='padding:3px 6px;'>อ้อยปลายฝน</td></tr><tr><td style='padding:3px 6px; font-weight:bold; background-color:#f2f2f2;'>พื้นที่ปลูก</td><td style='padding:3px 6px;'>14.08</td></tr><tr><td style='padding:3px 6px; font-weight:bold; background-color:#f2f2f2;'>ศูนย์</td><td style='padding:3px 6px;'>K2-61</td></tr><tr><td style='padding:3px 6px; font-weight:bold; background-color:#f2f2f2;'>นักเกษตร</td><td style='padding:3px 6px;'>6107</td></tr><tr><td style='padding:3px 6px; font-weight:bold; background-color:#f2f2f2;'>กลุ่ม</td><td style='padding:3px 6px;'>กลุ่ม_61</td></tr></table></div>]]></description>
      <styleUrl>#style_61_011</styleUrl>
      <MultiGeometry><Polygon><outerBoundaryIs><LinearRing><coordinates>103.1088240,14.6960546,0 103.1093391,14.6962282,0 103.1093742,14.6960743,0 103.1093954,14.6960699,0 103.1096846,14.6947698,0 103.1097374,14.6945277,0 103.1097732,14.6943138,0 103.1098116,14.6931361,0 103.1091559,14.6930689,0 103.1091256,14.6934602,0 103.1091019,14.6937970,0 103.1090951,14.6939333,0 103.1092263,14.6939391,0 103.1088240,14.6960546,0</coordinates></LinearRing></outerBoundaryIs></Polygon></MultiGeometry>
    </Placemark>
    <Placemark>
      <name>311501101682</name>
      <description><![CDATA[<div style='font-family:Tahoma,sans-serif; font-size:13px;'><h3 style='color:#1565C0; margin:4px 0;'>รหัส: 311501101682</h3><p style='margin:2px 0;'><b>กลุ่มรถไถ:</b> 61_011</p><table border='1' style='border-collapse:collapse; border-color:#ccc; width:100%;'><tr><td style='padding:3px 6px; font-weight:bold; background-color:#f2f2f2;'>ปีการผลิต</td><td style='padding:3px 6px;'>257071</td></tr><tr><td style='padding:3px 6px; font-weight:bold; background-color:#f2f2f2;'>รหัสกลุ่มรถไถ</td><td style='padding:3px 6px;'>61/011</td></tr><tr><td style='padding:3px 6px; font-weight:bold; background-color:#f2f2f2;'>โควตาชาวไร่</td><td style='padding:3px 6px;'>761980</td></tr><tr><td style='padding:3px 6px; font-weight:bold; background-color:#f2f2f2;'>ชื่อ-นามสกุล</td><td style='padding:3px 6px;'>นาง สมร วันนา</td></tr><tr><td style='padding:3px 6px; font-weight:bold; background-color:#f2f2f2;'>111</td><td style='padding:3px 6px;'>311501101682</td></tr><tr><td style='padding:3px 6px; font-weight:bold; background-color:#f2f2f2;'>ประเภทอ้อย</td><td style='padding:3px 6px;'>อ้อยปลายฝน</td></tr><tr><td style='padding:3px 6px; font-weight:bold; background-color:#f2f2f2;'>พื้นที่ปลูก</td><td style='padding:3px 6px;'>8.3</td></tr><tr><td style='padding:3px 6px; font-weight:bold; background-color:#f2f2f2;'>ศูนย์</td><td style='padding:3px 6px;'>K2-61</td></tr><tr><td style='padding:3px 6px; font-weight:bold; background-color:#f2f2f2;'>นักเกษตร</td><td style='padding:3px 6px;'>6107</td></tr><tr><td style='padding:3px 6px; font-weight:bold; background-color:#f2f2f2;'>กลุ่ม</td><td style='padding:3px 6px;'>กลุ่ม_61</td></tr></table></div>]]></description>
      <styleUrl>#style_61_011</styleUrl>
      <MultiGeometry><Polygon><outerBoundaryIs><LinearRing><coordinates>103.1200844,14.6943091,0 103.1200615,14.6942987,0 103.1200616,14.6942942,0 103.1199514,14.6942529,0 103.1199599,14.6940620,0 103.1189122,14.6939752,0 103.1189045,14.6950264,0 103.1200319,14.6949865,0 103.1200844,14.6943091,0</coordinates></LinearRing></outerBoundaryIs></Polygon></MultiGeometry>
    </Placemark>
    <Placemark>
      <name>311501101612</name>
      <description><![CDATA[<div style='font-family:Tahoma,sans-serif; font-size:13px;'><h3 style='color:#1565C0; margin:4px 0;'>รหัส: 311501101612</h3><p style='margin:2px 0;'><b>กลุ่มรถไถ:</b> 61_011</p><table border='1' style='border-collapse:collapse; border-color:#ccc; width:100%;'><tr><td style='padding:3px 6px; font-weight:bold; background-color:#f2f2f2;'>ปีการผลิต</td><td style='padding:3px 6px;'>257071</td></tr><tr><td style='padding:3px 6px; font-weight:bold; background-color:#f2f2f2;'>รหัสกลุ่มรถไถ</td><td style='padding:3px 6px;'>61/011</td></tr><tr><td style='padding:3px 6px; font-weight:bold; background-color:#f2f2f2;'>โควตาชาวไร่</td><td style='padding:3px 6px;'>769136</td></tr><tr><td style='padding:3px 6px; font-weight:bold; background-color:#f2f2f2;'>ชื่อ-นามสกุล</td><td style='padding:3px 6px;'>นาย ชมภู เกนรัมย์</td></tr><tr><td style='padding:3px 6px; font-weight:bold; background-color:#f2f2f2;'>111</td><td style='padding:3px 6px;'>311501101612</td></tr><tr><td style='padding:3px 6px; font-weight:bold; background-color:#f2f2f2;'>ประเภทอ้อย</td><td style='padding:3px 6px;'>อ้อยปลายฝน</td></tr><tr><td style='padding:3px 6px; font-weight:bold; background-color:#f2f2f2;'>พื้นที่ปลูก</td><td style='padding:3px 6px;'>4.12</td></tr><tr><td style='padding:3px 6px; font-weight:bold; background-color:#f2f2f2;'>ศูนย์</td><td style='padding:3px 6px;'>K2-61</td></tr><tr><td style='padding:3px 6px; font-weight:bold; background-color:#f2f2f2;'>นักเกษตร</td><td style='padding:3px 6px;'>6107</td></tr><tr><td style='padding:3px 6px; font-weight:bold; background-color:#f2f2f2;'>กลุ่ม</td><td style='padding:3px 6px;'>กลุ่ม_61</td></tr></table></div>]]></description>
      <styleUrl>#style_61_011</styleUrl>
      <MultiGeometry><Polygon><outerBoundaryIs><LinearRing><coordinates>103.1248150,14.6940083,0 103.1257633,14.6939483,0 103.1256983,14.6934767,0 103.1247417,14.6933150,0 103.1248150,14.6940083,0</coordinates></LinearRing></outerBoundaryIs></Polygon></MultiGeometry>
    </Placemark>
    <Placemark>
      <name>311501101636</name>
      <description><![CDATA[<div style='font-family:Tahoma,sans-serif; font-size:13px;'><h3 style='color:#1565C0; margin:4px 0;'>รหัส: 311501101636</h3><p style='margin:2px 0;'><b>กลุ่มรถไถ:</b> 61_011</p><table border='1' style='border-collapse:collapse; border-color:#ccc; width:100%;'><tr><td style='padding:3px 6px; font-weight:bold; background-color:#f2f2f2;'>ปีการผลิต</td><td style='padding:3px 6px;'>257071</td></tr><tr><td style='padding:3px 6px; font-weight:bold; background-color:#f2f2f2;'>รหัสกลุ่มรถไถ</td><td style='padding:3px 6px;'>61/011</td></tr><tr><td style='padding:3px 6px; font-weight:bold; background-color:#f2f2f2;'>โควตาชาวไร่</td><td style='padding:3px 6px;'>769136</td></tr><tr><td style='padding:3px 6px; font-weight:bold; background-color:#f2f2f2;'>ชื่อ-นามสกุล</td><td style='padding:3px 6px;'>นาย ชมภู เกนรัมย์</td></tr><tr><td style='padding:3px 6px; font-weight:bold; background-color:#f2f2f2;'>111</td><td style='padding:3px 6px;'>311501101636</td></tr><tr><td style='padding:3px 6px; font-weight:bold; background-color:#f2f2f2;'>ประเภทอ้อย</td><td style='padding:3px 6px;'>อ้อยปลายฝน</td></tr><tr><td style='padding:3px 6px; font-weight:bold; background-color:#f2f2f2;'>พื้นที่ปลูก</td><td style='padding:3px 6px;'>5.14</td></tr><tr><td style='padding:3px 6px; font-weight:bold; background-color:#f2f2f2;'>ศูนย์</td><td style='padding:3px 6px;'>K2-61</td></tr><tr><td style='padding:3px 6px; font-weight:bold; background-color:#f2f2f2;'>นักเกษตร</td><td style='padding:3px 6px;'>6107</td></tr><tr><td style='padding:3px 6px; font-weight:bold; background-color:#f2f2f2;'>กลุ่ม</td><td style='padding:3px 6px;'>กลุ่ม_61</td></tr></table></div>]]></description>
      <styleUrl>#style_61_011</styleUrl>
      <MultiGeometry><Polygon><outerBoundaryIs><LinearRing><coordinates>103.1259534,14.6920345,0 103.1264276,14.6921431,0 103.1267179,14.6906992,0 103.1262453,14.6906623,0 103.1259534,14.6920345,0</coordinates></LinearRing></outerBoundaryIs></Polygon></MultiGeometry>
    </Placemark>
    <Placemark>
      <name>311501101706</name>
      <description><![CDATA[<div style='font-family:Tahoma,sans-serif; font-size:13px;'><h3 style='color:#1565C0; margin:4px 0;'>รหัส: 311501101706</h3><p style='margin:2px 0;'><b>กลุ่มรถไถ:</b> 61_011</p><table border='1' style='border-collapse:collapse; border-color:#ccc; width:100%;'><tr><td style='padding:3px 6px; font-weight:bold; background-color:#f2f2f2;'>ปีการผลิต</td><td style='padding:3px 6px;'>257071</td></tr><tr><td style='padding:3px 6px; font-weight:bold; background-color:#f2f2f2;'>รหัสกลุ่มรถไถ</td><td style='padding:3px 6px;'>61/011</td></tr><tr><td style='padding:3px 6px; font-weight:bold; background-color:#f2f2f2;'>โควตาชาวไร่</td><td style='padding:3px 6px;'>769136</td></tr><tr><td style='padding:3px 6px; font-weight:bold; background-color:#f2f2f2;'>ชื่อ-นามสกุล</td><td style='padding:3px 6px;'>นาย ชมภู เกนรัมย์</td></tr><tr><td style='padding:3px 6px; font-weight:bold; background-color:#f2f2f2;'>111</td><td style='padding:3px 6px;'>311501101706</td></tr><tr><td style='padding:3px 6px; font-weight:bold; background-color:#f2f2f2;'>ประเภทอ้อย</td><td style='padding:3px 6px;'>อ้อยปลายฝน</td></tr><tr><td style='padding:3px 6px; font-weight:bold; background-color:#f2f2f2;'>พื้นที่ปลูก</td><td style='padding:3px 6px;'>7.55</td></tr><tr><td style='padding:3px 6px; font-weight:bold; background-color:#f2f2f2;'>ศูนย์</td><td style='padding:3px 6px;'>K2-61</td></tr><tr><td style='padding:3px 6px; font-weight:bold; background-color:#f2f2f2;'>นักเกษตร</td><td style='padding:3px 6px;'>6107</td></tr><tr><td style='padding:3px 6px; font-weight:bold; background-color:#f2f2f2;'>กลุ่ม</td><td style='padding:3px 6px;'>กลุ่ม_61</td></tr></table></div>]]></description>
      <styleUrl>#style_61_011</styleUrl>
      <MultiGeometry><Polygon><outerBoundaryIs><LinearRing><coordinates>103.1247101,14.6926345,0 103.1234253,14.6923596,0 103.1232266,14.6932475,0 103.1243929,14.6932803,0 103.1245049,14.6932459,0 103.1247101,14.6926345,0</coordinates></LinearRing></outerBoundaryIs></Polygon></MultiGeometry>
    </Placemark>
    <Placemark>
      <name>311501021675</name>
      <description><![CDATA[<div style='font-family:Tahoma,sans-serif; font-size:13px;'><h3 style='color:#1565C0; margin:4px 0;'>รหัส: 311501021675</h3><p style='margin:2px 0;'><b>กลุ่มรถไถ:</b> 61_011</p><table border='1' style='border-collapse:collapse; border-color:#ccc; width:100%;'><tr><td style='padding:3px 6px; font-weight:bold; background-color:#f2f2f2;'>ปีการผลิต</td><td style='padding:3px 6px;'>257071</td></tr><tr><td style='padding:3px 6px; font-weight:bold; background-color:#f2f2f2;'>รหัสกลุ่มรถไถ</td><td style='padding:3px 6px;'>61/011</td></tr><tr><td style='padding:3px 6px; font-weight:bold; background-color:#f2f2f2;'>โควตาชาวไร่</td><td style='padding:3px 6px;'>769184</td></tr><tr><td style='padding:3px 6px; font-weight:bold; background-color:#f2f2f2;'>ชื่อ-นามสกุล</td><td style='padding:3px 6px;'>นาย เขียน อินทร์กานอน</td></tr><tr><td style='padding:3px 6px; font-weight:bold; background-color:#f2f2f2;'>111</td><td style='padding:3px 6px;'>311501021675</td></tr><tr><td style='padding:3px 6px; font-weight:bold; background-color:#f2f2f2;'>ประเภทอ้อย</td><td style='padding:3px 6px;'>อ้อยปลายฝน</td></tr><tr><td style='padding:3px 6px; font-weight:bold; background-color:#f2f2f2;'>พื้นที่ปลูก</td><td style='padding:3px 6px;'>11.41</td></tr><tr><td style='padding:3px 6px; font-weight:bold; background-color:#f2f2f2;'>ศูนย์</td><td style='padding:3px 6px;'>K2-61</td></tr><tr><td style='padding:3px 6px; font-weight:bold; background-color:#f2f2f2;'>นักเกษตร</td><td style='padding:3px 6px;'>6107</td></tr><tr><td style='padding:3px 6px; font-weight:bold; background-color:#f2f2f2;'>กลุ่ม</td><td style='padding:3px 6px;'>กลุ่ม_61</td></tr></table></div>]]></description>
      <styleUrl>#style_61_011</styleUrl>
      <MultiGeometry><Polygon><outerBoundaryIs><LinearRing><coordinates>103.1221805,14.7027526,0 103.1225359,14.7018299,0 103.1225797,14.7016348,0 103.1225491,14.7015750,0 103.1225861,14.7015427,0 103.1225906,14.7011995,0 103.1225376,14.7010908,0 103.1225318,14.7010411,0 103.1225795,14.7010268,0 103.1224253,14.6998525,0 103.1223446,14.6997857,0 103.1219438,14.6997632,0 103.1220693,14.7015649,0 103.1218592,14.7021094,0 103.1216918,14.7025350,0 103.1221805,14.7027526,0</coordinates></LinearRing></outerBoundaryIs></Polygon></MultiGeometry>
    </Placemark>
    <Placemark>
      <name>311501101634</name>
      <description><![CDATA[<div style='font-family:Tahoma,sans-serif; font-size:13px;'><h3 style='color:#1565C0; margin:4px 0;'>รหัส: 311501101634</h3><p style='margin:2px 0;'><b>กลุ่มรถไถ:</b> 61_011</p><table border='1' style='border-collapse:collapse; border-color:#ccc; width:100%;'><tr><td style='padding:3px 6px; font-weight:bold; background-color:#f2f2f2;'>ปีการผลิต</td><td style='padding:3px 6px;'>257071</td></tr><tr><td style='padding:3px 6px; font-weight:bold; background-color:#f2f2f2;'>รหัสกลุ่มรถไถ</td><td style='padding:3px 6px;'>61/011</td></tr><tr><td style='padding:3px 6px; font-weight:bold; background-color:#f2f2f2;'>โควตาชาวไร่</td><td style='padding:3px 6px;'>769184</td></tr><tr><td style='padding:3px 6px; font-weight:bold; background-color:#f2f2f2;'>ชื่อ-นามสกุล</td><td style='padding:3px 6px;'>นาย เขียน อินทร์กานอน</td></tr><tr><td style='padding:3px 6px; font-weight:bold; background-color:#f2f2f2;'>111</td><td style='padding:3px 6px;'>311501101634</td></tr><tr><td style='padding:3px 6px; font-weight:bold; background-color:#f2f2f2;'>ประเภทอ้อย</td><td style='padding:3px 6px;'>อ้อยปลายฝน</td></tr><tr><td style='padding:3px 6px; font-weight:bold; background-color:#f2f2f2;'>พื้นที่ปลูก</td><td style='padding:3px 6px;'>6.52</td></tr><tr><td style='padding:3px 6px; font-weight:bold; background-color:#f2f2f2;'>ศูนย์</td><td style='padding:3px 6px;'>K2-61</td></tr><tr><td style='padding:3px 6px; font-weight:bold; background-color:#f2f2f2;'>นักเกษตร</td><td style='padding:3px 6px;'>6107</td></tr><tr><td style='padding:3px 6px; font-weight:bold; background-color:#f2f2f2;'>กลุ่ม</td><td style='padding:3px 6px;'>กลุ่ม_61</td></tr></table></div>]]></description>
      <styleUrl>#style_61_011</styleUrl>
      <MultiGeometry><Polygon><outerBoundaryIs><LinearRing><coordinates>103.1320297,14.6965293,0 103.1339957,14.6969964,0 103.1350555,14.6971992,0 103.1350771,14.6969380,0 103.1331693,14.6965012,0 103.1320732,14.6962727,0 103.1320297,14.6965293,0</coordinates></LinearRing></outerBoundaryIs></Polygon></MultiGeometry>
    </Placemark>
    <Placemark>
      <name>311501101647</name>
      <description><![CDATA[<div style='font-family:Tahoma,sans-serif; font-size:13px;'><h3 style='color:#1565C0; margin:4px 0;'>รหัส: 311501101647</h3><p style='margin:2px 0;'><b>กลุ่มรถไถ:</b> 61_011</p><table border='1' style='border-collapse:collapse; border-color:#ccc; width:100%;'><tr><td style='padding:3px 6px; font-weight:bold; background-color:#f2f2f2;'>ปีการผลิต</td><td style='padding:3px 6px;'>257071</td></tr><tr><td style='padding:3px 6px; font-weight:bold; background-color:#f2f2f2;'>รหัสกลุ่มรถไถ</td><td style='padding:3px 6px;'>61/011</td></tr><tr><td style='padding:3px 6px; font-weight:bold; background-color:#f2f2f2;'>โควตาชาวไร่</td><td style='padding:3px 6px;'>769445</td></tr><tr><td style='padding:3px 6px; font-weight:bold; background-color:#f2f2f2;'>ชื่อ-นามสกุล</td><td style='padding:3px 6px;'>นาย ณัฐพงศ์ โคตรศิริ</td></tr><tr><td style='padding:3px 6px; font-weight:bold; background-color:#f2f2f2;'>111</td><td style='padding:3px 6px;'>311501101647</td></tr><tr><td style='padding:3px 6px; font-weight:bold; background-color:#f2f2f2;'>ประเภทอ้อย</td><td style='padding:3px 6px;'>อ้อยปลายฝน</td></tr><tr><td style='padding:3px 6px; font-weight:bold; background-color:#f2f2f2;'>พื้นที่ปลูก</td><td style='padding:3px 6px;'>5.84</td></tr><tr><td style='padding:3px 6px; font-weight:bold; background-color:#f2f2f2;'>ศูนย์</td><td style='padding:3px 6px;'>K2-61</td></tr><tr><td style='padding:3px 6px; font-weight:bold; background-color:#f2f2f2;'>นักเกษตร</td><td style='padding:3px 6px;'>6107</td></tr><tr><td style='padding:3px 6px; font-weight:bold; background-color:#f2f2f2;'>กลุ่ม</td><td style='padding:3px 6px;'>กลุ่ม_61</td></tr></table></div>]]></description>
      <styleUrl>#style_61_011</styleUrl>
      <MultiGeometry><Polygon><outerBoundaryIs><LinearRing><coordinates>103.1184000,14.6821883,0 103.1206217,14.6845000,0 103.1208200,14.6843033,0 103.1185117,14.6820100,0 103.1184000,14.6821883,0</coordinates></LinearRing></outerBoundaryIs></Polygon></MultiGeometry>
    </Placemark>
    <Placemark>
      <name>311501101657</name>
      <description><![CDATA[<div style='font-family:Tahoma,sans-serif; font-size:13px;'><h3 style='color:#1565C0; margin:4px 0;'>รหัส: 311501101657</h3><p style='margin:2px 0;'><b>กลุ่มรถไถ:</b> 61_011</p><table border='1' style='border-collapse:collapse; border-color:#ccc; width:100%;'><tr><td style='padding:3px 6px; font-weight:bold; background-color:#f2f2f2;'>ปีการผลิต</td><td style='padding:3px 6px;'>257071</td></tr><tr><td style='padding:3px 6px; font-weight:bold; background-color:#f2f2f2;'>รหัสกลุ่มรถไถ</td><td style='padding:3px 6px;'>61/011</td></tr><tr><td style='padding:3px 6px; font-weight:bold; background-color:#f2f2f2;'>โควตาชาวไร่</td><td style='padding:3px 6px;'>769445</td></tr><tr><td style='padding:3px 6px; font-weight:bold; background-color:#f2f2f2;'>ชื่อ-นามสกุล</td><td style='padding:3px 6px;'>นาย ณัฐพงศ์ โคตรศิริ</td></tr><tr><td style='padding:3px 6px; font-weight:bold; background-color:#f2f2f2;'>111</td><td style='padding:3px 6px;'>311501101657</td></tr><tr><td style='padding:3px 6px; font-weight:bold; background-color:#f2f2f2;'>ประเภทอ้อย</td><td style='padding:3px 6px;'>อ้อยปลายฝน</td></tr><tr><td style='padding:3px 6px; font-weight:bold; background-color:#f2f2f2;'>พื้นที่ปลูก</td><td style='padding:3px 6px;'>7.25</td></tr><tr><td style='padding:3px 6px; font-weight:bold; background-color:#f2f2f2;'>ศูนย์</td><td style='padding:3px 6px;'>K2-61</td></tr><tr><td style='padding:3px 6px; font-weight:bold; background-color:#f2f2f2;'>นักเกษตร</td><td style='padding:3px 6px;'>6107</td></tr><tr><td style='padding:3px 6px; font-weight:bold; background-color:#f2f2f2;'>กลุ่ม</td><td style='padding:3px 6px;'>กลุ่ม_61</td></tr></table></div>]]></description>
      <styleUrl>#style_61_011</styleUrl>
      <MultiGeometry><Polygon><outerBoundaryIs><LinearRing><coordinates>103.1232844,14.6871238,0 103.1233681,14.6870618,0 103.1234338,14.6871265,0 103.1236317,14.6870930,0 103.1208221,14.6843676,0 103.1206707,14.6845677,0 103.1232844,14.6871238,0</coordinates></LinearRing></outerBoundaryIs></Polygon></MultiGeometry>
    </Placemark>
    <Placemark>
      <name>311501101663</name>
      <description><![CDATA[<div style='font-family:Tahoma,sans-serif; font-size:13px;'><h3 style='color:#1565C0; margin:4px 0;'>รหัส: 311501101663</h3><p style='margin:2px 0;'><b>กลุ่มรถไถ:</b> 61_011</p><table border='1' style='border-collapse:collapse; border-color:#ccc; width:100%;'><tr><td style='padding:3px 6px; font-weight:bold; background-color:#f2f2f2;'>ปีการผลิต</td><td style='padding:3px 6px;'>257071</td></tr><tr><td style='padding:3px 6px; font-weight:bold; background-color:#f2f2f2;'>รหัสกลุ่มรถไถ</td><td style='padding:3px 6px;'>61/011</td></tr><tr><td style='padding:3px 6px; font-weight:bold; background-color:#f2f2f2;'>โควตาชาวไร่</td><td style='padding:3px 6px;'>769524</td></tr><tr><td style='padding:3px 6px; font-weight:bold; background-color:#f2f2f2;'>ชื่อ-นามสกุล</td><td style='padding:3px 6px;'>นาง จันดี สุขเกิด</td></tr><tr><td style='padding:3px 6px; font-weight:bold; background-color:#f2f2f2;'>111</td><td style='padding:3px 6px;'>311501101663</td></tr><tr><td style='padding:3px 6px; font-weight:bold; background-color:#f2f2f2;'>ประเภทอ้อย</td><td style='padding:3px 6px;'>อ้อยปลายฝน</td></tr><tr><td style='padding:3px 6px; font-weight:bold; background-color:#f2f2f2;'>พื้นที่ปลูก</td><td style='padding:3px 6px;'>12.47</td></tr><tr><td style='padding:3px 6px; font-weight:bold; background-color:#f2f2f2;'>ศูนย์</td><td style='padding:3px 6px;'>K2-61</td></tr><tr><td style='padding:3px 6px; font-weight:bold; background-color:#f2f2f2;'>นักเกษตร</td><td style='padding:3px 6px;'>6107</td></tr><tr><td style='padding:3px 6px; font-weight:bold; background-color:#f2f2f2;'>กลุ่ม</td><td style='padding:3px 6px;'>กลุ่ม_61</td></tr></table></div>]]></description>
      <styleUrl>#style_61_011</styleUrl>
      <MultiGeometry><Polygon><outerBoundaryIs><LinearRing><coordinates>103.1326137,14.6890820,0 103.1326071,14.6895705,0 103.1334808,14.6897746,0 103.1337569,14.6898431,0 103.1355845,14.6901404,0 103.1356278,14.6895752,0 103.1326137,14.6890820,0</coordinates></LinearRing></outerBoundaryIs></Polygon></MultiGeometry>
    </Placemark>
    <Placemark>
      <name>311501101662</name>
      <description><![CDATA[<div style='font-family:Tahoma,sans-serif; font-size:13px;'><h3 style='color:#1565C0; margin:4px 0;'>รหัส: 311501101662</h3><p style='margin:2px 0;'><b>กลุ่มรถไถ:</b> 61_011</p><table border='1' style='border-collapse:collapse; border-color:#ccc; width:100%;'><tr><td style='padding:3px 6px; font-weight:bold; background-color:#f2f2f2;'>ปีการผลิต</td><td style='padding:3px 6px;'>257071</td></tr><tr><td style='padding:3px 6px; font-weight:bold; background-color:#f2f2f2;'>รหัสกลุ่มรถไถ</td><td style='padding:3px 6px;'>61/011</td></tr><tr><td style='padding:3px 6px; font-weight:bold; background-color:#f2f2f2;'>โควตาชาวไร่</td><td style='padding:3px 6px;'>769543</td></tr><tr><td style='padding:3px 6px; font-weight:bold; background-color:#f2f2f2;'>ชื่อ-นามสกุล</td><td style='padding:3px 6px;'>นาง เลียน สมสวย</td></tr><tr><td style='padding:3px 6px; font-weight:bold; background-color:#f2f2f2;'>111</td><td style='padding:3px 6px;'>311501101662</td></tr><tr><td style='padding:3px 6px; font-weight:bold; background-color:#f2f2f2;'>ประเภทอ้อย</td><td style='padding:3px 6px;'>อ้อยปลายฝน</td></tr><tr><td style='padding:3px 6px; font-weight:bold; background-color:#f2f2f2;'>พื้นที่ปลูก</td><td style='padding:3px 6px;'>10.82</td></tr><tr><td style='padding:3px 6px; font-weight:bold; background-color:#f2f2f2;'>ศูนย์</td><td style='padding:3px 6px;'>K2-61</td></tr><tr><td style='padding:3px 6px; font-weight:bold; background-color:#f2f2f2;'>นักเกษตร</td><td style='padding:3px 6px;'>6107</td></tr><tr><td style='padding:3px 6px; font-weight:bold; background-color:#f2f2f2;'>กลุ่ม</td><td style='padding:3px 6px;'>กลุ่ม_61</td></tr></table></div>]]></description>
      <styleUrl>#style_61_011</styleUrl>
      <MultiGeometry><Polygon><outerBoundaryIs><LinearRing><coordinates>103.1356119,14.6901547,0 103.1326044,14.6895729,0 103.1326022,14.6895766,0 103.1325886,14.6899307,0 103.1328189,14.6900086,0 103.1332069,14.6901498,0 103.1332190,14.6901756,0 103.1355636,14.6906671,0 103.1356119,14.6901547,0</coordinates></LinearRing></outerBoundaryIs></Polygon></MultiGeometry>
    </Placemark>
  </Folder>
  <Style id="style_61_012">
    <LineStyle>
      <color>ffB1355E</color>
      <width>2.0</width>
    </LineStyle>
    <PolyStyle>
      <color>b3B1355E</color>
    </PolyStyle>
  </Style>
  <Folder>
    <name>61_012</name>
    <Placemark>
      <name>310718041518</name>
      <description><![CDATA[<div style='font-family:Tahoma,sans-serif; font-size:13px;'><h3 style='color:#1565C0; margin:4px 0;'>รหัส: 310718041518</h3><p style='margin:2px 0;'><b>กลุ่มรถไถ:</b> 61_012</p><table border='1' style='border-collapse:collapse; border-color:#ccc; width:100%;'><tr><td style='padding:3px 6px; font-weight:bold; background-color:#f2f2f2;'>ปีการผลิต</td><td style='padding:3px 6px;'>257071</td></tr><tr><td style='padding:3px 6px; font-weight:bold; background-color:#f2f2f2;'>รหัสกลุ่มรถไถ</td><td style='padding:3px 6px;'>61/012</td></tr><tr><td style='padding:3px 6px; font-weight:bold; background-color:#f2f2f2;'>โควตาชาวไร่</td><td style='padding:3px 6px;'>760301</td></tr><tr><td style='padding:3px 6px; font-weight:bold; background-color:#f2f2f2;'>ชื่อ-นามสกุล</td><td style='padding:3px 6px;'>นาย สุภาพ ชุมนุมดวง</td></tr><tr><td style='padding:3px 6px; font-weight:bold; background-color:#f2f2f2;'>111</td><td style='padding:3px 6px;'>310718041518</td></tr><tr><td style='padding:3px 6px; font-weight:bold; background-color:#f2f2f2;'>ประเภทอ้อย</td><td style='padding:3px 6px;'>อ้อยปลายฝน</td></tr><tr><td style='padding:3px 6px; font-weight:bold; background-color:#f2f2f2;'>พื้นที่ปลูก</td><td style='padding:3px 6px;'>21.54</td></tr><tr><td style='padding:3px 6px; font-weight:bold; background-color:#f2f2f2;'>ศูนย์</td><td style='padding:3px 6px;'>K2-61</td></tr><tr><td style='padding:3px 6px; font-weight:bold; background-color:#f2f2f2;'>นักเกษตร</td><td style='padding:3px 6px;'>6105</td></tr><tr><td style='padding:3px 6px; font-weight:bold; background-color:#f2f2f2;'>กลุ่ม</td><td style='padding:3px 6px;'>กลุ่ม_61</td></tr></table></div>]]></description>
      <styleUrl>#style_61_012</styleUrl>
      <MultiGeometry><Polygon><outerBoundaryIs><LinearRing><coordinates>103.1364483,14.6286783,0 103.1329717,14.6290233,0 103.1329767,14.6297533,0 103.1361800,14.6296683,0 103.1363150,14.6294367,0 103.1364483,14.6286783,0</coordinates></LinearRing></outerBoundaryIs></Polygon></MultiGeometry>
    </Placemark>
    <Placemark>
      <name>311501160102</name>
      <description><![CDATA[<div style='font-family:Tahoma,sans-serif; font-size:13px;'><h3 style='color:#1565C0; margin:4px 0;'>รหัส: 311501160102</h3><p style='margin:2px 0;'><b>กลุ่มรถไถ:</b> 61_012</p><table border='1' style='border-collapse:collapse; border-color:#ccc; width:100%;'><tr><td style='padding:3px 6px; font-weight:bold; background-color:#f2f2f2;'>ปีการผลิต</td><td style='padding:3px 6px;'>257071</td></tr><tr><td style='padding:3px 6px; font-weight:bold; background-color:#f2f2f2;'>รหัสกลุ่มรถไถ</td><td style='padding:3px 6px;'>61/012</td></tr><tr><td style='padding:3px 6px; font-weight:bold; background-color:#f2f2f2;'>โควตาชาวไร่</td><td style='padding:3px 6px;'>760701</td></tr><tr><td style='padding:3px 6px; font-weight:bold; background-color:#f2f2f2;'>ชื่อ-นามสกุล</td><td style='padding:3px 6px;'>นาง ปานันท์ ชาญประโคน</td></tr><tr><td style='padding:3px 6px; font-weight:bold; background-color:#f2f2f2;'>111</td><td style='padding:3px 6px;'>311501160102</td></tr><tr><td style='padding:3px 6px; font-weight:bold; background-color:#f2f2f2;'>ประเภทอ้อย</td><td style='padding:3px 6px;'>อ้อยปลายฝน</td></tr><tr><td style='padding:3px 6px; font-weight:bold; background-color:#f2f2f2;'>พื้นที่ปลูก</td><td style='padding:3px 6px;'>20.69</td></tr><tr><td style='padding:3px 6px; font-weight:bold; background-color:#f2f2f2;'>ศูนย์</td><td style='padding:3px 6px;'>K2-61</td></tr><tr><td style='padding:3px 6px; font-weight:bold; background-color:#f2f2f2;'>นักเกษตร</td><td style='padding:3px 6px;'>6105</td></tr><tr><td style='padding:3px 6px; font-weight:bold; background-color:#f2f2f2;'>กลุ่ม</td><td style='padding:3px 6px;'>กลุ่ม_61</td></tr></table></div>]]></description>
      <styleUrl>#style_61_012</styleUrl>
      <MultiGeometry><Polygon><outerBoundaryIs><LinearRing><coordinates>103.1504600,14.6266050,0 103.1504567,14.6266783,0 103.1504183,14.6266600,0 103.1503283,14.6277200,0 103.1531800,14.6279300,0 103.1525150,14.6263883,0 103.1504600,14.6266050,0</coordinates></LinearRing></outerBoundaryIs></Polygon></MultiGeometry>
    </Placemark>
    <Placemark>
      <name>311501161591</name>
      <description><![CDATA[<div style='font-family:Tahoma,sans-serif; font-size:13px;'><h3 style='color:#1565C0; margin:4px 0;'>รหัส: 311501161591</h3><p style='margin:2px 0;'><b>กลุ่มรถไถ:</b> 61_012</p><table border='1' style='border-collapse:collapse; border-color:#ccc; width:100%;'><tr><td style='padding:3px 6px; font-weight:bold; background-color:#f2f2f2;'>ปีการผลิต</td><td style='padding:3px 6px;'>257071</td></tr><tr><td style='padding:3px 6px; font-weight:bold; background-color:#f2f2f2;'>รหัสกลุ่มรถไถ</td><td style='padding:3px 6px;'>61/012</td></tr><tr><td style='padding:3px 6px; font-weight:bold; background-color:#f2f2f2;'>โควตาชาวไร่</td><td style='padding:3px 6px;'>761803</td></tr><tr><td style='padding:3px 6px; font-weight:bold; background-color:#f2f2f2;'>ชื่อ-นามสกุล</td><td style='padding:3px 6px;'>นาย สุเทพ ศิลาลัย</td></tr><tr><td style='padding:3px 6px; font-weight:bold; background-color:#f2f2f2;'>111</td><td style='padding:3px 6px;'>311501161591</td></tr><tr><td style='padding:3px 6px; font-weight:bold; background-color:#f2f2f2;'>ประเภทอ้อย</td><td style='padding:3px 6px;'>อ้อยปลายฝน</td></tr><tr><td style='padding:3px 6px; font-weight:bold; background-color:#f2f2f2;'>พื้นที่ปลูก</td><td style='padding:3px 6px;'>9.53</td></tr><tr><td style='padding:3px 6px; font-weight:bold; background-color:#f2f2f2;'>ศูนย์</td><td style='padding:3px 6px;'>K2-61</td></tr><tr><td style='padding:3px 6px; font-weight:bold; background-color:#f2f2f2;'>นักเกษตร</td><td style='padding:3px 6px;'>6105</td></tr><tr><td style='padding:3px 6px; font-weight:bold; background-color:#f2f2f2;'>กลุ่ม</td><td style='padding:3px 6px;'>กลุ่ม_61</td></tr></table></div>]]></description>
      <styleUrl>#style_61_012</styleUrl>
      <MultiGeometry><Polygon><outerBoundaryIs><LinearRing><coordinates>103.1329883,14.6297617,0 103.1329483,14.6302050,0 103.1351600,14.6304217,0 103.1352350,14.6297267,0 103.1329883,14.6297617,0</coordinates></LinearRing></outerBoundaryIs></Polygon></MultiGeometry>
    </Placemark>
    <Placemark>
      <name>310718050052</name>
      <description><![CDATA[<div style='font-family:Tahoma,sans-serif; font-size:13px;'><h3 style='color:#1565C0; margin:4px 0;'>รหัส: 310718050052</h3><p style='margin:2px 0;'><b>กลุ่มรถไถ:</b> 61_012</p><table border='1' style='border-collapse:collapse; border-color:#ccc; width:100%;'><tr><td style='padding:3px 6px; font-weight:bold; background-color:#f2f2f2;'>ปีการผลิต</td><td style='padding:3px 6px;'>257071</td></tr><tr><td style='padding:3px 6px; font-weight:bold; background-color:#f2f2f2;'>รหัสกลุ่มรถไถ</td><td style='padding:3px 6px;'>61/012</td></tr><tr><td style='padding:3px 6px; font-weight:bold; background-color:#f2f2f2;'>โควตาชาวไร่</td><td style='padding:3px 6px;'>761837</td></tr><tr><td style='padding:3px 6px; font-weight:bold; background-color:#f2f2f2;'>ชื่อ-นามสกุล</td><td style='padding:3px 6px;'>นาง พรณภา หนูเงิน</td></tr><tr><td style='padding:3px 6px; font-weight:bold; background-color:#f2f2f2;'>111</td><td style='padding:3px 6px;'>310718050052</td></tr><tr><td style='padding:3px 6px; font-weight:bold; background-color:#f2f2f2;'>ประเภทอ้อย</td><td style='padding:3px 6px;'>อ้อยปลายฝน</td></tr><tr><td style='padding:3px 6px; font-weight:bold; background-color:#f2f2f2;'>พื้นที่ปลูก</td><td style='padding:3px 6px;'>5.34</td></tr><tr><td style='padding:3px 6px; font-weight:bold; background-color:#f2f2f2;'>ศูนย์</td><td style='padding:3px 6px;'>K2-61</td></tr><tr><td style='padding:3px 6px; font-weight:bold; background-color:#f2f2f2;'>นักเกษตร</td><td style='padding:3px 6px;'>6105</td></tr><tr><td style='padding:3px 6px; font-weight:bold; background-color:#f2f2f2;'>กลุ่ม</td><td style='padding:3px 6px;'>กลุ่ม_61</td></tr></table></div>]]></description>
      <styleUrl>#style_61_012</styleUrl>
      <MultiGeometry><Polygon><outerBoundaryIs><LinearRing><coordinates>103.1392410,14.6186476,0 103.1412713,14.6181913,0 103.1411614,14.6178744,0 103.1391521,14.6183012,0 103.1392410,14.6186476,0</coordinates></LinearRing></outerBoundaryIs></Polygon></MultiGeometry>
    </Placemark>
    <Placemark>
      <name>310718041540</name>
      <description><![CDATA[<div style='font-family:Tahoma,sans-serif; font-size:13px;'><h3 style='color:#1565C0; margin:4px 0;'>รหัส: 310718041540</h3><p style='margin:2px 0;'><b>กลุ่มรถไถ:</b> 61_012</p><table border='1' style='border-collapse:collapse; border-color:#ccc; width:100%;'><tr><td style='padding:3px 6px; font-weight:bold; background-color:#f2f2f2;'>ปีการผลิต</td><td style='padding:3px 6px;'>257071</td></tr><tr><td style='padding:3px 6px; font-weight:bold; background-color:#f2f2f2;'>รหัสกลุ่มรถไถ</td><td style='padding:3px 6px;'>61/012</td></tr><tr><td style='padding:3px 6px; font-weight:bold; background-color:#f2f2f2;'>โควตาชาวไร่</td><td style='padding:3px 6px;'>761882</td></tr><tr><td style='padding:3px 6px; font-weight:bold; background-color:#f2f2f2;'>ชื่อ-นามสกุล</td><td style='padding:3px 6px;'>นาย อนุศักดิ์ เงินงอกงาม</td></tr><tr><td style='padding:3px 6px; font-weight:bold; background-color:#f2f2f2;'>111</td><td style='padding:3px 6px;'>310718041540</td></tr><tr><td style='padding:3px 6px; font-weight:bold; background-color:#f2f2f2;'>ประเภทอ้อย</td><td style='padding:3px 6px;'>อ้อยปลายฝน</td></tr><tr><td style='padding:3px 6px; font-weight:bold; background-color:#f2f2f2;'>พื้นที่ปลูก</td><td style='padding:3px 6px;'>14.0</td></tr><tr><td style='padding:3px 6px; font-weight:bold; background-color:#f2f2f2;'>ศูนย์</td><td style='padding:3px 6px;'>K2-61</td></tr><tr><td style='padding:3px 6px; font-weight:bold; background-color:#f2f2f2;'>นักเกษตร</td><td style='padding:3px 6px;'>6103</td></tr><tr><td style='padding:3px 6px; font-weight:bold; background-color:#f2f2f2;'>กลุ่ม</td><td style='padding:3px 6px;'>กลุ่ม_61</td></tr></table></div>]]></description>
      <styleUrl>#style_61_012</styleUrl>
      <MultiGeometry><Polygon><outerBoundaryIs><LinearRing><coordinates>103.1305051,14.6188355,0 103.1305605,14.6201168,0 103.1320973,14.6200069,0 103.1320935,14.6193328,0 103.1320332,14.6193222,0 103.1320391,14.6192575,0 103.1320992,14.6192568,0 103.1321078,14.6188932,0 103.1305051,14.6188355,0</coordinates></LinearRing></outerBoundaryIs></Polygon></MultiGeometry>
    </Placemark>
    <Placemark>
      <name>310718011523</name>
      <description><![CDATA[<div style='font-family:Tahoma,sans-serif; font-size:13px;'><h3 style='color:#1565C0; margin:4px 0;'>รหัส: 310718011523</h3><p style='margin:2px 0;'><b>กลุ่มรถไถ:</b> 61_012</p><table border='1' style='border-collapse:collapse; border-color:#ccc; width:100%;'><tr><td style='padding:3px 6px; font-weight:bold; background-color:#f2f2f2;'>ปีการผลิต</td><td style='padding:3px 6px;'>257071</td></tr><tr><td style='padding:3px 6px; font-weight:bold; background-color:#f2f2f2;'>รหัสกลุ่มรถไถ</td><td style='padding:3px 6px;'>61/012</td></tr><tr><td style='padding:3px 6px; font-weight:bold; background-color:#f2f2f2;'>โควตาชาวไร่</td><td style='padding:3px 6px;'>769230</td></tr><tr><td style='padding:3px 6px; font-weight:bold; background-color:#f2f2f2;'>ชื่อ-นามสกุล</td><td style='padding:3px 6px;'>นาย ซอ กิมประโคน</td></tr><tr><td style='padding:3px 6px; font-weight:bold; background-color:#f2f2f2;'>111</td><td style='padding:3px 6px;'>310718011523</td></tr><tr><td style='padding:3px 6px; font-weight:bold; background-color:#f2f2f2;'>ประเภทอ้อย</td><td style='padding:3px 6px;'>อ้อยปลายฝน</td></tr><tr><td style='padding:3px 6px; font-weight:bold; background-color:#f2f2f2;'>พื้นที่ปลูก</td><td style='padding:3px 6px;'>4.18</td></tr><tr><td style='padding:3px 6px; font-weight:bold; background-color:#f2f2f2;'>ศูนย์</td><td style='padding:3px 6px;'>K2-61</td></tr><tr><td style='padding:3px 6px; font-weight:bold; background-color:#f2f2f2;'>นักเกษตร</td><td style='padding:3px 6px;'>6105</td></tr><tr><td style='padding:3px 6px; font-weight:bold; background-color:#f2f2f2;'>กลุ่ม</td><td style='padding:3px 6px;'>กลุ่ม_61</td></tr></table></div>]]></description>
      <styleUrl>#style_61_012</styleUrl>
      <MultiGeometry><Polygon><outerBoundaryIs><LinearRing><coordinates>103.1207192,14.6235012,0 103.1208682,14.6245974,0 103.1211219,14.6246045,0 103.1211521,14.6243474,0 103.1213411,14.6243338,0 103.1213307,14.6234549,0 103.1207192,14.6235012,0</coordinates></LinearRing></outerBoundaryIs></Polygon></MultiGeometry>
    </Placemark>
    <Placemark>
      <name>310718011647</name>
      <description><![CDATA[<div style='font-family:Tahoma,sans-serif; font-size:13px;'><h3 style='color:#1565C0; margin:4px 0;'>รหัส: 310718011647</h3><p style='margin:2px 0;'><b>กลุ่มรถไถ:</b> 61_012</p><table border='1' style='border-collapse:collapse; border-color:#ccc; width:100%;'><tr><td style='padding:3px 6px; font-weight:bold; background-color:#f2f2f2;'>ปีการผลิต</td><td style='padding:3px 6px;'>257071</td></tr><tr><td style='padding:3px 6px; font-weight:bold; background-color:#f2f2f2;'>รหัสกลุ่มรถไถ</td><td style='padding:3px 6px;'>61/012</td></tr><tr><td style='padding:3px 6px; font-weight:bold; background-color:#f2f2f2;'>โควตาชาวไร่</td><td style='padding:3px 6px;'>769230</td></tr><tr><td style='padding:3px 6px; font-weight:bold; background-color:#f2f2f2;'>ชื่อ-นามสกุล</td><td style='padding:3px 6px;'>นาย ซอ กิมประโคน</td></tr><tr><td style='padding:3px 6px; font-weight:bold; background-color:#f2f2f2;'>111</td><td style='padding:3px 6px;'>310718011647</td></tr><tr><td style='padding:3px 6px; font-weight:bold; background-color:#f2f2f2;'>ประเภทอ้อย</td><td style='padding:3px 6px;'>อ้อยปลายฝน</td></tr><tr><td style='padding:3px 6px; font-weight:bold; background-color:#f2f2f2;'>พื้นที่ปลูก</td><td style='padding:3px 6px;'>10.11</td></tr><tr><td style='padding:3px 6px; font-weight:bold; background-color:#f2f2f2;'>ศูนย์</td><td style='padding:3px 6px;'>K2-61</td></tr><tr><td style='padding:3px 6px; font-weight:bold; background-color:#f2f2f2;'>นักเกษตร</td><td style='padding:3px 6px;'>6105</td></tr><tr><td style='padding:3px 6px; font-weight:bold; background-color:#f2f2f2;'>กลุ่ม</td><td style='padding:3px 6px;'>กลุ่ม_61</td></tr></table></div>]]></description>
      <styleUrl>#style_61_012</styleUrl>
      <MultiGeometry><Polygon><outerBoundaryIs><LinearRing><coordinates>103.1182367,14.6273683,0 103.1181733,14.6271817,0 103.1169917,14.6275217,0 103.1156917,14.6279017,0 103.1157850,14.6282400,0 103.1167517,14.6278883,0 103.1168617,14.6281683,0 103.1174183,14.6280667,0 103.1181450,14.6278933,0 103.1184350,14.6278533,0 103.1184367,14.6278450,0 103.1184117,14.6277767,0 103.1183317,14.6275967,0 103.1182367,14.6273683,0</coordinates></LinearRing></outerBoundaryIs></Polygon></MultiGeometry>
    </Placemark>
    <Placemark>
      <name>310718031638</name>
      <description><![CDATA[<div style='font-family:Tahoma,sans-serif; font-size:13px;'><h3 style='color:#1565C0; margin:4px 0;'>รหัส: 310718031638</h3><p style='margin:2px 0;'><b>กลุ่มรถไถ:</b> 61_012</p><table border='1' style='border-collapse:collapse; border-color:#ccc; width:100%;'><tr><td style='padding:3px 6px; font-weight:bold; background-color:#f2f2f2;'>ปีการผลิต</td><td style='padding:3px 6px;'>257071</td></tr><tr><td style='padding:3px 6px; font-weight:bold; background-color:#f2f2f2;'>รหัสกลุ่มรถไถ</td><td style='padding:3px 6px;'>61/012</td></tr><tr><td style='padding:3px 6px; font-weight:bold; background-color:#f2f2f2;'>โควตาชาวไร่</td><td style='padding:3px 6px;'>769251</td></tr><tr><td style='padding:3px 6px; font-weight:bold; background-color:#f2f2f2;'>ชื่อ-นามสกุล</td><td style='padding:3px 6px;'>นาง วิภา ชุมนุมดวง</td></tr><tr><td style='padding:3px 6px; font-weight:bold; background-color:#f2f2f2;'>111</td><td style='padding:3px 6px;'>310718031638</td></tr><tr><td style='padding:3px 6px; font-weight:bold; background-color:#f2f2f2;'>ประเภทอ้อย</td><td style='padding:3px 6px;'>อ้อยปลายฝน</td></tr><tr><td style='padding:3px 6px; font-weight:bold; background-color:#f2f2f2;'>พื้นที่ปลูก</td><td style='padding:3px 6px;'>17.95</td></tr><tr><td style='padding:3px 6px; font-weight:bold; background-color:#f2f2f2;'>ศูนย์</td><td style='padding:3px 6px;'>K2-61</td></tr><tr><td style='padding:3px 6px; font-weight:bold; background-color:#f2f2f2;'>นักเกษตร</td><td style='padding:3px 6px;'>6105</td></tr><tr><td style='padding:3px 6px; font-weight:bold; background-color:#f2f2f2;'>กลุ่ม</td><td style='padding:3px 6px;'>กลุ่ม_61</td></tr></table></div>]]></description>
      <styleUrl>#style_61_012</styleUrl>
      <MultiGeometry><Polygon><outerBoundaryIs><LinearRing><coordinates>103.1363867,14.6271414,0 103.1362285,14.6263756,0 103.1327696,14.6270997,0 103.1328124,14.6273937,0 103.1328491,14.6273848,0 103.1329888,14.6273563,0 103.1349204,14.6270123,0 103.1349534,14.6270024,0 103.1349091,14.6268278,0 103.1352924,14.6267046,0 103.1354092,14.6269472,0 103.1349981,14.6270581,0 103.1349765,14.6270041,0 103.1349533,14.6270077,0 103.1330274,14.6273543,0 103.1328555,14.6273859,0 103.1328188,14.6273950,0 103.1328615,14.6277273,0 103.1363867,14.6271414,0</coordinates></LinearRing></outerBoundaryIs></Polygon></MultiGeometry>
    </Placemark>
    <Placemark>
      <name>310718021615</name>
      <description><![CDATA[<div style='font-family:Tahoma,sans-serif; font-size:13px;'><h3 style='color:#1565C0; margin:4px 0;'>รหัส: 310718021615</h3><p style='margin:2px 0;'><b>กลุ่มรถไถ:</b> 61_012</p><table border='1' style='border-collapse:collapse; border-color:#ccc; width:100%;'><tr><td style='padding:3px 6px; font-weight:bold; background-color:#f2f2f2;'>ปีการผลิต</td><td style='padding:3px 6px;'>257071</td></tr><tr><td style='padding:3px 6px; font-weight:bold; background-color:#f2f2f2;'>รหัสกลุ่มรถไถ</td><td style='padding:3px 6px;'>61/012</td></tr><tr><td style='padding:3px 6px; font-weight:bold; background-color:#f2f2f2;'>โควตาชาวไร่</td><td style='padding:3px 6px;'>769437</td></tr><tr><td style='padding:3px 6px; font-weight:bold; background-color:#f2f2f2;'>ชื่อ-นามสกุล</td><td style='padding:3px 6px;'>นาย เสาะ ชุมนุมดวง</td></tr><tr><td style='padding:3px 6px; font-weight:bold; background-color:#f2f2f2;'>111</td><td style='padding:3px 6px;'>310718021615</td></tr><tr><td style='padding:3px 6px; font-weight:bold; background-color:#f2f2f2;'>ประเภทอ้อย</td><td style='padding:3px 6px;'>อ้อยปลายฝน</td></tr><tr><td style='padding:3px 6px; font-weight:bold; background-color:#f2f2f2;'>พื้นที่ปลูก</td><td style='padding:3px 6px;'>17.77</td></tr><tr><td style='padding:3px 6px; font-weight:bold; background-color:#f2f2f2;'>ศูนย์</td><td style='padding:3px 6px;'>K2-61</td></tr><tr><td style='padding:3px 6px; font-weight:bold; background-color:#f2f2f2;'>นักเกษตร</td><td style='padding:3px 6px;'>6105</td></tr><tr><td style='padding:3px 6px; font-weight:bold; background-color:#f2f2f2;'>กลุ่ม</td><td style='padding:3px 6px;'>กลุ่ม_61</td></tr></table></div>]]></description>
      <styleUrl>#style_61_012</styleUrl>
      <MultiGeometry><Polygon><outerBoundaryIs><LinearRing><coordinates>103.1364616,14.6278472,0 103.1363667,14.6271453,0 103.1328712,14.6277150,0 103.1329788,14.6283434,0 103.1364616,14.6278472,0</coordinates></LinearRing></outerBoundaryIs></Polygon></MultiGeometry>
    </Placemark>
    <Placemark>
      <name>310718021617</name>
      <description><![CDATA[<div style='font-family:Tahoma,sans-serif; font-size:13px;'><h3 style='color:#1565C0; margin:4px 0;'>รหัส: 310718021617</h3><p style='margin:2px 0;'><b>กลุ่มรถไถ:</b> 61_012</p><table border='1' style='border-collapse:collapse; border-color:#ccc; width:100%;'><tr><td style='padding:3px 6px; font-weight:bold; background-color:#f2f2f2;'>ปีการผลิต</td><td style='padding:3px 6px;'>257071</td></tr><tr><td style='padding:3px 6px; font-weight:bold; background-color:#f2f2f2;'>รหัสกลุ่มรถไถ</td><td style='padding:3px 6px;'>61/012</td></tr><tr><td style='padding:3px 6px; font-weight:bold; background-color:#f2f2f2;'>โควตาชาวไร่</td><td style='padding:3px 6px;'>769450</td></tr><tr><td style='padding:3px 6px; font-weight:bold; background-color:#f2f2f2;'>ชื่อ-นามสกุล</td><td style='padding:3px 6px;'>นาย สง่า นาประโคน</td></tr><tr><td style='padding:3px 6px; font-weight:bold; background-color:#f2f2f2;'>111</td><td style='padding:3px 6px;'>310718021617</td></tr><tr><td style='padding:3px 6px; font-weight:bold; background-color:#f2f2f2;'>ประเภทอ้อย</td><td style='padding:3px 6px;'>อ้อยปลายฝน</td></tr><tr><td style='padding:3px 6px; font-weight:bold; background-color:#f2f2f2;'>พื้นที่ปลูก</td><td style='padding:3px 6px;'>12.46</td></tr><tr><td style='padding:3px 6px; font-weight:bold; background-color:#f2f2f2;'>ศูนย์</td><td style='padding:3px 6px;'>K2-61</td></tr><tr><td style='padding:3px 6px; font-weight:bold; background-color:#f2f2f2;'>นักเกษตร</td><td style='padding:3px 6px;'>6105</td></tr><tr><td style='padding:3px 6px; font-weight:bold; background-color:#f2f2f2;'>กลุ่ม</td><td style='padding:3px 6px;'>กลุ่ม_61</td></tr></table></div>]]></description>
      <styleUrl>#style_61_012</styleUrl>
      <MultiGeometry><Polygon><outerBoundaryIs><LinearRing><coordinates>103.1122386,14.6190553,0 103.1115499,14.6191183,0 103.1118837,14.6197829,0 103.1124898,14.6209205,0 103.1132174,14.6222981,0 103.1135351,14.6221681,0 103.1128850,14.6205731,0 103.1127862,14.6206590,0 103.1122386,14.6190553,0</coordinates></LinearRing></outerBoundaryIs></Polygon></MultiGeometry>
    </Placemark>
    <Placemark>
      <name>310718021619</name>
      <description><![CDATA[<div style='font-family:Tahoma,sans-serif; font-size:13px;'><h3 style='color:#1565C0; margin:4px 0;'>รหัส: 310718021619</h3><p style='margin:2px 0;'><b>กลุ่มรถไถ:</b> 61_012</p><table border='1' style='border-collapse:collapse; border-color:#ccc; width:100%;'><tr><td style='padding:3px 6px; font-weight:bold; background-color:#f2f2f2;'>ปีการผลิต</td><td style='padding:3px 6px;'>257071</td></tr><tr><td style='padding:3px 6px; font-weight:bold; background-color:#f2f2f2;'>รหัสกลุ่มรถไถ</td><td style='padding:3px 6px;'>61/012</td></tr><tr><td style='padding:3px 6px; font-weight:bold; background-color:#f2f2f2;'>โควตาชาวไร่</td><td style='padding:3px 6px;'>769450</td></tr><tr><td style='padding:3px 6px; font-weight:bold; background-color:#f2f2f2;'>ชื่อ-นามสกุล</td><td style='padding:3px 6px;'>นาย สง่า นาประโคน</td></tr><tr><td style='padding:3px 6px; font-weight:bold; background-color:#f2f2f2;'>111</td><td style='padding:3px 6px;'>310718021619</td></tr><tr><td style='padding:3px 6px; font-weight:bold; background-color:#f2f2f2;'>ประเภทอ้อย</td><td style='padding:3px 6px;'>อ้อยปลายฝน</td></tr><tr><td style='padding:3px 6px; font-weight:bold; background-color:#f2f2f2;'>พื้นที่ปลูก</td><td style='padding:3px 6px;'>5.38</td></tr><tr><td style='padding:3px 6px; font-weight:bold; background-color:#f2f2f2;'>ศูนย์</td><td style='padding:3px 6px;'>K2-61</td></tr><tr><td style='padding:3px 6px; font-weight:bold; background-color:#f2f2f2;'>นักเกษตร</td><td style='padding:3px 6px;'>6105</td></tr><tr><td style='padding:3px 6px; font-weight:bold; background-color:#f2f2f2;'>กลุ่ม</td><td style='padding:3px 6px;'>กลุ่ม_61</td></tr></table></div>]]></description>
      <styleUrl>#style_61_012</styleUrl>
      <MultiGeometry><Polygon><outerBoundaryIs><LinearRing><coordinates>103.1115930,14.6192405,0 103.1115963,14.6192377,0 103.1113583,14.6193576,0 103.1130543,14.6223289,0 103.1132060,14.6222782,0 103.1115930,14.6192405,0</coordinates></LinearRing></outerBoundaryIs></Polygon></MultiGeometry>
    </Placemark>
    <Placemark>
      <name>310718011663</name>
      <description><![CDATA[<div style='font-family:Tahoma,sans-serif; font-size:13px;'><h3 style='color:#1565C0; margin:4px 0;'>รหัส: 310718011663</h3><p style='margin:2px 0;'><b>กลุ่มรถไถ:</b> 61_012</p><table border='1' style='border-collapse:collapse; border-color:#ccc; width:100%;'><tr><td style='padding:3px 6px; font-weight:bold; background-color:#f2f2f2;'>ปีการผลิต</td><td style='padding:3px 6px;'>257071</td></tr><tr><td style='padding:3px 6px; font-weight:bold; background-color:#f2f2f2;'>รหัสกลุ่มรถไถ</td><td style='padding:3px 6px;'>61/012</td></tr><tr><td style='padding:3px 6px; font-weight:bold; background-color:#f2f2f2;'>โควตาชาวไร่</td><td style='padding:3px 6px;'>769521</td></tr><tr><td style='padding:3px 6px; font-weight:bold; background-color:#f2f2f2;'>ชื่อ-นามสกุล</td><td style='padding:3px 6px;'>นาย กิตติชัย ดวงสิงห์ชัย</td></tr><tr><td style='padding:3px 6px; font-weight:bold; background-color:#f2f2f2;'>111</td><td style='padding:3px 6px;'>310718011663</td></tr><tr><td style='padding:3px 6px; font-weight:bold; background-color:#f2f2f2;'>ประเภทอ้อย</td><td style='padding:3px 6px;'>อ้อยปลายฝน</td></tr><tr><td style='padding:3px 6px; font-weight:bold; background-color:#f2f2f2;'>พื้นที่ปลูก</td><td style='padding:3px 6px;'>25.09</td></tr><tr><td style='padding:3px 6px; font-weight:bold; background-color:#f2f2f2;'>ศูนย์</td><td style='padding:3px 6px;'>K2-61</td></tr><tr><td style='padding:3px 6px; font-weight:bold; background-color:#f2f2f2;'>นักเกษตร</td><td style='padding:3px 6px;'>6105</td></tr><tr><td style='padding:3px 6px; font-weight:bold; background-color:#f2f2f2;'>กลุ่ม</td><td style='padding:3px 6px;'>กลุ่ม_61</td></tr></table></div>]]></description>
      <styleUrl>#style_61_012</styleUrl>
      <MultiGeometry><Polygon><outerBoundaryIs><LinearRing><coordinates>103.1113726,14.6288011,0 103.1113579,14.6289793,0 103.1112580,14.6292909,0 103.1111120,14.6296280,0 103.1110642,14.6300126,0 103.1113271,14.6301530,0 103.1113851,14.6300576,0 103.1114842,14.6300155,0 103.1115494,14.6299987,0 103.1116865,14.6299369,0 103.1120230,14.6298179,0 103.1123263,14.6296545,0 103.1124767,14.6295554,0 103.1131152,14.6292150,0 103.1146317,14.6285323,0 103.1156148,14.6282725,0 103.1157364,14.6282587,0 103.1156348,14.6278190,0 103.1149510,14.6280036,0 103.1145119,14.6281053,0 103.1130113,14.6286831,0 103.1129621,14.6283862,0 103.1113726,14.6288011,0</coordinates></LinearRing></outerBoundaryIs></Polygon></MultiGeometry>
    </Placemark>
  </Folder>
  <Style id="style_61_013">
    <LineStyle>
      <color>ffAB4939</color>
      <width>2.0</width>
    </LineStyle>
    <PolyStyle>
      <color>b3AB4939</color>
    </PolyStyle>
  </Style>
  <Folder>
    <name>61_013</name>
    <Placemark>
      <name>311501051579</name>
      <description><![CDATA[<div style='font-family:Tahoma,sans-serif; font-size:13px;'><h3 style='color:#1565C0; margin:4px 0;'>รหัส: 311501051579</h3><p style='margin:2px 0;'><b>กลุ่มรถไถ:</b> 61_013</p><table border='1' style='border-collapse:collapse; border-color:#ccc; width:100%;'><tr><td style='padding:3px 6px; font-weight:bold; background-color:#f2f2f2;'>ปีการผลิต</td><td style='padding:3px 6px;'>257071</td></tr><tr><td style='padding:3px 6px; font-weight:bold; background-color:#f2f2f2;'>รหัสกลุ่มรถไถ</td><td style='padding:3px 6px;'>61/013</td></tr><tr><td style='padding:3px 6px; font-weight:bold; background-color:#f2f2f2;'>โควตาชาวไร่</td><td style='padding:3px 6px;'>760192</td></tr><tr><td style='padding:3px 6px; font-weight:bold; background-color:#f2f2f2;'>ชื่อ-นามสกุล</td><td style='padding:3px 6px;'>นาย รวย จามิกรณ์</td></tr><tr><td style='padding:3px 6px; font-weight:bold; background-color:#f2f2f2;'>111</td><td style='padding:3px 6px;'>311501051579</td></tr><tr><td style='padding:3px 6px; font-weight:bold; background-color:#f2f2f2;'>ประเภทอ้อย</td><td style='padding:3px 6px;'>อ้อยปลายฝน</td></tr><tr><td style='padding:3px 6px; font-weight:bold; background-color:#f2f2f2;'>พื้นที่ปลูก</td><td style='padding:3px 6px;'>9.71</td></tr><tr><td style='padding:3px 6px; font-weight:bold; background-color:#f2f2f2;'>ศูนย์</td><td style='padding:3px 6px;'>K2-61</td></tr><tr><td style='padding:3px 6px; font-weight:bold; background-color:#f2f2f2;'>นักเกษตร</td><td style='padding:3px 6px;'>6106</td></tr><tr><td style='padding:3px 6px; font-weight:bold; background-color:#f2f2f2;'>กลุ่ม</td><td style='padding:3px 6px;'>กลุ่ม_61</td></tr></table></div>]]></description>
      <styleUrl>#style_61_013</styleUrl>
      <MultiGeometry><Polygon><outerBoundaryIs><LinearRing><coordinates>103.1694767,14.6362700,0 103.1693750,14.6353533,0 103.1692000,14.6353650,0 103.1691567,14.6350600,0 103.1693267,14.6350233,0 103.1690983,14.6334067,0 103.1688967,14.6326617,0 103.1686267,14.6326833,0 103.1691117,14.6363433,0 103.1694767,14.6362700,0</coordinates></LinearRing></outerBoundaryIs></Polygon></MultiGeometry>
    </Placemark>
    <Placemark>
      <name>311501051580</name>
      <description><![CDATA[<div style='font-family:Tahoma,sans-serif; font-size:13px;'><h3 style='color:#1565C0; margin:4px 0;'>รหัส: 311501051580</h3><p style='margin:2px 0;'><b>กลุ่มรถไถ:</b> 61_013</p><table border='1' style='border-collapse:collapse; border-color:#ccc; width:100%;'><tr><td style='padding:3px 6px; font-weight:bold; background-color:#f2f2f2;'>ปีการผลิต</td><td style='padding:3px 6px;'>257071</td></tr><tr><td style='padding:3px 6px; font-weight:bold; background-color:#f2f2f2;'>รหัสกลุ่มรถไถ</td><td style='padding:3px 6px;'>61/013</td></tr><tr><td style='padding:3px 6px; font-weight:bold; background-color:#f2f2f2;'>โควตาชาวไร่</td><td style='padding:3px 6px;'>760192</td></tr><tr><td style='padding:3px 6px; font-weight:bold; background-color:#f2f2f2;'>ชื่อ-นามสกุล</td><td style='padding:3px 6px;'>นาย รวย จามิกรณ์</td></tr><tr><td style='padding:3px 6px; font-weight:bold; background-color:#f2f2f2;'>111</td><td style='padding:3px 6px;'>311501051580</td></tr><tr><td style='padding:3px 6px; font-weight:bold; background-color:#f2f2f2;'>ประเภทอ้อย</td><td style='padding:3px 6px;'>อ้อยปลายฝน</td></tr><tr><td style='padding:3px 6px; font-weight:bold; background-color:#f2f2f2;'>พื้นที่ปลูก</td><td style='padding:3px 6px;'>8.47</td></tr><tr><td style='padding:3px 6px; font-weight:bold; background-color:#f2f2f2;'>ศูนย์</td><td style='padding:3px 6px;'>K2-61</td></tr><tr><td style='padding:3px 6px; font-weight:bold; background-color:#f2f2f2;'>นักเกษตร</td><td style='padding:3px 6px;'>6106</td></tr><tr><td style='padding:3px 6px; font-weight:bold; background-color:#f2f2f2;'>กลุ่ม</td><td style='padding:3px 6px;'>กลุ่ม_61</td></tr></table></div>]]></description>
      <styleUrl>#style_61_013</styleUrl>
      <MultiGeometry><Polygon><outerBoundaryIs><LinearRing><coordinates>103.1672183,14.6322950,0 103.1672588,14.6333373,0 103.1675750,14.6358867,0 103.1679150,14.6358683,0 103.1674433,14.6322867,0 103.1672183,14.6322950,0</coordinates></LinearRing></outerBoundaryIs></Polygon></MultiGeometry>
    </Placemark>
    <Placemark>
      <name>310713020045</name>
      <description><![CDATA[<div style='font-family:Tahoma,sans-serif; font-size:13px;'><h3 style='color:#1565C0; margin:4px 0;'>รหัส: 310713020045</h3><p style='margin:2px 0;'><b>กลุ่มรถไถ:</b> 61_013</p><table border='1' style='border-collapse:collapse; border-color:#ccc; width:100%;'><tr><td style='padding:3px 6px; font-weight:bold; background-color:#f2f2f2;'>ปีการผลิต</td><td style='padding:3px 6px;'>257071</td></tr><tr><td style='padding:3px 6px; font-weight:bold; background-color:#f2f2f2;'>รหัสกลุ่มรถไถ</td><td style='padding:3px 6px;'>61/013</td></tr><tr><td style='padding:3px 6px; font-weight:bold; background-color:#f2f2f2;'>โควตาชาวไร่</td><td style='padding:3px 6px;'>760646</td></tr><tr><td style='padding:3px 6px; font-weight:bold; background-color:#f2f2f2;'>ชื่อ-นามสกุล</td><td style='padding:3px 6px;'>นาย ทวน เจริญยิ่ง</td></tr><tr><td style='padding:3px 6px; font-weight:bold; background-color:#f2f2f2;'>111</td><td style='padding:3px 6px;'>310713020045</td></tr><tr><td style='padding:3px 6px; font-weight:bold; background-color:#f2f2f2;'>ประเภทอ้อย</td><td style='padding:3px 6px;'>อ้อยปลายฝน</td></tr><tr><td style='padding:3px 6px; font-weight:bold; background-color:#f2f2f2;'>พื้นที่ปลูก</td><td style='padding:3px 6px;'>7.86</td></tr><tr><td style='padding:3px 6px; font-weight:bold; background-color:#f2f2f2;'>ศูนย์</td><td style='padding:3px 6px;'>K2-61</td></tr><tr><td style='padding:3px 6px; font-weight:bold; background-color:#f2f2f2;'>นักเกษตร</td><td style='padding:3px 6px;'>6102</td></tr><tr><td style='padding:3px 6px; font-weight:bold; background-color:#f2f2f2;'>กลุ่ม</td><td style='padding:3px 6px;'>กลุ่ม_61</td></tr></table></div>]]></description>
      <styleUrl>#style_61_013</styleUrl>
      <MultiGeometry><Polygon><outerBoundaryIs><LinearRing><coordinates>103.1750750,14.6284217,0 103.1746183,14.6284533,0 103.1746150,14.6289233,0 103.1744067,14.6289200,0 103.1743517,14.6294017,0 103.1744100,14.6296750,0 103.1744250,14.6299350,0 103.1747217,14.6299083,0 103.1753150,14.6298083,0 103.1752450,14.6296117,0 103.1752267,14.6293450,0 103.1750750,14.6284217,0</coordinates></LinearRing></outerBoundaryIs></Polygon></MultiGeometry>
    </Placemark>
    <Placemark>
      <name>310713020054</name>
      <description><![CDATA[<div style='font-family:Tahoma,sans-serif; font-size:13px;'><h3 style='color:#1565C0; margin:4px 0;'>รหัส: 310713020054</h3><p style='margin:2px 0;'><b>กลุ่มรถไถ:</b> 61_013</p><table border='1' style='border-collapse:collapse; border-color:#ccc; width:100%;'><tr><td style='padding:3px 6px; font-weight:bold; background-color:#f2f2f2;'>ปีการผลิต</td><td style='padding:3px 6px;'>257071</td></tr><tr><td style='padding:3px 6px; font-weight:bold; background-color:#f2f2f2;'>รหัสกลุ่มรถไถ</td><td style='padding:3px 6px;'>61/013</td></tr><tr><td style='padding:3px 6px; font-weight:bold; background-color:#f2f2f2;'>โควตาชาวไร่</td><td style='padding:3px 6px;'>760723</td></tr><tr><td style='padding:3px 6px; font-weight:bold; background-color:#f2f2f2;'>ชื่อ-นามสกุล</td><td style='padding:3px 6px;'>นาย วารินทร์ เจือจันทร์</td></tr><tr><td style='padding:3px 6px; font-weight:bold; background-color:#f2f2f2;'>111</td><td style='padding:3px 6px;'>310713020054</td></tr><tr><td style='padding:3px 6px; font-weight:bold; background-color:#f2f2f2;'>ประเภทอ้อย</td><td style='padding:3px 6px;'>อ้อยปลายฝน</td></tr><tr><td style='padding:3px 6px; font-weight:bold; background-color:#f2f2f2;'>พื้นที่ปลูก</td><td style='padding:3px 6px;'>17.75</td></tr><tr><td style='padding:3px 6px; font-weight:bold; background-color:#f2f2f2;'>ศูนย์</td><td style='padding:3px 6px;'>K2-61</td></tr><tr><td style='padding:3px 6px; font-weight:bold; background-color:#f2f2f2;'>นักเกษตร</td><td style='padding:3px 6px;'>6102</td></tr><tr><td style='padding:3px 6px; font-weight:bold; background-color:#f2f2f2;'>กลุ่ม</td><td style='padding:3px 6px;'>กลุ่ม_61</td></tr></table></div>]]></description>
      <styleUrl>#style_61_013</styleUrl>
      <MultiGeometry><Polygon><outerBoundaryIs><LinearRing><coordinates>103.1699104,14.6313166,0 103.1701760,14.6307850,0 103.1703727,14.6303205,0 103.1702111,14.6302962,0 103.1698005,14.6301983,0 103.1694200,14.6312467,0 103.1693782,14.6312337,0 103.1694583,14.6310490,0 103.1693302,14.6310201,0 103.1693639,14.6307878,0 103.1695429,14.6308088,0 103.1697732,14.6301852,0 103.1695464,14.6301518,0 103.1692760,14.6301236,0 103.1685623,14.6300555,0 103.1681761,14.6300369,0 103.1681205,14.6300647,0 103.1680846,14.6301144,0 103.1680571,14.6302655,0 103.1680313,14.6304025,0 103.1680528,14.6307429,0 103.1680754,14.6312783,0 103.1693836,14.6312813,0 103.1699104,14.6313166,0</coordinates></LinearRing></outerBoundaryIs></Polygon></MultiGeometry>
    </Placemark>
    <Placemark>
      <name>310713021688</name>
      <description><![CDATA[<div style='font-family:Tahoma,sans-serif; font-size:13px;'><h3 style='color:#1565C0; margin:4px 0;'>รหัส: 310713021688</h3><p style='margin:2px 0;'><b>กลุ่มรถไถ:</b> 61_013</p><table border='1' style='border-collapse:collapse; border-color:#ccc; width:100%;'><tr><td style='padding:3px 6px; font-weight:bold; background-color:#f2f2f2;'>ปีการผลิต</td><td style='padding:3px 6px;'>257071</td></tr><tr><td style='padding:3px 6px; font-weight:bold; background-color:#f2f2f2;'>รหัสกลุ่มรถไถ</td><td style='padding:3px 6px;'>61/013</td></tr><tr><td style='padding:3px 6px; font-weight:bold; background-color:#f2f2f2;'>โควตาชาวไร่</td><td style='padding:3px 6px;'>760731</td></tr><tr><td style='padding:3px 6px; font-weight:bold; background-color:#f2f2f2;'>ชื่อ-นามสกุล</td><td style='padding:3px 6px;'>นางสาว จำเนียร พิมพ์จันทร์</td></tr><tr><td style='padding:3px 6px; font-weight:bold; background-color:#f2f2f2;'>111</td><td style='padding:3px 6px;'>310713021688</td></tr><tr><td style='padding:3px 6px; font-weight:bold; background-color:#f2f2f2;'>ประเภทอ้อย</td><td style='padding:3px 6px;'>อ้อยปลายฝน</td></tr><tr><td style='padding:3px 6px; font-weight:bold; background-color:#f2f2f2;'>พื้นที่ปลูก</td><td style='padding:3px 6px;'>3.79</td></tr><tr><td style='padding:3px 6px; font-weight:bold; background-color:#f2f2f2;'>ศูนย์</td><td style='padding:3px 6px;'>K2-61</td></tr><tr><td style='padding:3px 6px; font-weight:bold; background-color:#f2f2f2;'>นักเกษตร</td><td style='padding:3px 6px;'>6102</td></tr><tr><td style='padding:3px 6px; font-weight:bold; background-color:#f2f2f2;'>กลุ่ม</td><td style='padding:3px 6px;'>กลุ่ม_61</td></tr></table></div>]]></description>
      <styleUrl>#style_61_013</styleUrl>
      <MultiGeometry><Polygon><outerBoundaryIs><LinearRing><coordinates>103.1641234,14.6263795,0 103.1642448,14.6254682,0 103.1637308,14.6254355,0 103.1635356,14.6263442,0 103.1641234,14.6263795,0</coordinates></LinearRing></outerBoundaryIs></Polygon></MultiGeometry>
    </Placemark>
    <Placemark>
      <name>310713021518</name>
      <description><![CDATA[<div style='font-family:Tahoma,sans-serif; font-size:13px;'><h3 style='color:#1565C0; margin:4px 0;'>รหัส: 310713021518</h3><p style='margin:2px 0;'><b>กลุ่มรถไถ:</b> 61_013</p><table border='1' style='border-collapse:collapse; border-color:#ccc; width:100%;'><tr><td style='padding:3px 6px; font-weight:bold; background-color:#f2f2f2;'>ปีการผลิต</td><td style='padding:3px 6px;'>257071</td></tr><tr><td style='padding:3px 6px; font-weight:bold; background-color:#f2f2f2;'>รหัสกลุ่มรถไถ</td><td style='padding:3px 6px;'>61/013</td></tr><tr><td style='padding:3px 6px; font-weight:bold; background-color:#f2f2f2;'>โควตาชาวไร่</td><td style='padding:3px 6px;'>760993</td></tr><tr><td style='padding:3px 6px; font-weight:bold; background-color:#f2f2f2;'>ชื่อ-นามสกุล</td><td style='padding:3px 6px;'>นาง นอง ศรีแก้ว</td></tr><tr><td style='padding:3px 6px; font-weight:bold; background-color:#f2f2f2;'>111</td><td style='padding:3px 6px;'>310713021518</td></tr><tr><td style='padding:3px 6px; font-weight:bold; background-color:#f2f2f2;'>ประเภทอ้อย</td><td style='padding:3px 6px;'>อ้อยปลายฝน</td></tr><tr><td style='padding:3px 6px; font-weight:bold; background-color:#f2f2f2;'>พื้นที่ปลูก</td><td style='padding:3px 6px;'>3.67</td></tr><tr><td style='padding:3px 6px; font-weight:bold; background-color:#f2f2f2;'>ศูนย์</td><td style='padding:3px 6px;'>K2-61</td></tr><tr><td style='padding:3px 6px; font-weight:bold; background-color:#f2f2f2;'>นักเกษตร</td><td style='padding:3px 6px;'>6102</td></tr><tr><td style='padding:3px 6px; font-weight:bold; background-color:#f2f2f2;'>กลุ่ม</td><td style='padding:3px 6px;'>กลุ่ม_61</td></tr></table></div>]]></description>
      <styleUrl>#style_61_013</styleUrl>
      <MultiGeometry><Polygon><outerBoundaryIs><LinearRing><coordinates>103.1599814,14.6237033,0 103.1604029,14.6237431,0 103.1605980,14.6231247,0 103.1606637,14.6228749,0 103.1600388,14.6227579,0 103.1599814,14.6237033,0</coordinates></LinearRing></outerBoundaryIs></Polygon></MultiGeometry>
    </Placemark>
    <Placemark>
      <name>310713020056</name>
      <description><![CDATA[<div style='font-family:Tahoma,sans-serif; font-size:13px;'><h3 style='color:#1565C0; margin:4px 0;'>รหัส: 310713020056</h3><p style='margin:2px 0;'><b>กลุ่มรถไถ:</b> 61_013</p><table border='1' style='border-collapse:collapse; border-color:#ccc; width:100%;'><tr><td style='padding:3px 6px; font-weight:bold; background-color:#f2f2f2;'>ปีการผลิต</td><td style='padding:3px 6px;'>257071</td></tr><tr><td style='padding:3px 6px; font-weight:bold; background-color:#f2f2f2;'>รหัสกลุ่มรถไถ</td><td style='padding:3px 6px;'>61/013</td></tr><tr><td style='padding:3px 6px; font-weight:bold; background-color:#f2f2f2;'>โควตาชาวไร่</td><td style='padding:3px 6px;'>761933</td></tr><tr><td style='padding:3px 6px; font-weight:bold; background-color:#f2f2f2;'>ชื่อ-นามสกุล</td><td style='padding:3px 6px;'>นาย จักรพันธ์ แสงศรี</td></tr><tr><td style='padding:3px 6px; font-weight:bold; background-color:#f2f2f2;'>111</td><td style='padding:3px 6px;'>310713020056</td></tr><tr><td style='padding:3px 6px; font-weight:bold; background-color:#f2f2f2;'>ประเภทอ้อย</td><td style='padding:3px 6px;'>อ้อยปลายฝน</td></tr><tr><td style='padding:3px 6px; font-weight:bold; background-color:#f2f2f2;'>พื้นที่ปลูก</td><td style='padding:3px 6px;'>5.7</td></tr><tr><td style='padding:3px 6px; font-weight:bold; background-color:#f2f2f2;'>ศูนย์</td><td style='padding:3px 6px;'>K2-61</td></tr><tr><td style='padding:3px 6px; font-weight:bold; background-color:#f2f2f2;'>นักเกษตร</td><td style='padding:3px 6px;'>6102</td></tr><tr><td style='padding:3px 6px; font-weight:bold; background-color:#f2f2f2;'>กลุ่ม</td><td style='padding:3px 6px;'>กลุ่ม_61</td></tr></table></div>]]></description>
      <styleUrl>#style_61_013</styleUrl>
      <MultiGeometry><Polygon><outerBoundaryIs><LinearRing><coordinates>103.1725983,14.6389183,0 103.1718967,14.6372233,0 103.1714633,14.6374133,0 103.1722650,14.6390533,0 103.1725983,14.6389183,0</coordinates></LinearRing></outerBoundaryIs></Polygon></MultiGeometry>
    </Placemark>
    <Placemark>
      <name>310713021698</name>
      <description><![CDATA[<div style='font-family:Tahoma,sans-serif; font-size:13px;'><h3 style='color:#1565C0; margin:4px 0;'>รหัส: 310713021698</h3><p style='margin:2px 0;'><b>กลุ่มรถไถ:</b> 61_013</p><table border='1' style='border-collapse:collapse; border-color:#ccc; width:100%;'><tr><td style='padding:3px 6px; font-weight:bold; background-color:#f2f2f2;'>ปีการผลิต</td><td style='padding:3px 6px;'>257071</td></tr><tr><td style='padding:3px 6px; font-weight:bold; background-color:#f2f2f2;'>รหัสกลุ่มรถไถ</td><td style='padding:3px 6px;'>61/013</td></tr><tr><td style='padding:3px 6px; font-weight:bold; background-color:#f2f2f2;'>โควตาชาวไร่</td><td style='padding:3px 6px;'>761933</td></tr><tr><td style='padding:3px 6px; font-weight:bold; background-color:#f2f2f2;'>ชื่อ-นามสกุล</td><td style='padding:3px 6px;'>นาย จักรพันธ์ แสงศรี</td></tr><tr><td style='padding:3px 6px; font-weight:bold; background-color:#f2f2f2;'>111</td><td style='padding:3px 6px;'>310713021698</td></tr><tr><td style='padding:3px 6px; font-weight:bold; background-color:#f2f2f2;'>ประเภทอ้อย</td><td style='padding:3px 6px;'>อ้อยปลายฝน</td></tr><tr><td style='padding:3px 6px; font-weight:bold; background-color:#f2f2f2;'>พื้นที่ปลูก</td><td style='padding:3px 6px;'>11.06</td></tr><tr><td style='padding:3px 6px; font-weight:bold; background-color:#f2f2f2;'>ศูนย์</td><td style='padding:3px 6px;'>K2-61</td></tr><tr><td style='padding:3px 6px; font-weight:bold; background-color:#f2f2f2;'>นักเกษตร</td><td style='padding:3px 6px;'>6102</td></tr><tr><td style='padding:3px 6px; font-weight:bold; background-color:#f2f2f2;'>กลุ่ม</td><td style='padding:3px 6px;'>กลุ่ม_61</td></tr></table></div>]]></description>
      <styleUrl>#style_61_013</styleUrl>
      <MultiGeometry><Polygon><outerBoundaryIs><LinearRing><coordinates>103.1702449,14.6234785,0 103.1705183,14.6235109,0 103.1704471,14.6238226,0 103.1709803,14.6240389,0 103.1711008,14.6228563,0 103.1711971,14.6219085,0 103.1704765,14.6218207,0 103.1702449,14.6234785,0</coordinates></LinearRing></outerBoundaryIs></Polygon></MultiGeometry>
    </Placemark>
    <Placemark>
      <name>310713021645</name>
      <description><![CDATA[<div style='font-family:Tahoma,sans-serif; font-size:13px;'><h3 style='color:#1565C0; margin:4px 0;'>รหัส: 310713021645</h3><p style='margin:2px 0;'><b>กลุ่มรถไถ:</b> 61_013</p><table border='1' style='border-collapse:collapse; border-color:#ccc; width:100%;'><tr><td style='padding:3px 6px; font-weight:bold; background-color:#f2f2f2;'>ปีการผลิต</td><td style='padding:3px 6px;'>257071</td></tr><tr><td style='padding:3px 6px; font-weight:bold; background-color:#f2f2f2;'>รหัสกลุ่มรถไถ</td><td style='padding:3px 6px;'>61/013</td></tr><tr><td style='padding:3px 6px; font-weight:bold; background-color:#f2f2f2;'>โควตาชาวไร่</td><td style='padding:3px 6px;'>769073</td></tr><tr><td style='padding:3px 6px; font-weight:bold; background-color:#f2f2f2;'>ชื่อ-นามสกุล</td><td style='padding:3px 6px;'>นาง ลำเฮียง สาธร</td></tr><tr><td style='padding:3px 6px; font-weight:bold; background-color:#f2f2f2;'>111</td><td style='padding:3px 6px;'>310713021645</td></tr><tr><td style='padding:3px 6px; font-weight:bold; background-color:#f2f2f2;'>ประเภทอ้อย</td><td style='padding:3px 6px;'>อ้อยปลายฝน</td></tr><tr><td style='padding:3px 6px; font-weight:bold; background-color:#f2f2f2;'>พื้นที่ปลูก</td><td style='padding:3px 6px;'>9.93</td></tr><tr><td style='padding:3px 6px; font-weight:bold; background-color:#f2f2f2;'>ศูนย์</td><td style='padding:3px 6px;'>K2-61</td></tr><tr><td style='padding:3px 6px; font-weight:bold; background-color:#f2f2f2;'>นักเกษตร</td><td style='padding:3px 6px;'>6102</td></tr><tr><td style='padding:3px 6px; font-weight:bold; background-color:#f2f2f2;'>กลุ่ม</td><td style='padding:3px 6px;'>กลุ่ม_61</td></tr></table></div>]]></description>
      <styleUrl>#style_61_013</styleUrl>
      <MultiGeometry><Polygon><outerBoundaryIs><LinearRing><coordinates>103.1767406,14.6262687,0 103.1769801,14.6263080,0 103.1769572,14.6265476,0 103.1771810,14.6266262,0 103.1774846,14.6266486,0 103.1778889,14.6249912,0 103.1775391,14.6249733,0 103.1769682,14.6250055,0 103.1767406,14.6262687,0</coordinates></LinearRing></outerBoundaryIs></Polygon></MultiGeometry>
    </Placemark>
    <Placemark>
      <name>310713021661</name>
      <description><![CDATA[<div style='font-family:Tahoma,sans-serif; font-size:13px;'><h3 style='color:#1565C0; margin:4px 0;'>รหัส: 310713021661</h3><p style='margin:2px 0;'><b>กลุ่มรถไถ:</b> 61_013</p><table border='1' style='border-collapse:collapse; border-color:#ccc; width:100%;'><tr><td style='padding:3px 6px; font-weight:bold; background-color:#f2f2f2;'>ปีการผลิต</td><td style='padding:3px 6px;'>257071</td></tr><tr><td style='padding:3px 6px; font-weight:bold; background-color:#f2f2f2;'>รหัสกลุ่มรถไถ</td><td style='padding:3px 6px;'>61/013</td></tr><tr><td style='padding:3px 6px; font-weight:bold; background-color:#f2f2f2;'>โควตาชาวไร่</td><td style='padding:3px 6px;'>769242</td></tr><tr><td style='padding:3px 6px; font-weight:bold; background-color:#f2f2f2;'>ชื่อ-นามสกุล</td><td style='padding:3px 6px;'>นาย สนิท จันคณา</td></tr><tr><td style='padding:3px 6px; font-weight:bold; background-color:#f2f2f2;'>111</td><td style='padding:3px 6px;'>310713021661</td></tr><tr><td style='padding:3px 6px; font-weight:bold; background-color:#f2f2f2;'>ประเภทอ้อย</td><td style='padding:3px 6px;'>อ้อยปลายฝน</td></tr><tr><td style='padding:3px 6px; font-weight:bold; background-color:#f2f2f2;'>พื้นที่ปลูก</td><td style='padding:3px 6px;'>4.71</td></tr><tr><td style='padding:3px 6px; font-weight:bold; background-color:#f2f2f2;'>ศูนย์</td><td style='padding:3px 6px;'>K2-61</td></tr><tr><td style='padding:3px 6px; font-weight:bold; background-color:#f2f2f2;'>นักเกษตร</td><td style='padding:3px 6px;'>6102</td></tr><tr><td style='padding:3px 6px; font-weight:bold; background-color:#f2f2f2;'>กลุ่ม</td><td style='padding:3px 6px;'>กลุ่ม_61</td></tr></table></div>]]></description>
      <styleUrl>#style_61_013</styleUrl>
      <MultiGeometry><Polygon><outerBoundaryIs><LinearRing><coordinates>103.1600017,14.6233100,0 103.1600867,14.6221633,0 103.1601483,14.6218867,0 103.1596467,14.6218300,0 103.1595933,14.6232517,0 103.1600017,14.6233100,0</coordinates></LinearRing></outerBoundaryIs></Polygon></MultiGeometry>
    </Placemark>
    <Placemark>
      <name>310713021695</name>
      <description><![CDATA[<div style='font-family:Tahoma,sans-serif; font-size:13px;'><h3 style='color:#1565C0; margin:4px 0;'>รหัส: 310713021695</h3><p style='margin:2px 0;'><b>กลุ่มรถไถ:</b> 61_013</p><table border='1' style='border-collapse:collapse; border-color:#ccc; width:100%;'><tr><td style='padding:3px 6px; font-weight:bold; background-color:#f2f2f2;'>ปีการผลิต</td><td style='padding:3px 6px;'>257071</td></tr><tr><td style='padding:3px 6px; font-weight:bold; background-color:#f2f2f2;'>รหัสกลุ่มรถไถ</td><td style='padding:3px 6px;'>61/013</td></tr><tr><td style='padding:3px 6px; font-weight:bold; background-color:#f2f2f2;'>โควตาชาวไร่</td><td style='padding:3px 6px;'>769392</td></tr><tr><td style='padding:3px 6px; font-weight:bold; background-color:#f2f2f2;'>ชื่อ-นามสกุล</td><td style='padding:3px 6px;'>นาง วรีรัตน์ เจริญยิ่ง</td></tr><tr><td style='padding:3px 6px; font-weight:bold; background-color:#f2f2f2;'>111</td><td style='padding:3px 6px;'>310713021695</td></tr><tr><td style='padding:3px 6px; font-weight:bold; background-color:#f2f2f2;'>ประเภทอ้อย</td><td style='padding:3px 6px;'>อ้อยปลายฝน</td></tr><tr><td style='padding:3px 6px; font-weight:bold; background-color:#f2f2f2;'>พื้นที่ปลูก</td><td style='padding:3px 6px;'>10.07</td></tr><tr><td style='padding:3px 6px; font-weight:bold; background-color:#f2f2f2;'>ศูนย์</td><td style='padding:3px 6px;'>K2-61</td></tr><tr><td style='padding:3px 6px; font-weight:bold; background-color:#f2f2f2;'>นักเกษตร</td><td style='padding:3px 6px;'>6102</td></tr><tr><td style='padding:3px 6px; font-weight:bold; background-color:#f2f2f2;'>กลุ่ม</td><td style='padding:3px 6px;'>กลุ่ม_61</td></tr></table></div>]]></description>
      <styleUrl>#style_61_013</styleUrl>
      <MultiGeometry><Polygon><outerBoundaryIs><LinearRing><coordinates>103.1632143,14.6274661,0 103.1631418,14.6277223,0 103.1644899,14.6278930,0 103.1658499,14.6279410,0 103.1677104,14.6280302,0 103.1677350,14.6277587,0 103.1659073,14.6276553,0 103.1632143,14.6274661,0</coordinates></LinearRing></outerBoundaryIs></Polygon></MultiGeometry>
    </Placemark>
    <Placemark>
      <name>310718031631</name>
      <description><![CDATA[<div style='font-family:Tahoma,sans-serif; font-size:13px;'><h3 style='color:#1565C0; margin:4px 0;'>รหัส: 310718031631</h3><p style='margin:2px 0;'><b>กลุ่มรถไถ:</b> 61_013</p><table border='1' style='border-collapse:collapse; border-color:#ccc; width:100%;'><tr><td style='padding:3px 6px; font-weight:bold; background-color:#f2f2f2;'>ปีการผลิต</td><td style='padding:3px 6px;'>257071</td></tr><tr><td style='padding:3px 6px; font-weight:bold; background-color:#f2f2f2;'>รหัสกลุ่มรถไถ</td><td style='padding:3px 6px;'>61/013</td></tr><tr><td style='padding:3px 6px; font-weight:bold; background-color:#f2f2f2;'>โควตาชาวไร่</td><td style='padding:3px 6px;'>769451</td></tr><tr><td style='padding:3px 6px; font-weight:bold; background-color:#f2f2f2;'>ชื่อ-นามสกุล</td><td style='padding:3px 6px;'>นาง จันทร์ทิพย์ ศิลาลัย</td></tr><tr><td style='padding:3px 6px; font-weight:bold; background-color:#f2f2f2;'>111</td><td style='padding:3px 6px;'>310718031631</td></tr><tr><td style='padding:3px 6px; font-weight:bold; background-color:#f2f2f2;'>ประเภทอ้อย</td><td style='padding:3px 6px;'>อ้อยปลายฝน</td></tr><tr><td style='padding:3px 6px; font-weight:bold; background-color:#f2f2f2;'>พื้นที่ปลูก</td><td style='padding:3px 6px;'>9.71</td></tr><tr><td style='padding:3px 6px; font-weight:bold; background-color:#f2f2f2;'>ศูนย์</td><td style='padding:3px 6px;'>K2-61</td></tr><tr><td style='padding:3px 6px; font-weight:bold; background-color:#f2f2f2;'>นักเกษตร</td><td style='padding:3px 6px;'>6105</td></tr><tr><td style='padding:3px 6px; font-weight:bold; background-color:#f2f2f2;'>กลุ่ม</td><td style='padding:3px 6px;'>กลุ่ม_61</td></tr></table></div>]]></description>
      <styleUrl>#style_61_013</styleUrl>
      <MultiGeometry><Polygon><outerBoundaryIs><LinearRing><coordinates>103.1309813,14.6251129,0 103.1304270,14.6251693,0 103.1303892,14.6255805,0 103.1306355,14.6256677,0 103.1306632,14.6256856,0 103.1306830,14.6257157,0 103.1306846,14.6257470,0 103.1306795,14.6257808,0 103.1310184,14.6257386,0 103.1318277,14.6256528,0 103.1324733,14.6255809,0 103.1325044,14.6255608,0 103.1324678,14.6249625,0 103.1323821,14.6249679,0 103.1319532,14.6249989,0 103.1317478,14.6250016,0 103.1315722,14.6250054,0 103.1314706,14.6250099,0 103.1312818,14.6250442,0 103.1311751,14.6250667,0 103.1310473,14.6250978,0 103.1309813,14.6251129,0</coordinates></LinearRing></outerBoundaryIs></Polygon></MultiGeometry>
    </Placemark>
    <Placemark>
      <name>310718031672</name>
      <description><![CDATA[<div style='font-family:Tahoma,sans-serif; font-size:13px;'><h3 style='color:#1565C0; margin:4px 0;'>รหัส: 310718031672</h3><p style='margin:2px 0;'><b>กลุ่มรถไถ:</b> 61_013</p><table border='1' style='border-collapse:collapse; border-color:#ccc; width:100%;'><tr><td style='padding:3px 6px; font-weight:bold; background-color:#f2f2f2;'>ปีการผลิต</td><td style='padding:3px 6px;'>257071</td></tr><tr><td style='padding:3px 6px; font-weight:bold; background-color:#f2f2f2;'>รหัสกลุ่มรถไถ</td><td style='padding:3px 6px;'>61/013</td></tr><tr><td style='padding:3px 6px; font-weight:bold; background-color:#f2f2f2;'>โควตาชาวไร่</td><td style='padding:3px 6px;'>769451</td></tr><tr><td style='padding:3px 6px; font-weight:bold; background-color:#f2f2f2;'>ชื่อ-นามสกุล</td><td style='padding:3px 6px;'>นาง จันทร์ทิพย์ ศิลาลัย</td></tr><tr><td style='padding:3px 6px; font-weight:bold; background-color:#f2f2f2;'>111</td><td style='padding:3px 6px;'>310718031672</td></tr><tr><td style='padding:3px 6px; font-weight:bold; background-color:#f2f2f2;'>ประเภทอ้อย</td><td style='padding:3px 6px;'>อ้อยปลายฝน</td></tr><tr><td style='padding:3px 6px; font-weight:bold; background-color:#f2f2f2;'>พื้นที่ปลูก</td><td style='padding:3px 6px;'>6.06</td></tr><tr><td style='padding:3px 6px; font-weight:bold; background-color:#f2f2f2;'>ศูนย์</td><td style='padding:3px 6px;'>K2-61</td></tr><tr><td style='padding:3px 6px; font-weight:bold; background-color:#f2f2f2;'>นักเกษตร</td><td style='padding:3px 6px;'>6105</td></tr><tr><td style='padding:3px 6px; font-weight:bold; background-color:#f2f2f2;'>กลุ่ม</td><td style='padding:3px 6px;'>กลุ่ม_61</td></tr></table></div>]]></description>
      <styleUrl>#style_61_013</styleUrl>
      <MultiGeometry><Polygon><outerBoundaryIs><LinearRing><coordinates>103.1320417,14.6384233,0 103.1324217,14.6381650,0 103.1313950,14.6366833,0 103.1310583,14.6370017,0 103.1320417,14.6384233,0</coordinates></LinearRing></outerBoundaryIs></Polygon></MultiGeometry>
    </Placemark>
    <Placemark>
      <name>311501050212</name>
      <description><![CDATA[<div style='font-family:Tahoma,sans-serif; font-size:13px;'><h3 style='color:#1565C0; margin:4px 0;'>รหัส: 311501050212</h3><p style='margin:2px 0;'><b>กลุ่มรถไถ:</b> 61_013</p><table border='1' style='border-collapse:collapse; border-color:#ccc; width:100%;'><tr><td style='padding:3px 6px; font-weight:bold; background-color:#f2f2f2;'>ปีการผลิต</td><td style='padding:3px 6px;'>257071</td></tr><tr><td style='padding:3px 6px; font-weight:bold; background-color:#f2f2f2;'>รหัสกลุ่มรถไถ</td><td style='padding:3px 6px;'>61/013</td></tr><tr><td style='padding:3px 6px; font-weight:bold; background-color:#f2f2f2;'>โควตาชาวไร่</td><td style='padding:3px 6px;'>769609</td></tr><tr><td style='padding:3px 6px; font-weight:bold; background-color:#f2f2f2;'>ชื่อ-นามสกุล</td><td style='padding:3px 6px;'>นางสาว นัยนา เจือจันทร์</td></tr><tr><td style='padding:3px 6px; font-weight:bold; background-color:#f2f2f2;'>111</td><td style='padding:3px 6px;'>311501050212</td></tr><tr><td style='padding:3px 6px; font-weight:bold; background-color:#f2f2f2;'>ประเภทอ้อย</td><td style='padding:3px 6px;'>อ้อยปลายฝน</td></tr><tr><td style='padding:3px 6px; font-weight:bold; background-color:#f2f2f2;'>พื้นที่ปลูก</td><td style='padding:3px 6px;'>4.12</td></tr><tr><td style='padding:3px 6px; font-weight:bold; background-color:#f2f2f2;'>ศูนย์</td><td style='padding:3px 6px;'>K2-61</td></tr><tr><td style='padding:3px 6px; font-weight:bold; background-color:#f2f2f2;'>นักเกษตร</td><td style='padding:3px 6px;'>6102</td></tr><tr><td style='padding:3px 6px; font-weight:bold; background-color:#f2f2f2;'>กลุ่ม</td><td style='padding:3px 6px;'>กลุ่ม_61</td></tr></table></div>]]></description>
      <styleUrl>#style_61_013</styleUrl>
      <MultiGeometry><Polygon><outerBoundaryIs><LinearRing><coordinates>103.1660817,14.6367283,0 103.1659917,14.6379817,0 103.1664583,14.6379733,0 103.1665017,14.6367450,0 103.1660817,14.6367283,0</coordinates></LinearRing></outerBoundaryIs></Polygon></MultiGeometry>
    </Placemark>
    <Placemark>
      <name>310713021716</name>
      <description><![CDATA[<div style='font-family:Tahoma,sans-serif; font-size:13px;'><h3 style='color:#1565C0; margin:4px 0;'>รหัส: 310713021716</h3><p style='margin:2px 0;'><b>กลุ่มรถไถ:</b> 61_013</p><table border='1' style='border-collapse:collapse; border-color:#ccc; width:100%;'><tr><td style='padding:3px 6px; font-weight:bold; background-color:#f2f2f2;'>ปีการผลิต</td><td style='padding:3px 6px;'>257071</td></tr><tr><td style='padding:3px 6px; font-weight:bold; background-color:#f2f2f2;'>รหัสกลุ่มรถไถ</td><td style='padding:3px 6px;'>61/013</td></tr><tr><td style='padding:3px 6px; font-weight:bold; background-color:#f2f2f2;'>โควตาชาวไร่</td><td style='padding:3px 6px;'>769700</td></tr><tr><td style='padding:3px 6px; font-weight:bold; background-color:#f2f2f2;'>ชื่อ-นามสกุล</td><td style='padding:3px 6px;'>นางสาว ปรวน บุญทัน</td></tr><tr><td style='padding:3px 6px; font-weight:bold; background-color:#f2f2f2;'>111</td><td style='padding:3px 6px;'>310713021716</td></tr><tr><td style='padding:3px 6px; font-weight:bold; background-color:#f2f2f2;'>ประเภทอ้อย</td><td style='padding:3px 6px;'>อ้อยปลายฝน</td></tr><tr><td style='padding:3px 6px; font-weight:bold; background-color:#f2f2f2;'>พื้นที่ปลูก</td><td style='padding:3px 6px;'>4.83</td></tr><tr><td style='padding:3px 6px; font-weight:bold; background-color:#f2f2f2;'>ศูนย์</td><td style='padding:3px 6px;'>K2-61</td></tr><tr><td style='padding:3px 6px; font-weight:bold; background-color:#f2f2f2;'>นักเกษตร</td><td style='padding:3px 6px;'>6102</td></tr><tr><td style='padding:3px 6px; font-weight:bold; background-color:#f2f2f2;'>กลุ่ม</td><td style='padding:3px 6px;'>กลุ่ม_61</td></tr></table></div>]]></description>
      <styleUrl>#style_61_013</styleUrl>
      <MultiGeometry><Polygon><outerBoundaryIs><LinearRing><coordinates>103.1666324,14.6395683,0 103.1666199,14.6379668,0 103.1662406,14.6379569,0 103.1662090,14.6395745,0 103.1666324,14.6395683,0</coordinates></LinearRing></outerBoundaryIs></Polygon></MultiGeometry>
    </Placemark>
  </Folder>
  <Style id="style_61_014">
    <LineStyle>
      <color>ff42B37C</color>
      <width>2.0</width>
    </LineStyle>
    <PolyStyle>
      <color>b342B37C</color>
    </PolyStyle>
  </Style>
  <Folder>
    <name>61_014</name>
    <Placemark>
      <name>310705051575</name>
      <description><![CDATA[<div style='font-family:Tahoma,sans-serif; font-size:13px;'><h3 style='color:#1565C0; margin:4px 0;'>รหัส: 310705051575</h3><p style='margin:2px 0;'><b>กลุ่มรถไถ:</b> 61_014</p><table border='1' style='border-collapse:collapse; border-color:#ccc; width:100%;'><tr><td style='padding:3px 6px; font-weight:bold; background-color:#f2f2f2;'>ปีการผลิต</td><td style='padding:3px 6px;'>257071</td></tr><tr><td style='padding:3px 6px; font-weight:bold; background-color:#f2f2f2;'>รหัสกลุ่มรถไถ</td><td style='padding:3px 6px;'>61/014</td></tr><tr><td style='padding:3px 6px; font-weight:bold; background-color:#f2f2f2;'>โควตาชาวไร่</td><td style='padding:3px 6px;'>711969</td></tr><tr><td style='padding:3px 6px; font-weight:bold; background-color:#f2f2f2;'>ชื่อ-นามสกุล</td><td style='padding:3px 6px;'>นาง น้ำอ้อย กระแสโสม</td></tr><tr><td style='padding:3px 6px; font-weight:bold; background-color:#f2f2f2;'>111</td><td style='padding:3px 6px;'>310705051575</td></tr><tr><td style='padding:3px 6px; font-weight:bold; background-color:#f2f2f2;'>ประเภทอ้อย</td><td style='padding:3px 6px;'>อ้อยปลายฝน</td></tr><tr><td style='padding:3px 6px; font-weight:bold; background-color:#f2f2f2;'>พื้นที่ปลูก</td><td style='padding:3px 6px;'>16.81</td></tr><tr><td style='padding:3px 6px; font-weight:bold; background-color:#f2f2f2;'>ศูนย์</td><td style='padding:3px 6px;'>K2-61</td></tr><tr><td style='padding:3px 6px; font-weight:bold; background-color:#f2f2f2;'>นักเกษตร</td><td style='padding:3px 6px;'>6104</td></tr><tr><td style='padding:3px 6px; font-weight:bold; background-color:#f2f2f2;'>กลุ่ม</td><td style='padding:3px 6px;'>กลุ่ม_61</td></tr></table></div>]]></description>
      <styleUrl>#style_61_014</styleUrl>
      <MultiGeometry><Polygon><outerBoundaryIs><LinearRing><coordinates>103.2140186,14.6174912,0 103.2129652,14.6176041,0 103.2130261,14.6178994,0 103.2133835,14.6185420,0 103.2123421,14.6187451,0 103.2125712,14.6192505,0 103.2126256,14.6192538,0 103.2126652,14.6194680,0 103.2137320,14.6194929,0 103.2137333,14.6191802,0 103.2139175,14.6191002,0 103.2141749,14.6190633,0 103.2140186,14.6174912,0</coordinates></LinearRing></outerBoundaryIs></Polygon></MultiGeometry>
    </Placemark>
    <Placemark>
      <name>310705051662</name>
      <description><![CDATA[<div style='font-family:Tahoma,sans-serif; font-size:13px;'><h3 style='color:#1565C0; margin:4px 0;'>รหัส: 310705051662</h3><p style='margin:2px 0;'><b>กลุ่มรถไถ:</b> 61_014</p><table border='1' style='border-collapse:collapse; border-color:#ccc; width:100%;'><tr><td style='padding:3px 6px; font-weight:bold; background-color:#f2f2f2;'>ปีการผลิต</td><td style='padding:3px 6px;'>257071</td></tr><tr><td style='padding:3px 6px; font-weight:bold; background-color:#f2f2f2;'>รหัสกลุ่มรถไถ</td><td style='padding:3px 6px;'>61/014</td></tr><tr><td style='padding:3px 6px; font-weight:bold; background-color:#f2f2f2;'>โควตาชาวไร่</td><td style='padding:3px 6px;'>711969</td></tr><tr><td style='padding:3px 6px; font-weight:bold; background-color:#f2f2f2;'>ชื่อ-นามสกุล</td><td style='padding:3px 6px;'>นาง น้ำอ้อย กระแสโสม</td></tr><tr><td style='padding:3px 6px; font-weight:bold; background-color:#f2f2f2;'>111</td><td style='padding:3px 6px;'>310705051662</td></tr><tr><td style='padding:3px 6px; font-weight:bold; background-color:#f2f2f2;'>ประเภทอ้อย</td><td style='padding:3px 6px;'>อ้อยปลายฝน</td></tr><tr><td style='padding:3px 6px; font-weight:bold; background-color:#f2f2f2;'>พื้นที่ปลูก</td><td style='padding:3px 6px;'>5.38</td></tr><tr><td style='padding:3px 6px; font-weight:bold; background-color:#f2f2f2;'>ศูนย์</td><td style='padding:3px 6px;'>K2-61</td></tr><tr><td style='padding:3px 6px; font-weight:bold; background-color:#f2f2f2;'>นักเกษตร</td><td style='padding:3px 6px;'>6104</td></tr><tr><td style='padding:3px 6px; font-weight:bold; background-color:#f2f2f2;'>กลุ่ม</td><td style='padding:3px 6px;'>กลุ่ม_61</td></tr></table></div>]]></description>
      <styleUrl>#style_61_014</styleUrl>
      <MultiGeometry><Polygon><outerBoundaryIs><LinearRing><coordinates>103.2071493,14.6002063,0 103.2079307,14.6000555,0 103.2079803,14.6000548,0 103.2085157,14.5999726,0 103.2089337,14.5999124,0 103.2089261,14.5995585,0 103.2085063,14.5996004,0 103.2080690,14.5996545,0 103.2076185,14.5997057,0 103.2070675,14.5997616,0 103.2071493,14.6002063,0</coordinates></LinearRing></outerBoundaryIs></Polygon></MultiGeometry>
    </Placemark>
    <Placemark>
      <name>310713120041</name>
      <description><![CDATA[<div style='font-family:Tahoma,sans-serif; font-size:13px;'><h3 style='color:#1565C0; margin:4px 0;'>รหัส: 310713120041</h3><p style='margin:2px 0;'><b>กลุ่มรถไถ:</b> 61_014</p><table border='1' style='border-collapse:collapse; border-color:#ccc; width:100%;'><tr><td style='padding:3px 6px; font-weight:bold; background-color:#f2f2f2;'>ปีการผลิต</td><td style='padding:3px 6px;'>257071</td></tr><tr><td style='padding:3px 6px; font-weight:bold; background-color:#f2f2f2;'>รหัสกลุ่มรถไถ</td><td style='padding:3px 6px;'>61/014</td></tr><tr><td style='padding:3px 6px; font-weight:bold; background-color:#f2f2f2;'>โควตาชาวไร่</td><td style='padding:3px 6px;'>760826</td></tr><tr><td style='padding:3px 6px; font-weight:bold; background-color:#f2f2f2;'>ชื่อ-นามสกุล</td><td style='padding:3px 6px;'>นางสาว หนึ่งฤทัย แรมโอภาส</td></tr><tr><td style='padding:3px 6px; font-weight:bold; background-color:#f2f2f2;'>111</td><td style='padding:3px 6px;'>310713120041</td></tr><tr><td style='padding:3px 6px; font-weight:bold; background-color:#f2f2f2;'>ประเภทอ้อย</td><td style='padding:3px 6px;'>อ้อยปลายฝน</td></tr><tr><td style='padding:3px 6px; font-weight:bold; background-color:#f2f2f2;'>พื้นที่ปลูก</td><td style='padding:3px 6px;'>7.07</td></tr><tr><td style='padding:3px 6px; font-weight:bold; background-color:#f2f2f2;'>ศูนย์</td><td style='padding:3px 6px;'>K2-61</td></tr><tr><td style='padding:3px 6px; font-weight:bold; background-color:#f2f2f2;'>นักเกษตร</td><td style='padding:3px 6px;'>6102</td></tr><tr><td style='padding:3px 6px; font-weight:bold; background-color:#f2f2f2;'>กลุ่ม</td><td style='padding:3px 6px;'>กลุ่ม_61</td></tr></table></div>]]></description>
      <styleUrl>#style_61_014</styleUrl>
      <MultiGeometry><Polygon><outerBoundaryIs><LinearRing><coordinates>103.2249301,14.6589441,0 103.2246723,14.6579956,0 103.2244714,14.6570913,0 103.2241139,14.6570899,0 103.2241958,14.6579634,0 103.2243266,14.6590584,0 103.2246762,14.6590495,0 103.2249301,14.6589441,0</coordinates></LinearRing></outerBoundaryIs></Polygon></MultiGeometry>
    </Placemark>
    <Placemark>
      <name>311501050103</name>
      <description><![CDATA[<div style='font-family:Tahoma,sans-serif; font-size:13px;'><h3 style='color:#1565C0; margin:4px 0;'>รหัส: 311501050103</h3><p style='margin:2px 0;'><b>กลุ่มรถไถ:</b> 61_014</p><table border='1' style='border-collapse:collapse; border-color:#ccc; width:100%;'><tr><td style='padding:3px 6px; font-weight:bold; background-color:#f2f2f2;'>ปีการผลิต</td><td style='padding:3px 6px;'>257071</td></tr><tr><td style='padding:3px 6px; font-weight:bold; background-color:#f2f2f2;'>รหัสกลุ่มรถไถ</td><td style='padding:3px 6px;'>61/014</td></tr><tr><td style='padding:3px 6px; font-weight:bold; background-color:#f2f2f2;'>โควตาชาวไร่</td><td style='padding:3px 6px;'>760857</td></tr><tr><td style='padding:3px 6px; font-weight:bold; background-color:#f2f2f2;'>ชื่อ-นามสกุล</td><td style='padding:3px 6px;'>นาย พลอน วิเลศ</td></tr><tr><td style='padding:3px 6px; font-weight:bold; background-color:#f2f2f2;'>111</td><td style='padding:3px 6px;'>311501050103</td></tr><tr><td style='padding:3px 6px; font-weight:bold; background-color:#f2f2f2;'>ประเภทอ้อย</td><td style='padding:3px 6px;'>อ้อยปลายฝน</td></tr><tr><td style='padding:3px 6px; font-weight:bold; background-color:#f2f2f2;'>พื้นที่ปลูก</td><td style='padding:3px 6px;'>10.56</td></tr><tr><td style='padding:3px 6px; font-weight:bold; background-color:#f2f2f2;'>ศูนย์</td><td style='padding:3px 6px;'>K2-61</td></tr><tr><td style='padding:3px 6px; font-weight:bold; background-color:#f2f2f2;'>นักเกษตร</td><td style='padding:3px 6px;'>6102</td></tr><tr><td style='padding:3px 6px; font-weight:bold; background-color:#f2f2f2;'>กลุ่ม</td><td style='padding:3px 6px;'>กลุ่ม_61</td></tr></table></div>]]></description>
      <styleUrl>#style_61_014</styleUrl>
      <MultiGeometry><Polygon><outerBoundaryIs><LinearRing><coordinates>103.1579333,14.6343733,0 103.1583717,14.6343900,0 103.1587450,14.6343283,0 103.1587767,14.6338200,0 103.1588467,14.6333450,0 103.1588700,14.6321800,0 103.1584333,14.6321200,0 103.1581450,14.6334917,0 103.1579333,14.6343733,0</coordinates></LinearRing></outerBoundaryIs></Polygon></MultiGeometry>
    </Placemark>
    <Placemark>
      <name>310713110014</name>
      <description><![CDATA[<div style='font-family:Tahoma,sans-serif; font-size:13px;'><h3 style='color:#1565C0; margin:4px 0;'>รหัส: 310713110014</h3><p style='margin:2px 0;'><b>กลุ่มรถไถ:</b> 61_014</p><table border='1' style='border-collapse:collapse; border-color:#ccc; width:100%;'><tr><td style='padding:3px 6px; font-weight:bold; background-color:#f2f2f2;'>ปีการผลิต</td><td style='padding:3px 6px;'>257071</td></tr><tr><td style='padding:3px 6px; font-weight:bold; background-color:#f2f2f2;'>รหัสกลุ่มรถไถ</td><td style='padding:3px 6px;'>61/014</td></tr><tr><td style='padding:3px 6px; font-weight:bold; background-color:#f2f2f2;'>โควตาชาวไร่</td><td style='padding:3px 6px;'>761073</td></tr><tr><td style='padding:3px 6px; font-weight:bold; background-color:#f2f2f2;'>ชื่อ-นามสกุล</td><td style='padding:3px 6px;'>นาย ทีป ประพันธ์</td></tr><tr><td style='padding:3px 6px; font-weight:bold; background-color:#f2f2f2;'>111</td><td style='padding:3px 6px;'>310713110014</td></tr><tr><td style='padding:3px 6px; font-weight:bold; background-color:#f2f2f2;'>ประเภทอ้อย</td><td style='padding:3px 6px;'>อ้อยปลายฝน</td></tr><tr><td style='padding:3px 6px; font-weight:bold; background-color:#f2f2f2;'>พื้นที่ปลูก</td><td style='padding:3px 6px;'>6.79</td></tr><tr><td style='padding:3px 6px; font-weight:bold; background-color:#f2f2f2;'>ศูนย์</td><td style='padding:3px 6px;'>K2-61</td></tr><tr><td style='padding:3px 6px; font-weight:bold; background-color:#f2f2f2;'>นักเกษตร</td><td style='padding:3px 6px;'>6102</td></tr><tr><td style='padding:3px 6px; font-weight:bold; background-color:#f2f2f2;'>กลุ่ม</td><td style='padding:3px 6px;'>กลุ่ม_61</td></tr></table></div>]]></description>
      <styleUrl>#style_61_014</styleUrl>
      <MultiGeometry><Polygon><outerBoundaryIs><LinearRing><coordinates>103.2005092,14.6415629,0 103.2017740,14.6416937,0 103.2017325,14.6414329,0 103.2016677,14.6414252,0 103.2016671,14.6413628,0 103.2017180,14.6413510,0 103.2016474,14.6409209,0 103.2005141,14.6408016,0 103.2005092,14.6415629,0</coordinates></LinearRing></outerBoundaryIs></Polygon></MultiGeometry>
    </Placemark>
    <Placemark>
      <name>310713110015</name>
      <description><![CDATA[<div style='font-family:Tahoma,sans-serif; font-size:13px;'><h3 style='color:#1565C0; margin:4px 0;'>รหัส: 310713110015</h3><p style='margin:2px 0;'><b>กลุ่มรถไถ:</b> 61_014</p><table border='1' style='border-collapse:collapse; border-color:#ccc; width:100%;'><tr><td style='padding:3px 6px; font-weight:bold; background-color:#f2f2f2;'>ปีการผลิต</td><td style='padding:3px 6px;'>257071</td></tr><tr><td style='padding:3px 6px; font-weight:bold; background-color:#f2f2f2;'>รหัสกลุ่มรถไถ</td><td style='padding:3px 6px;'>61/014</td></tr><tr><td style='padding:3px 6px; font-weight:bold; background-color:#f2f2f2;'>โควตาชาวไร่</td><td style='padding:3px 6px;'>761073</td></tr><tr><td style='padding:3px 6px; font-weight:bold; background-color:#f2f2f2;'>ชื่อ-นามสกุล</td><td style='padding:3px 6px;'>นาย ทีป ประพันธ์</td></tr><tr><td style='padding:3px 6px; font-weight:bold; background-color:#f2f2f2;'>111</td><td style='padding:3px 6px;'>310713110015</td></tr><tr><td style='padding:3px 6px; font-weight:bold; background-color:#f2f2f2;'>ประเภทอ้อย</td><td style='padding:3px 6px;'>อ้อยปลายฝน</td></tr><tr><td style='padding:3px 6px; font-weight:bold; background-color:#f2f2f2;'>พื้นที่ปลูก</td><td style='padding:3px 6px;'>2.9</td></tr><tr><td style='padding:3px 6px; font-weight:bold; background-color:#f2f2f2;'>ศูนย์</td><td style='padding:3px 6px;'>K2-61</td></tr><tr><td style='padding:3px 6px; font-weight:bold; background-color:#f2f2f2;'>นักเกษตร</td><td style='padding:3px 6px;'>6102</td></tr><tr><td style='padding:3px 6px; font-weight:bold; background-color:#f2f2f2;'>กลุ่ม</td><td style='padding:3px 6px;'>กลุ่ม_61</td></tr></table></div>]]></description>
      <styleUrl>#style_61_014</styleUrl>
      <MultiGeometry><Polygon><outerBoundaryIs><LinearRing><coordinates>103.1996286,14.6434430,0 103.2002233,14.6443889,0 103.2005019,14.6442743,0 103.2002082,14.6436338,0 103.2000628,14.6433726,0 103.1998604,14.6433946,0 103.1996286,14.6434430,0</coordinates></LinearRing></outerBoundaryIs></Polygon></MultiGeometry>
    </Placemark>
    <Placemark>
      <name>310705041706</name>
      <description><![CDATA[<div style='font-family:Tahoma,sans-serif; font-size:13px;'><h3 style='color:#1565C0; margin:4px 0;'>รหัส: 310705041706</h3><p style='margin:2px 0;'><b>กลุ่มรถไถ:</b> 61_014</p><table border='1' style='border-collapse:collapse; border-color:#ccc; width:100%;'><tr><td style='padding:3px 6px; font-weight:bold; background-color:#f2f2f2;'>ปีการผลิต</td><td style='padding:3px 6px;'>257071</td></tr><tr><td style='padding:3px 6px; font-weight:bold; background-color:#f2f2f2;'>รหัสกลุ่มรถไถ</td><td style='padding:3px 6px;'>61/014</td></tr><tr><td style='padding:3px 6px; font-weight:bold; background-color:#f2f2f2;'>โควตาชาวไร่</td><td style='padding:3px 6px;'>761305</td></tr><tr><td style='padding:3px 6px; font-weight:bold; background-color:#f2f2f2;'>ชื่อ-นามสกุล</td><td style='padding:3px 6px;'>นาง บุญมา ปานทอง</td></tr><tr><td style='padding:3px 6px; font-weight:bold; background-color:#f2f2f2;'>111</td><td style='padding:3px 6px;'>310705041706</td></tr><tr><td style='padding:3px 6px; font-weight:bold; background-color:#f2f2f2;'>ประเภทอ้อย</td><td style='padding:3px 6px;'>อ้อยปลายฝน</td></tr><tr><td style='padding:3px 6px; font-weight:bold; background-color:#f2f2f2;'>พื้นที่ปลูก</td><td style='padding:3px 6px;'>5.89</td></tr><tr><td style='padding:3px 6px; font-weight:bold; background-color:#f2f2f2;'>ศูนย์</td><td style='padding:3px 6px;'>K2-61</td></tr><tr><td style='padding:3px 6px; font-weight:bold; background-color:#f2f2f2;'>นักเกษตร</td><td style='padding:3px 6px;'>6104</td></tr><tr><td style='padding:3px 6px; font-weight:bold; background-color:#f2f2f2;'>กลุ่ม</td><td style='padding:3px 6px;'>กลุ่ม_61</td></tr></table></div>]]></description>
      <styleUrl>#style_61_014</styleUrl>
      <MultiGeometry><Polygon><outerBoundaryIs><LinearRing><coordinates>103.2210769,14.6232815,0 103.2210254,14.6226237,0 103.2198012,14.6226922,0 103.2198902,14.6233342,0 103.2210769,14.6232815,0</coordinates></LinearRing></outerBoundaryIs></Polygon></MultiGeometry>
    </Placemark>
    <Placemark>
      <name>310705051598</name>
      <description><![CDATA[<div style='font-family:Tahoma,sans-serif; font-size:13px;'><h3 style='color:#1565C0; margin:4px 0;'>รหัส: 310705051598</h3><p style='margin:2px 0;'><b>กลุ่มรถไถ:</b> 61_014</p><table border='1' style='border-collapse:collapse; border-color:#ccc; width:100%;'><tr><td style='padding:3px 6px; font-weight:bold; background-color:#f2f2f2;'>ปีการผลิต</td><td style='padding:3px 6px;'>257071</td></tr><tr><td style='padding:3px 6px; font-weight:bold; background-color:#f2f2f2;'>รหัสกลุ่มรถไถ</td><td style='padding:3px 6px;'>61/014</td></tr><tr><td style='padding:3px 6px; font-weight:bold; background-color:#f2f2f2;'>โควตาชาวไร่</td><td style='padding:3px 6px;'>761319</td></tr><tr><td style='padding:3px 6px; font-weight:bold; background-color:#f2f2f2;'>ชื่อ-นามสกุล</td><td style='padding:3px 6px;'>นาง กองสุข บุญมาก</td></tr><tr><td style='padding:3px 6px; font-weight:bold; background-color:#f2f2f2;'>111</td><td style='padding:3px 6px;'>310705051598</td></tr><tr><td style='padding:3px 6px; font-weight:bold; background-color:#f2f2f2;'>ประเภทอ้อย</td><td style='padding:3px 6px;'>อ้อยปลายฝน</td></tr><tr><td style='padding:3px 6px; font-weight:bold; background-color:#f2f2f2;'>พื้นที่ปลูก</td><td style='padding:3px 6px;'>5.0</td></tr><tr><td style='padding:3px 6px; font-weight:bold; background-color:#f2f2f2;'>ศูนย์</td><td style='padding:3px 6px;'>K2-61</td></tr><tr><td style='padding:3px 6px; font-weight:bold; background-color:#f2f2f2;'>นักเกษตร</td><td style='padding:3px 6px;'>6104</td></tr><tr><td style='padding:3px 6px; font-weight:bold; background-color:#f2f2f2;'>กลุ่ม</td><td style='padding:3px 6px;'>กลุ่ม_61</td></tr></table></div>]]></description>
      <styleUrl>#style_61_014</styleUrl>
      <MultiGeometry><Polygon><outerBoundaryIs><LinearRing><coordinates>103.2094533,14.6186113,0 103.2104278,14.6185887,0 103.2104405,14.6186584,0 103.2110850,14.6185409,0 103.2110141,14.6181286,0 103.2095875,14.6181976,0 103.2094533,14.6186113,0</coordinates></LinearRing></outerBoundaryIs></Polygon></MultiGeometry>
    </Placemark>
    <Placemark>
      <name>310705121537</name>
      <description><![CDATA[<div style='font-family:Tahoma,sans-serif; font-size:13px;'><h3 style='color:#1565C0; margin:4px 0;'>รหัส: 310705121537</h3><p style='margin:2px 0;'><b>กลุ่มรถไถ:</b> 61_014</p><table border='1' style='border-collapse:collapse; border-color:#ccc; width:100%;'><tr><td style='padding:3px 6px; font-weight:bold; background-color:#f2f2f2;'>ปีการผลิต</td><td style='padding:3px 6px;'>257071</td></tr><tr><td style='padding:3px 6px; font-weight:bold; background-color:#f2f2f2;'>รหัสกลุ่มรถไถ</td><td style='padding:3px 6px;'>61/014</td></tr><tr><td style='padding:3px 6px; font-weight:bold; background-color:#f2f2f2;'>โควตาชาวไร่</td><td style='padding:3px 6px;'>761737</td></tr><tr><td style='padding:3px 6px; font-weight:bold; background-color:#f2f2f2;'>ชื่อ-นามสกุล</td><td style='padding:3px 6px;'>นาง ลำไพ ก่อแก้ว</td></tr><tr><td style='padding:3px 6px; font-weight:bold; background-color:#f2f2f2;'>111</td><td style='padding:3px 6px;'>310705121537</td></tr><tr><td style='padding:3px 6px; font-weight:bold; background-color:#f2f2f2;'>ประเภทอ้อย</td><td style='padding:3px 6px;'>อ้อยปลายฝน</td></tr><tr><td style='padding:3px 6px; font-weight:bold; background-color:#f2f2f2;'>พื้นที่ปลูก</td><td style='padding:3px 6px;'>5.37</td></tr><tr><td style='padding:3px 6px; font-weight:bold; background-color:#f2f2f2;'>ศูนย์</td><td style='padding:3px 6px;'>K2-61</td></tr><tr><td style='padding:3px 6px; font-weight:bold; background-color:#f2f2f2;'>นักเกษตร</td><td style='padding:3px 6px;'>6104</td></tr><tr><td style='padding:3px 6px; font-weight:bold; background-color:#f2f2f2;'>กลุ่ม</td><td style='padding:3px 6px;'>กลุ่ม_61</td></tr></table></div>]]></description>
      <styleUrl>#style_61_014</styleUrl>
      <MultiGeometry><Polygon><outerBoundaryIs><LinearRing><coordinates>103.2089580,14.6002574,0 103.2089188,14.5999203,0 103.2082005,14.6000207,0 103.2079196,14.6000672,0 103.2071323,14.6002257,0 103.2072461,14.6006516,0 103.2089580,14.6002574,0</coordinates></LinearRing></outerBoundaryIs></Polygon></MultiGeometry>
    </Placemark>
    <Placemark>
      <name>310713141542</name>
      <description><![CDATA[<div style='font-family:Tahoma,sans-serif; font-size:13px;'><h3 style='color:#1565C0; margin:4px 0;'>รหัส: 310713141542</h3><p style='margin:2px 0;'><b>กลุ่มรถไถ:</b> 61_014</p><table border='1' style='border-collapse:collapse; border-color:#ccc; width:100%;'><tr><td style='padding:3px 6px; font-weight:bold; background-color:#f2f2f2;'>ปีการผลิต</td><td style='padding:3px 6px;'>257071</td></tr><tr><td style='padding:3px 6px; font-weight:bold; background-color:#f2f2f2;'>รหัสกลุ่มรถไถ</td><td style='padding:3px 6px;'>61/014</td></tr><tr><td style='padding:3px 6px; font-weight:bold; background-color:#f2f2f2;'>โควตาชาวไร่</td><td style='padding:3px 6px;'>761985</td></tr><tr><td style='padding:3px 6px; font-weight:bold; background-color:#f2f2f2;'>ชื่อ-นามสกุล</td><td style='padding:3px 6px;'>นาย ณัฐสรณ์ คุปต์รุจิวงศ์</td></tr><tr><td style='padding:3px 6px; font-weight:bold; background-color:#f2f2f2;'>111</td><td style='padding:3px 6px;'>310713141542</td></tr><tr><td style='padding:3px 6px; font-weight:bold; background-color:#f2f2f2;'>ประเภทอ้อย</td><td style='padding:3px 6px;'>อ้อยปลายฝน</td></tr><tr><td style='padding:3px 6px; font-weight:bold; background-color:#f2f2f2;'>พื้นที่ปลูก</td><td style='padding:3px 6px;'>10.13</td></tr><tr><td style='padding:3px 6px; font-weight:bold; background-color:#f2f2f2;'>ศูนย์</td><td style='padding:3px 6px;'>K2-61</td></tr><tr><td style='padding:3px 6px; font-weight:bold; background-color:#f2f2f2;'>นักเกษตร</td><td style='padding:3px 6px;'>6102</td></tr><tr><td style='padding:3px 6px; font-weight:bold; background-color:#f2f2f2;'>กลุ่ม</td><td style='padding:3px 6px;'>กลุ่ม_61</td></tr></table></div>]]></description>
      <styleUrl>#style_61_014</styleUrl>
      <MultiGeometry><Polygon><outerBoundaryIs><LinearRing><coordinates>103.2200127,14.6284839,0 103.2209762,14.6282956,0 103.2208497,14.6277777,0 103.2209025,14.6277743,0 103.2210138,14.6282883,0 103.2212601,14.6282401,0 103.2216637,14.6281992,0 103.2221587,14.6281537,0 103.2225844,14.6281337,0 103.2224898,14.6275469,0 103.2218024,14.6276134,0 103.2208947,14.6277503,0 103.2208768,14.6277357,0 103.2198905,14.6279086,0 103.2200127,14.6284839,0</coordinates></LinearRing></outerBoundaryIs></Polygon></MultiGeometry>
    </Placemark>
    <Placemark>
      <name>310713011749</name>
      <description><![CDATA[<div style='font-family:Tahoma,sans-serif; font-size:13px;'><h3 style='color:#1565C0; margin:4px 0;'>รหัส: 310713011749</h3><p style='margin:2px 0;'><b>กลุ่มรถไถ:</b> 61_014</p><table border='1' style='border-collapse:collapse; border-color:#ccc; width:100%;'><tr><td style='padding:3px 6px; font-weight:bold; background-color:#f2f2f2;'>ปีการผลิต</td><td style='padding:3px 6px;'>257071</td></tr><tr><td style='padding:3px 6px; font-weight:bold; background-color:#f2f2f2;'>รหัสกลุ่มรถไถ</td><td style='padding:3px 6px;'>61/014</td></tr><tr><td style='padding:3px 6px; font-weight:bold; background-color:#f2f2f2;'>โควตาชาวไร่</td><td style='padding:3px 6px;'>769016</td></tr><tr><td style='padding:3px 6px; font-weight:bold; background-color:#f2f2f2;'>ชื่อ-นามสกุล</td><td style='padding:3px 6px;'>นางสาว สำรวย จิตเย็น</td></tr><tr><td style='padding:3px 6px; font-weight:bold; background-color:#f2f2f2;'>111</td><td style='padding:3px 6px;'>310713011749</td></tr><tr><td style='padding:3px 6px; font-weight:bold; background-color:#f2f2f2;'>ประเภทอ้อย</td><td style='padding:3px 6px;'>อ้อยปลายฝน</td></tr><tr><td style='padding:3px 6px; font-weight:bold; background-color:#f2f2f2;'>พื้นที่ปลูก</td><td style='padding:3px 6px;'>3.49</td></tr><tr><td style='padding:3px 6px; font-weight:bold; background-color:#f2f2f2;'>ศูนย์</td><td style='padding:3px 6px;'>K2-61</td></tr><tr><td style='padding:3px 6px; font-weight:bold; background-color:#f2f2f2;'>นักเกษตร</td><td style='padding:3px 6px;'>6102</td></tr><tr><td style='padding:3px 6px; font-weight:bold; background-color:#f2f2f2;'>กลุ่ม</td><td style='padding:3px 6px;'>กลุ่ม_61</td></tr></table></div>]]></description>
      <styleUrl>#style_61_014</styleUrl>
      <MultiGeometry><Polygon><outerBoundaryIs><LinearRing><coordinates>103.2200117,14.6500983,0 103.2213017,14.6503317,0 103.2213167,14.6499750,0 103.2200717,14.6497417,0 103.2200267,14.6498300,0 103.2200117,14.6500983,0</coordinates></LinearRing></outerBoundaryIs></Polygon></MultiGeometry>
    </Placemark>
    <Placemark>
      <name>310713051558</name>
      <description><![CDATA[<div style='font-family:Tahoma,sans-serif; font-size:13px;'><h3 style='color:#1565C0; margin:4px 0;'>รหัส: 310713051558</h3><p style='margin:2px 0;'><b>กลุ่มรถไถ:</b> 61_014</p><table border='1' style='border-collapse:collapse; border-color:#ccc; width:100%;'><tr><td style='padding:3px 6px; font-weight:bold; background-color:#f2f2f2;'>ปีการผลิต</td><td style='padding:3px 6px;'>257071</td></tr><tr><td style='padding:3px 6px; font-weight:bold; background-color:#f2f2f2;'>รหัสกลุ่มรถไถ</td><td style='padding:3px 6px;'>61/014</td></tr><tr><td style='padding:3px 6px; font-weight:bold; background-color:#f2f2f2;'>โควตาชาวไร่</td><td style='padding:3px 6px;'>769109</td></tr><tr><td style='padding:3px 6px; font-weight:bold; background-color:#f2f2f2;'>ชื่อ-นามสกุล</td><td style='padding:3px 6px;'>นาย ณรงค์เดช หินหาดหงษ์</td></tr><tr><td style='padding:3px 6px; font-weight:bold; background-color:#f2f2f2;'>111</td><td style='padding:3px 6px;'>310713051558</td></tr><tr><td style='padding:3px 6px; font-weight:bold; background-color:#f2f2f2;'>ประเภทอ้อย</td><td style='padding:3px 6px;'>อ้อยปลายฝน</td></tr><tr><td style='padding:3px 6px; font-weight:bold; background-color:#f2f2f2;'>พื้นที่ปลูก</td><td style='padding:3px 6px;'>12.37</td></tr><tr><td style='padding:3px 6px; font-weight:bold; background-color:#f2f2f2;'>ศูนย์</td><td style='padding:3px 6px;'>K2-61</td></tr><tr><td style='padding:3px 6px; font-weight:bold; background-color:#f2f2f2;'>นักเกษตร</td><td style='padding:3px 6px;'>6102</td></tr><tr><td style='padding:3px 6px; font-weight:bold; background-color:#f2f2f2;'>กลุ่ม</td><td style='padding:3px 6px;'>กลุ่ม_61</td></tr></table></div>]]></description>
      <styleUrl>#style_61_014</styleUrl>
      <MultiGeometry><Polygon><outerBoundaryIs><LinearRing><coordinates>103.2383430,14.6566400,0 103.2386836,14.6583266,0 103.2392514,14.6582468,0 103.2392455,14.6579789,0 103.2396460,14.6578776,0 103.2391985,14.6563389,0 103.2387119,14.6564954,0 103.2387226,14.6565537,0 103.2386663,14.6565577,0 103.2386504,14.6565139,0 103.2383430,14.6566400,0</coordinates></LinearRing></outerBoundaryIs></Polygon></MultiGeometry>
    </Placemark>
    <Placemark>
      <name>310713051581</name>
      <description><![CDATA[<div style='font-family:Tahoma,sans-serif; font-size:13px;'><h3 style='color:#1565C0; margin:4px 0;'>รหัส: 310713051581</h3><p style='margin:2px 0;'><b>กลุ่มรถไถ:</b> 61_014</p><table border='1' style='border-collapse:collapse; border-color:#ccc; width:100%;'><tr><td style='padding:3px 6px; font-weight:bold; background-color:#f2f2f2;'>ปีการผลิต</td><td style='padding:3px 6px;'>257071</td></tr><tr><td style='padding:3px 6px; font-weight:bold; background-color:#f2f2f2;'>รหัสกลุ่มรถไถ</td><td style='padding:3px 6px;'>61/014</td></tr><tr><td style='padding:3px 6px; font-weight:bold; background-color:#f2f2f2;'>โควตาชาวไร่</td><td style='padding:3px 6px;'>769109</td></tr><tr><td style='padding:3px 6px; font-weight:bold; background-color:#f2f2f2;'>ชื่อ-นามสกุล</td><td style='padding:3px 6px;'>นาย ณรงค์เดช หินหาดหงษ์</td></tr><tr><td style='padding:3px 6px; font-weight:bold; background-color:#f2f2f2;'>111</td><td style='padding:3px 6px;'>310713051581</td></tr><tr><td style='padding:3px 6px; font-weight:bold; background-color:#f2f2f2;'>ประเภทอ้อย</td><td style='padding:3px 6px;'>อ้อยปลายฝน</td></tr><tr><td style='padding:3px 6px; font-weight:bold; background-color:#f2f2f2;'>พื้นที่ปลูก</td><td style='padding:3px 6px;'>9.7</td></tr><tr><td style='padding:3px 6px; font-weight:bold; background-color:#f2f2f2;'>ศูนย์</td><td style='padding:3px 6px;'>K2-61</td></tr><tr><td style='padding:3px 6px; font-weight:bold; background-color:#f2f2f2;'>นักเกษตร</td><td style='padding:3px 6px;'>6102</td></tr><tr><td style='padding:3px 6px; font-weight:bold; background-color:#f2f2f2;'>กลุ่ม</td><td style='padding:3px 6px;'>กลุ่ม_61</td></tr></table></div>]]></description>
      <styleUrl>#style_61_014</styleUrl>
      <MultiGeometry><Polygon><outerBoundaryIs><LinearRing><coordinates>103.2321500,14.6559267,0 103.2322383,14.6559517,0 103.2325817,14.6560867,0 103.2328667,14.6561717,0 103.2331633,14.6562400,0 103.2331600,14.6561233,0 103.2333433,14.6561367,0 103.2332300,14.6555667,0 103.2332150,14.6555333,0 103.2331300,14.6551767,0 103.2329967,14.6548117,0 103.2327583,14.6547683,0 103.2324967,14.6547700,0 103.2322817,14.6547783,0 103.2322083,14.6553867,0 103.2321500,14.6559267,0</coordinates></LinearRing></outerBoundaryIs></Polygon></MultiGeometry>
    </Placemark>
    <Placemark>
      <name>310701050002</name>
      <description><![CDATA[<div style='font-family:Tahoma,sans-serif; font-size:13px;'><h3 style='color:#1565C0; margin:4px 0;'>รหัส: 310701050002</h3><p style='margin:2px 0;'><b>กลุ่มรถไถ:</b> 61_014</p><table border='1' style='border-collapse:collapse; border-color:#ccc; width:100%;'><tr><td style='padding:3px 6px; font-weight:bold; background-color:#f2f2f2;'>ปีการผลิต</td><td style='padding:3px 6px;'>257071</td></tr><tr><td style='padding:3px 6px; font-weight:bold; background-color:#f2f2f2;'>รหัสกลุ่มรถไถ</td><td style='padding:3px 6px;'>61/014</td></tr><tr><td style='padding:3px 6px; font-weight:bold; background-color:#f2f2f2;'>โควตาชาวไร่</td><td style='padding:3px 6px;'>769202</td></tr><tr><td style='padding:3px 6px; font-weight:bold; background-color:#f2f2f2;'>ชื่อ-นามสกุล</td><td style='padding:3px 6px;'>นาง สุนี พิมพ์ทอง</td></tr><tr><td style='padding:3px 6px; font-weight:bold; background-color:#f2f2f2;'>111</td><td style='padding:3px 6px;'>310701050002</td></tr><tr><td style='padding:3px 6px; font-weight:bold; background-color:#f2f2f2;'>ประเภทอ้อย</td><td style='padding:3px 6px;'>อ้อยปลายฝน</td></tr><tr><td style='padding:3px 6px; font-weight:bold; background-color:#f2f2f2;'>พื้นที่ปลูก</td><td style='padding:3px 6px;'>7.69</td></tr><tr><td style='padding:3px 6px; font-weight:bold; background-color:#f2f2f2;'>ศูนย์</td><td style='padding:3px 6px;'>K2-61</td></tr><tr><td style='padding:3px 6px; font-weight:bold; background-color:#f2f2f2;'>นักเกษตร</td><td style='padding:3px 6px;'>6104</td></tr><tr><td style='padding:3px 6px; font-weight:bold; background-color:#f2f2f2;'>กลุ่ม</td><td style='padding:3px 6px;'>กลุ่ม_61</td></tr></table></div>]]></description>
      <styleUrl>#style_61_014</styleUrl>
      <MultiGeometry><Polygon><outerBoundaryIs><LinearRing><coordinates>103.2287152,14.6109813,0 103.2290771,14.6137299,0 103.2294492,14.6136833,0 103.2290940,14.6109936,0 103.2287152,14.6109813,0</coordinates></LinearRing></outerBoundaryIs></Polygon></MultiGeometry>
    </Placemark>
    <Placemark>
      <name>310713090011</name>
      <description><![CDATA[<div style='font-family:Tahoma,sans-serif; font-size:13px;'><h3 style='color:#1565C0; margin:4px 0;'>รหัส: 310713090011</h3><p style='margin:2px 0;'><b>กลุ่มรถไถ:</b> 61_014</p><table border='1' style='border-collapse:collapse; border-color:#ccc; width:100%;'><tr><td style='padding:3px 6px; font-weight:bold; background-color:#f2f2f2;'>ปีการผลิต</td><td style='padding:3px 6px;'>257071</td></tr><tr><td style='padding:3px 6px; font-weight:bold; background-color:#f2f2f2;'>รหัสกลุ่มรถไถ</td><td style='padding:3px 6px;'>61/014</td></tr><tr><td style='padding:3px 6px; font-weight:bold; background-color:#f2f2f2;'>โควตาชาวไร่</td><td style='padding:3px 6px;'>769214</td></tr><tr><td style='padding:3px 6px; font-weight:bold; background-color:#f2f2f2;'>ชื่อ-นามสกุล</td><td style='padding:3px 6px;'>นาย สุรพล ขวัญยืน</td></tr><tr><td style='padding:3px 6px; font-weight:bold; background-color:#f2f2f2;'>111</td><td style='padding:3px 6px;'>310713090011</td></tr><tr><td style='padding:3px 6px; font-weight:bold; background-color:#f2f2f2;'>ประเภทอ้อย</td><td style='padding:3px 6px;'>อ้อยปลายฝน</td></tr><tr><td style='padding:3px 6px; font-weight:bold; background-color:#f2f2f2;'>พื้นที่ปลูก</td><td style='padding:3px 6px;'>7.94</td></tr><tr><td style='padding:3px 6px; font-weight:bold; background-color:#f2f2f2;'>ศูนย์</td><td style='padding:3px 6px;'>K2-61</td></tr><tr><td style='padding:3px 6px; font-weight:bold; background-color:#f2f2f2;'>นักเกษตร</td><td style='padding:3px 6px;'>6102</td></tr><tr><td style='padding:3px 6px; font-weight:bold; background-color:#f2f2f2;'>กลุ่ม</td><td style='padding:3px 6px;'>กลุ่ม_61</td></tr></table></div>]]></description>
      <styleUrl>#style_61_014</styleUrl>
      <MultiGeometry><Polygon><outerBoundaryIs><LinearRing><coordinates>103.2005113,14.6423827,0 103.2017287,14.6424680,0 103.2019190,14.6424643,0 103.2017821,14.6416991,0 103.2005080,14.6415782,0 103.2004976,14.6421795,0 103.2005113,14.6423827,0</coordinates></LinearRing></outerBoundaryIs></Polygon></MultiGeometry>
    </Placemark>
    <Placemark>
      <name>311501111669</name>
      <description><![CDATA[<div style='font-family:Tahoma,sans-serif; font-size:13px;'><h3 style='color:#1565C0; margin:4px 0;'>รหัส: 311501111669</h3><p style='margin:2px 0;'><b>กลุ่มรถไถ:</b> 61_014</p><table border='1' style='border-collapse:collapse; border-color:#ccc; width:100%;'><tr><td style='padding:3px 6px; font-weight:bold; background-color:#f2f2f2;'>ปีการผลิต</td><td style='padding:3px 6px;'>257071</td></tr><tr><td style='padding:3px 6px; font-weight:bold; background-color:#f2f2f2;'>รหัสกลุ่มรถไถ</td><td style='padding:3px 6px;'>61/014</td></tr><tr><td style='padding:3px 6px; font-weight:bold; background-color:#f2f2f2;'>โควตาชาวไร่</td><td style='padding:3px 6px;'>769465</td></tr><tr><td style='padding:3px 6px; font-weight:bold; background-color:#f2f2f2;'>ชื่อ-นามสกุล</td><td style='padding:3px 6px;'>นาย สมพล ขวัญยืน</td></tr><tr><td style='padding:3px 6px; font-weight:bold; background-color:#f2f2f2;'>111</td><td style='padding:3px 6px;'>311501111669</td></tr><tr><td style='padding:3px 6px; font-weight:bold; background-color:#f2f2f2;'>ประเภทอ้อย</td><td style='padding:3px 6px;'>อ้อยปลายฝน</td></tr><tr><td style='padding:3px 6px; font-weight:bold; background-color:#f2f2f2;'>พื้นที่ปลูก</td><td style='padding:3px 6px;'>7.25</td></tr><tr><td style='padding:3px 6px; font-weight:bold; background-color:#f2f2f2;'>ศูนย์</td><td style='padding:3px 6px;'>K2-61</td></tr><tr><td style='padding:3px 6px; font-weight:bold; background-color:#f2f2f2;'>นักเกษตร</td><td style='padding:3px 6px;'>6106</td></tr><tr><td style='padding:3px 6px; font-weight:bold; background-color:#f2f2f2;'>กลุ่ม</td><td style='padding:3px 6px;'>กลุ่ม_61</td></tr></table></div>]]></description>
      <styleUrl>#style_61_014</styleUrl>
      <MultiGeometry><Polygon><outerBoundaryIs><LinearRing><coordinates>103.1549383,14.6854933,0 103.1542200,14.6855050,0 103.1542617,14.6858117,0 103.1542767,14.6859817,0 103.1542667,14.6863117,0 103.1542800,14.6870167,0 103.1548250,14.6870633,0 103.1548117,14.6869533,0 103.1548617,14.6869550,0 103.1549383,14.6854933,0</coordinates></LinearRing></outerBoundaryIs></Polygon></MultiGeometry>
    </Placemark>
    <Placemark>
      <name>310713011758</name>
      <description><![CDATA[<div style='font-family:Tahoma,sans-serif; font-size:13px;'><h3 style='color:#1565C0; margin:4px 0;'>รหัส: 310713011758</h3><p style='margin:2px 0;'><b>กลุ่มรถไถ:</b> 61_014</p><table border='1' style='border-collapse:collapse; border-color:#ccc; width:100%;'><tr><td style='padding:3px 6px; font-weight:bold; background-color:#f2f2f2;'>ปีการผลิต</td><td style='padding:3px 6px;'>257071</td></tr><tr><td style='padding:3px 6px; font-weight:bold; background-color:#f2f2f2;'>รหัสกลุ่มรถไถ</td><td style='padding:3px 6px;'>61/014</td></tr><tr><td style='padding:3px 6px; font-weight:bold; background-color:#f2f2f2;'>โควตาชาวไร่</td><td style='padding:3px 6px;'>769581</td></tr><tr><td style='padding:3px 6px; font-weight:bold; background-color:#f2f2f2;'>ชื่อ-นามสกุล</td><td style='padding:3px 6px;'>นางสาว ณัฐริกา จำนงค์</td></tr><tr><td style='padding:3px 6px; font-weight:bold; background-color:#f2f2f2;'>111</td><td style='padding:3px 6px;'>310713011758</td></tr><tr><td style='padding:3px 6px; font-weight:bold; background-color:#f2f2f2;'>ประเภทอ้อย</td><td style='padding:3px 6px;'>อ้อยปลายฝน</td></tr><tr><td style='padding:3px 6px; font-weight:bold; background-color:#f2f2f2;'>พื้นที่ปลูก</td><td style='padding:3px 6px;'>5.14</td></tr><tr><td style='padding:3px 6px; font-weight:bold; background-color:#f2f2f2;'>ศูนย์</td><td style='padding:3px 6px;'>K2-61</td></tr><tr><td style='padding:3px 6px; font-weight:bold; background-color:#f2f2f2;'>นักเกษตร</td><td style='padding:3px 6px;'>6102</td></tr><tr><td style='padding:3px 6px; font-weight:bold; background-color:#f2f2f2;'>กลุ่ม</td><td style='padding:3px 6px;'>กลุ่ม_61</td></tr></table></div>]]></description>
      <styleUrl>#style_61_014</styleUrl>
      <MultiGeometry><Polygon><outerBoundaryIs><LinearRing><coordinates>103.2517050,14.6523577,0 103.2516322,14.6514842,0 103.2508325,14.6515670,0 103.2509336,14.6524250,0 103.2517050,14.6523577,0</coordinates></LinearRing></outerBoundaryIs></Polygon></MultiGeometry>
    </Placemark>
    <Placemark>
      <name>310705051811</name>
      <description><![CDATA[<div style='font-family:Tahoma,sans-serif; font-size:13px;'><h3 style='color:#1565C0; margin:4px 0;'>รหัส: 310705051811</h3><p style='margin:2px 0;'><b>กลุ่มรถไถ:</b> 61_014</p><table border='1' style='border-collapse:collapse; border-color:#ccc; width:100%;'><tr><td style='padding:3px 6px; font-weight:bold; background-color:#f2f2f2;'>ปีการผลิต</td><td style='padding:3px 6px;'>257071</td></tr><tr><td style='padding:3px 6px; font-weight:bold; background-color:#f2f2f2;'>รหัสกลุ่มรถไถ</td><td style='padding:3px 6px;'>61/014</td></tr><tr><td style='padding:3px 6px; font-weight:bold; background-color:#f2f2f2;'>โควตาชาวไร่</td><td style='padding:3px 6px;'>769698</td></tr><tr><td style='padding:3px 6px; font-weight:bold; background-color:#f2f2f2;'>ชื่อ-นามสกุล</td><td style='padding:3px 6px;'>นางสาว ประนอม บูรณะ</td></tr><tr><td style='padding:3px 6px; font-weight:bold; background-color:#f2f2f2;'>111</td><td style='padding:3px 6px;'>310705051811</td></tr><tr><td style='padding:3px 6px; font-weight:bold; background-color:#f2f2f2;'>ประเภทอ้อย</td><td style='padding:3px 6px;'>อ้อยปลายฝน</td></tr><tr><td style='padding:3px 6px; font-weight:bold; background-color:#f2f2f2;'>พื้นที่ปลูก</td><td style='padding:3px 6px;'>9.44</td></tr><tr><td style='padding:3px 6px; font-weight:bold; background-color:#f2f2f2;'>ศูนย์</td><td style='padding:3px 6px;'>K2-61</td></tr><tr><td style='padding:3px 6px; font-weight:bold; background-color:#f2f2f2;'>นักเกษตร</td><td style='padding:3px 6px;'>6104</td></tr><tr><td style='padding:3px 6px; font-weight:bold; background-color:#f2f2f2;'>กลุ่ม</td><td style='padding:3px 6px;'>กลุ่ม_61</td></tr></table></div>]]></description>
      <styleUrl>#style_61_014</styleUrl>
      <MultiGeometry><Polygon><outerBoundaryIs><LinearRing><coordinates>103.2120212,14.5952570,0 103.2116527,14.5948853,0 103.2085092,14.5951875,0 103.2085039,14.5951433,0 103.2082374,14.5951653,0 103.2082368,14.5955060,0 103.2120212,14.5952570,0</coordinates></LinearRing></outerBoundaryIs></Polygon></MultiGeometry>
    </Placemark>
    <Placemark>
      <name>310713011748</name>
      <description><![CDATA[<div style='font-family:Tahoma,sans-serif; font-size:13px;'><h3 style='color:#1565C0; margin:4px 0;'>รหัส: 310713011748</h3><p style='margin:2px 0;'><b>กลุ่มรถไถ:</b> 61_014</p><table border='1' style='border-collapse:collapse; border-color:#ccc; width:100%;'><tr><td style='padding:3px 6px; font-weight:bold; background-color:#f2f2f2;'>ปีการผลิต</td><td style='padding:3px 6px;'>257071</td></tr><tr><td style='padding:3px 6px; font-weight:bold; background-color:#f2f2f2;'>รหัสกลุ่มรถไถ</td><td style='padding:3px 6px;'>61/014</td></tr><tr><td style='padding:3px 6px; font-weight:bold; background-color:#f2f2f2;'>โควตาชาวไร่</td><td style='padding:3px 6px;'>769854</td></tr><tr><td style='padding:3px 6px; font-weight:bold; background-color:#f2f2f2;'>ชื่อ-นามสกุล</td><td style='padding:3px 6px;'>นางสาว รุ้งทิพย์ พรหมฤทธิ์</td></tr><tr><td style='padding:3px 6px; font-weight:bold; background-color:#f2f2f2;'>111</td><td style='padding:3px 6px;'>310713011748</td></tr><tr><td style='padding:3px 6px; font-weight:bold; background-color:#f2f2f2;'>ประเภทอ้อย</td><td style='padding:3px 6px;'>อ้อยปลายฝน</td></tr><tr><td style='padding:3px 6px; font-weight:bold; background-color:#f2f2f2;'>พื้นที่ปลูก</td><td style='padding:3px 6px;'>5.48</td></tr><tr><td style='padding:3px 6px; font-weight:bold; background-color:#f2f2f2;'>ศูนย์</td><td style='padding:3px 6px;'>K2-61</td></tr><tr><td style='padding:3px 6px; font-weight:bold; background-color:#f2f2f2;'>นักเกษตร</td><td style='padding:3px 6px;'>6102</td></tr><tr><td style='padding:3px 6px; font-weight:bold; background-color:#f2f2f2;'>กลุ่ม</td><td style='padding:3px 6px;'>กลุ่ม_61</td></tr></table></div>]]></description>
      <styleUrl>#style_61_014</styleUrl>
      <MultiGeometry><Polygon><outerBoundaryIs><LinearRing><coordinates>103.2177415,14.6488778,0 103.2172363,14.6487735,0 103.2167812,14.6486774,0 103.2158314,14.6484867,0 103.2157527,14.6488344,0 103.2170926,14.6491404,0 103.2176324,14.6492491,0 103.2177415,14.6488778,0</coordinates></LinearRing></outerBoundaryIs></Polygon></MultiGeometry>
    </Placemark>
  </Folder>
  <Style id="style_61_015">
    <LineStyle>
      <color>ff35D8FD</color>
      <width>2.0</width>
    </LineStyle>
    <PolyStyle>
      <color>b335D8FD</color>
    </PolyStyle>
  </Style>
  <Folder>
    <name>61_015</name>
    <Placemark>
      <name>311503041537</name>
      <description><![CDATA[<div style='font-family:Tahoma,sans-serif; font-size:13px;'><h3 style='color:#1565C0; margin:4px 0;'>รหัส: 311503041537</h3><p style='margin:2px 0;'><b>กลุ่มรถไถ:</b> 61_015</p><table border='1' style='border-collapse:collapse; border-color:#ccc; width:100%;'><tr><td style='padding:3px 6px; font-weight:bold; background-color:#f2f2f2;'>ปีการผลิต</td><td style='padding:3px 6px;'>257071</td></tr><tr><td style='padding:3px 6px; font-weight:bold; background-color:#f2f2f2;'>รหัสกลุ่มรถไถ</td><td style='padding:3px 6px;'>61/015</td></tr><tr><td style='padding:3px 6px; font-weight:bold; background-color:#f2f2f2;'>โควตาชาวไร่</td><td style='padding:3px 6px;'>760391</td></tr><tr><td style='padding:3px 6px; font-weight:bold; background-color:#f2f2f2;'>ชื่อ-นามสกุล</td><td style='padding:3px 6px;'>นาย กมล พานคำ</td></tr><tr><td style='padding:3px 6px; font-weight:bold; background-color:#f2f2f2;'>111</td><td style='padding:3px 6px;'>311503041537</td></tr><tr><td style='padding:3px 6px; font-weight:bold; background-color:#f2f2f2;'>ประเภทอ้อย</td><td style='padding:3px 6px;'>อ้อยปลายฝน</td></tr><tr><td style='padding:3px 6px; font-weight:bold; background-color:#f2f2f2;'>พื้นที่ปลูก</td><td style='padding:3px 6px;'>6.15</td></tr><tr><td style='padding:3px 6px; font-weight:bold; background-color:#f2f2f2;'>ศูนย์</td><td style='padding:3px 6px;'>K2-61</td></tr><tr><td style='padding:3px 6px; font-weight:bold; background-color:#f2f2f2;'>นักเกษตร</td><td style='padding:3px 6px;'>6102</td></tr><tr><td style='padding:3px 6px; font-weight:bold; background-color:#f2f2f2;'>กลุ่ม</td><td style='padding:3px 6px;'>กลุ่ม_61</td></tr></table></div>]]></description>
      <styleUrl>#style_61_015</styleUrl>
      <MultiGeometry><Polygon><outerBoundaryIs><LinearRing><coordinates>103.2447857,14.6840313,0 103.2443001,14.6826667,0 103.2442197,14.6826887,0 103.2442102,14.6826206,0 103.2437984,14.6826933,0 103.2439490,14.6832576,0 103.2440388,14.6839614,0 103.2443026,14.6840544,0 103.2447857,14.6840313,0</coordinates></LinearRing></outerBoundaryIs></Polygon></MultiGeometry>
    </Placemark>
    <Placemark>
      <name>310713121808</name>
      <description><![CDATA[<div style='font-family:Tahoma,sans-serif; font-size:13px;'><h3 style='color:#1565C0; margin:4px 0;'>รหัส: 310713121808</h3><p style='margin:2px 0;'><b>กลุ่มรถไถ:</b> 61_015</p><table border='1' style='border-collapse:collapse; border-color:#ccc; width:100%;'><tr><td style='padding:3px 6px; font-weight:bold; background-color:#f2f2f2;'>ปีการผลิต</td><td style='padding:3px 6px;'>257071</td></tr><tr><td style='padding:3px 6px; font-weight:bold; background-color:#f2f2f2;'>รหัสกลุ่มรถไถ</td><td style='padding:3px 6px;'>61/015</td></tr><tr><td style='padding:3px 6px; font-weight:bold; background-color:#f2f2f2;'>โควตาชาวไร่</td><td style='padding:3px 6px;'>761051</td></tr><tr><td style='padding:3px 6px; font-weight:bold; background-color:#f2f2f2;'>ชื่อ-นามสกุล</td><td style='padding:3px 6px;'>นาย บุญส่ง มะลิซ้อน</td></tr><tr><td style='padding:3px 6px; font-weight:bold; background-color:#f2f2f2;'>111</td><td style='padding:3px 6px;'>310713121808</td></tr><tr><td style='padding:3px 6px; font-weight:bold; background-color:#f2f2f2;'>ประเภทอ้อย</td><td style='padding:3px 6px;'>อ้อยปลายฝน</td></tr><tr><td style='padding:3px 6px; font-weight:bold; background-color:#f2f2f2;'>พื้นที่ปลูก</td><td style='padding:3px 6px;'>14.35</td></tr><tr><td style='padding:3px 6px; font-weight:bold; background-color:#f2f2f2;'>ศูนย์</td><td style='padding:3px 6px;'>K2-61</td></tr><tr><td style='padding:3px 6px; font-weight:bold; background-color:#f2f2f2;'>นักเกษตร</td><td style='padding:3px 6px;'>6102</td></tr><tr><td style='padding:3px 6px; font-weight:bold; background-color:#f2f2f2;'>กลุ่ม</td><td style='padding:3px 6px;'>กลุ่ม_61</td></tr></table></div>]]></description>
      <styleUrl>#style_61_015</styleUrl>
      <MultiGeometry><Polygon><outerBoundaryIs><LinearRing><coordinates>103.2233564,14.6640746,0 103.2225050,14.6640320,0 103.2209995,14.6639310,0 103.2191704,14.6637608,0 103.2191611,14.6641625,0 103.2192107,14.6642533,0 103.2233055,14.6645417,0 103.2233564,14.6640746,0</coordinates></LinearRing></outerBoundaryIs></Polygon></MultiGeometry>
    </Placemark>
    <Placemark>
      <name>310713121859</name>
      <description><![CDATA[<div style='font-family:Tahoma,sans-serif; font-size:13px;'><h3 style='color:#1565C0; margin:4px 0;'>รหัส: 310713121859</h3><p style='margin:2px 0;'><b>กลุ่มรถไถ:</b> 61_015</p><table border='1' style='border-collapse:collapse; border-color:#ccc; width:100%;'><tr><td style='padding:3px 6px; font-weight:bold; background-color:#f2f2f2;'>ปีการผลิต</td><td style='padding:3px 6px;'>257071</td></tr><tr><td style='padding:3px 6px; font-weight:bold; background-color:#f2f2f2;'>รหัสกลุ่มรถไถ</td><td style='padding:3px 6px;'>61/015</td></tr><tr><td style='padding:3px 6px; font-weight:bold; background-color:#f2f2f2;'>โควตาชาวไร่</td><td style='padding:3px 6px;'>761051</td></tr><tr><td style='padding:3px 6px; font-weight:bold; background-color:#f2f2f2;'>ชื่อ-นามสกุล</td><td style='padding:3px 6px;'>นาย บุญส่ง มะลิซ้อน</td></tr><tr><td style='padding:3px 6px; font-weight:bold; background-color:#f2f2f2;'>111</td><td style='padding:3px 6px;'>310713121859</td></tr><tr><td style='padding:3px 6px; font-weight:bold; background-color:#f2f2f2;'>ประเภทอ้อย</td><td style='padding:3px 6px;'>อ้อยปลายฝน</td></tr><tr><td style='padding:3px 6px; font-weight:bold; background-color:#f2f2f2;'>พื้นที่ปลูก</td><td style='padding:3px 6px;'>6.86</td></tr><tr><td style='padding:3px 6px; font-weight:bold; background-color:#f2f2f2;'>ศูนย์</td><td style='padding:3px 6px;'>K2-61</td></tr><tr><td style='padding:3px 6px; font-weight:bold; background-color:#f2f2f2;'>นักเกษตร</td><td style='padding:3px 6px;'>6102</td></tr><tr><td style='padding:3px 6px; font-weight:bold; background-color:#f2f2f2;'>กลุ่ม</td><td style='padding:3px 6px;'>กลุ่ม_61</td></tr></table></div>]]></description>
      <styleUrl>#style_61_015</styleUrl>
      <MultiGeometry><Polygon><outerBoundaryIs><LinearRing><coordinates>103.2273533,14.6641950,0 103.2272883,14.6639817,0 103.2268383,14.6640833,0 103.2267783,14.6638867,0 103.2263483,14.6639783,0 103.2251517,14.6640967,0 103.2251767,14.6643017,0 103.2252217,14.6643433,0 103.2252367,14.6645383,0 103.2263567,14.6644650,0 103.2268283,14.6643683,0 103.2273533,14.6642717,0 103.2273533,14.6641950,0</coordinates></LinearRing></outerBoundaryIs></Polygon></MultiGeometry>
    </Placemark>
    <Placemark>
      <name>310713061594</name>
      <description><![CDATA[<div style='font-family:Tahoma,sans-serif; font-size:13px;'><h3 style='color:#1565C0; margin:4px 0;'>รหัส: 310713061594</h3><p style='margin:2px 0;'><b>กลุ่มรถไถ:</b> 61_015</p><table border='1' style='border-collapse:collapse; border-color:#ccc; width:100%;'><tr><td style='padding:3px 6px; font-weight:bold; background-color:#f2f2f2;'>ปีการผลิต</td><td style='padding:3px 6px;'>257071</td></tr><tr><td style='padding:3px 6px; font-weight:bold; background-color:#f2f2f2;'>รหัสกลุ่มรถไถ</td><td style='padding:3px 6px;'>61/015</td></tr><tr><td style='padding:3px 6px; font-weight:bold; background-color:#f2f2f2;'>โควตาชาวไร่</td><td style='padding:3px 6px;'>761442</td></tr><tr><td style='padding:3px 6px; font-weight:bold; background-color:#f2f2f2;'>ชื่อ-นามสกุล</td><td style='padding:3px 6px;'>นาย จอม เรืองประโคน</td></tr><tr><td style='padding:3px 6px; font-weight:bold; background-color:#f2f2f2;'>111</td><td style='padding:3px 6px;'>310713061594</td></tr><tr><td style='padding:3px 6px; font-weight:bold; background-color:#f2f2f2;'>ประเภทอ้อย</td><td style='padding:3px 6px;'>อ้อยปลายฝน</td></tr><tr><td style='padding:3px 6px; font-weight:bold; background-color:#f2f2f2;'>พื้นที่ปลูก</td><td style='padding:3px 6px;'>2.71</td></tr><tr><td style='padding:3px 6px; font-weight:bold; background-color:#f2f2f2;'>ศูนย์</td><td style='padding:3px 6px;'>K2-61</td></tr><tr><td style='padding:3px 6px; font-weight:bold; background-color:#f2f2f2;'>นักเกษตร</td><td style='padding:3px 6px;'>6102</td></tr><tr><td style='padding:3px 6px; font-weight:bold; background-color:#f2f2f2;'>กลุ่ม</td><td style='padding:3px 6px;'>กลุ่ม_61</td></tr></table></div>]]></description>
      <styleUrl>#style_61_015</styleUrl>
      <MultiGeometry><Polygon><outerBoundaryIs><LinearRing><coordinates>103.2509556,14.6813841,0 103.2501799,14.6818067,0 103.2502162,14.6820584,0 103.2502073,14.6821236,0 103.2502444,14.6822126,0 103.2511117,14.6817323,0 103.2509556,14.6813841,0</coordinates></LinearRing></outerBoundaryIs></Polygon></MultiGeometry>
    </Placemark>
    <Placemark>
      <name>310713121708</name>
      <description><![CDATA[<div style='font-family:Tahoma,sans-serif; font-size:13px;'><h3 style='color:#1565C0; margin:4px 0;'>รหัส: 310713121708</h3><p style='margin:2px 0;'><b>กลุ่มรถไถ:</b> 61_015</p><table border='1' style='border-collapse:collapse; border-color:#ccc; width:100%;'><tr><td style='padding:3px 6px; font-weight:bold; background-color:#f2f2f2;'>ปีการผลิต</td><td style='padding:3px 6px;'>257071</td></tr><tr><td style='padding:3px 6px; font-weight:bold; background-color:#f2f2f2;'>รหัสกลุ่มรถไถ</td><td style='padding:3px 6px;'>61/015</td></tr><tr><td style='padding:3px 6px; font-weight:bold; background-color:#f2f2f2;'>โควตาชาวไร่</td><td style='padding:3px 6px;'>769222</td></tr><tr><td style='padding:3px 6px; font-weight:bold; background-color:#f2f2f2;'>ชื่อ-นามสกุล</td><td style='padding:3px 6px;'>นาง กิน พลอยรัมย์</td></tr><tr><td style='padding:3px 6px; font-weight:bold; background-color:#f2f2f2;'>111</td><td style='padding:3px 6px;'>310713121708</td></tr><tr><td style='padding:3px 6px; font-weight:bold; background-color:#f2f2f2;'>ประเภทอ้อย</td><td style='padding:3px 6px;'>อ้อยปลายฝน</td></tr><tr><td style='padding:3px 6px; font-weight:bold; background-color:#f2f2f2;'>พื้นที่ปลูก</td><td style='padding:3px 6px;'>5.08</td></tr><tr><td style='padding:3px 6px; font-weight:bold; background-color:#f2f2f2;'>ศูนย์</td><td style='padding:3px 6px;'>K2-61</td></tr><tr><td style='padding:3px 6px; font-weight:bold; background-color:#f2f2f2;'>นักเกษตร</td><td style='padding:3px 6px;'>6102</td></tr><tr><td style='padding:3px 6px; font-weight:bold; background-color:#f2f2f2;'>กลุ่ม</td><td style='padding:3px 6px;'>กลุ่ม_61</td></tr></table></div>]]></description>
      <styleUrl>#style_61_015</styleUrl>
      <MultiGeometry><Polygon><outerBoundaryIs><LinearRing><coordinates>103.2291195,14.6698951,0 103.2292059,14.6704971,0 103.2296796,14.6704293,0 103.2300430,14.6703453,0 103.2303641,14.6702300,0 103.2301319,14.6696864,0 103.2295858,14.6698237,0 103.2291195,14.6698951,0</coordinates></LinearRing></outerBoundaryIs></Polygon></MultiGeometry>
    </Placemark>
    <Placemark>
      <name>310713041647</name>
      <description><![CDATA[<div style='font-family:Tahoma,sans-serif; font-size:13px;'><h3 style='color:#1565C0; margin:4px 0;'>รหัส: 310713041647</h3><p style='margin:2px 0;'><b>กลุ่มรถไถ:</b> 61_015</p><table border='1' style='border-collapse:collapse; border-color:#ccc; width:100%;'><tr><td style='padding:3px 6px; font-weight:bold; background-color:#f2f2f2;'>ปีการผลิต</td><td style='padding:3px 6px;'>257071</td></tr><tr><td style='padding:3px 6px; font-weight:bold; background-color:#f2f2f2;'>รหัสกลุ่มรถไถ</td><td style='padding:3px 6px;'>61/015</td></tr><tr><td style='padding:3px 6px; font-weight:bold; background-color:#f2f2f2;'>โควตาชาวไร่</td><td style='padding:3px 6px;'>769255</td></tr><tr><td style='padding:3px 6px; font-weight:bold; background-color:#f2f2f2;'>ชื่อ-นามสกุล</td><td style='padding:3px 6px;'>นาย ณทชัย เปียกระโทก</td></tr><tr><td style='padding:3px 6px; font-weight:bold; background-color:#f2f2f2;'>111</td><td style='padding:3px 6px;'>310713041647</td></tr><tr><td style='padding:3px 6px; font-weight:bold; background-color:#f2f2f2;'>ประเภทอ้อย</td><td style='padding:3px 6px;'>อ้อยปลายฝน</td></tr><tr><td style='padding:3px 6px; font-weight:bold; background-color:#f2f2f2;'>พื้นที่ปลูก</td><td style='padding:3px 6px;'>13.0</td></tr><tr><td style='padding:3px 6px; font-weight:bold; background-color:#f2f2f2;'>ศูนย์</td><td style='padding:3px 6px;'>K2-61</td></tr><tr><td style='padding:3px 6px; font-weight:bold; background-color:#f2f2f2;'>นักเกษตร</td><td style='padding:3px 6px;'>6102</td></tr><tr><td style='padding:3px 6px; font-weight:bold; background-color:#f2f2f2;'>กลุ่ม</td><td style='padding:3px 6px;'>กลุ่ม_61</td></tr></table></div>]]></description>
      <styleUrl>#style_61_015</styleUrl>
      <MultiGeometry><Polygon><outerBoundaryIs><LinearRing><coordinates>103.2229967,14.6713433,0 103.2225367,14.6715783,0 103.2218300,14.6719000,0 103.2213533,14.6721100,0 103.2204167,14.6725383,0 103.2202733,14.6726333,0 103.2201750,14.6726983,0 103.2203117,14.6729067,0 103.2204333,14.6728700,0 103.2204833,14.6730450,0 103.2215600,14.6726300,0 103.2227067,14.6722050,0 103.2231683,14.6720750,0 103.2229967,14.6713433,0</coordinates></LinearRing></outerBoundaryIs></Polygon></MultiGeometry>
    </Placemark>
    <Placemark>
      <name>310713121809</name>
      <description><![CDATA[<div style='font-family:Tahoma,sans-serif; font-size:13px;'><h3 style='color:#1565C0; margin:4px 0;'>รหัส: 310713121809</h3><p style='margin:2px 0;'><b>กลุ่มรถไถ:</b> 61_015</p><table border='1' style='border-collapse:collapse; border-color:#ccc; width:100%;'><tr><td style='padding:3px 6px; font-weight:bold; background-color:#f2f2f2;'>ปีการผลิต</td><td style='padding:3px 6px;'>257071</td></tr><tr><td style='padding:3px 6px; font-weight:bold; background-color:#f2f2f2;'>รหัสกลุ่มรถไถ</td><td style='padding:3px 6px;'>61/015</td></tr><tr><td style='padding:3px 6px; font-weight:bold; background-color:#f2f2f2;'>โควตาชาวไร่</td><td style='padding:3px 6px;'>769289</td></tr><tr><td style='padding:3px 6px; font-weight:bold; background-color:#f2f2f2;'>ชื่อ-นามสกุล</td><td style='padding:3px 6px;'>นาย สุรศักดิ์ เปียกระโทก</td></tr><tr><td style='padding:3px 6px; font-weight:bold; background-color:#f2f2f2;'>111</td><td style='padding:3px 6px;'>310713121809</td></tr><tr><td style='padding:3px 6px; font-weight:bold; background-color:#f2f2f2;'>ประเภทอ้อย</td><td style='padding:3px 6px;'>อ้อยปลายฝน</td></tr><tr><td style='padding:3px 6px; font-weight:bold; background-color:#f2f2f2;'>พื้นที่ปลูก</td><td style='padding:3px 6px;'>6.11</td></tr><tr><td style='padding:3px 6px; font-weight:bold; background-color:#f2f2f2;'>ศูนย์</td><td style='padding:3px 6px;'>K2-61</td></tr><tr><td style='padding:3px 6px; font-weight:bold; background-color:#f2f2f2;'>นักเกษตร</td><td style='padding:3px 6px;'>6102</td></tr><tr><td style='padding:3px 6px; font-weight:bold; background-color:#f2f2f2;'>กลุ่ม</td><td style='padding:3px 6px;'>กลุ่ม_61</td></tr></table></div>]]></description>
      <styleUrl>#style_61_015</styleUrl>
      <MultiGeometry><Polygon><outerBoundaryIs><LinearRing><coordinates>103.2232699,14.6640659,0 103.2233162,14.6645557,0 103.2243526,14.6646065,0 103.2249238,14.6645851,0 103.2248916,14.6640942,0 103.2232699,14.6640659,0</coordinates></LinearRing></outerBoundaryIs></Polygon></MultiGeometry>
    </Placemark>
    <Placemark>
      <name>310713051758</name>
      <description><![CDATA[<div style='font-family:Tahoma,sans-serif; font-size:13px;'><h3 style='color:#1565C0; margin:4px 0;'>รหัส: 310713051758</h3><p style='margin:2px 0;'><b>กลุ่มรถไถ:</b> 61_015</p><table border='1' style='border-collapse:collapse; border-color:#ccc; width:100%;'><tr><td style='padding:3px 6px; font-weight:bold; background-color:#f2f2f2;'>ปีการผลิต</td><td style='padding:3px 6px;'>257071</td></tr><tr><td style='padding:3px 6px; font-weight:bold; background-color:#f2f2f2;'>รหัสกลุ่มรถไถ</td><td style='padding:3px 6px;'>61/015</td></tr><tr><td style='padding:3px 6px; font-weight:bold; background-color:#f2f2f2;'>โควตาชาวไร่</td><td style='padding:3px 6px;'>769490</td></tr><tr><td style='padding:3px 6px; font-weight:bold; background-color:#f2f2f2;'>ชื่อ-นามสกุล</td><td style='padding:3px 6px;'>นางสาว เกษสุดา บุญปก</td></tr><tr><td style='padding:3px 6px; font-weight:bold; background-color:#f2f2f2;'>111</td><td style='padding:3px 6px;'>310713051758</td></tr><tr><td style='padding:3px 6px; font-weight:bold; background-color:#f2f2f2;'>ประเภทอ้อย</td><td style='padding:3px 6px;'>อ้อยปลายฝน</td></tr><tr><td style='padding:3px 6px; font-weight:bold; background-color:#f2f2f2;'>พื้นที่ปลูก</td><td style='padding:3px 6px;'>4.66</td></tr><tr><td style='padding:3px 6px; font-weight:bold; background-color:#f2f2f2;'>ศูนย์</td><td style='padding:3px 6px;'>K2-61</td></tr><tr><td style='padding:3px 6px; font-weight:bold; background-color:#f2f2f2;'>นักเกษตร</td><td style='padding:3px 6px;'>6102</td></tr><tr><td style='padding:3px 6px; font-weight:bold; background-color:#f2f2f2;'>กลุ่ม</td><td style='padding:3px 6px;'>กลุ่ม_61</td></tr></table></div>]]></description>
      <styleUrl>#style_61_015</styleUrl>
      <MultiGeometry><Polygon><outerBoundaryIs><LinearRing><coordinates>103.2250983,14.6559533,0 103.2240433,14.6560283,0 103.2240883,14.6566050,0 103.2251867,14.6565350,0 103.2251000,14.6562367,0 103.2250833,14.6562267,0 103.2251450,14.6561950,0 103.2250983,14.6559533,0</coordinates></LinearRing></outerBoundaryIs></Polygon></MultiGeometry>
    </Placemark>
    <Placemark>
      <name>311503011652</name>
      <description><![CDATA[<div style='font-family:Tahoma,sans-serif; font-size:13px;'><h3 style='color:#1565C0; margin:4px 0;'>รหัส: 311503011652</h3><p style='margin:2px 0;'><b>กลุ่มรถไถ:</b> 61_015</p><table border='1' style='border-collapse:collapse; border-color:#ccc; width:100%;'><tr><td style='padding:3px 6px; font-weight:bold; background-color:#f2f2f2;'>ปีการผลิต</td><td style='padding:3px 6px;'>257071</td></tr><tr><td style='padding:3px 6px; font-weight:bold; background-color:#f2f2f2;'>รหัสกลุ่มรถไถ</td><td style='padding:3px 6px;'>61/015</td></tr><tr><td style='padding:3px 6px; font-weight:bold; background-color:#f2f2f2;'>โควตาชาวไร่</td><td style='padding:3px 6px;'>769552</td></tr><tr><td style='padding:3px 6px; font-weight:bold; background-color:#f2f2f2;'>ชื่อ-นามสกุล</td><td style='padding:3px 6px;'>นาย ธงชัย ประเสริฐศรี</td></tr><tr><td style='padding:3px 6px; font-weight:bold; background-color:#f2f2f2;'>111</td><td style='padding:3px 6px;'>311503011652</td></tr><tr><td style='padding:3px 6px; font-weight:bold; background-color:#f2f2f2;'>ประเภทอ้อย</td><td style='padding:3px 6px;'>อ้อยปลายฝน</td></tr><tr><td style='padding:3px 6px; font-weight:bold; background-color:#f2f2f2;'>พื้นที่ปลูก</td><td style='padding:3px 6px;'>3.15</td></tr><tr><td style='padding:3px 6px; font-weight:bold; background-color:#f2f2f2;'>ศูนย์</td><td style='padding:3px 6px;'>K2-61</td></tr><tr><td style='padding:3px 6px; font-weight:bold; background-color:#f2f2f2;'>นักเกษตร</td><td style='padding:3px 6px;'>6102</td></tr><tr><td style='padding:3px 6px; font-weight:bold; background-color:#f2f2f2;'>กลุ่ม</td><td style='padding:3px 6px;'>กลุ่ม_61</td></tr></table></div>]]></description>
      <styleUrl>#style_61_015</styleUrl>
      <MultiGeometry><Polygon><outerBoundaryIs><LinearRing><coordinates>103.2563449,14.7639216,0 103.2559112,14.7633156,0 103.2553998,14.7636556,0 103.2556802,14.7640038,0 103.2558480,14.7641794,0 103.2563449,14.7639216,0</coordinates></LinearRing></outerBoundaryIs></Polygon></MultiGeometry>
    </Placemark>
    <Placemark>
      <name>310713061782</name>
      <description><![CDATA[<div style='font-family:Tahoma,sans-serif; font-size:13px;'><h3 style='color:#1565C0; margin:4px 0;'>รหัส: 310713061782</h3><p style='margin:2px 0;'><b>กลุ่มรถไถ:</b> 61_015</p><table border='1' style='border-collapse:collapse; border-color:#ccc; width:100%;'><tr><td style='padding:3px 6px; font-weight:bold; background-color:#f2f2f2;'>ปีการผลิต</td><td style='padding:3px 6px;'>257071</td></tr><tr><td style='padding:3px 6px; font-weight:bold; background-color:#f2f2f2;'>รหัสกลุ่มรถไถ</td><td style='padding:3px 6px;'>61/015</td></tr><tr><td style='padding:3px 6px; font-weight:bold; background-color:#f2f2f2;'>โควตาชาวไร่</td><td style='padding:3px 6px;'>769648</td></tr><tr><td style='padding:3px 6px; font-weight:bold; background-color:#f2f2f2;'>ชื่อ-นามสกุล</td><td style='padding:3px 6px;'>นาย ธงชัย มะลิซ้อน</td></tr><tr><td style='padding:3px 6px; font-weight:bold; background-color:#f2f2f2;'>111</td><td style='padding:3px 6px;'>310713061782</td></tr><tr><td style='padding:3px 6px; font-weight:bold; background-color:#f2f2f2;'>ประเภทอ้อย</td><td style='padding:3px 6px;'>อ้อยปลายฝน</td></tr><tr><td style='padding:3px 6px; font-weight:bold; background-color:#f2f2f2;'>พื้นที่ปลูก</td><td style='padding:3px 6px;'>13.38</td></tr><tr><td style='padding:3px 6px; font-weight:bold; background-color:#f2f2f2;'>ศูนย์</td><td style='padding:3px 6px;'>K2-61</td></tr><tr><td style='padding:3px 6px; font-weight:bold; background-color:#f2f2f2;'>นักเกษตร</td><td style='padding:3px 6px;'>6102</td></tr><tr><td style='padding:3px 6px; font-weight:bold; background-color:#f2f2f2;'>กลุ่ม</td><td style='padding:3px 6px;'>กลุ่ม_61</td></tr></table></div>]]></description>
      <styleUrl>#style_61_015</styleUrl>
      <MultiGeometry><Polygon><outerBoundaryIs><LinearRing><coordinates>103.2516633,14.6852150,0 103.2524017,14.6848933,0 103.2527700,14.6848217,0 103.2529267,14.6849267,0 103.2530950,14.6848717,0 103.2531633,14.6848250,0 103.2525733,14.6836017,0 103.2511883,14.6841983,0 103.2516633,14.6852150,0</coordinates></LinearRing></outerBoundaryIs></Polygon></MultiGeometry>
    </Placemark>
  </Folder>
  <Style id="style_61_016">
    <LineStyle>
      <color>ffD4BC00</color>
      <width>2.0</width>
    </LineStyle>
    <PolyStyle>
      <color>b3D4BC00</color>
    </PolyStyle>
  </Style>
  <Folder>
    <name>61_016</name>
    <Placemark>
      <name>310703061529</name>
      <description><![CDATA[<div style='font-family:Tahoma,sans-serif; font-size:13px;'><h3 style='color:#1565C0; margin:4px 0;'>รหัส: 310703061529</h3><p style='margin:2px 0;'><b>กลุ่มรถไถ:</b> 61_016</p><table border='1' style='border-collapse:collapse; border-color:#ccc; width:100%;'><tr><td style='padding:3px 6px; font-weight:bold; background-color:#f2f2f2;'>ปีการผลิต</td><td style='padding:3px 6px;'>257071</td></tr><tr><td style='padding:3px 6px; font-weight:bold; background-color:#f2f2f2;'>รหัสกลุ่มรถไถ</td><td style='padding:3px 6px;'>61/016</td></tr><tr><td style='padding:3px 6px; font-weight:bold; background-color:#f2f2f2;'>โควตาชาวไร่</td><td style='padding:3px 6px;'>761886</td></tr><tr><td style='padding:3px 6px; font-weight:bold; background-color:#f2f2f2;'>ชื่อ-นามสกุล</td><td style='padding:3px 6px;'>นาย จำปา วงเวียน</td></tr><tr><td style='padding:3px 6px; font-weight:bold; background-color:#f2f2f2;'>111</td><td style='padding:3px 6px;'>310703061529</td></tr><tr><td style='padding:3px 6px; font-weight:bold; background-color:#f2f2f2;'>ประเภทอ้อย</td><td style='padding:3px 6px;'>อ้อยปลายฝน</td></tr><tr><td style='padding:3px 6px; font-weight:bold; background-color:#f2f2f2;'>พื้นที่ปลูก</td><td style='padding:3px 6px;'>10.94</td></tr><tr><td style='padding:3px 6px; font-weight:bold; background-color:#f2f2f2;'>ศูนย์</td><td style='padding:3px 6px;'>K2-61</td></tr><tr><td style='padding:3px 6px; font-weight:bold; background-color:#f2f2f2;'>นักเกษตร</td><td style='padding:3px 6px;'>6107</td></tr><tr><td style='padding:3px 6px; font-weight:bold; background-color:#f2f2f2;'>กลุ่ม</td><td style='padding:3px 6px;'>กลุ่ม_61</td></tr></table></div>]]></description>
      <styleUrl>#style_61_016</styleUrl>
      <MultiGeometry><Polygon><outerBoundaryIs><LinearRing><coordinates>103.1010417,14.7219233,0 103.1010350,14.7216550,0 103.0980600,14.7216233,0 103.0979367,14.7222667,0 103.0997333,14.7222850,0 103.0998167,14.7218800,0 103.1010417,14.7219233,0</coordinates></LinearRing></outerBoundaryIs></Polygon></MultiGeometry>
    </Placemark>
    <Placemark>
      <name>310703061549</name>
      <description><![CDATA[<div style='font-family:Tahoma,sans-serif; font-size:13px;'><h3 style='color:#1565C0; margin:4px 0;'>รหัส: 310703061549</h3><p style='margin:2px 0;'><b>กลุ่มรถไถ:</b> 61_016</p><table border='1' style='border-collapse:collapse; border-color:#ccc; width:100%;'><tr><td style='padding:3px 6px; font-weight:bold; background-color:#f2f2f2;'>ปีการผลิต</td><td style='padding:3px 6px;'>257071</td></tr><tr><td style='padding:3px 6px; font-weight:bold; background-color:#f2f2f2;'>รหัสกลุ่มรถไถ</td><td style='padding:3px 6px;'>61/016</td></tr><tr><td style='padding:3px 6px; font-weight:bold; background-color:#f2f2f2;'>โควตาชาวไร่</td><td style='padding:3px 6px;'>769379</td></tr><tr><td style='padding:3px 6px; font-weight:bold; background-color:#f2f2f2;'>ชื่อ-นามสกุล</td><td style='padding:3px 6px;'>นาย วัชรินทร์ สนิทประโคน</td></tr><tr><td style='padding:3px 6px; font-weight:bold; background-color:#f2f2f2;'>111</td><td style='padding:3px 6px;'>310703061549</td></tr><tr><td style='padding:3px 6px; font-weight:bold; background-color:#f2f2f2;'>ประเภทอ้อย</td><td style='padding:3px 6px;'>อ้อยปลายฝน</td></tr><tr><td style='padding:3px 6px; font-weight:bold; background-color:#f2f2f2;'>พื้นที่ปลูก</td><td style='padding:3px 6px;'>6.92</td></tr><tr><td style='padding:3px 6px; font-weight:bold; background-color:#f2f2f2;'>ศูนย์</td><td style='padding:3px 6px;'>K2-61</td></tr><tr><td style='padding:3px 6px; font-weight:bold; background-color:#f2f2f2;'>นักเกษตร</td><td style='padding:3px 6px;'>6107</td></tr><tr><td style='padding:3px 6px; font-weight:bold; background-color:#f2f2f2;'>กลุ่ม</td><td style='padding:3px 6px;'>กลุ่ม_61</td></tr></table></div>]]></description>
      <styleUrl>#style_61_016</styleUrl>
      <MultiGeometry><Polygon><outerBoundaryIs><LinearRing><coordinates>103.0977608,14.7117701,0 103.0997073,14.7114718,0 103.0997114,14.7114289,0 103.0999520,14.7113659,0 103.0999724,14.7113969,0 103.1004970,14.7113661,0 103.1003292,14.7109990,0 103.0982487,14.7113254,0 103.0982796,14.7115037,0 103.0979679,14.7115468,0 103.0979199,14.7113749,0 103.0976897,14.7113996,0 103.0977608,14.7117701,0</coordinates></LinearRing></outerBoundaryIs></Polygon></MultiGeometry>
    </Placemark>
    <Placemark>
      <name>310703061721</name>
      <description><![CDATA[<div style='font-family:Tahoma,sans-serif; font-size:13px;'><h3 style='color:#1565C0; margin:4px 0;'>รหัส: 310703061721</h3><p style='margin:2px 0;'><b>กลุ่มรถไถ:</b> 61_016</p><table border='1' style='border-collapse:collapse; border-color:#ccc; width:100%;'><tr><td style='padding:3px 6px; font-weight:bold; background-color:#f2f2f2;'>ปีการผลิต</td><td style='padding:3px 6px;'>257071</td></tr><tr><td style='padding:3px 6px; font-weight:bold; background-color:#f2f2f2;'>รหัสกลุ่มรถไถ</td><td style='padding:3px 6px;'>61/016</td></tr><tr><td style='padding:3px 6px; font-weight:bold; background-color:#f2f2f2;'>โควตาชาวไร่</td><td style='padding:3px 6px;'>769585</td></tr><tr><td style='padding:3px 6px; font-weight:bold; background-color:#f2f2f2;'>ชื่อ-นามสกุล</td><td style='padding:3px 6px;'>นาง อุตรา ดวงศรี</td></tr><tr><td style='padding:3px 6px; font-weight:bold; background-color:#f2f2f2;'>111</td><td style='padding:3px 6px;'>310703061721</td></tr><tr><td style='padding:3px 6px; font-weight:bold; background-color:#f2f2f2;'>ประเภทอ้อย</td><td style='padding:3px 6px;'>อ้อยปลายฝน</td></tr><tr><td style='padding:3px 6px; font-weight:bold; background-color:#f2f2f2;'>พื้นที่ปลูก</td><td style='padding:3px 6px;'>6.97</td></tr><tr><td style='padding:3px 6px; font-weight:bold; background-color:#f2f2f2;'>ศูนย์</td><td style='padding:3px 6px;'>K2-61</td></tr><tr><td style='padding:3px 6px; font-weight:bold; background-color:#f2f2f2;'>นักเกษตร</td><td style='padding:3px 6px;'>6107</td></tr><tr><td style='padding:3px 6px; font-weight:bold; background-color:#f2f2f2;'>กลุ่ม</td><td style='padding:3px 6px;'>กลุ่ม_61</td></tr></table></div>]]></description>
      <styleUrl>#style_61_016</styleUrl>
      <MultiGeometry><Polygon><outerBoundaryIs><LinearRing><coordinates>103.0928550,14.7236828,0 103.0931779,14.7203807,0 103.0928853,14.7203502,0 103.0925882,14.7237405,0 103.0928550,14.7236828,0</coordinates></LinearRing></outerBoundaryIs></Polygon></MultiGeometry>
    </Placemark>
    <Placemark>
      <name>310703061781</name>
      <description><![CDATA[<div style='font-family:Tahoma,sans-serif; font-size:13px;'><h3 style='color:#1565C0; margin:4px 0;'>รหัส: 310703061781</h3><p style='margin:2px 0;'><b>กลุ่มรถไถ:</b> 61_016</p><table border='1' style='border-collapse:collapse; border-color:#ccc; width:100%;'><tr><td style='padding:3px 6px; font-weight:bold; background-color:#f2f2f2;'>ปีการผลิต</td><td style='padding:3px 6px;'>257071</td></tr><tr><td style='padding:3px 6px; font-weight:bold; background-color:#f2f2f2;'>รหัสกลุ่มรถไถ</td><td style='padding:3px 6px;'>61/016</td></tr><tr><td style='padding:3px 6px; font-weight:bold; background-color:#f2f2f2;'>โควตาชาวไร่</td><td style='padding:3px 6px;'>769585</td></tr><tr><td style='padding:3px 6px; font-weight:bold; background-color:#f2f2f2;'>ชื่อ-นามสกุล</td><td style='padding:3px 6px;'>นาง อุตรา ดวงศรี</td></tr><tr><td style='padding:3px 6px; font-weight:bold; background-color:#f2f2f2;'>111</td><td style='padding:3px 6px;'>310703061781</td></tr><tr><td style='padding:3px 6px; font-weight:bold; background-color:#f2f2f2;'>ประเภทอ้อย</td><td style='padding:3px 6px;'>อ้อยปลายฝน</td></tr><tr><td style='padding:3px 6px; font-weight:bold; background-color:#f2f2f2;'>พื้นที่ปลูก</td><td style='padding:3px 6px;'>4.2</td></tr><tr><td style='padding:3px 6px; font-weight:bold; background-color:#f2f2f2;'>ศูนย์</td><td style='padding:3px 6px;'>K2-61</td></tr><tr><td style='padding:3px 6px; font-weight:bold; background-color:#f2f2f2;'>นักเกษตร</td><td style='padding:3px 6px;'>6107</td></tr><tr><td style='padding:3px 6px; font-weight:bold; background-color:#f2f2f2;'>กลุ่ม</td><td style='padding:3px 6px;'>กลุ่ม_61</td></tr></table></div>]]></description>
      <styleUrl>#style_61_016</styleUrl>
      <MultiGeometry><Polygon><outerBoundaryIs><LinearRing><coordinates>103.0937667,14.7230700,0 103.0937850,14.7221683,0 103.0940183,14.7204950,0 103.0937450,14.7205117,0 103.0935433,14.7229150,0 103.0935683,14.7229533,0 103.0935717,14.7231067,0 103.0937667,14.7230700,0</coordinates></LinearRing></outerBoundaryIs></Polygon></MultiGeometry>
    </Placemark>
  </Folder>
  <Style id="style_61_017">
    <LineStyle>
      <color>ffB0279C</color>
      <width>2.0</width>
    </LineStyle>
    <PolyStyle>
      <color>b3B0279C</color>
    </PolyStyle>
  </Style>
  <Folder>
    <name>61_017</name>
    <Placemark>
      <name>310705051512</name>
      <description><![CDATA[<div style='font-family:Tahoma,sans-serif; font-size:13px;'><h3 style='color:#1565C0; margin:4px 0;'>รหัส: 310705051512</h3><p style='margin:2px 0;'><b>กลุ่มรถไถ:</b> 61_017</p><table border='1' style='border-collapse:collapse; border-color:#ccc; width:100%;'><tr><td style='padding:3px 6px; font-weight:bold; background-color:#f2f2f2;'>ปีการผลิต</td><td style='padding:3px 6px;'>257071</td></tr><tr><td style='padding:3px 6px; font-weight:bold; background-color:#f2f2f2;'>รหัสกลุ่มรถไถ</td><td style='padding:3px 6px;'>61/017</td></tr><tr><td style='padding:3px 6px; font-weight:bold; background-color:#f2f2f2;'>โควตาชาวไร่</td><td style='padding:3px 6px;'>711970</td></tr><tr><td style='padding:3px 6px; font-weight:bold; background-color:#f2f2f2;'>ชื่อ-นามสกุล</td><td style='padding:3px 6px;'>นาง ฮวด กระแสโสม</td></tr><tr><td style='padding:3px 6px; font-weight:bold; background-color:#f2f2f2;'>111</td><td style='padding:3px 6px;'>310705051512</td></tr><tr><td style='padding:3px 6px; font-weight:bold; background-color:#f2f2f2;'>ประเภทอ้อย</td><td style='padding:3px 6px;'>อ้อยปลายฝน</td></tr><tr><td style='padding:3px 6px; font-weight:bold; background-color:#f2f2f2;'>พื้นที่ปลูก</td><td style='padding:3px 6px;'>7.31</td></tr><tr><td style='padding:3px 6px; font-weight:bold; background-color:#f2f2f2;'>ศูนย์</td><td style='padding:3px 6px;'>K2-61</td></tr><tr><td style='padding:3px 6px; font-weight:bold; background-color:#f2f2f2;'>นักเกษตร</td><td style='padding:3px 6px;'>6104</td></tr><tr><td style='padding:3px 6px; font-weight:bold; background-color:#f2f2f2;'>กลุ่ม</td><td style='padding:3px 6px;'>กลุ่ม_61</td></tr></table></div>]]></description>
      <styleUrl>#style_61_017</styleUrl>
      <MultiGeometry><Polygon><outerBoundaryIs><LinearRing><coordinates>103.2069651,14.6089926,0 103.2078592,14.6088868,0 103.2082142,14.6087199,0 103.2089576,14.6085807,0 103.2090581,14.6085660,0 103.2090376,14.6081848,0 103.2083098,14.6082785,0 103.2069081,14.6085150,0 103.2069651,14.6089926,0</coordinates></LinearRing></outerBoundaryIs></Polygon></MultiGeometry>
    </Placemark>
    <Placemark>
      <name>310705071565</name>
      <description><![CDATA[<div style='font-family:Tahoma,sans-serif; font-size:13px;'><h3 style='color:#1565C0; margin:4px 0;'>รหัส: 310705071565</h3><p style='margin:2px 0;'><b>กลุ่มรถไถ:</b> 61_017</p><table border='1' style='border-collapse:collapse; border-color:#ccc; width:100%;'><tr><td style='padding:3px 6px; font-weight:bold; background-color:#f2f2f2;'>ปีการผลิต</td><td style='padding:3px 6px;'>257071</td></tr><tr><td style='padding:3px 6px; font-weight:bold; background-color:#f2f2f2;'>รหัสกลุ่มรถไถ</td><td style='padding:3px 6px;'>61/017</td></tr><tr><td style='padding:3px 6px; font-weight:bold; background-color:#f2f2f2;'>โควตาชาวไร่</td><td style='padding:3px 6px;'>760724</td></tr><tr><td style='padding:3px 6px; font-weight:bold; background-color:#f2f2f2;'>ชื่อ-นามสกุล</td><td style='padding:3px 6px;'>นาย วิจิตร จาไธสง</td></tr><tr><td style='padding:3px 6px; font-weight:bold; background-color:#f2f2f2;'>111</td><td style='padding:3px 6px;'>310705071565</td></tr><tr><td style='padding:3px 6px; font-weight:bold; background-color:#f2f2f2;'>ประเภทอ้อย</td><td style='padding:3px 6px;'>อ้อยปลายฝน</td></tr><tr><td style='padding:3px 6px; font-weight:bold; background-color:#f2f2f2;'>พื้นที่ปลูก</td><td style='padding:3px 6px;'>6.19</td></tr><tr><td style='padding:3px 6px; font-weight:bold; background-color:#f2f2f2;'>ศูนย์</td><td style='padding:3px 6px;'>K2-61</td></tr><tr><td style='padding:3px 6px; font-weight:bold; background-color:#f2f2f2;'>นักเกษตร</td><td style='padding:3px 6px;'>6104</td></tr><tr><td style='padding:3px 6px; font-weight:bold; background-color:#f2f2f2;'>กลุ่ม</td><td style='padding:3px 6px;'>กลุ่ม_61</td></tr></table></div>]]></description>
      <styleUrl>#style_61_017</styleUrl>
      <MultiGeometry><Polygon><outerBoundaryIs><LinearRing><coordinates>103.1908783,14.6086383,0 103.1922917,14.6086650,0 103.1922883,14.6083483,0 103.1920283,14.6083383,0 103.1920117,14.6081650,0 103.1922900,14.6081750,0 103.1922933,14.6080550,0 103.1908717,14.6079667,0 103.1908750,14.6082967,0 103.1920033,14.6083283,0 103.1920017,14.6083467,0 103.1908850,14.6083333,0 103.1908783,14.6086383,0</coordinates></LinearRing></outerBoundaryIs></Polygon></MultiGeometry>
    </Placemark>
    <Placemark>
      <name>310705071525</name>
      <description><![CDATA[<div style='font-family:Tahoma,sans-serif; font-size:13px;'><h3 style='color:#1565C0; margin:4px 0;'>รหัส: 310705071525</h3><p style='margin:2px 0;'><b>กลุ่มรถไถ:</b> 61_017</p><table border='1' style='border-collapse:collapse; border-color:#ccc; width:100%;'><tr><td style='padding:3px 6px; font-weight:bold; background-color:#f2f2f2;'>ปีการผลิต</td><td style='padding:3px 6px;'>257071</td></tr><tr><td style='padding:3px 6px; font-weight:bold; background-color:#f2f2f2;'>รหัสกลุ่มรถไถ</td><td style='padding:3px 6px;'>61/017</td></tr><tr><td style='padding:3px 6px; font-weight:bold; background-color:#f2f2f2;'>โควตาชาวไร่</td><td style='padding:3px 6px;'>760871</td></tr><tr><td style='padding:3px 6px; font-weight:bold; background-color:#f2f2f2;'>ชื่อ-นามสกุล</td><td style='padding:3px 6px;'>นาย อ้วน อินนอก</td></tr><tr><td style='padding:3px 6px; font-weight:bold; background-color:#f2f2f2;'>111</td><td style='padding:3px 6px;'>310705071525</td></tr><tr><td style='padding:3px 6px; font-weight:bold; background-color:#f2f2f2;'>ประเภทอ้อย</td><td style='padding:3px 6px;'>อ้อยปลายฝน</td></tr><tr><td style='padding:3px 6px; font-weight:bold; background-color:#f2f2f2;'>พื้นที่ปลูก</td><td style='padding:3px 6px;'>9.29</td></tr><tr><td style='padding:3px 6px; font-weight:bold; background-color:#f2f2f2;'>ศูนย์</td><td style='padding:3px 6px;'>K2-61</td></tr><tr><td style='padding:3px 6px; font-weight:bold; background-color:#f2f2f2;'>นักเกษตร</td><td style='padding:3px 6px;'>6104</td></tr><tr><td style='padding:3px 6px; font-weight:bold; background-color:#f2f2f2;'>กลุ่ม</td><td style='padding:3px 6px;'>กลุ่ม_61</td></tr></table></div>]]></description>
      <styleUrl>#style_61_017</styleUrl>
      <MultiGeometry><Polygon><outerBoundaryIs><LinearRing><coordinates>103.1935413,14.5998930,0 103.1934958,14.5992779,0 103.1912755,14.5995144,0 103.1913217,14.6000773,0 103.1920866,14.6000375,0 103.1920417,14.5997300,0 103.1923233,14.5996750,0 103.1924500,14.5996717,0 103.1924605,14.5999053,0 103.1926235,14.5999084,0 103.1926319,14.6000122,0 103.1934358,14.5999772,0 103.1934270,14.5999167,0 103.1935413,14.5998930,0</coordinates></LinearRing></outerBoundaryIs></Polygon></MultiGeometry>
    </Placemark>
    <Placemark>
      <name>310705071523</name>
      <description><![CDATA[<div style='font-family:Tahoma,sans-serif; font-size:13px;'><h3 style='color:#1565C0; margin:4px 0;'>รหัส: 310705071523</h3><p style='margin:2px 0;'><b>กลุ่มรถไถ:</b> 61_017</p><table border='1' style='border-collapse:collapse; border-color:#ccc; width:100%;'><tr><td style='padding:3px 6px; font-weight:bold; background-color:#f2f2f2;'>ปีการผลิต</td><td style='padding:3px 6px;'>257071</td></tr><tr><td style='padding:3px 6px; font-weight:bold; background-color:#f2f2f2;'>รหัสกลุ่มรถไถ</td><td style='padding:3px 6px;'>61/017</td></tr><tr><td style='padding:3px 6px; font-weight:bold; background-color:#f2f2f2;'>โควตาชาวไร่</td><td style='padding:3px 6px;'>761394</td></tr><tr><td style='padding:3px 6px; font-weight:bold; background-color:#f2f2f2;'>ชื่อ-นามสกุล</td><td style='padding:3px 6px;'>นาย แสง หวังมีชัย</td></tr><tr><td style='padding:3px 6px; font-weight:bold; background-color:#f2f2f2;'>111</td><td style='padding:3px 6px;'>310705071523</td></tr><tr><td style='padding:3px 6px; font-weight:bold; background-color:#f2f2f2;'>ประเภทอ้อย</td><td style='padding:3px 6px;'>อ้อยปลายฝน</td></tr><tr><td style='padding:3px 6px; font-weight:bold; background-color:#f2f2f2;'>พื้นที่ปลูก</td><td style='padding:3px 6px;'>9.41</td></tr><tr><td style='padding:3px 6px; font-weight:bold; background-color:#f2f2f2;'>ศูนย์</td><td style='padding:3px 6px;'>K2-61</td></tr><tr><td style='padding:3px 6px; font-weight:bold; background-color:#f2f2f2;'>นักเกษตร</td><td style='padding:3px 6px;'>6104</td></tr><tr><td style='padding:3px 6px; font-weight:bold; background-color:#f2f2f2;'>กลุ่ม</td><td style='padding:3px 6px;'>กลุ่ม_61</td></tr></table></div>]]></description>
      <styleUrl>#style_61_017</styleUrl>
      <MultiGeometry><Polygon><outerBoundaryIs><LinearRing><coordinates>103.2032718,14.6163462,0 103.2033105,14.6161612,0 103.2027680,14.6160925,0 103.2020380,14.6160749,0 103.2019491,14.6169186,0 103.2032558,14.6172385,0 103.2032718,14.6163462,0</coordinates></LinearRing></outerBoundaryIs></Polygon></MultiGeometry>
    </Placemark>
    <Placemark>
      <name>310705131638</name>
      <description><![CDATA[<div style='font-family:Tahoma,sans-serif; font-size:13px;'><h3 style='color:#1565C0; margin:4px 0;'>รหัส: 310705131638</h3><p style='margin:2px 0;'><b>กลุ่มรถไถ:</b> 61_017</p><table border='1' style='border-collapse:collapse; border-color:#ccc; width:100%;'><tr><td style='padding:3px 6px; font-weight:bold; background-color:#f2f2f2;'>ปีการผลิต</td><td style='padding:3px 6px;'>257071</td></tr><tr><td style='padding:3px 6px; font-weight:bold; background-color:#f2f2f2;'>รหัสกลุ่มรถไถ</td><td style='padding:3px 6px;'>61/017</td></tr><tr><td style='padding:3px 6px; font-weight:bold; background-color:#f2f2f2;'>โควตาชาวไร่</td><td style='padding:3px 6px;'>761395</td></tr><tr><td style='padding:3px 6px; font-weight:bold; background-color:#f2f2f2;'>ชื่อ-นามสกุล</td><td style='padding:3px 6px;'>นาย สมพร ทิพเนตร</td></tr><tr><td style='padding:3px 6px; font-weight:bold; background-color:#f2f2f2;'>111</td><td style='padding:3px 6px;'>310705131638</td></tr><tr><td style='padding:3px 6px; font-weight:bold; background-color:#f2f2f2;'>ประเภทอ้อย</td><td style='padding:3px 6px;'>อ้อยปลายฝน</td></tr><tr><td style='padding:3px 6px; font-weight:bold; background-color:#f2f2f2;'>พื้นที่ปลูก</td><td style='padding:3px 6px;'>8.96</td></tr><tr><td style='padding:3px 6px; font-weight:bold; background-color:#f2f2f2;'>ศูนย์</td><td style='padding:3px 6px;'>K2-61</td></tr><tr><td style='padding:3px 6px; font-weight:bold; background-color:#f2f2f2;'>นักเกษตร</td><td style='padding:3px 6px;'>6104</td></tr><tr><td style='padding:3px 6px; font-weight:bold; background-color:#f2f2f2;'>กลุ่ม</td><td style='padding:3px 6px;'>กลุ่ม_61</td></tr></table></div>]]></description>
      <styleUrl>#style_61_017</styleUrl>
      <MultiGeometry><Polygon><outerBoundaryIs><LinearRing><coordinates>103.1921245,14.6133603,0 103.1923074,14.6141035,0 103.1923837,14.6141410,0 103.1933596,14.6140342,0 103.1938616,14.6139268,0 103.1936032,14.6132178,0 103.1921245,14.6133603,0</coordinates></LinearRing></outerBoundaryIs></Polygon></MultiGeometry>
    </Placemark>
    <Placemark>
      <name>310705071693</name>
      <description><![CDATA[<div style='font-family:Tahoma,sans-serif; font-size:13px;'><h3 style='color:#1565C0; margin:4px 0;'>รหัส: 310705071693</h3><p style='margin:2px 0;'><b>กลุ่มรถไถ:</b> 61_017</p><table border='1' style='border-collapse:collapse; border-color:#ccc; width:100%;'><tr><td style='padding:3px 6px; font-weight:bold; background-color:#f2f2f2;'>ปีการผลิต</td><td style='padding:3px 6px;'>257071</td></tr><tr><td style='padding:3px 6px; font-weight:bold; background-color:#f2f2f2;'>รหัสกลุ่มรถไถ</td><td style='padding:3px 6px;'>61/017</td></tr><tr><td style='padding:3px 6px; font-weight:bold; background-color:#f2f2f2;'>โควตาชาวไร่</td><td style='padding:3px 6px;'>761478</td></tr><tr><td style='padding:3px 6px; font-weight:bold; background-color:#f2f2f2;'>ชื่อ-นามสกุล</td><td style='padding:3px 6px;'>นาย ทวีศักดิ์ ปัตตายะโส</td></tr><tr><td style='padding:3px 6px; font-weight:bold; background-color:#f2f2f2;'>111</td><td style='padding:3px 6px;'>310705071693</td></tr><tr><td style='padding:3px 6px; font-weight:bold; background-color:#f2f2f2;'>ประเภทอ้อย</td><td style='padding:3px 6px;'>อ้อยปลายฝน</td></tr><tr><td style='padding:3px 6px; font-weight:bold; background-color:#f2f2f2;'>พื้นที่ปลูก</td><td style='padding:3px 6px;'>7.22</td></tr><tr><td style='padding:3px 6px; font-weight:bold; background-color:#f2f2f2;'>ศูนย์</td><td style='padding:3px 6px;'>K2-61</td></tr><tr><td style='padding:3px 6px; font-weight:bold; background-color:#f2f2f2;'>นักเกษตร</td><td style='padding:3px 6px;'>6104</td></tr><tr><td style='padding:3px 6px; font-weight:bold; background-color:#f2f2f2;'>กลุ่ม</td><td style='padding:3px 6px;'>กลุ่ม_61</td></tr></table></div>]]></description>
      <styleUrl>#style_61_017</styleUrl>
      <MultiGeometry><Polygon><outerBoundaryIs><LinearRing><coordinates>103.1944343,14.6095566,0 103.1941306,14.6095123,0 103.1941187,14.6091158,0 103.1939881,14.6091111,0 103.1940038,14.6100200,0 103.1940642,14.6100269,0 103.1942837,14.6116744,0 103.1946904,14.6115680,0 103.1944944,14.6100007,0 103.1944343,14.6095566,0</coordinates></LinearRing></outerBoundaryIs></Polygon></MultiGeometry>
    </Placemark>
    <Placemark>
      <name>310705061523</name>
      <description><![CDATA[<div style='font-family:Tahoma,sans-serif; font-size:13px;'><h3 style='color:#1565C0; margin:4px 0;'>รหัส: 310705061523</h3><p style='margin:2px 0;'><b>กลุ่มรถไถ:</b> 61_017</p><table border='1' style='border-collapse:collapse; border-color:#ccc; width:100%;'><tr><td style='padding:3px 6px; font-weight:bold; background-color:#f2f2f2;'>ปีการผลิต</td><td style='padding:3px 6px;'>257071</td></tr><tr><td style='padding:3px 6px; font-weight:bold; background-color:#f2f2f2;'>รหัสกลุ่มรถไถ</td><td style='padding:3px 6px;'>61/017</td></tr><tr><td style='padding:3px 6px; font-weight:bold; background-color:#f2f2f2;'>โควตาชาวไร่</td><td style='padding:3px 6px;'>761506</td></tr><tr><td style='padding:3px 6px; font-weight:bold; background-color:#f2f2f2;'>ชื่อ-นามสกุล</td><td style='padding:3px 6px;'>นางสาว สมัย หอมขจร</td></tr><tr><td style='padding:3px 6px; font-weight:bold; background-color:#f2f2f2;'>111</td><td style='padding:3px 6px;'>310705061523</td></tr><tr><td style='padding:3px 6px; font-weight:bold; background-color:#f2f2f2;'>ประเภทอ้อย</td><td style='padding:3px 6px;'>อ้อยปลายฝน</td></tr><tr><td style='padding:3px 6px; font-weight:bold; background-color:#f2f2f2;'>พื้นที่ปลูก</td><td style='padding:3px 6px;'>3.23</td></tr><tr><td style='padding:3px 6px; font-weight:bold; background-color:#f2f2f2;'>ศูนย์</td><td style='padding:3px 6px;'>K2-61</td></tr><tr><td style='padding:3px 6px; font-weight:bold; background-color:#f2f2f2;'>นักเกษตร</td><td style='padding:3px 6px;'>6104</td></tr><tr><td style='padding:3px 6px; font-weight:bold; background-color:#f2f2f2;'>กลุ่ม</td><td style='padding:3px 6px;'>กลุ่ม_61</td></tr></table></div>]]></description>
      <styleUrl>#style_61_017</styleUrl>
      <MultiGeometry><Polygon><outerBoundaryIs><LinearRing><coordinates>103.2094189,14.5922302,0 103.2094926,14.5924982,0 103.2098605,14.5925352,0 103.2104301,14.5926166,0 103.2106260,14.5926510,0 103.2106677,14.5924055,0 103.2105032,14.5923386,0 103.2104299,14.5921285,0 103.2094189,14.5922302,0</coordinates></LinearRing></outerBoundaryIs></Polygon></MultiGeometry>
    </Placemark>
    <Placemark>
      <name>310705051670</name>
      <description><![CDATA[<div style='font-family:Tahoma,sans-serif; font-size:13px;'><h3 style='color:#1565C0; margin:4px 0;'>รหัส: 310705051670</h3><p style='margin:2px 0;'><b>กลุ่มรถไถ:</b> 61_017</p><table border='1' style='border-collapse:collapse; border-color:#ccc; width:100%;'><tr><td style='padding:3px 6px; font-weight:bold; background-color:#f2f2f2;'>ปีการผลิต</td><td style='padding:3px 6px;'>257071</td></tr><tr><td style='padding:3px 6px; font-weight:bold; background-color:#f2f2f2;'>รหัสกลุ่มรถไถ</td><td style='padding:3px 6px;'>61/017</td></tr><tr><td style='padding:3px 6px; font-weight:bold; background-color:#f2f2f2;'>โควตาชาวไร่</td><td style='padding:3px 6px;'>769025</td></tr><tr><td style='padding:3px 6px; font-weight:bold; background-color:#f2f2f2;'>ชื่อ-นามสกุล</td><td style='padding:3px 6px;'>นาง บัง พิมพะ</td></tr><tr><td style='padding:3px 6px; font-weight:bold; background-color:#f2f2f2;'>111</td><td style='padding:3px 6px;'>310705051670</td></tr><tr><td style='padding:3px 6px; font-weight:bold; background-color:#f2f2f2;'>ประเภทอ้อย</td><td style='padding:3px 6px;'>อ้อยปลายฝน</td></tr><tr><td style='padding:3px 6px; font-weight:bold; background-color:#f2f2f2;'>พื้นที่ปลูก</td><td style='padding:3px 6px;'>5.84</td></tr><tr><td style='padding:3px 6px; font-weight:bold; background-color:#f2f2f2;'>ศูนย์</td><td style='padding:3px 6px;'>K2-61</td></tr><tr><td style='padding:3px 6px; font-weight:bold; background-color:#f2f2f2;'>นักเกษตร</td><td style='padding:3px 6px;'>6104</td></tr><tr><td style='padding:3px 6px; font-weight:bold; background-color:#f2f2f2;'>กลุ่ม</td><td style='padding:3px 6px;'>กลุ่ม_61</td></tr></table></div>]]></description>
      <styleUrl>#style_61_017</styleUrl>
      <MultiGeometry><Polygon><outerBoundaryIs><LinearRing><coordinates>103.2063965,14.6107264,0 103.2065000,14.6118511,0 103.2067805,14.6117925,0 103.2071521,14.6117041,0 103.2071064,14.6109909,0 103.2070811,14.6108722,0 103.2070352,14.6105533,0 103.2065238,14.6106308,0 103.2065358,14.6107150,0 103.2063965,14.6107264,0</coordinates></LinearRing></outerBoundaryIs></Polygon></MultiGeometry>
    </Placemark>
    <Placemark>
      <name>310705131655</name>
      <description><![CDATA[<div style='font-family:Tahoma,sans-serif; font-size:13px;'><h3 style='color:#1565C0; margin:4px 0;'>รหัส: 310705131655</h3><p style='margin:2px 0;'><b>กลุ่มรถไถ:</b> 61_017</p><table border='1' style='border-collapse:collapse; border-color:#ccc; width:100%;'><tr><td style='padding:3px 6px; font-weight:bold; background-color:#f2f2f2;'>ปีการผลิต</td><td style='padding:3px 6px;'>257071</td></tr><tr><td style='padding:3px 6px; font-weight:bold; background-color:#f2f2f2;'>รหัสกลุ่มรถไถ</td><td style='padding:3px 6px;'>61/017</td></tr><tr><td style='padding:3px 6px; font-weight:bold; background-color:#f2f2f2;'>โควตาชาวไร่</td><td style='padding:3px 6px;'>769105</td></tr><tr><td style='padding:3px 6px; font-weight:bold; background-color:#f2f2f2;'>ชื่อ-นามสกุล</td><td style='padding:3px 6px;'>นาย สังทอง แหวนหล่อ</td></tr><tr><td style='padding:3px 6px; font-weight:bold; background-color:#f2f2f2;'>111</td><td style='padding:3px 6px;'>310705131655</td></tr><tr><td style='padding:3px 6px; font-weight:bold; background-color:#f2f2f2;'>ประเภทอ้อย</td><td style='padding:3px 6px;'>อ้อยปลายฝน</td></tr><tr><td style='padding:3px 6px; font-weight:bold; background-color:#f2f2f2;'>พื้นที่ปลูก</td><td style='padding:3px 6px;'>6.95</td></tr><tr><td style='padding:3px 6px; font-weight:bold; background-color:#f2f2f2;'>ศูนย์</td><td style='padding:3px 6px;'>K2-61</td></tr><tr><td style='padding:3px 6px; font-weight:bold; background-color:#f2f2f2;'>นักเกษตร</td><td style='padding:3px 6px;'>6104</td></tr><tr><td style='padding:3px 6px; font-weight:bold; background-color:#f2f2f2;'>กลุ่ม</td><td style='padding:3px 6px;'>กลุ่ม_61</td></tr></table></div>]]></description>
      <styleUrl>#style_61_017</styleUrl>
      <MultiGeometry><Polygon><outerBoundaryIs><LinearRing><coordinates>103.2016712,14.6153180,0 103.2017236,14.6148394,0 103.2017677,14.6143957,0 103.2017833,14.6141865,0 103.2019051,14.6141448,0 103.2021055,14.6139710,0 103.2024098,14.6138724,0 103.2024277,14.6128451,0 103.2021291,14.6127144,0 103.2019598,14.6132010,0 103.2018564,14.6136137,0 103.2016864,14.6142482,0 103.2015835,14.6142405,0 103.2015220,14.6145031,0 103.2014551,14.6147909,0 103.2013213,14.6152626,0 103.2014566,14.6152798,0 103.2014784,14.6153602,0 103.2016712,14.6153180,0</coordinates></LinearRing></outerBoundaryIs></Polygon></MultiGeometry>
    </Placemark>
    <Placemark>
      <name>310705131624</name>
      <description><![CDATA[<div style='font-family:Tahoma,sans-serif; font-size:13px;'><h3 style='color:#1565C0; margin:4px 0;'>รหัส: 310705131624</h3><p style='margin:2px 0;'><b>กลุ่มรถไถ:</b> 61_017</p><table border='1' style='border-collapse:collapse; border-color:#ccc; width:100%;'><tr><td style='padding:3px 6px; font-weight:bold; background-color:#f2f2f2;'>ปีการผลิต</td><td style='padding:3px 6px;'>257071</td></tr><tr><td style='padding:3px 6px; font-weight:bold; background-color:#f2f2f2;'>รหัสกลุ่มรถไถ</td><td style='padding:3px 6px;'>61/017</td></tr><tr><td style='padding:3px 6px; font-weight:bold; background-color:#f2f2f2;'>โควตาชาวไร่</td><td style='padding:3px 6px;'>769150</td></tr><tr><td style='padding:3px 6px; font-weight:bold; background-color:#f2f2f2;'>ชื่อ-นามสกุล</td><td style='padding:3px 6px;'>นาย สมร อุ่นทรพันธุ์</td></tr><tr><td style='padding:3px 6px; font-weight:bold; background-color:#f2f2f2;'>111</td><td style='padding:3px 6px;'>310705131624</td></tr><tr><td style='padding:3px 6px; font-weight:bold; background-color:#f2f2f2;'>ประเภทอ้อย</td><td style='padding:3px 6px;'>อ้อยปลายฝน</td></tr><tr><td style='padding:3px 6px; font-weight:bold; background-color:#f2f2f2;'>พื้นที่ปลูก</td><td style='padding:3px 6px;'>7.05</td></tr><tr><td style='padding:3px 6px; font-weight:bold; background-color:#f2f2f2;'>ศูนย์</td><td style='padding:3px 6px;'>K2-61</td></tr><tr><td style='padding:3px 6px; font-weight:bold; background-color:#f2f2f2;'>นักเกษตร</td><td style='padding:3px 6px;'>6104</td></tr><tr><td style='padding:3px 6px; font-weight:bold; background-color:#f2f2f2;'>กลุ่ม</td><td style='padding:3px 6px;'>กลุ่ม_61</td></tr></table></div>]]></description>
      <styleUrl>#style_61_017</styleUrl>
      <MultiGeometry><Polygon><outerBoundaryIs><LinearRing><coordinates>103.1946030,14.6217422,0 103.1945822,14.6211701,0 103.1940493,14.6211793,0 103.1936795,14.6211957,0 103.1930927,14.6212184,0 103.1933978,14.6219645,0 103.1943787,14.6218395,0 103.1943841,14.6217768,0 103.1946030,14.6217422,0</coordinates></LinearRing></outerBoundaryIs></Polygon></MultiGeometry>
    </Placemark>
    <Placemark>
      <name>310705071685</name>
      <description><![CDATA[<div style='font-family:Tahoma,sans-serif; font-size:13px;'><h3 style='color:#1565C0; margin:4px 0;'>รหัส: 310705071685</h3><p style='margin:2px 0;'><b>กลุ่มรถไถ:</b> 61_017</p><table border='1' style='border-collapse:collapse; border-color:#ccc; width:100%;'><tr><td style='padding:3px 6px; font-weight:bold; background-color:#f2f2f2;'>ปีการผลิต</td><td style='padding:3px 6px;'>257071</td></tr><tr><td style='padding:3px 6px; font-weight:bold; background-color:#f2f2f2;'>รหัสกลุ่มรถไถ</td><td style='padding:3px 6px;'>61/017</td></tr><tr><td style='padding:3px 6px; font-weight:bold; background-color:#f2f2f2;'>โควตาชาวไร่</td><td style='padding:3px 6px;'>769155</td></tr><tr><td style='padding:3px 6px; font-weight:bold; background-color:#f2f2f2;'>ชื่อ-นามสกุล</td><td style='padding:3px 6px;'>นาง รำพัน แว่นจันทร์ลา</td></tr><tr><td style='padding:3px 6px; font-weight:bold; background-color:#f2f2f2;'>111</td><td style='padding:3px 6px;'>310705071685</td></tr><tr><td style='padding:3px 6px; font-weight:bold; background-color:#f2f2f2;'>ประเภทอ้อย</td><td style='padding:3px 6px;'>อ้อยปลายฝน</td></tr><tr><td style='padding:3px 6px; font-weight:bold; background-color:#f2f2f2;'>พื้นที่ปลูก</td><td style='padding:3px 6px;'>7.24</td></tr><tr><td style='padding:3px 6px; font-weight:bold; background-color:#f2f2f2;'>ศูนย์</td><td style='padding:3px 6px;'>K2-61</td></tr><tr><td style='padding:3px 6px; font-weight:bold; background-color:#f2f2f2;'>นักเกษตร</td><td style='padding:3px 6px;'>6104</td></tr><tr><td style='padding:3px 6px; font-weight:bold; background-color:#f2f2f2;'>กลุ่ม</td><td style='padding:3px 6px;'>กลุ่ม_61</td></tr></table></div>]]></description>
      <styleUrl>#style_61_017</styleUrl>
      <MultiGeometry><Polygon><outerBoundaryIs><LinearRing><coordinates>103.1875660,14.6112614,0 103.1878550,14.6111913,0 103.1878805,14.6112183,0 103.1895817,14.6107011,0 103.1894940,14.6103384,0 103.1875040,14.6107339,0 103.1875660,14.6112614,0</coordinates></LinearRing></outerBoundaryIs></Polygon></MultiGeometry>
    </Placemark>
    <Placemark>
      <name>310705071689</name>
      <description><![CDATA[<div style='font-family:Tahoma,sans-serif; font-size:13px;'><h3 style='color:#1565C0; margin:4px 0;'>รหัส: 310705071689</h3><p style='margin:2px 0;'><b>กลุ่มรถไถ:</b> 61_017</p><table border='1' style='border-collapse:collapse; border-color:#ccc; width:100%;'><tr><td style='padding:3px 6px; font-weight:bold; background-color:#f2f2f2;'>ปีการผลิต</td><td style='padding:3px 6px;'>257071</td></tr><tr><td style='padding:3px 6px; font-weight:bold; background-color:#f2f2f2;'>รหัสกลุ่มรถไถ</td><td style='padding:3px 6px;'>61/017</td></tr><tr><td style='padding:3px 6px; font-weight:bold; background-color:#f2f2f2;'>โควตาชาวไร่</td><td style='padding:3px 6px;'>769157</td></tr><tr><td style='padding:3px 6px; font-weight:bold; background-color:#f2f2f2;'>ชื่อ-นามสกุล</td><td style='padding:3px 6px;'>น.ส. จำปา นนทะบท</td></tr><tr><td style='padding:3px 6px; font-weight:bold; background-color:#f2f2f2;'>111</td><td style='padding:3px 6px;'>310705071689</td></tr><tr><td style='padding:3px 6px; font-weight:bold; background-color:#f2f2f2;'>ประเภทอ้อย</td><td style='padding:3px 6px;'>อ้อยปลายฝน</td></tr><tr><td style='padding:3px 6px; font-weight:bold; background-color:#f2f2f2;'>พื้นที่ปลูก</td><td style='padding:3px 6px;'>13.97</td></tr><tr><td style='padding:3px 6px; font-weight:bold; background-color:#f2f2f2;'>ศูนย์</td><td style='padding:3px 6px;'>K2-61</td></tr><tr><td style='padding:3px 6px; font-weight:bold; background-color:#f2f2f2;'>นักเกษตร</td><td style='padding:3px 6px;'>6104</td></tr><tr><td style='padding:3px 6px; font-weight:bold; background-color:#f2f2f2;'>กลุ่ม</td><td style='padding:3px 6px;'>กลุ่ม_61</td></tr></table></div>]]></description>
      <styleUrl>#style_61_017</styleUrl>
      <MultiGeometry><Polygon><outerBoundaryIs><LinearRing><coordinates>103.1875133,14.6080417,0 103.1874717,14.6084767,0 103.1878050,14.6084500,0 103.1879083,14.6084600,0 103.1879867,14.6084700,0 103.1882383,14.6085117,0 103.1899533,14.6086150,0 103.1899600,14.6079067,0 103.1893233,14.6078267,0 103.1888783,14.6077850,0 103.1883217,14.6077250,0 103.1875617,14.6076450,0 103.1875283,14.6079667,0 103.1876033,14.6079800,0 103.1875867,14.6080483,0 103.1875133,14.6080417,0</coordinates></LinearRing></outerBoundaryIs></Polygon></MultiGeometry>
    </Placemark>
    <Placemark>
      <name>310713130012</name>
      <description><![CDATA[<div style='font-family:Tahoma,sans-serif; font-size:13px;'><h3 style='color:#1565C0; margin:4px 0;'>รหัส: 310713130012</h3><p style='margin:2px 0;'><b>กลุ่มรถไถ:</b> 61_017</p><table border='1' style='border-collapse:collapse; border-color:#ccc; width:100%;'><tr><td style='padding:3px 6px; font-weight:bold; background-color:#f2f2f2;'>ปีการผลิต</td><td style='padding:3px 6px;'>257071</td></tr><tr><td style='padding:3px 6px; font-weight:bold; background-color:#f2f2f2;'>รหัสกลุ่มรถไถ</td><td style='padding:3px 6px;'>61/017</td></tr><tr><td style='padding:3px 6px; font-weight:bold; background-color:#f2f2f2;'>โควตาชาวไร่</td><td style='padding:3px 6px;'>769159</td></tr><tr><td style='padding:3px 6px; font-weight:bold; background-color:#f2f2f2;'>ชื่อ-นามสกุล</td><td style='padding:3px 6px;'>นาง ปราณี แก้วจินดา</td></tr><tr><td style='padding:3px 6px; font-weight:bold; background-color:#f2f2f2;'>111</td><td style='padding:3px 6px;'>310713130012</td></tr><tr><td style='padding:3px 6px; font-weight:bold; background-color:#f2f2f2;'>ประเภทอ้อย</td><td style='padding:3px 6px;'>อ้อยปลายฝน</td></tr><tr><td style='padding:3px 6px; font-weight:bold; background-color:#f2f2f2;'>พื้นที่ปลูก</td><td style='padding:3px 6px;'>3.24</td></tr><tr><td style='padding:3px 6px; font-weight:bold; background-color:#f2f2f2;'>ศูนย์</td><td style='padding:3px 6px;'>K2-61</td></tr><tr><td style='padding:3px 6px; font-weight:bold; background-color:#f2f2f2;'>นักเกษตร</td><td style='padding:3px 6px;'>6104</td></tr><tr><td style='padding:3px 6px; font-weight:bold; background-color:#f2f2f2;'>กลุ่ม</td><td style='padding:3px 6px;'>กลุ่ม_61</td></tr></table></div>]]></description>
      <styleUrl>#style_61_017</styleUrl>
      <MultiGeometry><Polygon><outerBoundaryIs><LinearRing><coordinates>103.1852720,14.6148658,0 103.1848874,14.6143671,0 103.1843241,14.6146939,0 103.1846836,14.6152448,0 103.1852720,14.6148658,0</coordinates></LinearRing></outerBoundaryIs></Polygon></MultiGeometry>
    </Placemark>
    <Placemark>
      <name>310705051549</name>
      <description><![CDATA[<div style='font-family:Tahoma,sans-serif; font-size:13px;'><h3 style='color:#1565C0; margin:4px 0;'>รหัส: 310705051549</h3><p style='margin:2px 0;'><b>กลุ่มรถไถ:</b> 61_017</p><table border='1' style='border-collapse:collapse; border-color:#ccc; width:100%;'><tr><td style='padding:3px 6px; font-weight:bold; background-color:#f2f2f2;'>ปีการผลิต</td><td style='padding:3px 6px;'>257071</td></tr><tr><td style='padding:3px 6px; font-weight:bold; background-color:#f2f2f2;'>รหัสกลุ่มรถไถ</td><td style='padding:3px 6px;'>61/017</td></tr><tr><td style='padding:3px 6px; font-weight:bold; background-color:#f2f2f2;'>โควตาชาวไร่</td><td style='padding:3px 6px;'>769192</td></tr><tr><td style='padding:3px 6px; font-weight:bold; background-color:#f2f2f2;'>ชื่อ-นามสกุล</td><td style='padding:3px 6px;'>นาง สำลี แจ่มไส</td></tr><tr><td style='padding:3px 6px; font-weight:bold; background-color:#f2f2f2;'>111</td><td style='padding:3px 6px;'>310705051549</td></tr><tr><td style='padding:3px 6px; font-weight:bold; background-color:#f2f2f2;'>ประเภทอ้อย</td><td style='padding:3px 6px;'>อ้อยปลายฝน</td></tr><tr><td style='padding:3px 6px; font-weight:bold; background-color:#f2f2f2;'>พื้นที่ปลูก</td><td style='padding:3px 6px;'>6.48</td></tr><tr><td style='padding:3px 6px; font-weight:bold; background-color:#f2f2f2;'>ศูนย์</td><td style='padding:3px 6px;'>K2-61</td></tr><tr><td style='padding:3px 6px; font-weight:bold; background-color:#f2f2f2;'>นักเกษตร</td><td style='padding:3px 6px;'>6104</td></tr><tr><td style='padding:3px 6px; font-weight:bold; background-color:#f2f2f2;'>กลุ่ม</td><td style='padding:3px 6px;'>กลุ่ม_61</td></tr></table></div>]]></description>
      <styleUrl>#style_61_017</styleUrl>
      <MultiGeometry><Polygon><outerBoundaryIs><LinearRing><coordinates>103.1962891,14.6014335,0 103.1964284,14.6030200,0 103.1970369,14.6029436,0 103.1968456,14.6014244,0 103.1965800,14.6014055,0 103.1967434,14.6029545,0 103.1967099,14.6029719,0 103.1965663,14.6015040,0 103.1965139,14.6014760,0 103.1965122,14.6014341,0 103.1962891,14.6014335,0</coordinates></LinearRing></outerBoundaryIs></Polygon></MultiGeometry>
    </Placemark>
    <Placemark>
      <name>310705071687</name>
      <description><![CDATA[<div style='font-family:Tahoma,sans-serif; font-size:13px;'><h3 style='color:#1565C0; margin:4px 0;'>รหัส: 310705071687</h3><p style='margin:2px 0;'><b>กลุ่มรถไถ:</b> 61_017</p><table border='1' style='border-collapse:collapse; border-color:#ccc; width:100%;'><tr><td style='padding:3px 6px; font-weight:bold; background-color:#f2f2f2;'>ปีการผลิต</td><td style='padding:3px 6px;'>257071</td></tr><tr><td style='padding:3px 6px; font-weight:bold; background-color:#f2f2f2;'>รหัสกลุ่มรถไถ</td><td style='padding:3px 6px;'>61/017</td></tr><tr><td style='padding:3px 6px; font-weight:bold; background-color:#f2f2f2;'>โควตาชาวไร่</td><td style='padding:3px 6px;'>769323</td></tr><tr><td style='padding:3px 6px; font-weight:bold; background-color:#f2f2f2;'>ชื่อ-นามสกุล</td><td style='padding:3px 6px;'>นาย แบน ดวงศรี</td></tr><tr><td style='padding:3px 6px; font-weight:bold; background-color:#f2f2f2;'>111</td><td style='padding:3px 6px;'>310705071687</td></tr><tr><td style='padding:3px 6px; font-weight:bold; background-color:#f2f2f2;'>ประเภทอ้อย</td><td style='padding:3px 6px;'>อ้อยปลายฝน</td></tr><tr><td style='padding:3px 6px; font-weight:bold; background-color:#f2f2f2;'>พื้นที่ปลูก</td><td style='padding:3px 6px;'>10.15</td></tr><tr><td style='padding:3px 6px; font-weight:bold; background-color:#f2f2f2;'>ศูนย์</td><td style='padding:3px 6px;'>K2-61</td></tr><tr><td style='padding:3px 6px; font-weight:bold; background-color:#f2f2f2;'>นักเกษตร</td><td style='padding:3px 6px;'>6104</td></tr><tr><td style='padding:3px 6px; font-weight:bold; background-color:#f2f2f2;'>กลุ่ม</td><td style='padding:3px 6px;'>กลุ่ม_61</td></tr></table></div>]]></description>
      <styleUrl>#style_61_017</styleUrl>
      <MultiGeometry><Polygon><outerBoundaryIs><LinearRing><coordinates>103.1879067,14.6136250,0 103.1877517,14.6132517,0 103.1877017,14.6132600,0 103.1876750,14.6132483,0 103.1877367,14.6132100,0 103.1875800,14.6128200,0 103.1873367,14.6129417,0 103.1873517,14.6129667,0 103.1873867,14.6130150,0 103.1873817,14.6130400,0 103.1873417,14.6130133,0 103.1873617,14.6129850,0 103.1873317,14.6129450,0 103.1870050,14.6131517,0 103.1860483,14.6136767,0 103.1861183,14.6137917,0 103.1861283,14.6137750,0 103.1861433,14.6137817,0 103.1861683,14.6138483,0 103.1864183,14.6143033,0 103.1866967,14.6141917,0 103.1868400,14.6141317,0 103.1872067,14.6139650,0 103.1874900,14.6138333,0 103.1879067,14.6136250,0</coordinates></LinearRing></outerBoundaryIs></Polygon></MultiGeometry>
    </Placemark>
    <Placemark>
      <name>310705021624</name>
      <description><![CDATA[<div style='font-family:Tahoma,sans-serif; font-size:13px;'><h3 style='color:#1565C0; margin:4px 0;'>รหัส: 310705021624</h3><p style='margin:2px 0;'><b>กลุ่มรถไถ:</b> 61_017</p><table border='1' style='border-collapse:collapse; border-color:#ccc; width:100%;'><tr><td style='padding:3px 6px; font-weight:bold; background-color:#f2f2f2;'>ปีการผลิต</td><td style='padding:3px 6px;'>257071</td></tr><tr><td style='padding:3px 6px; font-weight:bold; background-color:#f2f2f2;'>รหัสกลุ่มรถไถ</td><td style='padding:3px 6px;'>61/017</td></tr><tr><td style='padding:3px 6px; font-weight:bold; background-color:#f2f2f2;'>โควตาชาวไร่</td><td style='padding:3px 6px;'>769326</td></tr><tr><td style='padding:3px 6px; font-weight:bold; background-color:#f2f2f2;'>ชื่อ-นามสกุล</td><td style='padding:3px 6px;'>นาย บุญทัน เหมเงิน</td></tr><tr><td style='padding:3px 6px; font-weight:bold; background-color:#f2f2f2;'>111</td><td style='padding:3px 6px;'>310705021624</td></tr><tr><td style='padding:3px 6px; font-weight:bold; background-color:#f2f2f2;'>ประเภทอ้อย</td><td style='padding:3px 6px;'>อ้อยปลายฝน</td></tr><tr><td style='padding:3px 6px; font-weight:bold; background-color:#f2f2f2;'>พื้นที่ปลูก</td><td style='padding:3px 6px;'>2.76</td></tr><tr><td style='padding:3px 6px; font-weight:bold; background-color:#f2f2f2;'>ศูนย์</td><td style='padding:3px 6px;'>K2-61</td></tr><tr><td style='padding:3px 6px; font-weight:bold; background-color:#f2f2f2;'>นักเกษตร</td><td style='padding:3px 6px;'>6104</td></tr><tr><td style='padding:3px 6px; font-weight:bold; background-color:#f2f2f2;'>กลุ่ม</td><td style='padding:3px 6px;'>กลุ่ม_61</td></tr></table></div>]]></description>
      <styleUrl>#style_61_017</styleUrl>
      <MultiGeometry><Polygon><outerBoundaryIs><LinearRing><coordinates>103.1802050,14.5728567,0 103.1799633,14.5728100,0 103.1800017,14.5743633,0 103.1802333,14.5744317,0 103.1802050,14.5728567,0</coordinates></LinearRing></outerBoundaryIs></Polygon></MultiGeometry>
    </Placemark>
    <Placemark>
      <name>310705131644</name>
      <description><![CDATA[<div style='font-family:Tahoma,sans-serif; font-size:13px;'><h3 style='color:#1565C0; margin:4px 0;'>รหัส: 310705131644</h3><p style='margin:2px 0;'><b>กลุ่มรถไถ:</b> 61_017</p><table border='1' style='border-collapse:collapse; border-color:#ccc; width:100%;'><tr><td style='padding:3px 6px; font-weight:bold; background-color:#f2f2f2;'>ปีการผลิต</td><td style='padding:3px 6px;'>257071</td></tr><tr><td style='padding:3px 6px; font-weight:bold; background-color:#f2f2f2;'>รหัสกลุ่มรถไถ</td><td style='padding:3px 6px;'>61/017</td></tr><tr><td style='padding:3px 6px; font-weight:bold; background-color:#f2f2f2;'>โควตาชาวไร่</td><td style='padding:3px 6px;'>769574</td></tr><tr><td style='padding:3px 6px; font-weight:bold; background-color:#f2f2f2;'>ชื่อ-นามสกุล</td><td style='padding:3px 6px;'>นาง พิบูลย์ ยินประโคน</td></tr><tr><td style='padding:3px 6px; font-weight:bold; background-color:#f2f2f2;'>111</td><td style='padding:3px 6px;'>310705131644</td></tr><tr><td style='padding:3px 6px; font-weight:bold; background-color:#f2f2f2;'>ประเภทอ้อย</td><td style='padding:3px 6px;'>อ้อยปลายฝน</td></tr><tr><td style='padding:3px 6px; font-weight:bold; background-color:#f2f2f2;'>พื้นที่ปลูก</td><td style='padding:3px 6px;'>11.69</td></tr><tr><td style='padding:3px 6px; font-weight:bold; background-color:#f2f2f2;'>ศูนย์</td><td style='padding:3px 6px;'>K2-61</td></tr><tr><td style='padding:3px 6px; font-weight:bold; background-color:#f2f2f2;'>นักเกษตร</td><td style='padding:3px 6px;'>6104</td></tr><tr><td style='padding:3px 6px; font-weight:bold; background-color:#f2f2f2;'>กลุ่ม</td><td style='padding:3px 6px;'>กลุ่ม_61</td></tr></table></div>]]></description>
      <styleUrl>#style_61_017</styleUrl>
      <MultiGeometry><Polygon><outerBoundaryIs><LinearRing><coordinates>103.2017087,14.6201246,0 103.2019477,14.6191710,0 103.2019497,14.6191575,0 103.2000765,14.6192758,0 103.2003880,14.6201454,0 103.2004218,14.6201914,0 103.2006589,14.6202238,0 103.2010929,14.6202237,0 103.2016300,14.6201730,0 103.2017087,14.6201246,0</coordinates></LinearRing></outerBoundaryIs></Polygon></MultiGeometry>
    </Placemark>
    <Placemark>
      <name>310705131649</name>
      <description><![CDATA[<div style='font-family:Tahoma,sans-serif; font-size:13px;'><h3 style='color:#1565C0; margin:4px 0;'>รหัส: 310705131649</h3><p style='margin:2px 0;'><b>กลุ่มรถไถ:</b> 61_017</p><table border='1' style='border-collapse:collapse; border-color:#ccc; width:100%;'><tr><td style='padding:3px 6px; font-weight:bold; background-color:#f2f2f2;'>ปีการผลิต</td><td style='padding:3px 6px;'>257071</td></tr><tr><td style='padding:3px 6px; font-weight:bold; background-color:#f2f2f2;'>รหัสกลุ่มรถไถ</td><td style='padding:3px 6px;'>61/017</td></tr><tr><td style='padding:3px 6px; font-weight:bold; background-color:#f2f2f2;'>โควตาชาวไร่</td><td style='padding:3px 6px;'>769635</td></tr><tr><td style='padding:3px 6px; font-weight:bold; background-color:#f2f2f2;'>ชื่อ-นามสกุล</td><td style='padding:3px 6px;'>นาง เสถียร ศิลา</td></tr><tr><td style='padding:3px 6px; font-weight:bold; background-color:#f2f2f2;'>111</td><td style='padding:3px 6px;'>310705131649</td></tr><tr><td style='padding:3px 6px; font-weight:bold; background-color:#f2f2f2;'>ประเภทอ้อย</td><td style='padding:3px 6px;'>อ้อยปลายฝน</td></tr><tr><td style='padding:3px 6px; font-weight:bold; background-color:#f2f2f2;'>พื้นที่ปลูก</td><td style='padding:3px 6px;'>3.75</td></tr><tr><td style='padding:3px 6px; font-weight:bold; background-color:#f2f2f2;'>ศูนย์</td><td style='padding:3px 6px;'>K2-61</td></tr><tr><td style='padding:3px 6px; font-weight:bold; background-color:#f2f2f2;'>นักเกษตร</td><td style='padding:3px 6px;'>6104</td></tr><tr><td style='padding:3px 6px; font-weight:bold; background-color:#f2f2f2;'>กลุ่ม</td><td style='padding:3px 6px;'>กลุ่ม_61</td></tr></table></div>]]></description>
      <styleUrl>#style_61_017</styleUrl>
      <MultiGeometry><Polygon><outerBoundaryIs><LinearRing><coordinates>103.1946793,14.6259501,0 103.1945720,14.6265260,0 103.1955724,14.6261248,0 103.1954459,14.6255745,0 103.1946793,14.6259501,0</coordinates></LinearRing></outerBoundaryIs></Polygon></MultiGeometry>
    </Placemark>
    <Placemark>
      <name>310705021626</name>
      <description><![CDATA[<div style='font-family:Tahoma,sans-serif; font-size:13px;'><h3 style='color:#1565C0; margin:4px 0;'>รหัส: 310705021626</h3><p style='margin:2px 0;'><b>กลุ่มรถไถ:</b> 61_017</p><table border='1' style='border-collapse:collapse; border-color:#ccc; width:100%;'><tr><td style='padding:3px 6px; font-weight:bold; background-color:#f2f2f2;'>ปีการผลิต</td><td style='padding:3px 6px;'>257071</td></tr><tr><td style='padding:3px 6px; font-weight:bold; background-color:#f2f2f2;'>รหัสกลุ่มรถไถ</td><td style='padding:3px 6px;'>61/017</td></tr><tr><td style='padding:3px 6px; font-weight:bold; background-color:#f2f2f2;'>โควตาชาวไร่</td><td style='padding:3px 6px;'>769941</td></tr><tr><td style='padding:3px 6px; font-weight:bold; background-color:#f2f2f2;'>ชื่อ-นามสกุล</td><td style='padding:3px 6px;'>นาย จำเนียร ชัยพูน</td></tr><tr><td style='padding:3px 6px; font-weight:bold; background-color:#f2f2f2;'>111</td><td style='padding:3px 6px;'>310705021626</td></tr><tr><td style='padding:3px 6px; font-weight:bold; background-color:#f2f2f2;'>ประเภทอ้อย</td><td style='padding:3px 6px;'>อ้อยปลายฝน</td></tr><tr><td style='padding:3px 6px; font-weight:bold; background-color:#f2f2f2;'>พื้นที่ปลูก</td><td style='padding:3px 6px;'>6.09</td></tr><tr><td style='padding:3px 6px; font-weight:bold; background-color:#f2f2f2;'>ศูนย์</td><td style='padding:3px 6px;'>K2-61</td></tr><tr><td style='padding:3px 6px; font-weight:bold; background-color:#f2f2f2;'>นักเกษตร</td><td style='padding:3px 6px;'>6104</td></tr><tr><td style='padding:3px 6px; font-weight:bold; background-color:#f2f2f2;'>กลุ่ม</td><td style='padding:3px 6px;'>กลุ่ม_61</td></tr></table></div>]]></description>
      <styleUrl>#style_61_017</styleUrl>
      <MultiGeometry><Polygon><outerBoundaryIs><LinearRing><coordinates>103.2007750,14.5785600,0 103.2009367,14.5792500,0 103.2010417,14.5792283,0 103.2018900,14.5793367,0 103.2016100,14.5782333,0 103.2007750,14.5785600,0</coordinates></LinearRing></outerBoundaryIs></Polygon></MultiGeometry>
    </Placemark>
  </Folder>
</Document>
</kml>