<?xml version="1.0" encoding="UTF-8"?>
<kml xmlns="http://www.opengis.net/kml/2.2">
<Document>
  <name>กลุ่มคิว 44</name>
  <Style id="style_44_001">
    <LineStyle>
      <color>ff3539E5</color>
      <width>2.0</width>
    </LineStyle>
    <PolyStyle>
      <color>b33539E5</color>
    </PolyStyle>
  </Style>
  <Folder>
    <name>44_001</name>
    <Placemark>
      <name>320915031656</name>
      <description><![CDATA[<div style='font-family:Tahoma,sans-serif; font-size:13px;'><h3 style='color:#1565C0; margin:4px 0;'>รหัส: 320915031656</h3><p style='margin:2px 0;'><b>กลุ่มรถไถ:</b> 44_001</p><table border='1' style='border-collapse:collapse; border-color:#ccc; width:100%;'><tr><td style='padding:3px 6px; font-weight:bold; background-color:#f2f2f2;'>ปีการผลิต</td><td style='padding:3px 6px;'>257071</td></tr><tr><td style='padding:3px 6px; font-weight:bold; background-color:#f2f2f2;'>รหัสกลุ่มรถไถ</td><td style='padding:3px 6px;'>44/001</td></tr><tr><td style='padding:3px 6px; font-weight:bold; background-color:#f2f2f2;'>โควตาชาวไร่</td><td style='padding:3px 6px;'>743260</td></tr><tr><td style='padding:3px 6px; font-weight:bold; background-color:#f2f2f2;'>ชื่อ-นามสกุล</td><td style='padding:3px 6px;'>นาง วิใล กระแจะจันทร์</td></tr><tr><td style='padding:3px 6px; font-weight:bold; background-color:#f2f2f2;'>111</td><td style='padding:3px 6px;'>320915031656</td></tr><tr><td style='padding:3px 6px; font-weight:bold; background-color:#f2f2f2;'>ประเภทอ้อย</td><td style='padding:3px 6px;'>อ้อยปลายฝน</td></tr><tr><td style='padding:3px 6px; font-weight:bold; background-color:#f2f2f2;'>พื้นที่ปลูก</td><td style='padding:3px 6px;'>3.13</td></tr><tr><td style='padding:3px 6px; font-weight:bold; background-color:#f2f2f2;'>ศูนย์</td><td style='padding:3px 6px;'>K2-44</td></tr><tr><td style='padding:3px 6px; font-weight:bold; background-color:#f2f2f2;'>นักเกษตร</td><td style='padding:3px 6px;'>4401</td></tr><tr><td style='padding:3px 6px; font-weight:bold; background-color:#f2f2f2;'>กลุ่ม</td><td style='padding:3px 6px;'>กลุ่ม_44</td></tr></table></div>]]></description>
      <styleUrl>#style_44_001</styleUrl>
      <MultiGeometry><Polygon><outerBoundaryIs><LinearRing><coordinates>103.8298250,14.8408467,0 103.8283383,14.8412917,0 103.8283817,14.8415333,0 103.8298733,14.8411417,0 103.8298250,14.8408467,0</coordinates></LinearRing></outerBoundaryIs></Polygon></MultiGeometry>
    </Placemark>
    <Placemark>
      <name>320915091544</name>
      <description><![CDATA[<div style='font-family:Tahoma,sans-serif; font-size:13px;'><h3 style='color:#1565C0; margin:4px 0;'>รหัส: 320915091544</h3><p style='margin:2px 0;'><b>กลุ่มรถไถ:</b> 44_001</p><table border='1' style='border-collapse:collapse; border-color:#ccc; width:100%;'><tr><td style='padding:3px 6px; font-weight:bold; background-color:#f2f2f2;'>ปีการผลิต</td><td style='padding:3px 6px;'>257071</td></tr><tr><td style='padding:3px 6px; font-weight:bold; background-color:#f2f2f2;'>รหัสกลุ่มรถไถ</td><td style='padding:3px 6px;'>44/001</td></tr><tr><td style='padding:3px 6px; font-weight:bold; background-color:#f2f2f2;'>โควตาชาวไร่</td><td style='padding:3px 6px;'>743260</td></tr><tr><td style='padding:3px 6px; font-weight:bold; background-color:#f2f2f2;'>ชื่อ-นามสกุล</td><td style='padding:3px 6px;'>นาง วิใล กระแจะจันทร์</td></tr><tr><td style='padding:3px 6px; font-weight:bold; background-color:#f2f2f2;'>111</td><td style='padding:3px 6px;'>320915091544</td></tr><tr><td style='padding:3px 6px; font-weight:bold; background-color:#f2f2f2;'>ประเภทอ้อย</td><td style='padding:3px 6px;'>อ้อยปลายฝน</td></tr><tr><td style='padding:3px 6px; font-weight:bold; background-color:#f2f2f2;'>พื้นที่ปลูก</td><td style='padding:3px 6px;'>8.79</td></tr><tr><td style='padding:3px 6px; font-weight:bold; background-color:#f2f2f2;'>ศูนย์</td><td style='padding:3px 6px;'>K2-44</td></tr><tr><td style='padding:3px 6px; font-weight:bold; background-color:#f2f2f2;'>นักเกษตร</td><td style='padding:3px 6px;'>4401</td></tr><tr><td style='padding:3px 6px; font-weight:bold; background-color:#f2f2f2;'>กลุ่ม</td><td style='padding:3px 6px;'>กลุ่ม_44</td></tr></table></div>]]></description>
      <styleUrl>#style_44_001</styleUrl>
      <MultiGeometry><Polygon><outerBoundaryIs><LinearRing><coordinates>103.8231800,14.8453417,0 103.8232430,14.8455425,0 103.8233600,14.8454950,0 103.8233600,14.8454833,0 103.8233667,14.8454717,0 103.8233917,14.8454633,0 103.8234133,14.8454617,0 103.8234350,14.8454683,0 103.8234383,14.8454783,0 103.8234400,14.8454967,0 103.8234367,14.8455133,0 103.8234333,14.8455217,0 103.8234133,14.8455350,0 103.8234067,14.8455350,0 103.8233867,14.8455467,0 103.8233783,14.8455467,0 103.8233617,14.8455333,0 103.8233602,14.8454980,0 103.8232438,14.8455450,0 103.8235117,14.8463983,0 103.8235967,14.8464117,0 103.8235783,14.8464883,0 103.8235267,14.8465467,0 103.8235433,14.8466717,0 103.8236117,14.8468550,0 103.8237433,14.8468683,0 103.8238450,14.8468617,0 103.8240833,14.8468267,0 103.8243717,14.8467167,0 103.8244600,14.8466983,0 103.8244333,14.8466450,0 103.8242183,14.8462250,0 103.8241633,14.8460750,0 103.8240967,14.8459367,0 103.8239100,14.8455617,0 103.8237583,14.8452483,0 103.8236900,14.8450917,0 103.8235817,14.8451417,0 103.8231800,14.8453417,0</coordinates></LinearRing></outerBoundaryIs></Polygon></MultiGeometry>
    </Placemark>
    <Placemark>
      <name>320915030060</name>
      <description><![CDATA[<div style='font-family:Tahoma,sans-serif; font-size:13px;'><h3 style='color:#1565C0; margin:4px 0;'>รหัส: 320915030060</h3><p style='margin:2px 0;'><b>กลุ่มรถไถ:</b> 44_001</p><table border='1' style='border-collapse:collapse; border-color:#ccc; width:100%;'><tr><td style='padding:3px 6px; font-weight:bold; background-color:#f2f2f2;'>ปีการผลิต</td><td style='padding:3px 6px;'>257071</td></tr><tr><td style='padding:3px 6px; font-weight:bold; background-color:#f2f2f2;'>รหัสกลุ่มรถไถ</td><td style='padding:3px 6px;'>44/001</td></tr><tr><td style='padding:3px 6px; font-weight:bold; background-color:#f2f2f2;'>โควตาชาวไร่</td><td style='padding:3px 6px;'>743592</td></tr><tr><td style='padding:3px 6px; font-weight:bold; background-color:#f2f2f2;'>ชื่อ-นามสกุล</td><td style='padding:3px 6px;'>นางสาว สมใจ สุขวิเศษ</td></tr><tr><td style='padding:3px 6px; font-weight:bold; background-color:#f2f2f2;'>111</td><td style='padding:3px 6px;'>320915030060</td></tr><tr><td style='padding:3px 6px; font-weight:bold; background-color:#f2f2f2;'>ประเภทอ้อย</td><td style='padding:3px 6px;'>อ้อยปลายฝน</td></tr><tr><td style='padding:3px 6px; font-weight:bold; background-color:#f2f2f2;'>พื้นที่ปลูก</td><td style='padding:3px 6px;'>6.99</td></tr><tr><td style='padding:3px 6px; font-weight:bold; background-color:#f2f2f2;'>ศูนย์</td><td style='padding:3px 6px;'>K2-44</td></tr><tr><td style='padding:3px 6px; font-weight:bold; background-color:#f2f2f2;'>นักเกษตร</td><td style='padding:3px 6px;'>4401</td></tr><tr><td style='padding:3px 6px; font-weight:bold; background-color:#f2f2f2;'>กลุ่ม</td><td style='padding:3px 6px;'>กลุ่ม_44</td></tr></table></div>]]></description>
      <styleUrl>#style_44_001</styleUrl>
      <MultiGeometry><Polygon><outerBoundaryIs><LinearRing><coordinates>103.8324678,14.8354566,0 103.8319778,14.8332995,0 103.8315216,14.8333938,0 103.8321014,14.8355420,0 103.8324678,14.8354566,0</coordinates></LinearRing></outerBoundaryIs></Polygon></MultiGeometry>
    </Placemark>
  </Folder>
  <Style id="style_44_002">
    <LineStyle>
      <color>ffAA248E</color>
      <width>2.0</width>
    </LineStyle>
    <PolyStyle>
      <color>b3AA248E</color>
    </PolyStyle>
  </Style>
  <Folder>
    <name>44_002</name>
    <Placemark>
      <name>320908131583</name>
      <description><![CDATA[<div style='font-family:Tahoma,sans-serif; font-size:13px;'><h3 style='color:#1565C0; margin:4px 0;'>รหัส: 320908131583</h3><p style='margin:2px 0;'><b>กลุ่มรถไถ:</b> 44_002</p><table border='1' style='border-collapse:collapse; border-color:#ccc; width:100%;'><tr><td style='padding:3px 6px; font-weight:bold; background-color:#f2f2f2;'>ปีการผลิต</td><td style='padding:3px 6px;'>257071</td></tr><tr><td style='padding:3px 6px; font-weight:bold; background-color:#f2f2f2;'>รหัสกลุ่มรถไถ</td><td style='padding:3px 6px;'>44/002</td></tr><tr><td style='padding:3px 6px; font-weight:bold; background-color:#f2f2f2;'>โควตาชาวไร่</td><td style='padding:3px 6px;'>740298</td></tr><tr><td style='padding:3px 6px; font-weight:bold; background-color:#f2f2f2;'>ชื่อ-นามสกุล</td><td style='padding:3px 6px;'>นาง ละมุด จันทมน</td></tr><tr><td style='padding:3px 6px; font-weight:bold; background-color:#f2f2f2;'>111</td><td style='padding:3px 6px;'>320908131583</td></tr><tr><td style='padding:3px 6px; font-weight:bold; background-color:#f2f2f2;'>ประเภทอ้อย</td><td style='padding:3px 6px;'>อ้อยปลายฝน</td></tr><tr><td style='padding:3px 6px; font-weight:bold; background-color:#f2f2f2;'>พื้นที่ปลูก</td><td style='padding:3px 6px;'>4.16</td></tr><tr><td style='padding:3px 6px; font-weight:bold; background-color:#f2f2f2;'>ศูนย์</td><td style='padding:3px 6px;'>K2-44</td></tr><tr><td style='padding:3px 6px; font-weight:bold; background-color:#f2f2f2;'>นักเกษตร</td><td style='padding:3px 6px;'>4402</td></tr><tr><td style='padding:3px 6px; font-weight:bold; background-color:#f2f2f2;'>กลุ่ม</td><td style='padding:3px 6px;'>กลุ่ม_44</td></tr></table></div>]]></description>
      <styleUrl>#style_44_002</styleUrl>
      <MultiGeometry><Polygon><outerBoundaryIs><LinearRing><coordinates>103.7813583,14.7880349,0 103.7813749,14.7876728,0 103.7812049,14.7876744,0 103.7807038,14.7877265,0 103.7799231,14.7878819,0 103.7799958,14.7882505,0 103.7813583,14.7880349,0</coordinates></LinearRing></outerBoundaryIs></Polygon></MultiGeometry>
    </Placemark>
    <Placemark>
      <name>320908131545</name>
      <description><![CDATA[<div style='font-family:Tahoma,sans-serif; font-size:13px;'><h3 style='color:#1565C0; margin:4px 0;'>รหัส: 320908131545</h3><p style='margin:2px 0;'><b>กลุ่มรถไถ:</b> 44_002</p><table border='1' style='border-collapse:collapse; border-color:#ccc; width:100%;'><tr><td style='padding:3px 6px; font-weight:bold; background-color:#f2f2f2;'>ปีการผลิต</td><td style='padding:3px 6px;'>257071</td></tr><tr><td style='padding:3px 6px; font-weight:bold; background-color:#f2f2f2;'>รหัสกลุ่มรถไถ</td><td style='padding:3px 6px;'>44/002</td></tr><tr><td style='padding:3px 6px; font-weight:bold; background-color:#f2f2f2;'>โควตาชาวไร่</td><td style='padding:3px 6px;'>743323</td></tr><tr><td style='padding:3px 6px; font-weight:bold; background-color:#f2f2f2;'>ชื่อ-นามสกุล</td><td style='padding:3px 6px;'>นาย ณัฐพล หวังดี</td></tr><tr><td style='padding:3px 6px; font-weight:bold; background-color:#f2f2f2;'>111</td><td style='padding:3px 6px;'>320908131545</td></tr><tr><td style='padding:3px 6px; font-weight:bold; background-color:#f2f2f2;'>ประเภทอ้อย</td><td style='padding:3px 6px;'>อ้อยปลายฝน</td></tr><tr><td style='padding:3px 6px; font-weight:bold; background-color:#f2f2f2;'>พื้นที่ปลูก</td><td style='padding:3px 6px;'>6.69</td></tr><tr><td style='padding:3px 6px; font-weight:bold; background-color:#f2f2f2;'>ศูนย์</td><td style='padding:3px 6px;'>K2-44</td></tr><tr><td style='padding:3px 6px; font-weight:bold; background-color:#f2f2f2;'>นักเกษตร</td><td style='padding:3px 6px;'>4402</td></tr><tr><td style='padding:3px 6px; font-weight:bold; background-color:#f2f2f2;'>กลุ่ม</td><td style='padding:3px 6px;'>กลุ่ม_44</td></tr></table></div>]]></description>
      <styleUrl>#style_44_002</styleUrl>
      <MultiGeometry><Polygon><outerBoundaryIs><LinearRing><coordinates>103.7914333,14.7828783,0 103.7915167,14.7837433,0 103.7916017,14.7842533,0 103.7919250,14.7842567,0 103.7922350,14.7842117,0 103.7920550,14.7831900,0 103.7919533,14.7827100,0 103.7916800,14.7827650,0 103.7914333,14.7828783,0</coordinates></LinearRing></outerBoundaryIs></Polygon></MultiGeometry>
    </Placemark>
    <Placemark>
      <name>320908131683</name>
      <description><![CDATA[<div style='font-family:Tahoma,sans-serif; font-size:13px;'><h3 style='color:#1565C0; margin:4px 0;'>รหัส: 320908131683</h3><p style='margin:2px 0;'><b>กลุ่มรถไถ:</b> 44_002</p><table border='1' style='border-collapse:collapse; border-color:#ccc; width:100%;'><tr><td style='padding:3px 6px; font-weight:bold; background-color:#f2f2f2;'>ปีการผลิต</td><td style='padding:3px 6px;'>257071</td></tr><tr><td style='padding:3px 6px; font-weight:bold; background-color:#f2f2f2;'>รหัสกลุ่มรถไถ</td><td style='padding:3px 6px;'>44/002</td></tr><tr><td style='padding:3px 6px; font-weight:bold; background-color:#f2f2f2;'>โควตาชาวไร่</td><td style='padding:3px 6px;'>743323</td></tr><tr><td style='padding:3px 6px; font-weight:bold; background-color:#f2f2f2;'>ชื่อ-นามสกุล</td><td style='padding:3px 6px;'>นาย ณัฐพล หวังดี</td></tr><tr><td style='padding:3px 6px; font-weight:bold; background-color:#f2f2f2;'>111</td><td style='padding:3px 6px;'>320908131683</td></tr><tr><td style='padding:3px 6px; font-weight:bold; background-color:#f2f2f2;'>ประเภทอ้อย</td><td style='padding:3px 6px;'>อ้อยปลายฝน</td></tr><tr><td style='padding:3px 6px; font-weight:bold; background-color:#f2f2f2;'>พื้นที่ปลูก</td><td style='padding:3px 6px;'>4.73</td></tr><tr><td style='padding:3px 6px; font-weight:bold; background-color:#f2f2f2;'>ศูนย์</td><td style='padding:3px 6px;'>K2-44</td></tr><tr><td style='padding:3px 6px; font-weight:bold; background-color:#f2f2f2;'>นักเกษตร</td><td style='padding:3px 6px;'>4402</td></tr><tr><td style='padding:3px 6px; font-weight:bold; background-color:#f2f2f2;'>กลุ่ม</td><td style='padding:3px 6px;'>กลุ่ม_44</td></tr></table></div>]]></description>
      <styleUrl>#style_44_002</styleUrl>
      <MultiGeometry><Polygon><outerBoundaryIs><LinearRing><coordinates>103.7898650,14.7823967,0 103.7899317,14.7828750,0 103.7914567,14.7824417,0 103.7913533,14.7821217,0 103.7898650,14.7823967,0</coordinates></LinearRing></outerBoundaryIs></Polygon></MultiGeometry>
    </Placemark>
    <Placemark>
      <name>320914081501</name>
      <description><![CDATA[<div style='font-family:Tahoma,sans-serif; font-size:13px;'><h3 style='color:#1565C0; margin:4px 0;'>รหัส: 320914081501</h3><p style='margin:2px 0;'><b>กลุ่มรถไถ:</b> 44_002</p><table border='1' style='border-collapse:collapse; border-color:#ccc; width:100%;'><tr><td style='padding:3px 6px; font-weight:bold; background-color:#f2f2f2;'>ปีการผลิต</td><td style='padding:3px 6px;'>257071</td></tr><tr><td style='padding:3px 6px; font-weight:bold; background-color:#f2f2f2;'>รหัสกลุ่มรถไถ</td><td style='padding:3px 6px;'>44/002</td></tr><tr><td style='padding:3px 6px; font-weight:bold; background-color:#f2f2f2;'>โควตาชาวไร่</td><td style='padding:3px 6px;'>744063</td></tr><tr><td style='padding:3px 6px; font-weight:bold; background-color:#f2f2f2;'>ชื่อ-นามสกุล</td><td style='padding:3px 6px;'>นางสาว สุภารัตน์ แจ่มใส</td></tr><tr><td style='padding:3px 6px; font-weight:bold; background-color:#f2f2f2;'>111</td><td style='padding:3px 6px;'>320914081501</td></tr><tr><td style='padding:3px 6px; font-weight:bold; background-color:#f2f2f2;'>ประเภทอ้อย</td><td style='padding:3px 6px;'>อ้อยปลายฝน</td></tr><tr><td style='padding:3px 6px; font-weight:bold; background-color:#f2f2f2;'>พื้นที่ปลูก</td><td style='padding:3px 6px;'>8.1</td></tr><tr><td style='padding:3px 6px; font-weight:bold; background-color:#f2f2f2;'>ศูนย์</td><td style='padding:3px 6px;'>K2-44</td></tr><tr><td style='padding:3px 6px; font-weight:bold; background-color:#f2f2f2;'>นักเกษตร</td><td style='padding:3px 6px;'>4402</td></tr><tr><td style='padding:3px 6px; font-weight:bold; background-color:#f2f2f2;'>กลุ่ม</td><td style='padding:3px 6px;'>กลุ่ม_44</td></tr></table></div>]]></description>
      <styleUrl>#style_44_002</styleUrl>
      <MultiGeometry><Polygon><outerBoundaryIs><LinearRing><coordinates>103.7804393,14.8217019,0 103.7805025,14.8216915,0 103.7805453,14.8216738,0 103.7806598,14.8216320,0 103.7807258,14.8216123,0 103.7810572,14.8214841,0 103.7812361,14.8213964,0 103.7814412,14.8213087,0 103.7814120,14.8212624,0 103.7813466,14.8211756,0 103.7812292,14.8210582,0 103.7811782,14.8210024,0 103.7811530,14.8209650,0 103.7811269,14.8209253,0 103.7810895,14.8208841,0 103.7810317,14.8208193,0 103.7809797,14.8207498,0 103.7809144,14.8206789,0 103.7808886,14.8206558,0 103.7808831,14.8206400,0 103.7808054,14.8204640,0 103.7805159,14.8205818,0 103.7804651,14.8205996,0 103.7803658,14.8206217,0 103.7802275,14.8206661,0 103.7799511,14.8207640,0 103.7798453,14.8208088,0 103.7798593,14.8208603,0 103.7798771,14.8208942,0 103.7799180,14.8209745,0 103.7800122,14.8210910,0 103.7800677,14.8211622,0 103.7801064,14.8212150,0 103.7801731,14.8212978,0 103.7804393,14.8217019,0</coordinates></LinearRing></outerBoundaryIs></Polygon></MultiGeometry>
    </Placemark>
    <Placemark>
      <name>320914011585</name>
      <description><![CDATA[<div style='font-family:Tahoma,sans-serif; font-size:13px;'><h3 style='color:#1565C0; margin:4px 0;'>รหัส: 320914011585</h3><p style='margin:2px 0;'><b>กลุ่มรถไถ:</b> 44_002</p><table border='1' style='border-collapse:collapse; border-color:#ccc; width:100%;'><tr><td style='padding:3px 6px; font-weight:bold; background-color:#f2f2f2;'>ปีการผลิต</td><td style='padding:3px 6px;'>257071</td></tr><tr><td style='padding:3px 6px; font-weight:bold; background-color:#f2f2f2;'>รหัสกลุ่มรถไถ</td><td style='padding:3px 6px;'>44/002</td></tr><tr><td style='padding:3px 6px; font-weight:bold; background-color:#f2f2f2;'>โควตาชาวไร่</td><td style='padding:3px 6px;'>944204</td></tr><tr><td style='padding:3px 6px; font-weight:bold; background-color:#f2f2f2;'>ชื่อ-นามสกุล</td><td style='padding:3px 6px;'>นาย ไสว จันทมนต์</td></tr><tr><td style='padding:3px 6px; font-weight:bold; background-color:#f2f2f2;'>111</td><td style='padding:3px 6px;'>320914011585</td></tr><tr><td style='padding:3px 6px; font-weight:bold; background-color:#f2f2f2;'>ประเภทอ้อย</td><td style='padding:3px 6px;'>อ้อยปลายฝน</td></tr><tr><td style='padding:3px 6px; font-weight:bold; background-color:#f2f2f2;'>พื้นที่ปลูก</td><td style='padding:3px 6px;'>5.05</td></tr><tr><td style='padding:3px 6px; font-weight:bold; background-color:#f2f2f2;'>ศูนย์</td><td style='padding:3px 6px;'>K2-44</td></tr><tr><td style='padding:3px 6px; font-weight:bold; background-color:#f2f2f2;'>นักเกษตร</td><td style='padding:3px 6px;'>4402</td></tr><tr><td style='padding:3px 6px; font-weight:bold; background-color:#f2f2f2;'>กลุ่ม</td><td style='padding:3px 6px;'>กลุ่ม_44</td></tr></table></div>]]></description>
      <styleUrl>#style_44_002</styleUrl>
      <MultiGeometry><Polygon><outerBoundaryIs><LinearRing><coordinates>103.8031195,14.8331717,0 103.8028876,14.8332169,0 103.8027498,14.8332751,0 103.8023012,14.8333598,0 103.8020734,14.8333913,0 103.8021123,14.8334991,0 103.8021355,14.8335649,0 103.8021448,14.8336069,0 103.8022002,14.8338342,0 103.8022442,14.8338495,0 103.8023135,14.8338588,0 103.8024546,14.8338832,0 103.8026016,14.8339124,0 103.8028421,14.8339407,0 103.8028790,14.8339635,0 103.8029971,14.8339776,0 103.8031896,14.8340171,0 103.8032704,14.8339808,0 103.8031195,14.8331717,0</coordinates></LinearRing></outerBoundaryIs></Polygon></MultiGeometry>
    </Placemark>
    <Placemark>
      <name>320914021803</name>
      <description><![CDATA[<div style='font-family:Tahoma,sans-serif; font-size:13px;'><h3 style='color:#1565C0; margin:4px 0;'>รหัส: 320914021803</h3><p style='margin:2px 0;'><b>กลุ่มรถไถ:</b> 44_002</p><table border='1' style='border-collapse:collapse; border-color:#ccc; width:100%;'><tr><td style='padding:3px 6px; font-weight:bold; background-color:#f2f2f2;'>ปีการผลิต</td><td style='padding:3px 6px;'>257071</td></tr><tr><td style='padding:3px 6px; font-weight:bold; background-color:#f2f2f2;'>รหัสกลุ่มรถไถ</td><td style='padding:3px 6px;'>44/002</td></tr><tr><td style='padding:3px 6px; font-weight:bold; background-color:#f2f2f2;'>โควตาชาวไร่</td><td style='padding:3px 6px;'>944204</td></tr><tr><td style='padding:3px 6px; font-weight:bold; background-color:#f2f2f2;'>ชื่อ-นามสกุล</td><td style='padding:3px 6px;'>นาย ไสว จันทมนต์</td></tr><tr><td style='padding:3px 6px; font-weight:bold; background-color:#f2f2f2;'>111</td><td style='padding:3px 6px;'>320914021803</td></tr><tr><td style='padding:3px 6px; font-weight:bold; background-color:#f2f2f2;'>ประเภทอ้อย</td><td style='padding:3px 6px;'>อ้อยปลายฝน</td></tr><tr><td style='padding:3px 6px; font-weight:bold; background-color:#f2f2f2;'>พื้นที่ปลูก</td><td style='padding:3px 6px;'>0.64</td></tr><tr><td style='padding:3px 6px; font-weight:bold; background-color:#f2f2f2;'>ศูนย์</td><td style='padding:3px 6px;'>K2-44</td></tr><tr><td style='padding:3px 6px; font-weight:bold; background-color:#f2f2f2;'>นักเกษตร</td><td style='padding:3px 6px;'>4402</td></tr><tr><td style='padding:3px 6px; font-weight:bold; background-color:#f2f2f2;'>กลุ่ม</td><td style='padding:3px 6px;'>กลุ่ม_44</td></tr></table></div>]]></description>
      <styleUrl>#style_44_002</styleUrl>
      <MultiGeometry><Polygon><outerBoundaryIs><LinearRing><coordinates>103.7865667,14.8308283,0 103.7869767,14.8308033,0 103.7869383,14.8305850,0 103.7865833,14.8306017,0 103.7865667,14.8308283,0</coordinates></LinearRing></outerBoundaryIs></Polygon></MultiGeometry>
    </Placemark>
    <Placemark>
      <name>320915071529</name>
      <description><![CDATA[<div style='font-family:Tahoma,sans-serif; font-size:13px;'><h3 style='color:#1565C0; margin:4px 0;'>รหัส: 320915071529</h3><p style='margin:2px 0;'><b>กลุ่มรถไถ:</b> 44_002</p><table border='1' style='border-collapse:collapse; border-color:#ccc; width:100%;'><tr><td style='padding:3px 6px; font-weight:bold; background-color:#f2f2f2;'>ปีการผลิต</td><td style='padding:3px 6px;'>257071</td></tr><tr><td style='padding:3px 6px; font-weight:bold; background-color:#f2f2f2;'>รหัสกลุ่มรถไถ</td><td style='padding:3px 6px;'>44/002</td></tr><tr><td style='padding:3px 6px; font-weight:bold; background-color:#f2f2f2;'>โควตาชาวไร่</td><td style='padding:3px 6px;'>944267</td></tr><tr><td style='padding:3px 6px; font-weight:bold; background-color:#f2f2f2;'>ชื่อ-นามสกุล</td><td style='padding:3px 6px;'>นาย ปรีชา พวงธรรม</td></tr><tr><td style='padding:3px 6px; font-weight:bold; background-color:#f2f2f2;'>111</td><td style='padding:3px 6px;'>320915071529</td></tr><tr><td style='padding:3px 6px; font-weight:bold; background-color:#f2f2f2;'>ประเภทอ้อย</td><td style='padding:3px 6px;'>อ้อยปลายฝน</td></tr><tr><td style='padding:3px 6px; font-weight:bold; background-color:#f2f2f2;'>พื้นที่ปลูก</td><td style='padding:3px 6px;'>3.01</td></tr><tr><td style='padding:3px 6px; font-weight:bold; background-color:#f2f2f2;'>ศูนย์</td><td style='padding:3px 6px;'>K2-44</td></tr><tr><td style='padding:3px 6px; font-weight:bold; background-color:#f2f2f2;'>นักเกษตร</td><td style='padding:3px 6px;'>4402</td></tr><tr><td style='padding:3px 6px; font-weight:bold; background-color:#f2f2f2;'>กลุ่ม</td><td style='padding:3px 6px;'>กลุ่ม_44</td></tr></table></div>]]></description>
      <styleUrl>#style_44_002</styleUrl>
      <MultiGeometry><Polygon><outerBoundaryIs><LinearRing><coordinates>103.8203467,14.8656783,0 103.8210017,14.8656450,0 103.8209783,14.8650233,0 103.8203217,14.8650767,0 103.8203467,14.8656783,0</coordinates></LinearRing></outerBoundaryIs></Polygon></MultiGeometry>
    </Placemark>
    <Placemark>
      <name>320915071632</name>
      <description><![CDATA[<div style='font-family:Tahoma,sans-serif; font-size:13px;'><h3 style='color:#1565C0; margin:4px 0;'>รหัส: 320915071632</h3><p style='margin:2px 0;'><b>กลุ่มรถไถ:</b> 44_002</p><table border='1' style='border-collapse:collapse; border-color:#ccc; width:100%;'><tr><td style='padding:3px 6px; font-weight:bold; background-color:#f2f2f2;'>ปีการผลิต</td><td style='padding:3px 6px;'>257071</td></tr><tr><td style='padding:3px 6px; font-weight:bold; background-color:#f2f2f2;'>รหัสกลุ่มรถไถ</td><td style='padding:3px 6px;'>44/002</td></tr><tr><td style='padding:3px 6px; font-weight:bold; background-color:#f2f2f2;'>โควตาชาวไร่</td><td style='padding:3px 6px;'>944267</td></tr><tr><td style='padding:3px 6px; font-weight:bold; background-color:#f2f2f2;'>ชื่อ-นามสกุล</td><td style='padding:3px 6px;'>นาย ปรีชา พวงธรรม</td></tr><tr><td style='padding:3px 6px; font-weight:bold; background-color:#f2f2f2;'>111</td><td style='padding:3px 6px;'>320915071632</td></tr><tr><td style='padding:3px 6px; font-weight:bold; background-color:#f2f2f2;'>ประเภทอ้อย</td><td style='padding:3px 6px;'>อ้อยปลายฝน</td></tr><tr><td style='padding:3px 6px; font-weight:bold; background-color:#f2f2f2;'>พื้นที่ปลูก</td><td style='padding:3px 6px;'>1.76</td></tr><tr><td style='padding:3px 6px; font-weight:bold; background-color:#f2f2f2;'>ศูนย์</td><td style='padding:3px 6px;'>K2-44</td></tr><tr><td style='padding:3px 6px; font-weight:bold; background-color:#f2f2f2;'>นักเกษตร</td><td style='padding:3px 6px;'>4402</td></tr><tr><td style='padding:3px 6px; font-weight:bold; background-color:#f2f2f2;'>กลุ่ม</td><td style='padding:3px 6px;'>กลุ่ม_44</td></tr></table></div>]]></description>
      <styleUrl>#style_44_002</styleUrl>
      <MultiGeometry><Polygon><outerBoundaryIs><LinearRing><coordinates>103.8274421,14.8774555,0 103.8275176,14.8776072,0 103.8278572,14.8774929,0 103.8285471,14.8773395,0 103.8284290,14.8770534,0 103.8279953,14.8772393,0 103.8274421,14.8774555,0</coordinates></LinearRing></outerBoundaryIs></Polygon></MultiGeometry>
    </Placemark>
    <Placemark>
      <name>320914021618</name>
      <description><![CDATA[<div style='font-family:Tahoma,sans-serif; font-size:13px;'><h3 style='color:#1565C0; margin:4px 0;'>รหัส: 320914021618</h3><p style='margin:2px 0;'><b>กลุ่มรถไถ:</b> 44_002</p><table border='1' style='border-collapse:collapse; border-color:#ccc; width:100%;'><tr><td style='padding:3px 6px; font-weight:bold; background-color:#f2f2f2;'>ปีการผลิต</td><td style='padding:3px 6px;'>257071</td></tr><tr><td style='padding:3px 6px; font-weight:bold; background-color:#f2f2f2;'>รหัสกลุ่มรถไถ</td><td style='padding:3px 6px;'>44/002</td></tr><tr><td style='padding:3px 6px; font-weight:bold; background-color:#f2f2f2;'>โควตาชาวไร่</td><td style='padding:3px 6px;'>944306</td></tr><tr><td style='padding:3px 6px; font-weight:bold; background-color:#f2f2f2;'>ชื่อ-นามสกุล</td><td style='padding:3px 6px;'>นาย เดือน บุญหาญ</td></tr><tr><td style='padding:3px 6px; font-weight:bold; background-color:#f2f2f2;'>111</td><td style='padding:3px 6px;'>320914021618</td></tr><tr><td style='padding:3px 6px; font-weight:bold; background-color:#f2f2f2;'>ประเภทอ้อย</td><td style='padding:3px 6px;'>อ้อยปลายฝน</td></tr><tr><td style='padding:3px 6px; font-weight:bold; background-color:#f2f2f2;'>พื้นที่ปลูก</td><td style='padding:3px 6px;'>7.77</td></tr><tr><td style='padding:3px 6px; font-weight:bold; background-color:#f2f2f2;'>ศูนย์</td><td style='padding:3px 6px;'>K2-44</td></tr><tr><td style='padding:3px 6px; font-weight:bold; background-color:#f2f2f2;'>นักเกษตร</td><td style='padding:3px 6px;'>4402</td></tr><tr><td style='padding:3px 6px; font-weight:bold; background-color:#f2f2f2;'>กลุ่ม</td><td style='padding:3px 6px;'>กลุ่ม_44</td></tr></table></div>]]></description>
      <styleUrl>#style_44_002</styleUrl>
      <MultiGeometry><Polygon><outerBoundaryIs><LinearRing><coordinates>103.8028712,14.8307733,0 103.8032648,14.8318249,0 103.8034297,14.8321829,0 103.8037438,14.8320853,0 103.8031986,14.8304418,0 103.8030897,14.8301088,0 103.8029817,14.8296324,0 103.8027741,14.8296485,0 103.8025632,14.8299994,0 103.8028712,14.8307733,0</coordinates></LinearRing></outerBoundaryIs></Polygon></MultiGeometry>
    </Placemark>
    <Placemark>
      <name>320914011600</name>
      <description><![CDATA[<div style='font-family:Tahoma,sans-serif; font-size:13px;'><h3 style='color:#1565C0; margin:4px 0;'>รหัส: 320914011600</h3><p style='margin:2px 0;'><b>กลุ่มรถไถ:</b> 44_002</p><table border='1' style='border-collapse:collapse; border-color:#ccc; width:100%;'><tr><td style='padding:3px 6px; font-weight:bold; background-color:#f2f2f2;'>ปีการผลิต</td><td style='padding:3px 6px;'>257071</td></tr><tr><td style='padding:3px 6px; font-weight:bold; background-color:#f2f2f2;'>รหัสกลุ่มรถไถ</td><td style='padding:3px 6px;'>44/002</td></tr><tr><td style='padding:3px 6px; font-weight:bold; background-color:#f2f2f2;'>โควตาชาวไร่</td><td style='padding:3px 6px;'>944388</td></tr><tr><td style='padding:3px 6px; font-weight:bold; background-color:#f2f2f2;'>ชื่อ-นามสกุล</td><td style='padding:3px 6px;'>นาย ลำพวน บุญจง</td></tr><tr><td style='padding:3px 6px; font-weight:bold; background-color:#f2f2f2;'>111</td><td style='padding:3px 6px;'>320914011600</td></tr><tr><td style='padding:3px 6px; font-weight:bold; background-color:#f2f2f2;'>ประเภทอ้อย</td><td style='padding:3px 6px;'>อ้อยปลายฝน</td></tr><tr><td style='padding:3px 6px; font-weight:bold; background-color:#f2f2f2;'>พื้นที่ปลูก</td><td style='padding:3px 6px;'>1.39</td></tr><tr><td style='padding:3px 6px; font-weight:bold; background-color:#f2f2f2;'>ศูนย์</td><td style='padding:3px 6px;'>K2-44</td></tr><tr><td style='padding:3px 6px; font-weight:bold; background-color:#f2f2f2;'>นักเกษตร</td><td style='padding:3px 6px;'>4402</td></tr><tr><td style='padding:3px 6px; font-weight:bold; background-color:#f2f2f2;'>กลุ่ม</td><td style='padding:3px 6px;'>กลุ่ม_44</td></tr></table></div>]]></description>
      <styleUrl>#style_44_002</styleUrl>
      <MultiGeometry><Polygon><outerBoundaryIs><LinearRing><coordinates>103.7769219,14.8343502,0 103.7767827,14.8340687,0 103.7761517,14.8341930,0 103.7762509,14.8343639,0 103.7762936,14.8343596,0 103.7763888,14.8344564,0 103.7769219,14.8343502,0</coordinates></LinearRing></outerBoundaryIs></Polygon></MultiGeometry>
    </Placemark>
    <Placemark>
      <name>320903051503</name>
      <description><![CDATA[<div style='font-family:Tahoma,sans-serif; font-size:13px;'><h3 style='color:#1565C0; margin:4px 0;'>รหัส: 320903051503</h3><p style='margin:2px 0;'><b>กลุ่มรถไถ:</b> 44_002</p><table border='1' style='border-collapse:collapse; border-color:#ccc; width:100%;'><tr><td style='padding:3px 6px; font-weight:bold; background-color:#f2f2f2;'>ปีการผลิต</td><td style='padding:3px 6px;'>257071</td></tr><tr><td style='padding:3px 6px; font-weight:bold; background-color:#f2f2f2;'>รหัสกลุ่มรถไถ</td><td style='padding:3px 6px;'>44/002</td></tr><tr><td style='padding:3px 6px; font-weight:bold; background-color:#f2f2f2;'>โควตาชาวไร่</td><td style='padding:3px 6px;'>944437</td></tr><tr><td style='padding:3px 6px; font-weight:bold; background-color:#f2f2f2;'>ชื่อ-นามสกุล</td><td style='padding:3px 6px;'>นาง สมศรี คำอุด</td></tr><tr><td style='padding:3px 6px; font-weight:bold; background-color:#f2f2f2;'>111</td><td style='padding:3px 6px;'>320903051503</td></tr><tr><td style='padding:3px 6px; font-weight:bold; background-color:#f2f2f2;'>ประเภทอ้อย</td><td style='padding:3px 6px;'>อ้อยปลายฝน</td></tr><tr><td style='padding:3px 6px; font-weight:bold; background-color:#f2f2f2;'>พื้นที่ปลูก</td><td style='padding:3px 6px;'>2.32</td></tr><tr><td style='padding:3px 6px; font-weight:bold; background-color:#f2f2f2;'>ศูนย์</td><td style='padding:3px 6px;'>K2-44</td></tr><tr><td style='padding:3px 6px; font-weight:bold; background-color:#f2f2f2;'>นักเกษตร</td><td style='padding:3px 6px;'>4402</td></tr><tr><td style='padding:3px 6px; font-weight:bold; background-color:#f2f2f2;'>กลุ่ม</td><td style='padding:3px 6px;'>กลุ่ม_44</td></tr></table></div>]]></description>
      <styleUrl>#style_44_002</styleUrl>
      <MultiGeometry><Polygon><outerBoundaryIs><LinearRing><coordinates>103.7726060,14.9136308,0 103.7719872,14.9139408,0 103.7720387,14.9140663,0 103.7723693,14.9139289,0 103.7726117,14.9139209,0 103.7727589,14.9139775,0 103.7727783,14.9139889,0 103.7727767,14.9140433,0 103.7728467,14.9142183,0 103.7728833,14.9142917,0 103.7728283,14.9143533,0 103.7729067,14.9145667,0 103.7728885,14.9145736,0 103.7729000,14.9145983,0 103.7727083,14.9146917,0 103.7728050,14.9148783,0 103.7731983,14.9146325,0 103.7726060,14.9136308,0</coordinates></LinearRing></outerBoundaryIs></Polygon></MultiGeometry>
    </Placemark>
    <Placemark>
      <name>320908131668</name>
      <description><![CDATA[<div style='font-family:Tahoma,sans-serif; font-size:13px;'><h3 style='color:#1565C0; margin:4px 0;'>รหัส: 320908131668</h3><p style='margin:2px 0;'><b>กลุ่มรถไถ:</b> 44_002</p><table border='1' style='border-collapse:collapse; border-color:#ccc; width:100%;'><tr><td style='padding:3px 6px; font-weight:bold; background-color:#f2f2f2;'>ปีการผลิต</td><td style='padding:3px 6px;'>257071</td></tr><tr><td style='padding:3px 6px; font-weight:bold; background-color:#f2f2f2;'>รหัสกลุ่มรถไถ</td><td style='padding:3px 6px;'>44/002</td></tr><tr><td style='padding:3px 6px; font-weight:bold; background-color:#f2f2f2;'>โควตาชาวไร่</td><td style='padding:3px 6px;'>944496</td></tr><tr><td style='padding:3px 6px; font-weight:bold; background-color:#f2f2f2;'>ชื่อ-นามสกุล</td><td style='padding:3px 6px;'>นาย สมศักดิ์ แกมเพชร</td></tr><tr><td style='padding:3px 6px; font-weight:bold; background-color:#f2f2f2;'>111</td><td style='padding:3px 6px;'>320908131668</td></tr><tr><td style='padding:3px 6px; font-weight:bold; background-color:#f2f2f2;'>ประเภทอ้อย</td><td style='padding:3px 6px;'>อ้อยปลายฝน</td></tr><tr><td style='padding:3px 6px; font-weight:bold; background-color:#f2f2f2;'>พื้นที่ปลูก</td><td style='padding:3px 6px;'>2.2</td></tr><tr><td style='padding:3px 6px; font-weight:bold; background-color:#f2f2f2;'>ศูนย์</td><td style='padding:3px 6px;'>K2-44</td></tr><tr><td style='padding:3px 6px; font-weight:bold; background-color:#f2f2f2;'>นักเกษตร</td><td style='padding:3px 6px;'>4402</td></tr><tr><td style='padding:3px 6px; font-weight:bold; background-color:#f2f2f2;'>กลุ่ม</td><td style='padding:3px 6px;'>กลุ่ม_44</td></tr></table></div>]]></description>
      <styleUrl>#style_44_002</styleUrl>
      <MultiGeometry><Polygon><outerBoundaryIs><LinearRing><coordinates>103.7912633,14.7897633,0 103.7906600,14.7900950,0 103.7908533,14.7903883,0 103.7911233,14.7902900,0 103.7911217,14.7902017,0 103.7915750,14.7900450,0 103.7914217,14.7897483,0 103.7914000,14.7897550,0 103.7913600,14.7897200,0 103.7912633,14.7897633,0</coordinates></LinearRing></outerBoundaryIs></Polygon></MultiGeometry>
    </Placemark>
    <Placemark>
      <name>320914091507</name>
      <description><![CDATA[<div style='font-family:Tahoma,sans-serif; font-size:13px;'><h3 style='color:#1565C0; margin:4px 0;'>รหัส: 320914091507</h3><p style='margin:2px 0;'><b>กลุ่มรถไถ:</b> 44_002</p><table border='1' style='border-collapse:collapse; border-color:#ccc; width:100%;'><tr><td style='padding:3px 6px; font-weight:bold; background-color:#f2f2f2;'>ปีการผลิต</td><td style='padding:3px 6px;'>257071</td></tr><tr><td style='padding:3px 6px; font-weight:bold; background-color:#f2f2f2;'>รหัสกลุ่มรถไถ</td><td style='padding:3px 6px;'>44/002</td></tr><tr><td style='padding:3px 6px; font-weight:bold; background-color:#f2f2f2;'>โควตาชาวไร่</td><td style='padding:3px 6px;'>944513</td></tr><tr><td style='padding:3px 6px; font-weight:bold; background-color:#f2f2f2;'>ชื่อ-นามสกุล</td><td style='padding:3px 6px;'>นาย มานิต ยาหอม</td></tr><tr><td style='padding:3px 6px; font-weight:bold; background-color:#f2f2f2;'>111</td><td style='padding:3px 6px;'>320914091507</td></tr><tr><td style='padding:3px 6px; font-weight:bold; background-color:#f2f2f2;'>ประเภทอ้อย</td><td style='padding:3px 6px;'>อ้อยปลายฝน</td></tr><tr><td style='padding:3px 6px; font-weight:bold; background-color:#f2f2f2;'>พื้นที่ปลูก</td><td style='padding:3px 6px;'>4.88</td></tr><tr><td style='padding:3px 6px; font-weight:bold; background-color:#f2f2f2;'>ศูนย์</td><td style='padding:3px 6px;'>K2-44</td></tr><tr><td style='padding:3px 6px; font-weight:bold; background-color:#f2f2f2;'>นักเกษตร</td><td style='padding:3px 6px;'>4402</td></tr><tr><td style='padding:3px 6px; font-weight:bold; background-color:#f2f2f2;'>กลุ่ม</td><td style='padding:3px 6px;'>กลุ่ม_44</td></tr></table></div>]]></description>
      <styleUrl>#style_44_002</styleUrl>
      <MultiGeometry><Polygon><outerBoundaryIs><LinearRing><coordinates>103.7545162,14.8834655,0 103.7553324,14.8835395,0 103.7553242,14.8834813,0 103.7552618,14.8833060,0 103.7551791,14.8828902,0 103.7551209,14.8827048,0 103.7540743,14.8829664,0 103.7542278,14.8834169,0 103.7545100,14.8834644,0 103.7545021,14.8834029,0 103.7543176,14.8833722,0 103.7542387,14.8830371,0 103.7544148,14.8830483,0 103.7544303,14.8831151,0 103.7544971,14.8833535,0 103.7545162,14.8834655,0</coordinates></LinearRing></outerBoundaryIs></Polygon></MultiGeometry>
    </Placemark>
    <Placemark>
      <name>320914081670</name>
      <description><![CDATA[<div style='font-family:Tahoma,sans-serif; font-size:13px;'><h3 style='color:#1565C0; margin:4px 0;'>รหัส: 320914081670</h3><p style='margin:2px 0;'><b>กลุ่มรถไถ:</b> 44_002</p><table border='1' style='border-collapse:collapse; border-color:#ccc; width:100%;'><tr><td style='padding:3px 6px; font-weight:bold; background-color:#f2f2f2;'>ปีการผลิต</td><td style='padding:3px 6px;'>257071</td></tr><tr><td style='padding:3px 6px; font-weight:bold; background-color:#f2f2f2;'>รหัสกลุ่มรถไถ</td><td style='padding:3px 6px;'>44/002</td></tr><tr><td style='padding:3px 6px; font-weight:bold; background-color:#f2f2f2;'>โควตาชาวไร่</td><td style='padding:3px 6px;'>944532</td></tr><tr><td style='padding:3px 6px; font-weight:bold; background-color:#f2f2f2;'>ชื่อ-นามสกุล</td><td style='padding:3px 6px;'>นาย วันทอง บุญค้ำ</td></tr><tr><td style='padding:3px 6px; font-weight:bold; background-color:#f2f2f2;'>111</td><td style='padding:3px 6px;'>320914081670</td></tr><tr><td style='padding:3px 6px; font-weight:bold; background-color:#f2f2f2;'>ประเภทอ้อย</td><td style='padding:3px 6px;'>อ้อยปลายฝน</td></tr><tr><td style='padding:3px 6px; font-weight:bold; background-color:#f2f2f2;'>พื้นที่ปลูก</td><td style='padding:3px 6px;'>5.16</td></tr><tr><td style='padding:3px 6px; font-weight:bold; background-color:#f2f2f2;'>ศูนย์</td><td style='padding:3px 6px;'>K2-44</td></tr><tr><td style='padding:3px 6px; font-weight:bold; background-color:#f2f2f2;'>นักเกษตร</td><td style='padding:3px 6px;'>4402</td></tr><tr><td style='padding:3px 6px; font-weight:bold; background-color:#f2f2f2;'>กลุ่ม</td><td style='padding:3px 6px;'>กลุ่ม_44</td></tr></table></div>]]></description>
      <styleUrl>#style_44_002</styleUrl>
      <MultiGeometry><Polygon><outerBoundaryIs><LinearRing><coordinates>103.7789390,14.8189526,0 103.7785726,14.8174958,0 103.7780550,14.8175895,0 103.7784392,14.8186590,0 103.7784911,14.8190241,0 103.7789390,14.8189526,0</coordinates></LinearRing></outerBoundaryIs></Polygon></MultiGeometry>
    </Placemark>
  </Folder>
  <Style id="style_44_003">
    <LineStyle>
      <color>ffE5881E</color>
      <width>2.0</width>
    </LineStyle>
    <PolyStyle>
      <color>b3E5881E</color>
    </PolyStyle>
  </Style>
  <Folder>
    <name>44_003</name>
    <Placemark>
      <name>320102010001</name>
      <description><![CDATA[<div style='font-family:Tahoma,sans-serif; font-size:13px;'><h3 style='color:#1565C0; margin:4px 0;'>รหัส: 320102010001</h3><p style='margin:2px 0;'><b>กลุ่มรถไถ:</b> 44_003</p><table border='1' style='border-collapse:collapse; border-color:#ccc; width:100%;'><tr><td style='padding:3px 6px; font-weight:bold; background-color:#f2f2f2;'>ปีการผลิต</td><td style='padding:3px 6px;'>257071</td></tr><tr><td style='padding:3px 6px; font-weight:bold; background-color:#f2f2f2;'>รหัสกลุ่มรถไถ</td><td style='padding:3px 6px;'>44/003</td></tr><tr><td style='padding:3px 6px; font-weight:bold; background-color:#f2f2f2;'>โควตาชาวไร่</td><td style='padding:3px 6px;'>944037</td></tr><tr><td style='padding:3px 6px; font-weight:bold; background-color:#f2f2f2;'>ชื่อ-นามสกุล</td><td style='padding:3px 6px;'>นาย สมศรี ประเสริฐ</td></tr><tr><td style='padding:3px 6px; font-weight:bold; background-color:#f2f2f2;'>111</td><td style='padding:3px 6px;'>320102010001</td></tr><tr><td style='padding:3px 6px; font-weight:bold; background-color:#f2f2f2;'>ประเภทอ้อย</td><td style='padding:3px 6px;'>อ้อยปลายฝน</td></tr><tr><td style='padding:3px 6px; font-weight:bold; background-color:#f2f2f2;'>พื้นที่ปลูก</td><td style='padding:3px 6px;'>4.23</td></tr><tr><td style='padding:3px 6px; font-weight:bold; background-color:#f2f2f2;'>ศูนย์</td><td style='padding:3px 6px;'>K2-44</td></tr><tr><td style='padding:3px 6px; font-weight:bold; background-color:#f2f2f2;'>นักเกษตร</td><td style='padding:3px 6px;'>4403</td></tr><tr><td style='padding:3px 6px; font-weight:bold; background-color:#f2f2f2;'>กลุ่ม</td><td style='padding:3px 6px;'>กลุ่ม_44</td></tr></table></div>]]></description>
      <styleUrl>#style_44_003</styleUrl>
      <MultiGeometry><Polygon><outerBoundaryIs><LinearRing><coordinates>103.8061983,14.8188833,0 103.8059450,14.8189583,0 103.8058883,14.8190083,0 103.8057550,14.8191900,0 103.8057183,14.8194150,0 103.8056917,14.8196567,0 103.8057567,14.8199967,0 103.8060750,14.8199200,0 103.8064133,14.8198967,0 103.8061983,14.8188833,0</coordinates></LinearRing></outerBoundaryIs></Polygon></MultiGeometry>
    </Placemark>
    <Placemark>
      <name>320915101544</name>
      <description><![CDATA[<div style='font-family:Tahoma,sans-serif; font-size:13px;'><h3 style='color:#1565C0; margin:4px 0;'>รหัส: 320915101544</h3><p style='margin:2px 0;'><b>กลุ่มรถไถ:</b> 44_003</p><table border='1' style='border-collapse:collapse; border-color:#ccc; width:100%;'><tr><td style='padding:3px 6px; font-weight:bold; background-color:#f2f2f2;'>ปีการผลิต</td><td style='padding:3px 6px;'>257071</td></tr><tr><td style='padding:3px 6px; font-weight:bold; background-color:#f2f2f2;'>รหัสกลุ่มรถไถ</td><td style='padding:3px 6px;'>44/003</td></tr><tr><td style='padding:3px 6px; font-weight:bold; background-color:#f2f2f2;'>โควตาชาวไร่</td><td style='padding:3px 6px;'>944041</td></tr><tr><td style='padding:3px 6px; font-weight:bold; background-color:#f2f2f2;'>ชื่อ-นามสกุล</td><td style='padding:3px 6px;'>นาง บัวไลย์ สาทิพย์จันทร์</td></tr><tr><td style='padding:3px 6px; font-weight:bold; background-color:#f2f2f2;'>111</td><td style='padding:3px 6px;'>320915101544</td></tr><tr><td style='padding:3px 6px; font-weight:bold; background-color:#f2f2f2;'>ประเภทอ้อย</td><td style='padding:3px 6px;'>อ้อยปลายฝน</td></tr><tr><td style='padding:3px 6px; font-weight:bold; background-color:#f2f2f2;'>พื้นที่ปลูก</td><td style='padding:3px 6px;'>1.09</td></tr><tr><td style='padding:3px 6px; font-weight:bold; background-color:#f2f2f2;'>ศูนย์</td><td style='padding:3px 6px;'>K2-44</td></tr><tr><td style='padding:3px 6px; font-weight:bold; background-color:#f2f2f2;'>นักเกษตร</td><td style='padding:3px 6px;'>4403</td></tr><tr><td style='padding:3px 6px; font-weight:bold; background-color:#f2f2f2;'>กลุ่ม</td><td style='padding:3px 6px;'>กลุ่ม_44</td></tr></table></div>]]></description>
      <styleUrl>#style_44_003</styleUrl>
      <MultiGeometry><Polygon><outerBoundaryIs><LinearRing><coordinates>103.8050006,14.8220568,0 103.8048925,14.8218166,0 103.8047665,14.8218824,0 103.8047605,14.8219101,0 103.8046995,14.8219291,0 103.8046383,14.8218779,0 103.8042360,14.8220386,0 103.8042549,14.8220572,0 103.8043123,14.8221862,0 103.8050006,14.8220568,0</coordinates></LinearRing></outerBoundaryIs></Polygon></MultiGeometry>
    </Placemark>
    <Placemark>
      <name>320915101590</name>
      <description><![CDATA[<div style='font-family:Tahoma,sans-serif; font-size:13px;'><h3 style='color:#1565C0; margin:4px 0;'>รหัส: 320915101590</h3><p style='margin:2px 0;'><b>กลุ่มรถไถ:</b> 44_003</p><table border='1' style='border-collapse:collapse; border-color:#ccc; width:100%;'><tr><td style='padding:3px 6px; font-weight:bold; background-color:#f2f2f2;'>ปีการผลิต</td><td style='padding:3px 6px;'>257071</td></tr><tr><td style='padding:3px 6px; font-weight:bold; background-color:#f2f2f2;'>รหัสกลุ่มรถไถ</td><td style='padding:3px 6px;'>44/003</td></tr><tr><td style='padding:3px 6px; font-weight:bold; background-color:#f2f2f2;'>โควตาชาวไร่</td><td style='padding:3px 6px;'>944041</td></tr><tr><td style='padding:3px 6px; font-weight:bold; background-color:#f2f2f2;'>ชื่อ-นามสกุล</td><td style='padding:3px 6px;'>นาง บัวไลย์ สาทิพย์จันทร์</td></tr><tr><td style='padding:3px 6px; font-weight:bold; background-color:#f2f2f2;'>111</td><td style='padding:3px 6px;'>320915101590</td></tr><tr><td style='padding:3px 6px; font-weight:bold; background-color:#f2f2f2;'>ประเภทอ้อย</td><td style='padding:3px 6px;'>อ้อยปลายฝน</td></tr><tr><td style='padding:3px 6px; font-weight:bold; background-color:#f2f2f2;'>พื้นที่ปลูก</td><td style='padding:3px 6px;'>2.3</td></tr><tr><td style='padding:3px 6px; font-weight:bold; background-color:#f2f2f2;'>ศูนย์</td><td style='padding:3px 6px;'>K2-44</td></tr><tr><td style='padding:3px 6px; font-weight:bold; background-color:#f2f2f2;'>นักเกษตร</td><td style='padding:3px 6px;'>4403</td></tr><tr><td style='padding:3px 6px; font-weight:bold; background-color:#f2f2f2;'>กลุ่ม</td><td style='padding:3px 6px;'>กลุ่ม_44</td></tr></table></div>]]></description>
      <styleUrl>#style_44_003</styleUrl>
      <MultiGeometry><Polygon><outerBoundaryIs><LinearRing><coordinates>103.8054750,14.8232983,0 103.8055400,14.8230050,0 103.8053183,14.8229983,0 103.8053667,14.8229483,0 103.8045533,14.8229000,0 103.8045833,14.8232283,0 103.8054750,14.8232983,0</coordinates></LinearRing></outerBoundaryIs></Polygon></MultiGeometry>
    </Placemark>
    <Placemark>
      <name>320915101617</name>
      <description><![CDATA[<div style='font-family:Tahoma,sans-serif; font-size:13px;'><h3 style='color:#1565C0; margin:4px 0;'>รหัส: 320915101617</h3><p style='margin:2px 0;'><b>กลุ่มรถไถ:</b> 44_003</p><table border='1' style='border-collapse:collapse; border-color:#ccc; width:100%;'><tr><td style='padding:3px 6px; font-weight:bold; background-color:#f2f2f2;'>ปีการผลิต</td><td style='padding:3px 6px;'>257071</td></tr><tr><td style='padding:3px 6px; font-weight:bold; background-color:#f2f2f2;'>รหัสกลุ่มรถไถ</td><td style='padding:3px 6px;'>44/003</td></tr><tr><td style='padding:3px 6px; font-weight:bold; background-color:#f2f2f2;'>โควตาชาวไร่</td><td style='padding:3px 6px;'>944041</td></tr><tr><td style='padding:3px 6px; font-weight:bold; background-color:#f2f2f2;'>ชื่อ-นามสกุล</td><td style='padding:3px 6px;'>นาง บัวไลย์ สาทิพย์จันทร์</td></tr><tr><td style='padding:3px 6px; font-weight:bold; background-color:#f2f2f2;'>111</td><td style='padding:3px 6px;'>320915101617</td></tr><tr><td style='padding:3px 6px; font-weight:bold; background-color:#f2f2f2;'>ประเภทอ้อย</td><td style='padding:3px 6px;'>อ้อยปลายฝน</td></tr><tr><td style='padding:3px 6px; font-weight:bold; background-color:#f2f2f2;'>พื้นที่ปลูก</td><td style='padding:3px 6px;'>1.02</td></tr><tr><td style='padding:3px 6px; font-weight:bold; background-color:#f2f2f2;'>ศูนย์</td><td style='padding:3px 6px;'>K2-44</td></tr><tr><td style='padding:3px 6px; font-weight:bold; background-color:#f2f2f2;'>นักเกษตร</td><td style='padding:3px 6px;'>4403</td></tr><tr><td style='padding:3px 6px; font-weight:bold; background-color:#f2f2f2;'>กลุ่ม</td><td style='padding:3px 6px;'>กลุ่ม_44</td></tr></table></div>]]></description>
      <styleUrl>#style_44_003</styleUrl>
      <MultiGeometry><Polygon><outerBoundaryIs><LinearRing><coordinates>103.8050821,14.8222497,0 103.8049994,14.8220909,0 103.8043697,14.8221919,0 103.8042153,14.8222611,0 103.8042339,14.8223774,0 103.8044522,14.8223308,0 103.8044888,14.8222968,0 103.8045426,14.8223330,0 103.8045287,14.8223563,0 103.8050821,14.8222497,0</coordinates></LinearRing></outerBoundaryIs></Polygon></MultiGeometry>
    </Placemark>
    <Placemark>
      <name>320915041641</name>
      <description><![CDATA[<div style='font-family:Tahoma,sans-serif; font-size:13px;'><h3 style='color:#1565C0; margin:4px 0;'>รหัส: 320915041641</h3><p style='margin:2px 0;'><b>กลุ่มรถไถ:</b> 44_003</p><table border='1' style='border-collapse:collapse; border-color:#ccc; width:100%;'><tr><td style='padding:3px 6px; font-weight:bold; background-color:#f2f2f2;'>ปีการผลิต</td><td style='padding:3px 6px;'>257071</td></tr><tr><td style='padding:3px 6px; font-weight:bold; background-color:#f2f2f2;'>รหัสกลุ่มรถไถ</td><td style='padding:3px 6px;'>44/003</td></tr><tr><td style='padding:3px 6px; font-weight:bold; background-color:#f2f2f2;'>โควตาชาวไร่</td><td style='padding:3px 6px;'>944309</td></tr><tr><td style='padding:3px 6px; font-weight:bold; background-color:#f2f2f2;'>ชื่อ-นามสกุล</td><td style='padding:3px 6px;'>นางสาว กรชนก สุขเต็ม</td></tr><tr><td style='padding:3px 6px; font-weight:bold; background-color:#f2f2f2;'>111</td><td style='padding:3px 6px;'>320915041641</td></tr><tr><td style='padding:3px 6px; font-weight:bold; background-color:#f2f2f2;'>ประเภทอ้อย</td><td style='padding:3px 6px;'>อ้อยปลายฝน</td></tr><tr><td style='padding:3px 6px; font-weight:bold; background-color:#f2f2f2;'>พื้นที่ปลูก</td><td style='padding:3px 6px;'>3.91</td></tr><tr><td style='padding:3px 6px; font-weight:bold; background-color:#f2f2f2;'>ศูนย์</td><td style='padding:3px 6px;'>K2-44</td></tr><tr><td style='padding:3px 6px; font-weight:bold; background-color:#f2f2f2;'>นักเกษตร</td><td style='padding:3px 6px;'>4403</td></tr><tr><td style='padding:3px 6px; font-weight:bold; background-color:#f2f2f2;'>กลุ่ม</td><td style='padding:3px 6px;'>กลุ่ม_44</td></tr></table></div>]]></description>
      <styleUrl>#style_44_003</styleUrl>
      <MultiGeometry><Polygon><outerBoundaryIs><LinearRing><coordinates>103.8299424,14.8361638,0 103.8294999,14.8363020,0 103.8294854,14.8363093,0 103.8294786,14.8363079,0 103.8297569,14.8373582,0 103.8302142,14.8371977,0 103.8299424,14.8361638,0</coordinates></LinearRing></outerBoundaryIs></Polygon></MultiGeometry>
    </Placemark>
    <Placemark>
      <name>320915091711</name>
      <description><![CDATA[<div style='font-family:Tahoma,sans-serif; font-size:13px;'><h3 style='color:#1565C0; margin:4px 0;'>รหัส: 320915091711</h3><p style='margin:2px 0;'><b>กลุ่มรถไถ:</b> 44_003</p><table border='1' style='border-collapse:collapse; border-color:#ccc; width:100%;'><tr><td style='padding:3px 6px; font-weight:bold; background-color:#f2f2f2;'>ปีการผลิต</td><td style='padding:3px 6px;'>257071</td></tr><tr><td style='padding:3px 6px; font-weight:bold; background-color:#f2f2f2;'>รหัสกลุ่มรถไถ</td><td style='padding:3px 6px;'>44/003</td></tr><tr><td style='padding:3px 6px; font-weight:bold; background-color:#f2f2f2;'>โควตาชาวไร่</td><td style='padding:3px 6px;'>944309</td></tr><tr><td style='padding:3px 6px; font-weight:bold; background-color:#f2f2f2;'>ชื่อ-นามสกุล</td><td style='padding:3px 6px;'>นางสาว กรชนก สุขเต็ม</td></tr><tr><td style='padding:3px 6px; font-weight:bold; background-color:#f2f2f2;'>111</td><td style='padding:3px 6px;'>320915091711</td></tr><tr><td style='padding:3px 6px; font-weight:bold; background-color:#f2f2f2;'>ประเภทอ้อย</td><td style='padding:3px 6px;'>อ้อยปลายฝน</td></tr><tr><td style='padding:3px 6px; font-weight:bold; background-color:#f2f2f2;'>พื้นที่ปลูก</td><td style='padding:3px 6px;'>2.45</td></tr><tr><td style='padding:3px 6px; font-weight:bold; background-color:#f2f2f2;'>ศูนย์</td><td style='padding:3px 6px;'>K2-44</td></tr><tr><td style='padding:3px 6px; font-weight:bold; background-color:#f2f2f2;'>นักเกษตร</td><td style='padding:3px 6px;'>4403</td></tr><tr><td style='padding:3px 6px; font-weight:bold; background-color:#f2f2f2;'>กลุ่ม</td><td style='padding:3px 6px;'>กลุ่ม_44</td></tr></table></div>]]></description>
      <styleUrl>#style_44_003</styleUrl>
      <MultiGeometry><Polygon><outerBoundaryIs><LinearRing><coordinates>103.8299570,14.8361569,0 103.8302255,14.8371897,0 103.8305322,14.8370704,0 103.8304152,14.8367845,0 103.8303769,14.8366416,0 103.8303437,14.8363966,0 103.8303225,14.8362303,0 103.8302672,14.8360539,0 103.8299570,14.8361569,0</coordinates></LinearRing></outerBoundaryIs></Polygon></MultiGeometry>
    </Placemark>
  </Folder>
  <Style id="style_44_004">
    <LineStyle>
      <color>ff7B8900</color>
      <width>2.0</width>
    </LineStyle>
    <PolyStyle>
      <color>b37B8900</color>
    </PolyStyle>
  </Style>
  <Folder>
    <name>44_004</name>
    <Placemark>
      <name>320915021686</name>
      <description><![CDATA[<div style='font-family:Tahoma,sans-serif; font-size:13px;'><h3 style='color:#1565C0; margin:4px 0;'>รหัส: 320915021686</h3><p style='margin:2px 0;'><b>กลุ่มรถไถ:</b> 44_004</p><table border='1' style='border-collapse:collapse; border-color:#ccc; width:100%;'><tr><td style='padding:3px 6px; font-weight:bold; background-color:#f2f2f2;'>ปีการผลิต</td><td style='padding:3px 6px;'>257071</td></tr><tr><td style='padding:3px 6px; font-weight:bold; background-color:#f2f2f2;'>รหัสกลุ่มรถไถ</td><td style='padding:3px 6px;'>44/004</td></tr><tr><td style='padding:3px 6px; font-weight:bold; background-color:#f2f2f2;'>โควตาชาวไร่</td><td style='padding:3px 6px;'>743138</td></tr><tr><td style='padding:3px 6px; font-weight:bold; background-color:#f2f2f2;'>ชื่อ-นามสกุล</td><td style='padding:3px 6px;'>นาย เหรียญ ใยอิ้ม</td></tr><tr><td style='padding:3px 6px; font-weight:bold; background-color:#f2f2f2;'>111</td><td style='padding:3px 6px;'>320915021686</td></tr><tr><td style='padding:3px 6px; font-weight:bold; background-color:#f2f2f2;'>ประเภทอ้อย</td><td style='padding:3px 6px;'>อ้อยปลายฝน</td></tr><tr><td style='padding:3px 6px; font-weight:bold; background-color:#f2f2f2;'>พื้นที่ปลูก</td><td style='padding:3px 6px;'>1.65</td></tr><tr><td style='padding:3px 6px; font-weight:bold; background-color:#f2f2f2;'>ศูนย์</td><td style='padding:3px 6px;'>K2-44</td></tr><tr><td style='padding:3px 6px; font-weight:bold; background-color:#f2f2f2;'>นักเกษตร</td><td style='padding:3px 6px;'>4401</td></tr><tr><td style='padding:3px 6px; font-weight:bold; background-color:#f2f2f2;'>กลุ่ม</td><td style='padding:3px 6px;'>กลุ่ม_44</td></tr></table></div>]]></description>
      <styleUrl>#style_44_004</styleUrl>
      <MultiGeometry><Polygon><outerBoundaryIs><LinearRing><coordinates>103.8186500,14.8571367,0 103.8185983,14.8571367,0 103.8189265,14.8582943,0 103.8190282,14.8586256,0 103.8191446,14.8590259,0 103.8192602,14.8589736,0 103.8189611,14.8579826,0 103.8189194,14.8578746,0 103.8188093,14.8575098,0 103.8187235,14.8572124,0 103.8187113,14.8571477,0 103.8186500,14.8571367,0</coordinates></LinearRing></outerBoundaryIs></Polygon></MultiGeometry>
    </Placemark>
    <Placemark>
      <name>320915021930</name>
      <description><![CDATA[<div style='font-family:Tahoma,sans-serif; font-size:13px;'><h3 style='color:#1565C0; margin:4px 0;'>รหัส: 320915021930</h3><p style='margin:2px 0;'><b>กลุ่มรถไถ:</b> 44_004</p><table border='1' style='border-collapse:collapse; border-color:#ccc; width:100%;'><tr><td style='padding:3px 6px; font-weight:bold; background-color:#f2f2f2;'>ปีการผลิต</td><td style='padding:3px 6px;'>257071</td></tr><tr><td style='padding:3px 6px; font-weight:bold; background-color:#f2f2f2;'>รหัสกลุ่มรถไถ</td><td style='padding:3px 6px;'>44/004</td></tr><tr><td style='padding:3px 6px; font-weight:bold; background-color:#f2f2f2;'>โควตาชาวไร่</td><td style='padding:3px 6px;'>743216</td></tr><tr><td style='padding:3px 6px; font-weight:bold; background-color:#f2f2f2;'>ชื่อ-นามสกุล</td><td style='padding:3px 6px;'>น.ส. สลิลทิพย์ จันทร์มณี</td></tr><tr><td style='padding:3px 6px; font-weight:bold; background-color:#f2f2f2;'>111</td><td style='padding:3px 6px;'>320915021930</td></tr><tr><td style='padding:3px 6px; font-weight:bold; background-color:#f2f2f2;'>ประเภทอ้อย</td><td style='padding:3px 6px;'>อ้อยปลายฝน</td></tr><tr><td style='padding:3px 6px; font-weight:bold; background-color:#f2f2f2;'>พื้นที่ปลูก</td><td style='padding:3px 6px;'>6.36</td></tr><tr><td style='padding:3px 6px; font-weight:bold; background-color:#f2f2f2;'>ศูนย์</td><td style='padding:3px 6px;'>K2-44</td></tr><tr><td style='padding:3px 6px; font-weight:bold; background-color:#f2f2f2;'>นักเกษตร</td><td style='padding:3px 6px;'>4401</td></tr><tr><td style='padding:3px 6px; font-weight:bold; background-color:#f2f2f2;'>กลุ่ม</td><td style='padding:3px 6px;'>กลุ่ม_44</td></tr></table></div>]]></description>
      <styleUrl>#style_44_004</styleUrl>
      <MultiGeometry><Polygon><outerBoundaryIs><LinearRing><coordinates>103.8239217,14.8530833,0 103.8229450,14.8533150,0 103.8229350,14.8534750,0 103.8230050,14.8537483,0 103.8234350,14.8536783,0 103.8236917,14.8536300,0 103.8237583,14.8536283,0 103.8240100,14.8534917,0 103.8243500,14.8533383,0 103.8246067,14.8531167,0 103.8248317,14.8529967,0 103.8250200,14.8528750,0 103.8249567,14.8526567,0 103.8245767,14.8528017,0 103.8244150,14.8528933,0 103.8241300,14.8530050,0 103.8239967,14.8530567,0 103.8239217,14.8530833,0</coordinates></LinearRing></outerBoundaryIs></Polygon></MultiGeometry>
    </Placemark>
    <Placemark>
      <name>320915020112</name>
      <description><![CDATA[<div style='font-family:Tahoma,sans-serif; font-size:13px;'><h3 style='color:#1565C0; margin:4px 0;'>รหัส: 320915020112</h3><p style='margin:2px 0;'><b>กลุ่มรถไถ:</b> 44_004</p><table border='1' style='border-collapse:collapse; border-color:#ccc; width:100%;'><tr><td style='padding:3px 6px; font-weight:bold; background-color:#f2f2f2;'>ปีการผลิต</td><td style='padding:3px 6px;'>257071</td></tr><tr><td style='padding:3px 6px; font-weight:bold; background-color:#f2f2f2;'>รหัสกลุ่มรถไถ</td><td style='padding:3px 6px;'>44/004</td></tr><tr><td style='padding:3px 6px; font-weight:bold; background-color:#f2f2f2;'>โควตาชาวไร่</td><td style='padding:3px 6px;'>743217</td></tr><tr><td style='padding:3px 6px; font-weight:bold; background-color:#f2f2f2;'>ชื่อ-นามสกุล</td><td style='padding:3px 6px;'>นาง ประนอม ไหมทอง</td></tr><tr><td style='padding:3px 6px; font-weight:bold; background-color:#f2f2f2;'>111</td><td style='padding:3px 6px;'>320915020112</td></tr><tr><td style='padding:3px 6px; font-weight:bold; background-color:#f2f2f2;'>ประเภทอ้อย</td><td style='padding:3px 6px;'>อ้อยปลายฝน</td></tr><tr><td style='padding:3px 6px; font-weight:bold; background-color:#f2f2f2;'>พื้นที่ปลูก</td><td style='padding:3px 6px;'>9.88</td></tr><tr><td style='padding:3px 6px; font-weight:bold; background-color:#f2f2f2;'>ศูนย์</td><td style='padding:3px 6px;'>K2-44</td></tr><tr><td style='padding:3px 6px; font-weight:bold; background-color:#f2f2f2;'>นักเกษตร</td><td style='padding:3px 6px;'>4401</td></tr><tr><td style='padding:3px 6px; font-weight:bold; background-color:#f2f2f2;'>กลุ่ม</td><td style='padding:3px 6px;'>กลุ่ม_44</td></tr></table></div>]]></description>
      <styleUrl>#style_44_004</styleUrl>
      <MultiGeometry><Polygon><outerBoundaryIs><LinearRing><coordinates>103.8447350,14.8933017,0 103.8448400,14.8956483,0 103.8453683,14.8955333,0 103.8453417,14.8932500,0 103.8447350,14.8933017,0</coordinates></LinearRing></outerBoundaryIs></Polygon></MultiGeometry>
    </Placemark>
    <Placemark>
      <name>320915021699</name>
      <description><![CDATA[<div style='font-family:Tahoma,sans-serif; font-size:13px;'><h3 style='color:#1565C0; margin:4px 0;'>รหัส: 320915021699</h3><p style='margin:2px 0;'><b>กลุ่มรถไถ:</b> 44_004</p><table border='1' style='border-collapse:collapse; border-color:#ccc; width:100%;'><tr><td style='padding:3px 6px; font-weight:bold; background-color:#f2f2f2;'>ปีการผลิต</td><td style='padding:3px 6px;'>257071</td></tr><tr><td style='padding:3px 6px; font-weight:bold; background-color:#f2f2f2;'>รหัสกลุ่มรถไถ</td><td style='padding:3px 6px;'>44/004</td></tr><tr><td style='padding:3px 6px; font-weight:bold; background-color:#f2f2f2;'>โควตาชาวไร่</td><td style='padding:3px 6px;'>743218</td></tr><tr><td style='padding:3px 6px; font-weight:bold; background-color:#f2f2f2;'>ชื่อ-นามสกุล</td><td style='padding:3px 6px;'>นาย อุดร แย้มจันทึก</td></tr><tr><td style='padding:3px 6px; font-weight:bold; background-color:#f2f2f2;'>111</td><td style='padding:3px 6px;'>320915021699</td></tr><tr><td style='padding:3px 6px; font-weight:bold; background-color:#f2f2f2;'>ประเภทอ้อย</td><td style='padding:3px 6px;'>อ้อยปลายฝน</td></tr><tr><td style='padding:3px 6px; font-weight:bold; background-color:#f2f2f2;'>พื้นที่ปลูก</td><td style='padding:3px 6px;'>7.9</td></tr><tr><td style='padding:3px 6px; font-weight:bold; background-color:#f2f2f2;'>ศูนย์</td><td style='padding:3px 6px;'>K2-44</td></tr><tr><td style='padding:3px 6px; font-weight:bold; background-color:#f2f2f2;'>นักเกษตร</td><td style='padding:3px 6px;'>4401</td></tr><tr><td style='padding:3px 6px; font-weight:bold; background-color:#f2f2f2;'>กลุ่ม</td><td style='padding:3px 6px;'>กลุ่ม_44</td></tr></table></div>]]></description>
      <styleUrl>#style_44_004</styleUrl>
      <MultiGeometry><Polygon><outerBoundaryIs><LinearRing><coordinates>103.8419817,14.8653433,0 103.8431600,14.8646867,0 103.8441333,14.8641083,0 103.8438950,14.8637050,0 103.8436400,14.8637917,0 103.8433033,14.8640400,0 103.8430400,14.8642583,0 103.8422417,14.8647417,0 103.8423133,14.8648650,0 103.8422017,14.8649317,0 103.8421183,14.8648450,0 103.8418283,14.8649867,0 103.8419817,14.8653433,0</coordinates></LinearRing></outerBoundaryIs></Polygon></MultiGeometry>
    </Placemark>
    <Placemark>
      <name>320915021872</name>
      <description><![CDATA[<div style='font-family:Tahoma,sans-serif; font-size:13px;'><h3 style='color:#1565C0; margin:4px 0;'>รหัส: 320915021872</h3><p style='margin:2px 0;'><b>กลุ่มรถไถ:</b> 44_004</p><table border='1' style='border-collapse:collapse; border-color:#ccc; width:100%;'><tr><td style='padding:3px 6px; font-weight:bold; background-color:#f2f2f2;'>ปีการผลิต</td><td style='padding:3px 6px;'>257071</td></tr><tr><td style='padding:3px 6px; font-weight:bold; background-color:#f2f2f2;'>รหัสกลุ่มรถไถ</td><td style='padding:3px 6px;'>44/004</td></tr><tr><td style='padding:3px 6px; font-weight:bold; background-color:#f2f2f2;'>โควตาชาวไร่</td><td style='padding:3px 6px;'>743218</td></tr><tr><td style='padding:3px 6px; font-weight:bold; background-color:#f2f2f2;'>ชื่อ-นามสกุล</td><td style='padding:3px 6px;'>นาย อุดร แย้มจันทึก</td></tr><tr><td style='padding:3px 6px; font-weight:bold; background-color:#f2f2f2;'>111</td><td style='padding:3px 6px;'>320915021872</td></tr><tr><td style='padding:3px 6px; font-weight:bold; background-color:#f2f2f2;'>ประเภทอ้อย</td><td style='padding:3px 6px;'>อ้อยปลายฝน</td></tr><tr><td style='padding:3px 6px; font-weight:bold; background-color:#f2f2f2;'>พื้นที่ปลูก</td><td style='padding:3px 6px;'>3.58</td></tr><tr><td style='padding:3px 6px; font-weight:bold; background-color:#f2f2f2;'>ศูนย์</td><td style='padding:3px 6px;'>K2-44</td></tr><tr><td style='padding:3px 6px; font-weight:bold; background-color:#f2f2f2;'>นักเกษตร</td><td style='padding:3px 6px;'>4401</td></tr><tr><td style='padding:3px 6px; font-weight:bold; background-color:#f2f2f2;'>กลุ่ม</td><td style='padding:3px 6px;'>กลุ่ม_44</td></tr></table></div>]]></description>
      <styleUrl>#style_44_004</styleUrl>
      <MultiGeometry><Polygon><outerBoundaryIs><LinearRing><coordinates>103.8150825,14.8601117,0 103.8151143,14.8599347,0 103.8152126,14.8598396,0 103.8151967,14.8597798,0 103.8152239,14.8595915,0 103.8148018,14.8595677,0 103.8140568,14.8596422,0 103.8140502,14.8599880,0 103.8144501,14.8599894,0 103.8144398,14.8599666,0 103.8150825,14.8601117,0</coordinates></LinearRing></outerBoundaryIs></Polygon></MultiGeometry>
    </Placemark>
    <Placemark>
      <name>320915021832</name>
      <description><![CDATA[<div style='font-family:Tahoma,sans-serif; font-size:13px;'><h3 style='color:#1565C0; margin:4px 0;'>รหัส: 320915021832</h3><p style='margin:2px 0;'><b>กลุ่มรถไถ:</b> 44_004</p><table border='1' style='border-collapse:collapse; border-color:#ccc; width:100%;'><tr><td style='padding:3px 6px; font-weight:bold; background-color:#f2f2f2;'>ปีการผลิต</td><td style='padding:3px 6px;'>257071</td></tr><tr><td style='padding:3px 6px; font-weight:bold; background-color:#f2f2f2;'>รหัสกลุ่มรถไถ</td><td style='padding:3px 6px;'>44/004</td></tr><tr><td style='padding:3px 6px; font-weight:bold; background-color:#f2f2f2;'>โควตาชาวไร่</td><td style='padding:3px 6px;'>743277</td></tr><tr><td style='padding:3px 6px; font-weight:bold; background-color:#f2f2f2;'>ชื่อ-นามสกุล</td><td style='padding:3px 6px;'>นาง บุญเติม ศรีไพร</td></tr><tr><td style='padding:3px 6px; font-weight:bold; background-color:#f2f2f2;'>111</td><td style='padding:3px 6px;'>320915021832</td></tr><tr><td style='padding:3px 6px; font-weight:bold; background-color:#f2f2f2;'>ประเภทอ้อย</td><td style='padding:3px 6px;'>อ้อยปลายฝน</td></tr><tr><td style='padding:3px 6px; font-weight:bold; background-color:#f2f2f2;'>พื้นที่ปลูก</td><td style='padding:3px 6px;'>2.85</td></tr><tr><td style='padding:3px 6px; font-weight:bold; background-color:#f2f2f2;'>ศูนย์</td><td style='padding:3px 6px;'>K2-44</td></tr><tr><td style='padding:3px 6px; font-weight:bold; background-color:#f2f2f2;'>นักเกษตร</td><td style='padding:3px 6px;'>4401</td></tr><tr><td style='padding:3px 6px; font-weight:bold; background-color:#f2f2f2;'>กลุ่ม</td><td style='padding:3px 6px;'>กลุ่ม_44</td></tr></table></div>]]></description>
      <styleUrl>#style_44_004</styleUrl>
      <MultiGeometry><Polygon><outerBoundaryIs><LinearRing><coordinates>103.8264968,14.8494399,0 103.8262686,14.8494957,0 103.8264672,14.8508094,0 103.8267968,14.8507516,0 103.8264968,14.8494399,0</coordinates></LinearRing></outerBoundaryIs></Polygon></MultiGeometry>
    </Placemark>
    <Placemark>
      <name>320915021778</name>
      <description><![CDATA[<div style='font-family:Tahoma,sans-serif; font-size:13px;'><h3 style='color:#1565C0; margin:4px 0;'>รหัส: 320915021778</h3><p style='margin:2px 0;'><b>กลุ่มรถไถ:</b> 44_004</p><table border='1' style='border-collapse:collapse; border-color:#ccc; width:100%;'><tr><td style='padding:3px 6px; font-weight:bold; background-color:#f2f2f2;'>ปีการผลิต</td><td style='padding:3px 6px;'>257071</td></tr><tr><td style='padding:3px 6px; font-weight:bold; background-color:#f2f2f2;'>รหัสกลุ่มรถไถ</td><td style='padding:3px 6px;'>44/004</td></tr><tr><td style='padding:3px 6px; font-weight:bold; background-color:#f2f2f2;'>โควตาชาวไร่</td><td style='padding:3px 6px;'>743279</td></tr><tr><td style='padding:3px 6px; font-weight:bold; background-color:#f2f2f2;'>ชื่อ-นามสกุล</td><td style='padding:3px 6px;'>นาง สมจิตร พวงราช</td></tr><tr><td style='padding:3px 6px; font-weight:bold; background-color:#f2f2f2;'>111</td><td style='padding:3px 6px;'>320915021778</td></tr><tr><td style='padding:3px 6px; font-weight:bold; background-color:#f2f2f2;'>ประเภทอ้อย</td><td style='padding:3px 6px;'>อ้อยปลายฝน</td></tr><tr><td style='padding:3px 6px; font-weight:bold; background-color:#f2f2f2;'>พื้นที่ปลูก</td><td style='padding:3px 6px;'>2.48</td></tr><tr><td style='padding:3px 6px; font-weight:bold; background-color:#f2f2f2;'>ศูนย์</td><td style='padding:3px 6px;'>K2-44</td></tr><tr><td style='padding:3px 6px; font-weight:bold; background-color:#f2f2f2;'>นักเกษตร</td><td style='padding:3px 6px;'>4401</td></tr><tr><td style='padding:3px 6px; font-weight:bold; background-color:#f2f2f2;'>กลุ่ม</td><td style='padding:3px 6px;'>กลุ่ม_44</td></tr></table></div>]]></description>
      <styleUrl>#style_44_004</styleUrl>
      <MultiGeometry><Polygon><outerBoundaryIs><LinearRing><coordinates>103.8154075,14.8565563,0 103.8152896,14.8555157,0 103.8149555,14.8554745,0 103.8151128,14.8565578,0 103.8154075,14.8565563,0</coordinates></LinearRing></outerBoundaryIs></Polygon></MultiGeometry>
    </Placemark>
    <Placemark>
      <name>320915021799</name>
      <description><![CDATA[<div style='font-family:Tahoma,sans-serif; font-size:13px;'><h3 style='color:#1565C0; margin:4px 0;'>รหัส: 320915021799</h3><p style='margin:2px 0;'><b>กลุ่มรถไถ:</b> 44_004</p><table border='1' style='border-collapse:collapse; border-color:#ccc; width:100%;'><tr><td style='padding:3px 6px; font-weight:bold; background-color:#f2f2f2;'>ปีการผลิต</td><td style='padding:3px 6px;'>257071</td></tr><tr><td style='padding:3px 6px; font-weight:bold; background-color:#f2f2f2;'>รหัสกลุ่มรถไถ</td><td style='padding:3px 6px;'>44/004</td></tr><tr><td style='padding:3px 6px; font-weight:bold; background-color:#f2f2f2;'>โควตาชาวไร่</td><td style='padding:3px 6px;'>743282</td></tr><tr><td style='padding:3px 6px; font-weight:bold; background-color:#f2f2f2;'>ชื่อ-นามสกุล</td><td style='padding:3px 6px;'>นาย สุมิตร พลูภิรมย์</td></tr><tr><td style='padding:3px 6px; font-weight:bold; background-color:#f2f2f2;'>111</td><td style='padding:3px 6px;'>320915021799</td></tr><tr><td style='padding:3px 6px; font-weight:bold; background-color:#f2f2f2;'>ประเภทอ้อย</td><td style='padding:3px 6px;'>อ้อยปลายฝน</td></tr><tr><td style='padding:3px 6px; font-weight:bold; background-color:#f2f2f2;'>พื้นที่ปลูก</td><td style='padding:3px 6px;'>3.2</td></tr><tr><td style='padding:3px 6px; font-weight:bold; background-color:#f2f2f2;'>ศูนย์</td><td style='padding:3px 6px;'>K2-44</td></tr><tr><td style='padding:3px 6px; font-weight:bold; background-color:#f2f2f2;'>นักเกษตร</td><td style='padding:3px 6px;'>4401</td></tr><tr><td style='padding:3px 6px; font-weight:bold; background-color:#f2f2f2;'>กลุ่ม</td><td style='padding:3px 6px;'>กลุ่ม_44</td></tr></table></div>]]></description>
      <styleUrl>#style_44_004</styleUrl>
      <MultiGeometry><Polygon><outerBoundaryIs><LinearRing><coordinates>103.8405075,14.8493886,0 103.8397002,14.8495838,0 103.8394579,14.8496696,0 103.8391537,14.8498069,0 103.8392714,14.8500877,0 103.8395185,14.8500589,0 103.8395057,14.8498270,0 103.8397542,14.8497876,0 103.8397757,14.8499009,0 103.8402458,14.8498046,0 103.8405557,14.8497355,0 103.8405075,14.8493886,0</coordinates></LinearRing></outerBoundaryIs></Polygon></MultiGeometry>
    </Placemark>
    <Placemark>
      <name>320915011718</name>
      <description><![CDATA[<div style='font-family:Tahoma,sans-serif; font-size:13px;'><h3 style='color:#1565C0; margin:4px 0;'>รหัส: 320915011718</h3><p style='margin:2px 0;'><b>กลุ่มรถไถ:</b> 44_004</p><table border='1' style='border-collapse:collapse; border-color:#ccc; width:100%;'><tr><td style='padding:3px 6px; font-weight:bold; background-color:#f2f2f2;'>ปีการผลิต</td><td style='padding:3px 6px;'>257071</td></tr><tr><td style='padding:3px 6px; font-weight:bold; background-color:#f2f2f2;'>รหัสกลุ่มรถไถ</td><td style='padding:3px 6px;'>44/004</td></tr><tr><td style='padding:3px 6px; font-weight:bold; background-color:#f2f2f2;'>โควตาชาวไร่</td><td style='padding:3px 6px;'>743326</td></tr><tr><td style='padding:3px 6px; font-weight:bold; background-color:#f2f2f2;'>ชื่อ-นามสกุล</td><td style='padding:3px 6px;'>นาง พิมล ใยอิ้ม</td></tr><tr><td style='padding:3px 6px; font-weight:bold; background-color:#f2f2f2;'>111</td><td style='padding:3px 6px;'>320915011718</td></tr><tr><td style='padding:3px 6px; font-weight:bold; background-color:#f2f2f2;'>ประเภทอ้อย</td><td style='padding:3px 6px;'>อ้อยปลายฝน</td></tr><tr><td style='padding:3px 6px; font-weight:bold; background-color:#f2f2f2;'>พื้นที่ปลูก</td><td style='padding:3px 6px;'>5.57</td></tr><tr><td style='padding:3px 6px; font-weight:bold; background-color:#f2f2f2;'>ศูนย์</td><td style='padding:3px 6px;'>K2-44</td></tr><tr><td style='padding:3px 6px; font-weight:bold; background-color:#f2f2f2;'>นักเกษตร</td><td style='padding:3px 6px;'>4401</td></tr><tr><td style='padding:3px 6px; font-weight:bold; background-color:#f2f2f2;'>กลุ่ม</td><td style='padding:3px 6px;'>กลุ่ม_44</td></tr></table></div>]]></description>
      <styleUrl>#style_44_004</styleUrl>
      <MultiGeometry><Polygon><outerBoundaryIs><LinearRing><coordinates>103.8345922,14.8616258,0 103.8346845,14.8620380,0 103.8352694,14.8619041,0 103.8348556,14.8605810,0 103.8343999,14.8606670,0 103.8345922,14.8616258,0</coordinates></LinearRing></outerBoundaryIs></Polygon></MultiGeometry>
    </Placemark>
    <Placemark>
      <name>320915091716</name>
      <description><![CDATA[<div style='font-family:Tahoma,sans-serif; font-size:13px;'><h3 style='color:#1565C0; margin:4px 0;'>รหัส: 320915091716</h3><p style='margin:2px 0;'><b>กลุ่มรถไถ:</b> 44_004</p><table border='1' style='border-collapse:collapse; border-color:#ccc; width:100%;'><tr><td style='padding:3px 6px; font-weight:bold; background-color:#f2f2f2;'>ปีการผลิต</td><td style='padding:3px 6px;'>257071</td></tr><tr><td style='padding:3px 6px; font-weight:bold; background-color:#f2f2f2;'>รหัสกลุ่มรถไถ</td><td style='padding:3px 6px;'>44/004</td></tr><tr><td style='padding:3px 6px; font-weight:bold; background-color:#f2f2f2;'>โควตาชาวไร่</td><td style='padding:3px 6px;'>743792</td></tr><tr><td style='padding:3px 6px; font-weight:bold; background-color:#f2f2f2;'>ชื่อ-นามสกุล</td><td style='padding:3px 6px;'>นาง ลัดดา หาญยิ่ง</td></tr><tr><td style='padding:3px 6px; font-weight:bold; background-color:#f2f2f2;'>111</td><td style='padding:3px 6px;'>320915091716</td></tr><tr><td style='padding:3px 6px; font-weight:bold; background-color:#f2f2f2;'>ประเภทอ้อย</td><td style='padding:3px 6px;'>อ้อยปลายฝน</td></tr><tr><td style='padding:3px 6px; font-weight:bold; background-color:#f2f2f2;'>พื้นที่ปลูก</td><td style='padding:3px 6px;'>7.69</td></tr><tr><td style='padding:3px 6px; font-weight:bold; background-color:#f2f2f2;'>ศูนย์</td><td style='padding:3px 6px;'>K2-44</td></tr><tr><td style='padding:3px 6px; font-weight:bold; background-color:#f2f2f2;'>นักเกษตร</td><td style='padding:3px 6px;'>4401</td></tr><tr><td style='padding:3px 6px; font-weight:bold; background-color:#f2f2f2;'>กลุ่ม</td><td style='padding:3px 6px;'>กลุ่ม_44</td></tr></table></div>]]></description>
      <styleUrl>#style_44_004</styleUrl>
      <MultiGeometry><Polygon><outerBoundaryIs><LinearRing><coordinates>103.8200883,14.8510683,0 103.8200683,14.8509917,0 103.8200050,14.8509683,0 103.8199500,14.8507883,0 103.8204433,14.8507067,0 103.8205000,14.8509733,0 103.8208583,14.8509500,0 103.8207250,14.8505917,0 103.8193867,14.8508633,0 103.8194250,14.8515367,0 103.8199200,14.8515267,0 103.8210950,14.8514050,0 103.8209133,14.8509633,0 103.8200883,14.8510683,0</coordinates></LinearRing></outerBoundaryIs></Polygon></MultiGeometry>
    </Placemark>
    <Placemark>
      <name>320915051538</name>
      <description><![CDATA[<div style='font-family:Tahoma,sans-serif; font-size:13px;'><h3 style='color:#1565C0; margin:4px 0;'>รหัส: 320915051538</h3><p style='margin:2px 0;'><b>กลุ่มรถไถ:</b> 44_004</p><table border='1' style='border-collapse:collapse; border-color:#ccc; width:100%;'><tr><td style='padding:3px 6px; font-weight:bold; background-color:#f2f2f2;'>ปีการผลิต</td><td style='padding:3px 6px;'>257071</td></tr><tr><td style='padding:3px 6px; font-weight:bold; background-color:#f2f2f2;'>รหัสกลุ่มรถไถ</td><td style='padding:3px 6px;'>44/004</td></tr><tr><td style='padding:3px 6px; font-weight:bold; background-color:#f2f2f2;'>โควตาชาวไร่</td><td style='padding:3px 6px;'>744215</td></tr><tr><td style='padding:3px 6px; font-weight:bold; background-color:#f2f2f2;'>ชื่อ-นามสกุล</td><td style='padding:3px 6px;'>นาย ทวน อินทวี</td></tr><tr><td style='padding:3px 6px; font-weight:bold; background-color:#f2f2f2;'>111</td><td style='padding:3px 6px;'>320915051538</td></tr><tr><td style='padding:3px 6px; font-weight:bold; background-color:#f2f2f2;'>ประเภทอ้อย</td><td style='padding:3px 6px;'>อ้อยปลายฝน</td></tr><tr><td style='padding:3px 6px; font-weight:bold; background-color:#f2f2f2;'>พื้นที่ปลูก</td><td style='padding:3px 6px;'>2.38</td></tr><tr><td style='padding:3px 6px; font-weight:bold; background-color:#f2f2f2;'>ศูนย์</td><td style='padding:3px 6px;'>K2-44</td></tr><tr><td style='padding:3px 6px; font-weight:bold; background-color:#f2f2f2;'>นักเกษตร</td><td style='padding:3px 6px;'>4404</td></tr><tr><td style='padding:3px 6px; font-weight:bold; background-color:#f2f2f2;'>กลุ่ม</td><td style='padding:3px 6px;'>กลุ่ม_44</td></tr></table></div>]]></description>
      <styleUrl>#style_44_004</styleUrl>
      <MultiGeometry><Polygon><outerBoundaryIs><LinearRing><coordinates>103.8379036,14.8968081,0 103.8378111,14.8968141,0 103.8378999,14.8977519,0 103.8380059,14.8977272,0 103.8379892,14.8976011,0 103.8380766,14.8975972,0 103.8381076,14.8977183,0 103.8382235,14.8976983,0 103.8381678,14.8967572,0 103.8379171,14.8967393,0 103.8379036,14.8968081,0</coordinates></LinearRing></outerBoundaryIs></Polygon></MultiGeometry>
    </Placemark>
    <Placemark>
      <name>320915020195</name>
      <description><![CDATA[<div style='font-family:Tahoma,sans-serif; font-size:13px;'><h3 style='color:#1565C0; margin:4px 0;'>รหัส: 320915020195</h3><p style='margin:2px 0;'><b>กลุ่มรถไถ:</b> 44_004</p><table border='1' style='border-collapse:collapse; border-color:#ccc; width:100%;'><tr><td style='padding:3px 6px; font-weight:bold; background-color:#f2f2f2;'>ปีการผลิต</td><td style='padding:3px 6px;'>257071</td></tr><tr><td style='padding:3px 6px; font-weight:bold; background-color:#f2f2f2;'>รหัสกลุ่มรถไถ</td><td style='padding:3px 6px;'>44/004</td></tr><tr><td style='padding:3px 6px; font-weight:bold; background-color:#f2f2f2;'>โควตาชาวไร่</td><td style='padding:3px 6px;'>944008</td></tr><tr><td style='padding:3px 6px; font-weight:bold; background-color:#f2f2f2;'>ชื่อ-นามสกุล</td><td style='padding:3px 6px;'>นาง บุญยัง นามโคตร</td></tr><tr><td style='padding:3px 6px; font-weight:bold; background-color:#f2f2f2;'>111</td><td style='padding:3px 6px;'>320915020195</td></tr><tr><td style='padding:3px 6px; font-weight:bold; background-color:#f2f2f2;'>ประเภทอ้อย</td><td style='padding:3px 6px;'>อ้อยปลายฝน</td></tr><tr><td style='padding:3px 6px; font-weight:bold; background-color:#f2f2f2;'>พื้นที่ปลูก</td><td style='padding:3px 6px;'>7.88</td></tr><tr><td style='padding:3px 6px; font-weight:bold; background-color:#f2f2f2;'>ศูนย์</td><td style='padding:3px 6px;'>K2-44</td></tr><tr><td style='padding:3px 6px; font-weight:bold; background-color:#f2f2f2;'>นักเกษตร</td><td style='padding:3px 6px;'>4401</td></tr><tr><td style='padding:3px 6px; font-weight:bold; background-color:#f2f2f2;'>กลุ่ม</td><td style='padding:3px 6px;'>กลุ่ม_44</td></tr></table></div>]]></description>
      <styleUrl>#style_44_004</styleUrl>
      <MultiGeometry><Polygon><outerBoundaryIs><LinearRing><coordinates>103.8227803,14.8523922,0 103.8211866,14.8525331,0 103.8212899,14.8533792,0 103.8220574,14.8531178,0 103.8224978,14.8529706,0 103.8228226,14.8528755,0 103.8227803,14.8523922,0</coordinates></LinearRing></outerBoundaryIs></Polygon></MultiGeometry>
    </Placemark>
    <Placemark>
      <name>320915091584</name>
      <description><![CDATA[<div style='font-family:Tahoma,sans-serif; font-size:13px;'><h3 style='color:#1565C0; margin:4px 0;'>รหัส: 320915091584</h3><p style='margin:2px 0;'><b>กลุ่มรถไถ:</b> 44_004</p><table border='1' style='border-collapse:collapse; border-color:#ccc; width:100%;'><tr><td style='padding:3px 6px; font-weight:bold; background-color:#f2f2f2;'>ปีการผลิต</td><td style='padding:3px 6px;'>257071</td></tr><tr><td style='padding:3px 6px; font-weight:bold; background-color:#f2f2f2;'>รหัสกลุ่มรถไถ</td><td style='padding:3px 6px;'>44/004</td></tr><tr><td style='padding:3px 6px; font-weight:bold; background-color:#f2f2f2;'>โควตาชาวไร่</td><td style='padding:3px 6px;'>944018</td></tr><tr><td style='padding:3px 6px; font-weight:bold; background-color:#f2f2f2;'>ชื่อ-นามสกุล</td><td style='padding:3px 6px;'>นาย แสวง ผลินธร</td></tr><tr><td style='padding:3px 6px; font-weight:bold; background-color:#f2f2f2;'>111</td><td style='padding:3px 6px;'>320915091584</td></tr><tr><td style='padding:3px 6px; font-weight:bold; background-color:#f2f2f2;'>ประเภทอ้อย</td><td style='padding:3px 6px;'>อ้อยปลายฝน</td></tr><tr><td style='padding:3px 6px; font-weight:bold; background-color:#f2f2f2;'>พื้นที่ปลูก</td><td style='padding:3px 6px;'>6.32</td></tr><tr><td style='padding:3px 6px; font-weight:bold; background-color:#f2f2f2;'>ศูนย์</td><td style='padding:3px 6px;'>K2-44</td></tr><tr><td style='padding:3px 6px; font-weight:bold; background-color:#f2f2f2;'>นักเกษตร</td><td style='padding:3px 6px;'>4401</td></tr><tr><td style='padding:3px 6px; font-weight:bold; background-color:#f2f2f2;'>กลุ่ม</td><td style='padding:3px 6px;'>กลุ่ม_44</td></tr></table></div>]]></description>
      <styleUrl>#style_44_004</styleUrl>
      <MultiGeometry><Polygon><outerBoundaryIs><LinearRing><coordinates>103.8188173,14.8523265,0 103.8191119,14.8530179,0 103.8202828,14.8528394,0 103.8201883,14.8522421,0 103.8188173,14.8523265,0</coordinates></LinearRing></outerBoundaryIs></Polygon></MultiGeometry>
    </Placemark>
    <Placemark>
      <name>320915051597</name>
      <description><![CDATA[<div style='font-family:Tahoma,sans-serif; font-size:13px;'><h3 style='color:#1565C0; margin:4px 0;'>รหัส: 320915051597</h3><p style='margin:2px 0;'><b>กลุ่มรถไถ:</b> 44_004</p><table border='1' style='border-collapse:collapse; border-color:#ccc; width:100%;'><tr><td style='padding:3px 6px; font-weight:bold; background-color:#f2f2f2;'>ปีการผลิต</td><td style='padding:3px 6px;'>257071</td></tr><tr><td style='padding:3px 6px; font-weight:bold; background-color:#f2f2f2;'>รหัสกลุ่มรถไถ</td><td style='padding:3px 6px;'>44/004</td></tr><tr><td style='padding:3px 6px; font-weight:bold; background-color:#f2f2f2;'>โควตาชาวไร่</td><td style='padding:3px 6px;'>944280</td></tr><tr><td style='padding:3px 6px; font-weight:bold; background-color:#f2f2f2;'>ชื่อ-นามสกุล</td><td style='padding:3px 6px;'>นาง จุไรรัตน์ พนารินทร์</td></tr><tr><td style='padding:3px 6px; font-weight:bold; background-color:#f2f2f2;'>111</td><td style='padding:3px 6px;'>320915051597</td></tr><tr><td style='padding:3px 6px; font-weight:bold; background-color:#f2f2f2;'>ประเภทอ้อย</td><td style='padding:3px 6px;'>อ้อยปลายฝน</td></tr><tr><td style='padding:3px 6px; font-weight:bold; background-color:#f2f2f2;'>พื้นที่ปลูก</td><td style='padding:3px 6px;'>1.61</td></tr><tr><td style='padding:3px 6px; font-weight:bold; background-color:#f2f2f2;'>ศูนย์</td><td style='padding:3px 6px;'>K2-44</td></tr><tr><td style='padding:3px 6px; font-weight:bold; background-color:#f2f2f2;'>นักเกษตร</td><td style='padding:3px 6px;'>4404</td></tr><tr><td style='padding:3px 6px; font-weight:bold; background-color:#f2f2f2;'>กลุ่ม</td><td style='padding:3px 6px;'>กลุ่ม_44</td></tr></table></div>]]></description>
      <styleUrl>#style_44_004</styleUrl>
      <MultiGeometry><Polygon><outerBoundaryIs><LinearRing><coordinates>103.8429964,14.8883483,0 103.8425502,14.8884980,0 103.8425046,14.8888613,0 103.8431115,14.8887881,0 103.8429964,14.8883483,0</coordinates></LinearRing></outerBoundaryIs></Polygon></MultiGeometry>
    </Placemark>
    <Placemark>
      <name>320915051594</name>
      <description><![CDATA[<div style='font-family:Tahoma,sans-serif; font-size:13px;'><h3 style='color:#1565C0; margin:4px 0;'>รหัส: 320915051594</h3><p style='margin:2px 0;'><b>กลุ่มรถไถ:</b> 44_004</p><table border='1' style='border-collapse:collapse; border-color:#ccc; width:100%;'><tr><td style='padding:3px 6px; font-weight:bold; background-color:#f2f2f2;'>ปีการผลิต</td><td style='padding:3px 6px;'>257071</td></tr><tr><td style='padding:3px 6px; font-weight:bold; background-color:#f2f2f2;'>รหัสกลุ่มรถไถ</td><td style='padding:3px 6px;'>44/004</td></tr><tr><td style='padding:3px 6px; font-weight:bold; background-color:#f2f2f2;'>โควตาชาวไร่</td><td style='padding:3px 6px;'>944321</td></tr><tr><td style='padding:3px 6px; font-weight:bold; background-color:#f2f2f2;'>ชื่อ-นามสกุล</td><td style='padding:3px 6px;'>นาง บุญเพ็ง รัตนาธิวัฒน์</td></tr><tr><td style='padding:3px 6px; font-weight:bold; background-color:#f2f2f2;'>111</td><td style='padding:3px 6px;'>320915051594</td></tr><tr><td style='padding:3px 6px; font-weight:bold; background-color:#f2f2f2;'>ประเภทอ้อย</td><td style='padding:3px 6px;'>อ้อยปลายฝน</td></tr><tr><td style='padding:3px 6px; font-weight:bold; background-color:#f2f2f2;'>พื้นที่ปลูก</td><td style='padding:3px 6px;'>5.46</td></tr><tr><td style='padding:3px 6px; font-weight:bold; background-color:#f2f2f2;'>ศูนย์</td><td style='padding:3px 6px;'>K2-44</td></tr><tr><td style='padding:3px 6px; font-weight:bold; background-color:#f2f2f2;'>นักเกษตร</td><td style='padding:3px 6px;'>4404</td></tr><tr><td style='padding:3px 6px; font-weight:bold; background-color:#f2f2f2;'>กลุ่ม</td><td style='padding:3px 6px;'>กลุ่ม_44</td></tr></table></div>]]></description>
      <styleUrl>#style_44_004</styleUrl>
      <MultiGeometry><Polygon><outerBoundaryIs><LinearRing><coordinates>103.8479654,14.8931580,0 103.8479994,14.8941029,0 103.8481107,14.8940920,0 103.8481359,14.8940752,0 103.8481684,14.8940539,0 103.8487986,14.8939430,0 103.8487524,14.8936959,0 103.8487420,14.8935437,0 103.8487446,14.8934588,0 103.8487533,14.8934079,0 103.8489583,14.8931104,0 103.8489359,14.8930842,0 103.8479654,14.8931580,0</coordinates></LinearRing></outerBoundaryIs></Polygon></MultiGeometry>
    </Placemark>
    <Placemark>
      <name>320915051672</name>
      <description><![CDATA[<div style='font-family:Tahoma,sans-serif; font-size:13px;'><h3 style='color:#1565C0; margin:4px 0;'>รหัส: 320915051672</h3><p style='margin:2px 0;'><b>กลุ่มรถไถ:</b> 44_004</p><table border='1' style='border-collapse:collapse; border-color:#ccc; width:100%;'><tr><td style='padding:3px 6px; font-weight:bold; background-color:#f2f2f2;'>ปีการผลิต</td><td style='padding:3px 6px;'>257071</td></tr><tr><td style='padding:3px 6px; font-weight:bold; background-color:#f2f2f2;'>รหัสกลุ่มรถไถ</td><td style='padding:3px 6px;'>44/004</td></tr><tr><td style='padding:3px 6px; font-weight:bold; background-color:#f2f2f2;'>โควตาชาวไร่</td><td style='padding:3px 6px;'>944321</td></tr><tr><td style='padding:3px 6px; font-weight:bold; background-color:#f2f2f2;'>ชื่อ-นามสกุล</td><td style='padding:3px 6px;'>นาง บุญเพ็ง รัตนาธิวัฒน์</td></tr><tr><td style='padding:3px 6px; font-weight:bold; background-color:#f2f2f2;'>111</td><td style='padding:3px 6px;'>320915051672</td></tr><tr><td style='padding:3px 6px; font-weight:bold; background-color:#f2f2f2;'>ประเภทอ้อย</td><td style='padding:3px 6px;'>อ้อยปลายฝน</td></tr><tr><td style='padding:3px 6px; font-weight:bold; background-color:#f2f2f2;'>พื้นที่ปลูก</td><td style='padding:3px 6px;'>8.2</td></tr><tr><td style='padding:3px 6px; font-weight:bold; background-color:#f2f2f2;'>ศูนย์</td><td style='padding:3px 6px;'>K2-44</td></tr><tr><td style='padding:3px 6px; font-weight:bold; background-color:#f2f2f2;'>นักเกษตร</td><td style='padding:3px 6px;'>4404</td></tr><tr><td style='padding:3px 6px; font-weight:bold; background-color:#f2f2f2;'>กลุ่ม</td><td style='padding:3px 6px;'>กลุ่ม_44</td></tr></table></div>]]></description>
      <styleUrl>#style_44_004</styleUrl>
      <MultiGeometry><Polygon><outerBoundaryIs><LinearRing><coordinates>103.8468817,14.8942300,0 103.8459067,14.8944067,0 103.8458600,14.8954833,0 103.8468683,14.8953700,0 103.8468817,14.8942300,0</coordinates></LinearRing></outerBoundaryIs></Polygon></MultiGeometry>
    </Placemark>
    <Placemark>
      <name>320915051601</name>
      <description><![CDATA[<div style='font-family:Tahoma,sans-serif; font-size:13px;'><h3 style='color:#1565C0; margin:4px 0;'>รหัส: 320915051601</h3><p style='margin:2px 0;'><b>กลุ่มรถไถ:</b> 44_004</p><table border='1' style='border-collapse:collapse; border-color:#ccc; width:100%;'><tr><td style='padding:3px 6px; font-weight:bold; background-color:#f2f2f2;'>ปีการผลิต</td><td style='padding:3px 6px;'>257071</td></tr><tr><td style='padding:3px 6px; font-weight:bold; background-color:#f2f2f2;'>รหัสกลุ่มรถไถ</td><td style='padding:3px 6px;'>44/004</td></tr><tr><td style='padding:3px 6px; font-weight:bold; background-color:#f2f2f2;'>โควตาชาวไร่</td><td style='padding:3px 6px;'>944356</td></tr><tr><td style='padding:3px 6px; font-weight:bold; background-color:#f2f2f2;'>ชื่อ-นามสกุล</td><td style='padding:3px 6px;'>นาง สำรวย หาญเสมอ</td></tr><tr><td style='padding:3px 6px; font-weight:bold; background-color:#f2f2f2;'>111</td><td style='padding:3px 6px;'>320915051601</td></tr><tr><td style='padding:3px 6px; font-weight:bold; background-color:#f2f2f2;'>ประเภทอ้อย</td><td style='padding:3px 6px;'>อ้อยปลายฝน</td></tr><tr><td style='padding:3px 6px; font-weight:bold; background-color:#f2f2f2;'>พื้นที่ปลูก</td><td style='padding:3px 6px;'>2.81</td></tr><tr><td style='padding:3px 6px; font-weight:bold; background-color:#f2f2f2;'>ศูนย์</td><td style='padding:3px 6px;'>K2-44</td></tr><tr><td style='padding:3px 6px; font-weight:bold; background-color:#f2f2f2;'>นักเกษตร</td><td style='padding:3px 6px;'>4404</td></tr><tr><td style='padding:3px 6px; font-weight:bold; background-color:#f2f2f2;'>กลุ่ม</td><td style='padding:3px 6px;'>กลุ่ม_44</td></tr></table></div>]]></description>
      <styleUrl>#style_44_004</styleUrl>
      <MultiGeometry><Polygon><outerBoundaryIs><LinearRing><coordinates>103.8458467,14.8954833,0 103.8458683,14.8956733,0 103.8474217,14.8955683,0 103.8474183,14.8952800,0 103.8458467,14.8954833,0</coordinates></LinearRing></outerBoundaryIs></Polygon></MultiGeometry>
    </Placemark>
    <Placemark>
      <name>320901111515</name>
      <description><![CDATA[<div style='font-family:Tahoma,sans-serif; font-size:13px;'><h3 style='color:#1565C0; margin:4px 0;'>รหัส: 320901111515</h3><p style='margin:2px 0;'><b>กลุ่มรถไถ:</b> 44_004</p><table border='1' style='border-collapse:collapse; border-color:#ccc; width:100%;'><tr><td style='padding:3px 6px; font-weight:bold; background-color:#f2f2f2;'>ปีการผลิต</td><td style='padding:3px 6px;'>257071</td></tr><tr><td style='padding:3px 6px; font-weight:bold; background-color:#f2f2f2;'>รหัสกลุ่มรถไถ</td><td style='padding:3px 6px;'>44/004</td></tr><tr><td style='padding:3px 6px; font-weight:bold; background-color:#f2f2f2;'>โควตาชาวไร่</td><td style='padding:3px 6px;'>944403</td></tr><tr><td style='padding:3px 6px; font-weight:bold; background-color:#f2f2f2;'>ชื่อ-นามสกุล</td><td style='padding:3px 6px;'>นาย ปัญญา นักนวน</td></tr><tr><td style='padding:3px 6px; font-weight:bold; background-color:#f2f2f2;'>111</td><td style='padding:3px 6px;'>320901111515</td></tr><tr><td style='padding:3px 6px; font-weight:bold; background-color:#f2f2f2;'>ประเภทอ้อย</td><td style='padding:3px 6px;'>อ้อยปลายฝน</td></tr><tr><td style='padding:3px 6px; font-weight:bold; background-color:#f2f2f2;'>พื้นที่ปลูก</td><td style='padding:3px 6px;'>10.98</td></tr><tr><td style='padding:3px 6px; font-weight:bold; background-color:#f2f2f2;'>ศูนย์</td><td style='padding:3px 6px;'>K2-44</td></tr><tr><td style='padding:3px 6px; font-weight:bold; background-color:#f2f2f2;'>นักเกษตร</td><td style='padding:3px 6px;'>4404</td></tr><tr><td style='padding:3px 6px; font-weight:bold; background-color:#f2f2f2;'>กลุ่ม</td><td style='padding:3px 6px;'>กลุ่ม_44</td></tr></table></div>]]></description>
      <styleUrl>#style_44_004</styleUrl>
      <MultiGeometry><Polygon><outerBoundaryIs><LinearRing><coordinates>103.8522799,14.9025488,0 103.8518484,14.9026588,0 103.8518718,14.9032863,0 103.8536727,14.9030305,0 103.8535114,14.9024102,0 103.8537908,14.9023933,0 103.8537017,14.9019599,0 103.8522799,14.9025488,0</coordinates></LinearRing></outerBoundaryIs></Polygon></MultiGeometry>
    </Placemark>
    <Placemark>
      <name>320913011564</name>
      <description><![CDATA[<div style='font-family:Tahoma,sans-serif; font-size:13px;'><h3 style='color:#1565C0; margin:4px 0;'>รหัส: 320913011564</h3><p style='margin:2px 0;'><b>กลุ่มรถไถ:</b> 44_004</p><table border='1' style='border-collapse:collapse; border-color:#ccc; width:100%;'><tr><td style='padding:3px 6px; font-weight:bold; background-color:#f2f2f2;'>ปีการผลิต</td><td style='padding:3px 6px;'>257071</td></tr><tr><td style='padding:3px 6px; font-weight:bold; background-color:#f2f2f2;'>รหัสกลุ่มรถไถ</td><td style='padding:3px 6px;'>44/004</td></tr><tr><td style='padding:3px 6px; font-weight:bold; background-color:#f2f2f2;'>โควตาชาวไร่</td><td style='padding:3px 6px;'>944404</td></tr><tr><td style='padding:3px 6px; font-weight:bold; background-color:#f2f2f2;'>ชื่อ-นามสกุล</td><td style='padding:3px 6px;'>นาย วิรุฬห์ วิบูลย์อรรถ</td></tr><tr><td style='padding:3px 6px; font-weight:bold; background-color:#f2f2f2;'>111</td><td style='padding:3px 6px;'>320913011564</td></tr><tr><td style='padding:3px 6px; font-weight:bold; background-color:#f2f2f2;'>ประเภทอ้อย</td><td style='padding:3px 6px;'>อ้อยปลายฝน</td></tr><tr><td style='padding:3px 6px; font-weight:bold; background-color:#f2f2f2;'>พื้นที่ปลูก</td><td style='padding:3px 6px;'>4.09</td></tr><tr><td style='padding:3px 6px; font-weight:bold; background-color:#f2f2f2;'>ศูนย์</td><td style='padding:3px 6px;'>K2-44</td></tr><tr><td style='padding:3px 6px; font-weight:bold; background-color:#f2f2f2;'>นักเกษตร</td><td style='padding:3px 6px;'>4404</td></tr><tr><td style='padding:3px 6px; font-weight:bold; background-color:#f2f2f2;'>กลุ่ม</td><td style='padding:3px 6px;'>กลุ่ม_44</td></tr></table></div>]]></description>
      <styleUrl>#style_44_004</styleUrl>
      <MultiGeometry><Polygon><outerBoundaryIs><LinearRing><coordinates>103.8479317,14.8923967,0 103.8478700,14.8912517,0 103.8473617,14.8913300,0 103.8474567,14.8923967,0 103.8479317,14.8923967,0</coordinates></LinearRing></outerBoundaryIs></Polygon></MultiGeometry>
    </Placemark>
    <Placemark>
      <name>320913011569</name>
      <description><![CDATA[<div style='font-family:Tahoma,sans-serif; font-size:13px;'><h3 style='color:#1565C0; margin:4px 0;'>รหัส: 320913011569</h3><p style='margin:2px 0;'><b>กลุ่มรถไถ:</b> 44_004</p><table border='1' style='border-collapse:collapse; border-color:#ccc; width:100%;'><tr><td style='padding:3px 6px; font-weight:bold; background-color:#f2f2f2;'>ปีการผลิต</td><td style='padding:3px 6px;'>257071</td></tr><tr><td style='padding:3px 6px; font-weight:bold; background-color:#f2f2f2;'>รหัสกลุ่มรถไถ</td><td style='padding:3px 6px;'>44/004</td></tr><tr><td style='padding:3px 6px; font-weight:bold; background-color:#f2f2f2;'>โควตาชาวไร่</td><td style='padding:3px 6px;'>944404</td></tr><tr><td style='padding:3px 6px; font-weight:bold; background-color:#f2f2f2;'>ชื่อ-นามสกุล</td><td style='padding:3px 6px;'>นาย วิรุฬห์ วิบูลย์อรรถ</td></tr><tr><td style='padding:3px 6px; font-weight:bold; background-color:#f2f2f2;'>111</td><td style='padding:3px 6px;'>320913011569</td></tr><tr><td style='padding:3px 6px; font-weight:bold; background-color:#f2f2f2;'>ประเภทอ้อย</td><td style='padding:3px 6px;'>อ้อยปลายฝน</td></tr><tr><td style='padding:3px 6px; font-weight:bold; background-color:#f2f2f2;'>พื้นที่ปลูก</td><td style='padding:3px 6px;'>3.34</td></tr><tr><td style='padding:3px 6px; font-weight:bold; background-color:#f2f2f2;'>ศูนย์</td><td style='padding:3px 6px;'>K2-44</td></tr><tr><td style='padding:3px 6px; font-weight:bold; background-color:#f2f2f2;'>นักเกษตร</td><td style='padding:3px 6px;'>4404</td></tr><tr><td style='padding:3px 6px; font-weight:bold; background-color:#f2f2f2;'>กลุ่ม</td><td style='padding:3px 6px;'>กลุ่ม_44</td></tr></table></div>]]></description>
      <styleUrl>#style_44_004</styleUrl>
      <MultiGeometry><Polygon><outerBoundaryIs><LinearRing><coordinates>103.8269108,14.9809682,0 103.8266219,14.9809827,0 103.8262017,14.9810393,0 103.8260179,14.9810928,0 103.8263646,14.9816832,0 103.8268456,14.9815801,0 103.8269108,14.9809682,0</coordinates></LinearRing></outerBoundaryIs></Polygon></MultiGeometry>
    </Placemark>
    <Placemark>
      <name>320915070003</name>
      <description><![CDATA[<div style='font-family:Tahoma,sans-serif; font-size:13px;'><h3 style='color:#1565C0; margin:4px 0;'>รหัส: 320915070003</h3><p style='margin:2px 0;'><b>กลุ่มรถไถ:</b> 44_004</p><table border='1' style='border-collapse:collapse; border-color:#ccc; width:100%;'><tr><td style='padding:3px 6px; font-weight:bold; background-color:#f2f2f2;'>ปีการผลิต</td><td style='padding:3px 6px;'>257071</td></tr><tr><td style='padding:3px 6px; font-weight:bold; background-color:#f2f2f2;'>รหัสกลุ่มรถไถ</td><td style='padding:3px 6px;'>44/004</td></tr><tr><td style='padding:3px 6px; font-weight:bold; background-color:#f2f2f2;'>โควตาชาวไร่</td><td style='padding:3px 6px;'>944467</td></tr><tr><td style='padding:3px 6px; font-weight:bold; background-color:#f2f2f2;'>ชื่อ-นามสกุล</td><td style='padding:3px 6px;'>นางสาว กาญจนา รักเขตกลาง</td></tr><tr><td style='padding:3px 6px; font-weight:bold; background-color:#f2f2f2;'>111</td><td style='padding:3px 6px;'>320915070003</td></tr><tr><td style='padding:3px 6px; font-weight:bold; background-color:#f2f2f2;'>ประเภทอ้อย</td><td style='padding:3px 6px;'>อ้อยปลายฝน</td></tr><tr><td style='padding:3px 6px; font-weight:bold; background-color:#f2f2f2;'>พื้นที่ปลูก</td><td style='padding:3px 6px;'>5.66</td></tr><tr><td style='padding:3px 6px; font-weight:bold; background-color:#f2f2f2;'>ศูนย์</td><td style='padding:3px 6px;'>K2-44</td></tr><tr><td style='padding:3px 6px; font-weight:bold; background-color:#f2f2f2;'>นักเกษตร</td><td style='padding:3px 6px;'>4401</td></tr><tr><td style='padding:3px 6px; font-weight:bold; background-color:#f2f2f2;'>กลุ่ม</td><td style='padding:3px 6px;'>กลุ่ม_44</td></tr></table></div>]]></description>
      <styleUrl>#style_44_004</styleUrl>
      <MultiGeometry><Polygon><outerBoundaryIs><LinearRing><coordinates>103.8225192,14.8668107,0 103.8218747,14.8670276,0 103.8218718,14.8679472,0 103.8222613,14.8679700,0 103.8226658,14.8679807,0 103.8225192,14.8668107,0</coordinates></LinearRing></outerBoundaryIs></Polygon></MultiGeometry>
    </Placemark>
    <Placemark>
      <name>320911131543</name>
      <description><![CDATA[<div style='font-family:Tahoma,sans-serif; font-size:13px;'><h3 style='color:#1565C0; margin:4px 0;'>รหัส: 320911131543</h3><p style='margin:2px 0;'><b>กลุ่มรถไถ:</b> 44_004</p><table border='1' style='border-collapse:collapse; border-color:#ccc; width:100%;'><tr><td style='padding:3px 6px; font-weight:bold; background-color:#f2f2f2;'>ปีการผลิต</td><td style='padding:3px 6px;'>257071</td></tr><tr><td style='padding:3px 6px; font-weight:bold; background-color:#f2f2f2;'>รหัสกลุ่มรถไถ</td><td style='padding:3px 6px;'>44/004</td></tr><tr><td style='padding:3px 6px; font-weight:bold; background-color:#f2f2f2;'>โควตาชาวไร่</td><td style='padding:3px 6px;'>944566</td></tr><tr><td style='padding:3px 6px; font-weight:bold; background-color:#f2f2f2;'>ชื่อ-นามสกุล</td><td style='padding:3px 6px;'>นางสาว ธันชนก ช่องงาม</td></tr><tr><td style='padding:3px 6px; font-weight:bold; background-color:#f2f2f2;'>111</td><td style='padding:3px 6px;'>320911131543</td></tr><tr><td style='padding:3px 6px; font-weight:bold; background-color:#f2f2f2;'>ประเภทอ้อย</td><td style='padding:3px 6px;'>อ้อยปลายฝน</td></tr><tr><td style='padding:3px 6px; font-weight:bold; background-color:#f2f2f2;'>พื้นที่ปลูก</td><td style='padding:3px 6px;'>3.41</td></tr><tr><td style='padding:3px 6px; font-weight:bold; background-color:#f2f2f2;'>ศูนย์</td><td style='padding:3px 6px;'>K2-44</td></tr><tr><td style='padding:3px 6px; font-weight:bold; background-color:#f2f2f2;'>นักเกษตร</td><td style='padding:3px 6px;'>4404</td></tr><tr><td style='padding:3px 6px; font-weight:bold; background-color:#f2f2f2;'>กลุ่ม</td><td style='padding:3px 6px;'>กลุ่ม_44</td></tr></table></div>]]></description>
      <styleUrl>#style_44_004</styleUrl>
      <MultiGeometry><Polygon><outerBoundaryIs><LinearRing><coordinates>103.8541743,14.9073654,0 103.8542026,14.9071603,0 103.8523763,14.9068486,0 103.8522869,14.9071158,0 103.8541743,14.9073654,0</coordinates></LinearRing></outerBoundaryIs></Polygon></MultiGeometry>
    </Placemark>
    <Placemark>
      <name>320911131547</name>
      <description><![CDATA[<div style='font-family:Tahoma,sans-serif; font-size:13px;'><h3 style='color:#1565C0; margin:4px 0;'>รหัส: 320911131547</h3><p style='margin:2px 0;'><b>กลุ่มรถไถ:</b> 44_004</p><table border='1' style='border-collapse:collapse; border-color:#ccc; width:100%;'><tr><td style='padding:3px 6px; font-weight:bold; background-color:#f2f2f2;'>ปีการผลิต</td><td style='padding:3px 6px;'>257071</td></tr><tr><td style='padding:3px 6px; font-weight:bold; background-color:#f2f2f2;'>รหัสกลุ่มรถไถ</td><td style='padding:3px 6px;'>44/004</td></tr><tr><td style='padding:3px 6px; font-weight:bold; background-color:#f2f2f2;'>โควตาชาวไร่</td><td style='padding:3px 6px;'>944568</td></tr><tr><td style='padding:3px 6px; font-weight:bold; background-color:#f2f2f2;'>ชื่อ-นามสกุล</td><td style='padding:3px 6px;'>นาย สุพิน อุดม</td></tr><tr><td style='padding:3px 6px; font-weight:bold; background-color:#f2f2f2;'>111</td><td style='padding:3px 6px;'>320911131547</td></tr><tr><td style='padding:3px 6px; font-weight:bold; background-color:#f2f2f2;'>ประเภทอ้อย</td><td style='padding:3px 6px;'>อ้อยปลายฝน</td></tr><tr><td style='padding:3px 6px; font-weight:bold; background-color:#f2f2f2;'>พื้นที่ปลูก</td><td style='padding:3px 6px;'>4.97</td></tr><tr><td style='padding:3px 6px; font-weight:bold; background-color:#f2f2f2;'>ศูนย์</td><td style='padding:3px 6px;'>K2-44</td></tr><tr><td style='padding:3px 6px; font-weight:bold; background-color:#f2f2f2;'>นักเกษตร</td><td style='padding:3px 6px;'>4404</td></tr><tr><td style='padding:3px 6px; font-weight:bold; background-color:#f2f2f2;'>กลุ่ม</td><td style='padding:3px 6px;'>กลุ่ม_44</td></tr></table></div>]]></description>
      <styleUrl>#style_44_004</styleUrl>
      <MultiGeometry><Polygon><outerBoundaryIs><LinearRing><coordinates>103.8518150,14.9120138,0 103.8496885,14.9120735,0 103.8497874,14.9123823,0 103.8518611,14.9123342,0 103.8518150,14.9120138,0</coordinates></LinearRing></outerBoundaryIs></Polygon></MultiGeometry>
    </Placemark>
    <Placemark>
      <name>320911131554</name>
      <description><![CDATA[<div style='font-family:Tahoma,sans-serif; font-size:13px;'><h3 style='color:#1565C0; margin:4px 0;'>รหัส: 320911131554</h3><p style='margin:2px 0;'><b>กลุ่มรถไถ:</b> 44_004</p><table border='1' style='border-collapse:collapse; border-color:#ccc; width:100%;'><tr><td style='padding:3px 6px; font-weight:bold; background-color:#f2f2f2;'>ปีการผลิต</td><td style='padding:3px 6px;'>257071</td></tr><tr><td style='padding:3px 6px; font-weight:bold; background-color:#f2f2f2;'>รหัสกลุ่มรถไถ</td><td style='padding:3px 6px;'>44/004</td></tr><tr><td style='padding:3px 6px; font-weight:bold; background-color:#f2f2f2;'>โควตาชาวไร่</td><td style='padding:3px 6px;'>944568</td></tr><tr><td style='padding:3px 6px; font-weight:bold; background-color:#f2f2f2;'>ชื่อ-นามสกุล</td><td style='padding:3px 6px;'>นาย สุพิน อุดม</td></tr><tr><td style='padding:3px 6px; font-weight:bold; background-color:#f2f2f2;'>111</td><td style='padding:3px 6px;'>320911131554</td></tr><tr><td style='padding:3px 6px; font-weight:bold; background-color:#f2f2f2;'>ประเภทอ้อย</td><td style='padding:3px 6px;'>อ้อยปลายฝน</td></tr><tr><td style='padding:3px 6px; font-weight:bold; background-color:#f2f2f2;'>พื้นที่ปลูก</td><td style='padding:3px 6px;'>2.89</td></tr><tr><td style='padding:3px 6px; font-weight:bold; background-color:#f2f2f2;'>ศูนย์</td><td style='padding:3px 6px;'>K2-44</td></tr><tr><td style='padding:3px 6px; font-weight:bold; background-color:#f2f2f2;'>นักเกษตร</td><td style='padding:3px 6px;'>4404</td></tr><tr><td style='padding:3px 6px; font-weight:bold; background-color:#f2f2f2;'>กลุ่ม</td><td style='padding:3px 6px;'>กลุ่ม_44</td></tr></table></div>]]></description>
      <styleUrl>#style_44_004</styleUrl>
      <MultiGeometry><Polygon><outerBoundaryIs><LinearRing><coordinates>103.8528667,14.9119667,0 103.8518200,14.9120217,0 103.8518650,14.9123233,0 103.8527850,14.9124500,0 103.8528667,14.9119667,0</coordinates></LinearRing></outerBoundaryIs></Polygon></MultiGeometry>
    </Placemark>
    <Placemark>
      <name>320915022019</name>
      <description><![CDATA[<div style='font-family:Tahoma,sans-serif; font-size:13px;'><h3 style='color:#1565C0; margin:4px 0;'>รหัส: 320915022019</h3><p style='margin:2px 0;'><b>กลุ่มรถไถ:</b> 44_004</p><table border='1' style='border-collapse:collapse; border-color:#ccc; width:100%;'><tr><td style='padding:3px 6px; font-weight:bold; background-color:#f2f2f2;'>ปีการผลิต</td><td style='padding:3px 6px;'>257071</td></tr><tr><td style='padding:3px 6px; font-weight:bold; background-color:#f2f2f2;'>รหัสกลุ่มรถไถ</td><td style='padding:3px 6px;'>44/004</td></tr><tr><td style='padding:3px 6px; font-weight:bold; background-color:#f2f2f2;'>โควตาชาวไร่</td><td style='padding:3px 6px;'>944625</td></tr><tr><td style='padding:3px 6px; font-weight:bold; background-color:#f2f2f2;'>ชื่อ-นามสกุล</td><td style='padding:3px 6px;'>นางสาว พิกุลทอง วงษ์พินิช</td></tr><tr><td style='padding:3px 6px; font-weight:bold; background-color:#f2f2f2;'>111</td><td style='padding:3px 6px;'>320915022019</td></tr><tr><td style='padding:3px 6px; font-weight:bold; background-color:#f2f2f2;'>ประเภทอ้อย</td><td style='padding:3px 6px;'>อ้อยปลายฝน</td></tr><tr><td style='padding:3px 6px; font-weight:bold; background-color:#f2f2f2;'>พื้นที่ปลูก</td><td style='padding:3px 6px;'>4.96</td></tr><tr><td style='padding:3px 6px; font-weight:bold; background-color:#f2f2f2;'>ศูนย์</td><td style='padding:3px 6px;'>K2-44</td></tr><tr><td style='padding:3px 6px; font-weight:bold; background-color:#f2f2f2;'>นักเกษตร</td><td style='padding:3px 6px;'>4403</td></tr><tr><td style='padding:3px 6px; font-weight:bold; background-color:#f2f2f2;'>กลุ่ม</td><td style='padding:3px 6px;'>กลุ่ม_44</td></tr></table></div>]]></description>
      <styleUrl>#style_44_004</styleUrl>
      <MultiGeometry><Polygon><outerBoundaryIs><LinearRing><coordinates>103.8282950,14.8648000,0 103.8281800,14.8634350,0 103.8276750,14.8635717,0 103.8278583,14.8649367,0 103.8282950,14.8648000,0</coordinates></LinearRing></outerBoundaryIs></Polygon></MultiGeometry>
    </Placemark>
    <Placemark>
      <name>320915051669</name>
      <description><![CDATA[<div style='font-family:Tahoma,sans-serif; font-size:13px;'><h3 style='color:#1565C0; margin:4px 0;'>รหัส: 320915051669</h3><p style='margin:2px 0;'><b>กลุ่มรถไถ:</b> 44_004</p><table border='1' style='border-collapse:collapse; border-color:#ccc; width:100%;'><tr><td style='padding:3px 6px; font-weight:bold; background-color:#f2f2f2;'>ปีการผลิต</td><td style='padding:3px 6px;'>257071</td></tr><tr><td style='padding:3px 6px; font-weight:bold; background-color:#f2f2f2;'>รหัสกลุ่มรถไถ</td><td style='padding:3px 6px;'>44/004</td></tr><tr><td style='padding:3px 6px; font-weight:bold; background-color:#f2f2f2;'>โควตาชาวไร่</td><td style='padding:3px 6px;'>944639</td></tr><tr><td style='padding:3px 6px; font-weight:bold; background-color:#f2f2f2;'>ชื่อ-นามสกุล</td><td style='padding:3px 6px;'>นาย บุญเพิ่ม นาจำปา</td></tr><tr><td style='padding:3px 6px; font-weight:bold; background-color:#f2f2f2;'>111</td><td style='padding:3px 6px;'>320915051669</td></tr><tr><td style='padding:3px 6px; font-weight:bold; background-color:#f2f2f2;'>ประเภทอ้อย</td><td style='padding:3px 6px;'>อ้อยปลายฝน</td></tr><tr><td style='padding:3px 6px; font-weight:bold; background-color:#f2f2f2;'>พื้นที่ปลูก</td><td style='padding:3px 6px;'>7.54</td></tr><tr><td style='padding:3px 6px; font-weight:bold; background-color:#f2f2f2;'>ศูนย์</td><td style='padding:3px 6px;'>K2-44</td></tr><tr><td style='padding:3px 6px; font-weight:bold; background-color:#f2f2f2;'>นักเกษตร</td><td style='padding:3px 6px;'>4404</td></tr><tr><td style='padding:3px 6px; font-weight:bold; background-color:#f2f2f2;'>กลุ่ม</td><td style='padding:3px 6px;'>กลุ่ม_44</td></tr></table></div>]]></description>
      <styleUrl>#style_44_004</styleUrl>
      <MultiGeometry><Polygon><outerBoundaryIs><LinearRing><coordinates>103.8333350,14.8911183,0 103.8332650,14.8911667,0 103.8333433,14.8913817,0 103.8342000,14.8911450,0 103.8337283,14.8898617,0 103.8331217,14.8900950,0 103.8333350,14.8911183,0</coordinates></LinearRing></outerBoundaryIs></Polygon></MultiGeometry>
    </Placemark>
    <Placemark>
      <name>320915051645</name>
      <description><![CDATA[<div style='font-family:Tahoma,sans-serif; font-size:13px;'><h3 style='color:#1565C0; margin:4px 0;'>รหัส: 320915051645</h3><p style='margin:2px 0;'><b>กลุ่มรถไถ:</b> 44_004</p><table border='1' style='border-collapse:collapse; border-color:#ccc; width:100%;'><tr><td style='padding:3px 6px; font-weight:bold; background-color:#f2f2f2;'>ปีการผลิต</td><td style='padding:3px 6px;'>257071</td></tr><tr><td style='padding:3px 6px; font-weight:bold; background-color:#f2f2f2;'>รหัสกลุ่มรถไถ</td><td style='padding:3px 6px;'>44/004</td></tr><tr><td style='padding:3px 6px; font-weight:bold; background-color:#f2f2f2;'>โควตาชาวไร่</td><td style='padding:3px 6px;'>944712</td></tr><tr><td style='padding:3px 6px; font-weight:bold; background-color:#f2f2f2;'>ชื่อ-นามสกุล</td><td style='padding:3px 6px;'>นาย วิศิษฐ์ รัตนาธิวัฒน์</td></tr><tr><td style='padding:3px 6px; font-weight:bold; background-color:#f2f2f2;'>111</td><td style='padding:3px 6px;'>320915051645</td></tr><tr><td style='padding:3px 6px; font-weight:bold; background-color:#f2f2f2;'>ประเภทอ้อย</td><td style='padding:3px 6px;'>อ้อยปลายฝน</td></tr><tr><td style='padding:3px 6px; font-weight:bold; background-color:#f2f2f2;'>พื้นที่ปลูก</td><td style='padding:3px 6px;'>6.53</td></tr><tr><td style='padding:3px 6px; font-weight:bold; background-color:#f2f2f2;'>ศูนย์</td><td style='padding:3px 6px;'>K2-44</td></tr><tr><td style='padding:3px 6px; font-weight:bold; background-color:#f2f2f2;'>นักเกษตร</td><td style='padding:3px 6px;'>4404</td></tr><tr><td style='padding:3px 6px; font-weight:bold; background-color:#f2f2f2;'>กลุ่ม</td><td style='padding:3px 6px;'>กลุ่ม_44</td></tr></table></div>]]></description>
      <styleUrl>#style_44_004</styleUrl>
      <MultiGeometry><Polygon><outerBoundaryIs><LinearRing><coordinates>103.8434581,14.8924655,0 103.8433160,14.8925311,0 103.8433150,14.8939345,0 103.8433533,14.8945380,0 103.8437269,14.8945513,0 103.8438190,14.8933847,0 103.8438593,14.8928265,0 103.8435520,14.8928447,0 103.8434581,14.8924655,0</coordinates></LinearRing></outerBoundaryIs></Polygon></MultiGeometry>
    </Placemark>
    <Placemark>
      <name>320915081702</name>
      <description><![CDATA[<div style='font-family:Tahoma,sans-serif; font-size:13px;'><h3 style='color:#1565C0; margin:4px 0;'>รหัส: 320915081702</h3><p style='margin:2px 0;'><b>กลุ่มรถไถ:</b> 44_004</p><table border='1' style='border-collapse:collapse; border-color:#ccc; width:100%;'><tr><td style='padding:3px 6px; font-weight:bold; background-color:#f2f2f2;'>ปีการผลิต</td><td style='padding:3px 6px;'>257071</td></tr><tr><td style='padding:3px 6px; font-weight:bold; background-color:#f2f2f2;'>รหัสกลุ่มรถไถ</td><td style='padding:3px 6px;'>44/004</td></tr><tr><td style='padding:3px 6px; font-weight:bold; background-color:#f2f2f2;'>โควตาชาวไร่</td><td style='padding:3px 6px;'>944713</td></tr><tr><td style='padding:3px 6px; font-weight:bold; background-color:#f2f2f2;'>ชื่อ-นามสกุล</td><td style='padding:3px 6px;'>นาง เสงี่ยม โต๊ะงาม</td></tr><tr><td style='padding:3px 6px; font-weight:bold; background-color:#f2f2f2;'>111</td><td style='padding:3px 6px;'>320915081702</td></tr><tr><td style='padding:3px 6px; font-weight:bold; background-color:#f2f2f2;'>ประเภทอ้อย</td><td style='padding:3px 6px;'>อ้อยปลายฝน</td></tr><tr><td style='padding:3px 6px; font-weight:bold; background-color:#f2f2f2;'>พื้นที่ปลูก</td><td style='padding:3px 6px;'>2.3</td></tr><tr><td style='padding:3px 6px; font-weight:bold; background-color:#f2f2f2;'>ศูนย์</td><td style='padding:3px 6px;'>K2-44</td></tr><tr><td style='padding:3px 6px; font-weight:bold; background-color:#f2f2f2;'>นักเกษตร</td><td style='padding:3px 6px;'>4404</td></tr><tr><td style='padding:3px 6px; font-weight:bold; background-color:#f2f2f2;'>กลุ่ม</td><td style='padding:3px 6px;'>กลุ่ม_44</td></tr></table></div>]]></description>
      <styleUrl>#style_44_004</styleUrl>
      <MultiGeometry><Polygon><outerBoundaryIs><LinearRing><coordinates>103.8530700,14.8984000,0 103.8533050,14.8985900,0 103.8545867,14.8984217,0 103.8546033,14.8982000,0 103.8530700,14.8984000,0</coordinates></LinearRing></outerBoundaryIs></Polygon></MultiGeometry>
    </Placemark>
    <Placemark>
      <name>320915021909</name>
      <description><![CDATA[<div style='font-family:Tahoma,sans-serif; font-size:13px;'><h3 style='color:#1565C0; margin:4px 0;'>รหัส: 320915021909</h3><p style='margin:2px 0;'><b>กลุ่มรถไถ:</b> 44_004</p><table border='1' style='border-collapse:collapse; border-color:#ccc; width:100%;'><tr><td style='padding:3px 6px; font-weight:bold; background-color:#f2f2f2;'>ปีการผลิต</td><td style='padding:3px 6px;'>257071</td></tr><tr><td style='padding:3px 6px; font-weight:bold; background-color:#f2f2f2;'>รหัสกลุ่มรถไถ</td><td style='padding:3px 6px;'>44/004</td></tr><tr><td style='padding:3px 6px; font-weight:bold; background-color:#f2f2f2;'>โควตาชาวไร่</td><td style='padding:3px 6px;'>974234</td></tr><tr><td style='padding:3px 6px; font-weight:bold; background-color:#f2f2f2;'>ชื่อ-นามสกุล</td><td style='padding:3px 6px;'>นาย นันทพงศ์ ทูลภิรมย์</td></tr><tr><td style='padding:3px 6px; font-weight:bold; background-color:#f2f2f2;'>111</td><td style='padding:3px 6px;'>320915021909</td></tr><tr><td style='padding:3px 6px; font-weight:bold; background-color:#f2f2f2;'>ประเภทอ้อย</td><td style='padding:3px 6px;'>อ้อยปลายฝน</td></tr><tr><td style='padding:3px 6px; font-weight:bold; background-color:#f2f2f2;'>พื้นที่ปลูก</td><td style='padding:3px 6px;'>6.65</td></tr><tr><td style='padding:3px 6px; font-weight:bold; background-color:#f2f2f2;'>ศูนย์</td><td style='padding:3px 6px;'>K2-44</td></tr><tr><td style='padding:3px 6px; font-weight:bold; background-color:#f2f2f2;'>นักเกษตร</td><td style='padding:3px 6px;'>4401</td></tr><tr><td style='padding:3px 6px; font-weight:bold; background-color:#f2f2f2;'>กลุ่ม</td><td style='padding:3px 6px;'>กลุ่ม_44</td></tr></table></div>]]></description>
      <styleUrl>#style_44_004</styleUrl>
      <MultiGeometry><Polygon><outerBoundaryIs><LinearRing><coordinates>103.8402757,14.8666261,0 103.8378072,14.8671870,0 103.8378759,14.8674029,0 103.8388044,14.8671645,0 103.8388557,14.8673152,0 103.8407048,14.8668512,0 103.8408793,14.8668103,0 103.8409109,14.8667397,0 103.8408557,14.8664738,0 103.8406183,14.8665305,0 103.8406268,14.8666554,0 103.8403190,14.8667327,0 103.8402757,14.8666261,0</coordinates></LinearRing></outerBoundaryIs></Polygon></MultiGeometry>
    </Placemark>
    <Placemark>
      <name>320915011703</name>
      <description><![CDATA[<div style='font-family:Tahoma,sans-serif; font-size:13px;'><h3 style='color:#1565C0; margin:4px 0;'>รหัส: 320915011703</h3><p style='margin:2px 0;'><b>กลุ่มรถไถ:</b> 44_004</p><table border='1' style='border-collapse:collapse; border-color:#ccc; width:100%;'><tr><td style='padding:3px 6px; font-weight:bold; background-color:#f2f2f2;'>ปีการผลิต</td><td style='padding:3px 6px;'>257071</td></tr><tr><td style='padding:3px 6px; font-weight:bold; background-color:#f2f2f2;'>รหัสกลุ่มรถไถ</td><td style='padding:3px 6px;'>44/004</td></tr><tr><td style='padding:3px 6px; font-weight:bold; background-color:#f2f2f2;'>โควตาชาวไร่</td><td style='padding:3px 6px;'>974235</td></tr><tr><td style='padding:3px 6px; font-weight:bold; background-color:#f2f2f2;'>ชื่อ-นามสกุล</td><td style='padding:3px 6px;'>นาย วิชัย ใยอิ้ม</td></tr><tr><td style='padding:3px 6px; font-weight:bold; background-color:#f2f2f2;'>111</td><td style='padding:3px 6px;'>320915011703</td></tr><tr><td style='padding:3px 6px; font-weight:bold; background-color:#f2f2f2;'>ประเภทอ้อย</td><td style='padding:3px 6px;'>อ้อยปลายฝน</td></tr><tr><td style='padding:3px 6px; font-weight:bold; background-color:#f2f2f2;'>พื้นที่ปลูก</td><td style='padding:3px 6px;'>2.89</td></tr><tr><td style='padding:3px 6px; font-weight:bold; background-color:#f2f2f2;'>ศูนย์</td><td style='padding:3px 6px;'>K2-44</td></tr><tr><td style='padding:3px 6px; font-weight:bold; background-color:#f2f2f2;'>นักเกษตร</td><td style='padding:3px 6px;'>4401</td></tr><tr><td style='padding:3px 6px; font-weight:bold; background-color:#f2f2f2;'>กลุ่ม</td><td style='padding:3px 6px;'>กลุ่ม_44</td></tr></table></div>]]></description>
      <styleUrl>#style_44_004</styleUrl>
      <MultiGeometry><Polygon><outerBoundaryIs><LinearRing><coordinates>103.8260692,14.8495306,0 103.8261951,14.8506320,0 103.8262052,14.8506815,0 103.8261750,14.8507140,0 103.8261089,14.8507227,0 103.8260596,14.8506825,0 103.8257568,14.8506544,0 103.8257792,14.8508814,0 103.8264790,14.8508224,0 103.8262666,14.8495008,0 103.8260700,14.8495298,0 103.8260692,14.8495306,0</coordinates></LinearRing></outerBoundaryIs></Polygon></MultiGeometry>
    </Placemark>
    <Placemark>
      <name>320915021821</name>
      <description><![CDATA[<div style='font-family:Tahoma,sans-serif; font-size:13px;'><h3 style='color:#1565C0; margin:4px 0;'>รหัส: 320915021821</h3><p style='margin:2px 0;'><b>กลุ่มรถไถ:</b> 44_004</p><table border='1' style='border-collapse:collapse; border-color:#ccc; width:100%;'><tr><td style='padding:3px 6px; font-weight:bold; background-color:#f2f2f2;'>ปีการผลิต</td><td style='padding:3px 6px;'>257071</td></tr><tr><td style='padding:3px 6px; font-weight:bold; background-color:#f2f2f2;'>รหัสกลุ่มรถไถ</td><td style='padding:3px 6px;'>44/004</td></tr><tr><td style='padding:3px 6px; font-weight:bold; background-color:#f2f2f2;'>โควตาชาวไร่</td><td style='padding:3px 6px;'>974235</td></tr><tr><td style='padding:3px 6px; font-weight:bold; background-color:#f2f2f2;'>ชื่อ-นามสกุล</td><td style='padding:3px 6px;'>นาย วิชัย ใยอิ้ม</td></tr><tr><td style='padding:3px 6px; font-weight:bold; background-color:#f2f2f2;'>111</td><td style='padding:3px 6px;'>320915021821</td></tr><tr><td style='padding:3px 6px; font-weight:bold; background-color:#f2f2f2;'>ประเภทอ้อย</td><td style='padding:3px 6px;'>อ้อยตอ 3</td></tr><tr><td style='padding:3px 6px; font-weight:bold; background-color:#f2f2f2;'>พื้นที่ปลูก</td><td style='padding:3px 6px;'>3.67</td></tr><tr><td style='padding:3px 6px; font-weight:bold; background-color:#f2f2f2;'>ศูนย์</td><td style='padding:3px 6px;'>K2-44</td></tr><tr><td style='padding:3px 6px; font-weight:bold; background-color:#f2f2f2;'>นักเกษตร</td><td style='padding:3px 6px;'>4401</td></tr><tr><td style='padding:3px 6px; font-weight:bold; background-color:#f2f2f2;'>กลุ่ม</td><td style='padding:3px 6px;'>กลุ่ม_44</td></tr></table></div>]]></description>
      <styleUrl>#style_44_004</styleUrl>
      <MultiGeometry><Polygon><outerBoundaryIs><LinearRing><coordinates>103.8449971,14.8523416,0 103.8440481,14.8527033,0 103.8440673,14.8533053,0 103.8452538,14.8529989,0 103.8449971,14.8523416,0</coordinates></LinearRing></outerBoundaryIs></Polygon></MultiGeometry>
    </Placemark>
    <Placemark>
      <name>320915021933</name>
      <description><![CDATA[<div style='font-family:Tahoma,sans-serif; font-size:13px;'><h3 style='color:#1565C0; margin:4px 0;'>รหัส: 320915021933</h3><p style='margin:2px 0;'><b>กลุ่มรถไถ:</b> 44_004</p><table border='1' style='border-collapse:collapse; border-color:#ccc; width:100%;'><tr><td style='padding:3px 6px; font-weight:bold; background-color:#f2f2f2;'>ปีการผลิต</td><td style='padding:3px 6px;'>257071</td></tr><tr><td style='padding:3px 6px; font-weight:bold; background-color:#f2f2f2;'>รหัสกลุ่มรถไถ</td><td style='padding:3px 6px;'>44/004</td></tr><tr><td style='padding:3px 6px; font-weight:bold; background-color:#f2f2f2;'>โควตาชาวไร่</td><td style='padding:3px 6px;'>974259</td></tr><tr><td style='padding:3px 6px; font-weight:bold; background-color:#f2f2f2;'>ชื่อ-นามสกุล</td><td style='padding:3px 6px;'>นาง สุพัตรา ศรีไพร</td></tr><tr><td style='padding:3px 6px; font-weight:bold; background-color:#f2f2f2;'>111</td><td style='padding:3px 6px;'>320915021933</td></tr><tr><td style='padding:3px 6px; font-weight:bold; background-color:#f2f2f2;'>ประเภทอ้อย</td><td style='padding:3px 6px;'>อ้อยปลายฝน</td></tr><tr><td style='padding:3px 6px; font-weight:bold; background-color:#f2f2f2;'>พื้นที่ปลูก</td><td style='padding:3px 6px;'>8.87</td></tr><tr><td style='padding:3px 6px; font-weight:bold; background-color:#f2f2f2;'>ศูนย์</td><td style='padding:3px 6px;'>K2-44</td></tr><tr><td style='padding:3px 6px; font-weight:bold; background-color:#f2f2f2;'>นักเกษตร</td><td style='padding:3px 6px;'>4401</td></tr><tr><td style='padding:3px 6px; font-weight:bold; background-color:#f2f2f2;'>กลุ่ม</td><td style='padding:3px 6px;'>กลุ่ม_44</td></tr></table></div>]]></description>
      <styleUrl>#style_44_004</styleUrl>
      <MultiGeometry><Polygon><outerBoundaryIs><LinearRing><coordinates>103.8357367,14.8924600,0 103.8360517,14.8931917,0 103.8366417,14.8930750,0 103.8366683,14.8930750,0 103.8367100,14.8929817,0 103.8367933,14.8928083,0 103.8368600,14.8926083,0 103.8369133,14.8924483,0 103.8369817,14.8922583,0 103.8370000,14.8921833,0 103.8370317,14.8920800,0 103.8370483,14.8920133,0 103.8370750,14.8919200,0 103.8371050,14.8918267,0 103.8371167,14.8917517,0 103.8371200,14.8916633,0 103.8371150,14.8916017,0 103.8371017,14.8915450,0 103.8371017,14.8915367,0 103.8357367,14.8924600,0</coordinates></LinearRing></outerBoundaryIs></Polygon></MultiGeometry>
    </Placemark>
    <Placemark>
      <name>320915021610</name>
      <description><![CDATA[<div style='font-family:Tahoma,sans-serif; font-size:13px;'><h3 style='color:#1565C0; margin:4px 0;'>รหัส: 320915021610</h3><p style='margin:2px 0;'><b>กลุ่มรถไถ:</b> 44_004</p><table border='1' style='border-collapse:collapse; border-color:#ccc; width:100%;'><tr><td style='padding:3px 6px; font-weight:bold; background-color:#f2f2f2;'>ปีการผลิต</td><td style='padding:3px 6px;'>257071</td></tr><tr><td style='padding:3px 6px; font-weight:bold; background-color:#f2f2f2;'>รหัสกลุ่มรถไถ</td><td style='padding:3px 6px;'>44/004</td></tr><tr><td style='padding:3px 6px; font-weight:bold; background-color:#f2f2f2;'>โควตาชาวไร่</td><td style='padding:3px 6px;'>974265</td></tr><tr><td style='padding:3px 6px; font-weight:bold; background-color:#f2f2f2;'>ชื่อ-นามสกุล</td><td style='padding:3px 6px;'>นาย สนอง ทูลภิรมย์</td></tr><tr><td style='padding:3px 6px; font-weight:bold; background-color:#f2f2f2;'>111</td><td style='padding:3px 6px;'>320915021610</td></tr><tr><td style='padding:3px 6px; font-weight:bold; background-color:#f2f2f2;'>ประเภทอ้อย</td><td style='padding:3px 6px;'>อ้อยปลายฝน</td></tr><tr><td style='padding:3px 6px; font-weight:bold; background-color:#f2f2f2;'>พื้นที่ปลูก</td><td style='padding:3px 6px;'>6.03</td></tr><tr><td style='padding:3px 6px; font-weight:bold; background-color:#f2f2f2;'>ศูนย์</td><td style='padding:3px 6px;'>K2-44</td></tr><tr><td style='padding:3px 6px; font-weight:bold; background-color:#f2f2f2;'>นักเกษตร</td><td style='padding:3px 6px;'>4401</td></tr><tr><td style='padding:3px 6px; font-weight:bold; background-color:#f2f2f2;'>กลุ่ม</td><td style='padding:3px 6px;'>กลุ่ม_44</td></tr></table></div>]]></description>
      <styleUrl>#style_44_004</styleUrl>
      <MultiGeometry><Polygon><outerBoundaryIs><LinearRing><coordinates>103.8186205,14.8608941,0 103.8183738,14.8609073,0 103.8183580,14.8612230,0 103.8210368,14.8605766,0 103.8209019,14.8602744,0 103.8204985,14.8603613,0 103.8205232,14.8604778,0 103.8204259,14.8604751,0 103.8203887,14.8603829,0 103.8186205,14.8608941,0</coordinates></LinearRing></outerBoundaryIs></Polygon></MultiGeometry>
    </Placemark>
  </Folder>
</Document>
</kml>