<?xml version="1.0" encoding="UTF-8"?>
<kml xmlns="http://www.opengis.net/kml/2.2">
<Document>
  <name>กลุ่มคิว 62</name>
  <Style id="style_62_001">
    <LineStyle>
      <color>ff3539E5</color>
      <width>2.0</width>
    </LineStyle>
    <PolyStyle>
      <color>b33539E5</color>
    </PolyStyle>
  </Style>
  <Folder>
    <name>62_001</name>
    <Placemark>
      <name>310603161624</name>
      <description><![CDATA[<div style='font-family:Tahoma,sans-serif; font-size:13px;'><h3 style='color:#1565C0; margin:4px 0;'>รหัส: 310603161624</h3><p style='margin:2px 0;'><b>กลุ่มรถไถ:</b> 62_001</p><table border='1' style='border-collapse:collapse; border-color:#ccc; width:100%;'><tr><td style='padding:3px 6px; font-weight:bold; background-color:#f2f2f2;'>ปีการผลิต</td><td style='padding:3px 6px;'>257071</td></tr><tr><td style='padding:3px 6px; font-weight:bold; background-color:#f2f2f2;'>รหัสกลุ่มรถไถ</td><td style='padding:3px 6px;'>62/001</td></tr><tr><td style='padding:3px 6px; font-weight:bold; background-color:#f2f2f2;'>โควตาชาวไร่</td><td style='padding:3px 6px;'>762198</td></tr><tr><td style='padding:3px 6px; font-weight:bold; background-color:#f2f2f2;'>ชื่อ-นามสกุล</td><td style='padding:3px 6px;'>นาง สมพิศ เพชรจันทร์</td></tr><tr><td style='padding:3px 6px; font-weight:bold; background-color:#f2f2f2;'>111</td><td style='padding:3px 6px;'>310603161624</td></tr><tr><td style='padding:3px 6px; font-weight:bold; background-color:#f2f2f2;'>ประเภทอ้อย</td><td style='padding:3px 6px;'>อ้อยปลายฝน</td></tr><tr><td style='padding:3px 6px; font-weight:bold; background-color:#f2f2f2;'>พื้นที่ปลูก</td><td style='padding:3px 6px;'>8.03</td></tr><tr><td style='padding:3px 6px; font-weight:bold; background-color:#f2f2f2;'>ศูนย์</td><td style='padding:3px 6px;'>K2-62</td></tr><tr><td style='padding:3px 6px; font-weight:bold; background-color:#f2f2f2;'>นักเกษตร</td><td style='padding:3px 6px;'>6201</td></tr><tr><td style='padding:3px 6px; font-weight:bold; background-color:#f2f2f2;'>กลุ่ม</td><td style='padding:3px 6px;'>กลุ่ม_62</td></tr></table></div>]]></description>
      <styleUrl>#style_62_001</styleUrl>
      <MultiGeometry><Polygon><outerBoundaryIs><LinearRing><coordinates>102.9471697,14.3547237,0 102.9473300,14.3555499,0 102.9483830,14.3559713,0 102.9482296,14.3551494,0 102.9481733,14.3546197,0 102.9471697,14.3547237,0</coordinates></LinearRing></outerBoundaryIs></Polygon></MultiGeometry>
    </Placemark>
    <Placemark>
      <name>310603161750</name>
      <description><![CDATA[<div style='font-family:Tahoma,sans-serif; font-size:13px;'><h3 style='color:#1565C0; margin:4px 0;'>รหัส: 310603161750</h3><p style='margin:2px 0;'><b>กลุ่มรถไถ:</b> 62_001</p><table border='1' style='border-collapse:collapse; border-color:#ccc; width:100%;'><tr><td style='padding:3px 6px; font-weight:bold; background-color:#f2f2f2;'>ปีการผลิต</td><td style='padding:3px 6px;'>257071</td></tr><tr><td style='padding:3px 6px; font-weight:bold; background-color:#f2f2f2;'>รหัสกลุ่มรถไถ</td><td style='padding:3px 6px;'>62/001</td></tr><tr><td style='padding:3px 6px; font-weight:bold; background-color:#f2f2f2;'>โควตาชาวไร่</td><td style='padding:3px 6px;'>762198</td></tr><tr><td style='padding:3px 6px; font-weight:bold; background-color:#f2f2f2;'>ชื่อ-นามสกุล</td><td style='padding:3px 6px;'>นาง สมพิศ เพชรจันทร์</td></tr><tr><td style='padding:3px 6px; font-weight:bold; background-color:#f2f2f2;'>111</td><td style='padding:3px 6px;'>310603161750</td></tr><tr><td style='padding:3px 6px; font-weight:bold; background-color:#f2f2f2;'>ประเภทอ้อย</td><td style='padding:3px 6px;'>อ้อยปลายฝน</td></tr><tr><td style='padding:3px 6px; font-weight:bold; background-color:#f2f2f2;'>พื้นที่ปลูก</td><td style='padding:3px 6px;'>4.25</td></tr><tr><td style='padding:3px 6px; font-weight:bold; background-color:#f2f2f2;'>ศูนย์</td><td style='padding:3px 6px;'>K2-62</td></tr><tr><td style='padding:3px 6px; font-weight:bold; background-color:#f2f2f2;'>นักเกษตร</td><td style='padding:3px 6px;'>6201</td></tr><tr><td style='padding:3px 6px; font-weight:bold; background-color:#f2f2f2;'>กลุ่ม</td><td style='padding:3px 6px;'>กลุ่ม_62</td></tr></table></div>]]></description>
      <styleUrl>#style_62_001</styleUrl>
      <MultiGeometry><Polygon><outerBoundaryIs><LinearRing><coordinates>102.9483965,14.3559746,0 102.9488066,14.3561709,0 102.9485908,14.3546294,0 102.9483779,14.3546663,0 102.9483743,14.3546405,0 102.9483135,14.3546349,0 102.9482804,14.3546135,0 102.9481969,14.3545939,0 102.9482566,14.3551459,0 102.9483965,14.3559746,0</coordinates></LinearRing></outerBoundaryIs></Polygon></MultiGeometry>
    </Placemark>
    <Placemark>
      <name>310603160094</name>
      <description><![CDATA[<div style='font-family:Tahoma,sans-serif; font-size:13px;'><h3 style='color:#1565C0; margin:4px 0;'>รหัส: 310603160094</h3><p style='margin:2px 0;'><b>กลุ่มรถไถ:</b> 62_001</p><table border='1' style='border-collapse:collapse; border-color:#ccc; width:100%;'><tr><td style='padding:3px 6px; font-weight:bold; background-color:#f2f2f2;'>ปีการผลิต</td><td style='padding:3px 6px;'>257071</td></tr><tr><td style='padding:3px 6px; font-weight:bold; background-color:#f2f2f2;'>รหัสกลุ่มรถไถ</td><td style='padding:3px 6px;'>62/001</td></tr><tr><td style='padding:3px 6px; font-weight:bold; background-color:#f2f2f2;'>โควตาชาวไร่</td><td style='padding:3px 6px;'>762662</td></tr><tr><td style='padding:3px 6px; font-weight:bold; background-color:#f2f2f2;'>ชื่อ-นามสกุล</td><td style='padding:3px 6px;'>นาย ศุภชัย เพชรจันทร์</td></tr><tr><td style='padding:3px 6px; font-weight:bold; background-color:#f2f2f2;'>111</td><td style='padding:3px 6px;'>310603160094</td></tr><tr><td style='padding:3px 6px; font-weight:bold; background-color:#f2f2f2;'>ประเภทอ้อย</td><td style='padding:3px 6px;'>อ้อยปลายฝน</td></tr><tr><td style='padding:3px 6px; font-weight:bold; background-color:#f2f2f2;'>พื้นที่ปลูก</td><td style='padding:3px 6px;'>27.93</td></tr><tr><td style='padding:3px 6px; font-weight:bold; background-color:#f2f2f2;'>ศูนย์</td><td style='padding:3px 6px;'>K2-62</td></tr><tr><td style='padding:3px 6px; font-weight:bold; background-color:#f2f2f2;'>นักเกษตร</td><td style='padding:3px 6px;'>6201</td></tr><tr><td style='padding:3px 6px; font-weight:bold; background-color:#f2f2f2;'>กลุ่ม</td><td style='padding:3px 6px;'>กลุ่ม_62</td></tr></table></div>]]></description>
      <styleUrl>#style_62_001</styleUrl>
      <MultiGeometry><Polygon><outerBoundaryIs><LinearRing><coordinates>102.9416945,14.3353462,0 102.9423886,14.3365994,0 102.9432558,14.3363073,0 102.9441161,14.3360171,0 102.9443031,14.3359578,0 102.9451838,14.3356063,0 102.9449520,14.3346814,0 102.9416945,14.3353462,0</coordinates></LinearRing></outerBoundaryIs></Polygon></MultiGeometry>
    </Placemark>
    <Placemark>
      <name>310603161773</name>
      <description><![CDATA[<div style='font-family:Tahoma,sans-serif; font-size:13px;'><h3 style='color:#1565C0; margin:4px 0;'>รหัส: 310603161773</h3><p style='margin:2px 0;'><b>กลุ่มรถไถ:</b> 62_001</p><table border='1' style='border-collapse:collapse; border-color:#ccc; width:100%;'><tr><td style='padding:3px 6px; font-weight:bold; background-color:#f2f2f2;'>ปีการผลิต</td><td style='padding:3px 6px;'>257071</td></tr><tr><td style='padding:3px 6px; font-weight:bold; background-color:#f2f2f2;'>รหัสกลุ่มรถไถ</td><td style='padding:3px 6px;'>62/001</td></tr><tr><td style='padding:3px 6px; font-weight:bold; background-color:#f2f2f2;'>โควตาชาวไร่</td><td style='padding:3px 6px;'>762662</td></tr><tr><td style='padding:3px 6px; font-weight:bold; background-color:#f2f2f2;'>ชื่อ-นามสกุล</td><td style='padding:3px 6px;'>นาย ศุภชัย เพชรจันทร์</td></tr><tr><td style='padding:3px 6px; font-weight:bold; background-color:#f2f2f2;'>111</td><td style='padding:3px 6px;'>310603161773</td></tr><tr><td style='padding:3px 6px; font-weight:bold; background-color:#f2f2f2;'>ประเภทอ้อย</td><td style='padding:3px 6px;'>อ้อยปลายฝน</td></tr><tr><td style='padding:3px 6px; font-weight:bold; background-color:#f2f2f2;'>พื้นที่ปลูก</td><td style='padding:3px 6px;'>2.89</td></tr><tr><td style='padding:3px 6px; font-weight:bold; background-color:#f2f2f2;'>ศูนย์</td><td style='padding:3px 6px;'>K2-62</td></tr><tr><td style='padding:3px 6px; font-weight:bold; background-color:#f2f2f2;'>นักเกษตร</td><td style='padding:3px 6px;'>6201</td></tr><tr><td style='padding:3px 6px; font-weight:bold; background-color:#f2f2f2;'>กลุ่ม</td><td style='padding:3px 6px;'>กลุ่ม_62</td></tr></table></div>]]></description>
      <styleUrl>#style_62_001</styleUrl>
      <MultiGeometry><Polygon><outerBoundaryIs><LinearRing><coordinates>102.9455800,14.3354233,0 102.9455633,14.3352433,0 102.9455383,14.3351517,0 102.9454967,14.3350117,0 102.9454600,14.3349383,0 102.9453817,14.3346900,0 102.9453500,14.3346150,0 102.9449367,14.3346983,0 102.9451850,14.3355750,0 102.9455800,14.3354233,0</coordinates></LinearRing></outerBoundaryIs></Polygon></MultiGeometry>
    </Placemark>
    <Placemark>
      <name>310603161549</name>
      <description><![CDATA[<div style='font-family:Tahoma,sans-serif; font-size:13px;'><h3 style='color:#1565C0; margin:4px 0;'>รหัส: 310603161549</h3><p style='margin:2px 0;'><b>กลุ่มรถไถ:</b> 62_001</p><table border='1' style='border-collapse:collapse; border-color:#ccc; width:100%;'><tr><td style='padding:3px 6px; font-weight:bold; background-color:#f2f2f2;'>ปีการผลิต</td><td style='padding:3px 6px;'>257071</td></tr><tr><td style='padding:3px 6px; font-weight:bold; background-color:#f2f2f2;'>รหัสกลุ่มรถไถ</td><td style='padding:3px 6px;'>62/001</td></tr><tr><td style='padding:3px 6px; font-weight:bold; background-color:#f2f2f2;'>โควตาชาวไร่</td><td style='padding:3px 6px;'>765173</td></tr><tr><td style='padding:3px 6px; font-weight:bold; background-color:#f2f2f2;'>ชื่อ-นามสกุล</td><td style='padding:3px 6px;'>นาย สิทธิกริช พะมุลิลา</td></tr><tr><td style='padding:3px 6px; font-weight:bold; background-color:#f2f2f2;'>111</td><td style='padding:3px 6px;'>310603161549</td></tr><tr><td style='padding:3px 6px; font-weight:bold; background-color:#f2f2f2;'>ประเภทอ้อย</td><td style='padding:3px 6px;'>อ้อยปลายฝน</td></tr><tr><td style='padding:3px 6px; font-weight:bold; background-color:#f2f2f2;'>พื้นที่ปลูก</td><td style='padding:3px 6px;'>5.09</td></tr><tr><td style='padding:3px 6px; font-weight:bold; background-color:#f2f2f2;'>ศูนย์</td><td style='padding:3px 6px;'>K2-62</td></tr><tr><td style='padding:3px 6px; font-weight:bold; background-color:#f2f2f2;'>นักเกษตร</td><td style='padding:3px 6px;'>6201</td></tr><tr><td style='padding:3px 6px; font-weight:bold; background-color:#f2f2f2;'>กลุ่ม</td><td style='padding:3px 6px;'>กลุ่ม_62</td></tr></table></div>]]></description>
      <styleUrl>#style_62_001</styleUrl>
      <MultiGeometry><Polygon><outerBoundaryIs><LinearRing><coordinates>102.9396832,14.3519992,0 102.9395349,14.3505602,0 102.9390802,14.3506025,0 102.9392169,14.3520717,0 102.9396832,14.3519992,0</coordinates></LinearRing></outerBoundaryIs></Polygon></MultiGeometry>
    </Placemark>
    <Placemark>
      <name>310607061697</name>
      <description><![CDATA[<div style='font-family:Tahoma,sans-serif; font-size:13px;'><h3 style='color:#1565C0; margin:4px 0;'>รหัส: 310607061697</h3><p style='margin:2px 0;'><b>กลุ่มรถไถ:</b> 62_001</p><table border='1' style='border-collapse:collapse; border-color:#ccc; width:100%;'><tr><td style='padding:3px 6px; font-weight:bold; background-color:#f2f2f2;'>ปีการผลิต</td><td style='padding:3px 6px;'>257071</td></tr><tr><td style='padding:3px 6px; font-weight:bold; background-color:#f2f2f2;'>รหัสกลุ่มรถไถ</td><td style='padding:3px 6px;'>62/001</td></tr><tr><td style='padding:3px 6px; font-weight:bold; background-color:#f2f2f2;'>โควตาชาวไร่</td><td style='padding:3px 6px;'>765890</td></tr><tr><td style='padding:3px 6px; font-weight:bold; background-color:#f2f2f2;'>ชื่อ-นามสกุล</td><td style='padding:3px 6px;'>นาย จันทร์ดา พระโจงรัมย์</td></tr><tr><td style='padding:3px 6px; font-weight:bold; background-color:#f2f2f2;'>111</td><td style='padding:3px 6px;'>310607061697</td></tr><tr><td style='padding:3px 6px; font-weight:bold; background-color:#f2f2f2;'>ประเภทอ้อย</td><td style='padding:3px 6px;'>อ้อยปลายฝน</td></tr><tr><td style='padding:3px 6px; font-weight:bold; background-color:#f2f2f2;'>พื้นที่ปลูก</td><td style='padding:3px 6px;'>18.51</td></tr><tr><td style='padding:3px 6px; font-weight:bold; background-color:#f2f2f2;'>ศูนย์</td><td style='padding:3px 6px;'>K2-62</td></tr><tr><td style='padding:3px 6px; font-weight:bold; background-color:#f2f2f2;'>นักเกษตร</td><td style='padding:3px 6px;'>6201</td></tr><tr><td style='padding:3px 6px; font-weight:bold; background-color:#f2f2f2;'>กลุ่ม</td><td style='padding:3px 6px;'>กลุ่ม_62</td></tr></table></div>]]></description>
      <styleUrl>#style_62_001</styleUrl>
      <MultiGeometry><Polygon><outerBoundaryIs><LinearRing><coordinates>102.9071733,14.4016083,0 102.9072033,14.4017267,0 102.9073817,14.4016583,0 102.9074783,14.4018350,0 102.9094867,14.4010800,0 102.9087817,14.3999833,0 102.9066900,14.4006000,0 102.9067900,14.4008283,0 102.9073367,14.4006717,0 102.9078083,14.4014533,0 102.9071733,14.4016083,0</coordinates></LinearRing></outerBoundaryIs></Polygon></MultiGeometry>
    </Placemark>
    <Placemark>
      <name>310603161749</name>
      <description><![CDATA[<div style='font-family:Tahoma,sans-serif; font-size:13px;'><h3 style='color:#1565C0; margin:4px 0;'>รหัส: 310603161749</h3><p style='margin:2px 0;'><b>กลุ่มรถไถ:</b> 62_001</p><table border='1' style='border-collapse:collapse; border-color:#ccc; width:100%;'><tr><td style='padding:3px 6px; font-weight:bold; background-color:#f2f2f2;'>ปีการผลิต</td><td style='padding:3px 6px;'>257071</td></tr><tr><td style='padding:3px 6px; font-weight:bold; background-color:#f2f2f2;'>รหัสกลุ่มรถไถ</td><td style='padding:3px 6px;'>62/001</td></tr><tr><td style='padding:3px 6px; font-weight:bold; background-color:#f2f2f2;'>โควตาชาวไร่</td><td style='padding:3px 6px;'>766500</td></tr><tr><td style='padding:3px 6px; font-weight:bold; background-color:#f2f2f2;'>ชื่อ-นามสกุล</td><td style='padding:3px 6px;'>นาย องอาจ เปกเรือง</td></tr><tr><td style='padding:3px 6px; font-weight:bold; background-color:#f2f2f2;'>111</td><td style='padding:3px 6px;'>310603161749</td></tr><tr><td style='padding:3px 6px; font-weight:bold; background-color:#f2f2f2;'>ประเภทอ้อย</td><td style='padding:3px 6px;'>อ้อยปลายฝน</td></tr><tr><td style='padding:3px 6px; font-weight:bold; background-color:#f2f2f2;'>พื้นที่ปลูก</td><td style='padding:3px 6px;'>12.81</td></tr><tr><td style='padding:3px 6px; font-weight:bold; background-color:#f2f2f2;'>ศูนย์</td><td style='padding:3px 6px;'>K2-62</td></tr><tr><td style='padding:3px 6px; font-weight:bold; background-color:#f2f2f2;'>นักเกษตร</td><td style='padding:3px 6px;'>6201</td></tr><tr><td style='padding:3px 6px; font-weight:bold; background-color:#f2f2f2;'>กลุ่ม</td><td style='padding:3px 6px;'>กลุ่ม_62</td></tr></table></div>]]></description>
      <styleUrl>#style_62_001</styleUrl>
      <MultiGeometry><Polygon><outerBoundaryIs><LinearRing><coordinates>102.9368133,14.3378900,0 102.9367600,14.3379900,0 102.9366717,14.3383267,0 102.9365983,14.3384900,0 102.9366167,14.3389367,0 102.9361317,14.3390500,0 102.9360983,14.3392383,0 102.9362450,14.3392617,0 102.9364783,14.3392883,0 102.9364400,14.3394850,0 102.9364250,14.3397117,0 102.9363883,14.3399550,0 102.9365133,14.3399700,0 102.9370100,14.3398783,0 102.9374933,14.3398400,0 102.9372917,14.3380533,0 102.9368133,14.3378900,0</coordinates></LinearRing></outerBoundaryIs></Polygon></MultiGeometry>
    </Placemark>
    <Placemark>
      <name>310603041545</name>
      <description><![CDATA[<div style='font-family:Tahoma,sans-serif; font-size:13px;'><h3 style='color:#1565C0; margin:4px 0;'>รหัส: 310603041545</h3><p style='margin:2px 0;'><b>กลุ่มรถไถ:</b> 62_001</p><table border='1' style='border-collapse:collapse; border-color:#ccc; width:100%;'><tr><td style='padding:3px 6px; font-weight:bold; background-color:#f2f2f2;'>ปีการผลิต</td><td style='padding:3px 6px;'>257071</td></tr><tr><td style='padding:3px 6px; font-weight:bold; background-color:#f2f2f2;'>รหัสกลุ่มรถไถ</td><td style='padding:3px 6px;'>62/001</td></tr><tr><td style='padding:3px 6px; font-weight:bold; background-color:#f2f2f2;'>โควตาชาวไร่</td><td style='padding:3px 6px;'>766559</td></tr><tr><td style='padding:3px 6px; font-weight:bold; background-color:#f2f2f2;'>ชื่อ-นามสกุล</td><td style='padding:3px 6px;'>นาง รำพึง แข็งฉลาด</td></tr><tr><td style='padding:3px 6px; font-weight:bold; background-color:#f2f2f2;'>111</td><td style='padding:3px 6px;'>310603041545</td></tr><tr><td style='padding:3px 6px; font-weight:bold; background-color:#f2f2f2;'>ประเภทอ้อย</td><td style='padding:3px 6px;'>อ้อยปลายฝน</td></tr><tr><td style='padding:3px 6px; font-weight:bold; background-color:#f2f2f2;'>พื้นที่ปลูก</td><td style='padding:3px 6px;'>10.01</td></tr><tr><td style='padding:3px 6px; font-weight:bold; background-color:#f2f2f2;'>ศูนย์</td><td style='padding:3px 6px;'>K2-62</td></tr><tr><td style='padding:3px 6px; font-weight:bold; background-color:#f2f2f2;'>นักเกษตร</td><td style='padding:3px 6px;'>6201</td></tr><tr><td style='padding:3px 6px; font-weight:bold; background-color:#f2f2f2;'>กลุ่ม</td><td style='padding:3px 6px;'>กลุ่ม_62</td></tr></table></div>]]></description>
      <styleUrl>#style_62_001</styleUrl>
      <MultiGeometry><Polygon><outerBoundaryIs><LinearRing><coordinates>102.9078163,14.3986462,0 102.9066597,14.3984928,0 102.9066359,14.3984934,0 102.9065807,14.3985108,0 102.9065217,14.3985274,0 102.9064199,14.3985513,0 102.9061209,14.3986335,0 102.9058883,14.3986890,0 102.9058747,14.3987076,0 102.9058735,14.3987291,0 102.9059077,14.3988053,0 102.9060304,14.3990876,0 102.9061257,14.3993350,0 102.9061302,14.3993483,0 102.9081190,14.3991349,0 102.9081218,14.3991361,0 102.9078287,14.3986750,0 102.9078175,14.3986469,0 102.9078163,14.3986462,0</coordinates></LinearRing></outerBoundaryIs></Polygon></MultiGeometry>
    </Placemark>
    <Placemark>
      <name>310607061743</name>
      <description><![CDATA[<div style='font-family:Tahoma,sans-serif; font-size:13px;'><h3 style='color:#1565C0; margin:4px 0;'>รหัส: 310607061743</h3><p style='margin:2px 0;'><b>กลุ่มรถไถ:</b> 62_001</p><table border='1' style='border-collapse:collapse; border-color:#ccc; width:100%;'><tr><td style='padding:3px 6px; font-weight:bold; background-color:#f2f2f2;'>ปีการผลิต</td><td style='padding:3px 6px;'>257071</td></tr><tr><td style='padding:3px 6px; font-weight:bold; background-color:#f2f2f2;'>รหัสกลุ่มรถไถ</td><td style='padding:3px 6px;'>62/001</td></tr><tr><td style='padding:3px 6px; font-weight:bold; background-color:#f2f2f2;'>โควตาชาวไร่</td><td style='padding:3px 6px;'>766559</td></tr><tr><td style='padding:3px 6px; font-weight:bold; background-color:#f2f2f2;'>ชื่อ-นามสกุล</td><td style='padding:3px 6px;'>นาง รำพึง แข็งฉลาด</td></tr><tr><td style='padding:3px 6px; font-weight:bold; background-color:#f2f2f2;'>111</td><td style='padding:3px 6px;'>310607061743</td></tr><tr><td style='padding:3px 6px; font-weight:bold; background-color:#f2f2f2;'>ประเภทอ้อย</td><td style='padding:3px 6px;'>อ้อยปลายฝน</td></tr><tr><td style='padding:3px 6px; font-weight:bold; background-color:#f2f2f2;'>พื้นที่ปลูก</td><td style='padding:3px 6px;'>17.73</td></tr><tr><td style='padding:3px 6px; font-weight:bold; background-color:#f2f2f2;'>ศูนย์</td><td style='padding:3px 6px;'>K2-62</td></tr><tr><td style='padding:3px 6px; font-weight:bold; background-color:#f2f2f2;'>นักเกษตร</td><td style='padding:3px 6px;'>6201</td></tr><tr><td style='padding:3px 6px; font-weight:bold; background-color:#f2f2f2;'>กลุ่ม</td><td style='padding:3px 6px;'>กลุ่ม_62</td></tr></table></div>]]></description>
      <styleUrl>#style_62_001</styleUrl>
      <MultiGeometry><Polygon><outerBoundaryIs><LinearRing><coordinates>102.9066615,14.3992862,0 102.9066150,14.3992951,0 102.9065907,14.3992979,0 102.9061558,14.3993613,0 102.9061581,14.3993637,0 102.9063021,14.3997407,0 102.9063262,14.3997902,0 102.9064289,14.4000938,0 102.9065638,14.4003372,0 102.9066540,14.4005929,0 102.9066611,14.4006004,0 102.9066712,14.4006084,0 102.9069905,14.4004981,0 102.9072042,14.4004231,0 102.9080667,14.4001975,0 102.9083440,14.4001142,0 102.9086787,14.3999949,0 102.9086761,14.3999919,0 102.9086717,14.3999938,0 102.9086755,14.3999518,0 102.9085090,14.3997045,0 102.9084288,14.3995714,0 102.9083180,14.3993792,0 102.9082359,14.3992653,0 102.9081608,14.3992026,0 102.9081371,14.3991564,0 102.9081280,14.3991379,0 102.9081252,14.3991340,0 102.9081196,14.3991288,0 102.9066615,14.3992862,0</coordinates></LinearRing></outerBoundaryIs></Polygon></MultiGeometry>
    </Placemark>
    <Placemark>
      <name>310601101558</name>
      <description><![CDATA[<div style='font-family:Tahoma,sans-serif; font-size:13px;'><h3 style='color:#1565C0; margin:4px 0;'>รหัส: 310601101558</h3><p style='margin:2px 0;'><b>กลุ่มรถไถ:</b> 62_001</p><table border='1' style='border-collapse:collapse; border-color:#ccc; width:100%;'><tr><td style='padding:3px 6px; font-weight:bold; background-color:#f2f2f2;'>ปีการผลิต</td><td style='padding:3px 6px;'>257071</td></tr><tr><td style='padding:3px 6px; font-weight:bold; background-color:#f2f2f2;'>รหัสกลุ่มรถไถ</td><td style='padding:3px 6px;'>62/001</td></tr><tr><td style='padding:3px 6px; font-weight:bold; background-color:#f2f2f2;'>โควตาชาวไร่</td><td style='padding:3px 6px;'>766603</td></tr><tr><td style='padding:3px 6px; font-weight:bold; background-color:#f2f2f2;'>ชื่อ-นามสกุล</td><td style='padding:3px 6px;'>นาย สุรศักดิ์ เพชรจันทร์</td></tr><tr><td style='padding:3px 6px; font-weight:bold; background-color:#f2f2f2;'>111</td><td style='padding:3px 6px;'>310601101558</td></tr><tr><td style='padding:3px 6px; font-weight:bold; background-color:#f2f2f2;'>ประเภทอ้อย</td><td style='padding:3px 6px;'>อ้อยปลายฝน</td></tr><tr><td style='padding:3px 6px; font-weight:bold; background-color:#f2f2f2;'>พื้นที่ปลูก</td><td style='padding:3px 6px;'>10.17</td></tr><tr><td style='padding:3px 6px; font-weight:bold; background-color:#f2f2f2;'>ศูนย์</td><td style='padding:3px 6px;'>K2-62</td></tr><tr><td style='padding:3px 6px; font-weight:bold; background-color:#f2f2f2;'>นักเกษตร</td><td style='padding:3px 6px;'>6201</td></tr><tr><td style='padding:3px 6px; font-weight:bold; background-color:#f2f2f2;'>กลุ่ม</td><td style='padding:3px 6px;'>กลุ่ม_62</td></tr></table></div>]]></description>
      <styleUrl>#style_62_001</styleUrl>
      <MultiGeometry><Polygon><outerBoundaryIs><LinearRing><coordinates>102.8644117,14.3891167,0 102.8622383,14.3889517,0 102.8621267,14.3896500,0 102.8634500,14.3896767,0 102.8634783,14.3896067,0 102.8636217,14.3896133,0 102.8636433,14.3896833,0 102.8637783,14.3896800,0 102.8637917,14.3896533,0 102.8638800,14.3896300,0 102.8638783,14.3897033,0 102.8639483,14.3897033,0 102.8641917,14.3897117,0 102.8644117,14.3891167,0</coordinates></LinearRing></outerBoundaryIs></Polygon></MultiGeometry>
    </Placemark>
  </Folder>
  <Style id="style_62_002">
    <LineStyle>
      <color>ffAA248E</color>
      <width>2.0</width>
    </LineStyle>
    <PolyStyle>
      <color>b3AA248E</color>
    </PolyStyle>
  </Style>
  <Folder>
    <name>62_002</name>
    <Placemark>
      <name>310603161814</name>
      <description><![CDATA[<div style='font-family:Tahoma,sans-serif; font-size:13px;'><h3 style='color:#1565C0; margin:4px 0;'>รหัส: 310603161814</h3><p style='margin:2px 0;'><b>กลุ่มรถไถ:</b> 62_002</p><table border='1' style='border-collapse:collapse; border-color:#ccc; width:100%;'><tr><td style='padding:3px 6px; font-weight:bold; background-color:#f2f2f2;'>ปีการผลิต</td><td style='padding:3px 6px;'>257071</td></tr><tr><td style='padding:3px 6px; font-weight:bold; background-color:#f2f2f2;'>รหัสกลุ่มรถไถ</td><td style='padding:3px 6px;'>62/002</td></tr><tr><td style='padding:3px 6px; font-weight:bold; background-color:#f2f2f2;'>โควตาชาวไร่</td><td style='padding:3px 6px;'>765421</td></tr><tr><td style='padding:3px 6px; font-weight:bold; background-color:#f2f2f2;'>ชื่อ-นามสกุล</td><td style='padding:3px 6px;'>นาง ดลฤดี โคตรคำ</td></tr><tr><td style='padding:3px 6px; font-weight:bold; background-color:#f2f2f2;'>111</td><td style='padding:3px 6px;'>310603161814</td></tr><tr><td style='padding:3px 6px; font-weight:bold; background-color:#f2f2f2;'>ประเภทอ้อย</td><td style='padding:3px 6px;'>อ้อยปลายฝน</td></tr><tr><td style='padding:3px 6px; font-weight:bold; background-color:#f2f2f2;'>พื้นที่ปลูก</td><td style='padding:3px 6px;'>4.34</td></tr><tr><td style='padding:3px 6px; font-weight:bold; background-color:#f2f2f2;'>ศูนย์</td><td style='padding:3px 6px;'>K2-62</td></tr><tr><td style='padding:3px 6px; font-weight:bold; background-color:#f2f2f2;'>นักเกษตร</td><td style='padding:3px 6px;'>6201</td></tr><tr><td style='padding:3px 6px; font-weight:bold; background-color:#f2f2f2;'>กลุ่ม</td><td style='padding:3px 6px;'>กลุ่ม_62</td></tr></table></div>]]></description>
      <styleUrl>#style_62_002</styleUrl>
      <MultiGeometry><Polygon><outerBoundaryIs><LinearRing><coordinates>102.9635317,14.3853917,0 102.9638200,14.3854217,0 102.9638733,14.3851867,0 102.9639283,14.3851317,0 102.9639183,14.3840000,0 102.9634583,14.3840250,0 102.9635317,14.3853917,0</coordinates></LinearRing></outerBoundaryIs></Polygon></MultiGeometry>
    </Placemark>
    <Placemark>
      <name>310603081554</name>
      <description><![CDATA[<div style='font-family:Tahoma,sans-serif; font-size:13px;'><h3 style='color:#1565C0; margin:4px 0;'>รหัส: 310603081554</h3><p style='margin:2px 0;'><b>กลุ่มรถไถ:</b> 62_002</p><table border='1' style='border-collapse:collapse; border-color:#ccc; width:100%;'><tr><td style='padding:3px 6px; font-weight:bold; background-color:#f2f2f2;'>ปีการผลิต</td><td style='padding:3px 6px;'>257071</td></tr><tr><td style='padding:3px 6px; font-weight:bold; background-color:#f2f2f2;'>รหัสกลุ่มรถไถ</td><td style='padding:3px 6px;'>62/002</td></tr><tr><td style='padding:3px 6px; font-weight:bold; background-color:#f2f2f2;'>โควตาชาวไร่</td><td style='padding:3px 6px;'>766227</td></tr><tr><td style='padding:3px 6px; font-weight:bold; background-color:#f2f2f2;'>ชื่อ-นามสกุล</td><td style='padding:3px 6px;'>นาย ตุ่น ยีรัมย์</td></tr><tr><td style='padding:3px 6px; font-weight:bold; background-color:#f2f2f2;'>111</td><td style='padding:3px 6px;'>310603081554</td></tr><tr><td style='padding:3px 6px; font-weight:bold; background-color:#f2f2f2;'>ประเภทอ้อย</td><td style='padding:3px 6px;'>อ้อยปลายฝน</td></tr><tr><td style='padding:3px 6px; font-weight:bold; background-color:#f2f2f2;'>พื้นที่ปลูก</td><td style='padding:3px 6px;'>6.74</td></tr><tr><td style='padding:3px 6px; font-weight:bold; background-color:#f2f2f2;'>ศูนย์</td><td style='padding:3px 6px;'>K2-62</td></tr><tr><td style='padding:3px 6px; font-weight:bold; background-color:#f2f2f2;'>นักเกษตร</td><td style='padding:3px 6px;'>6201</td></tr><tr><td style='padding:3px 6px; font-weight:bold; background-color:#f2f2f2;'>กลุ่ม</td><td style='padding:3px 6px;'>กลุ่ม_62</td></tr></table></div>]]></description>
      <styleUrl>#style_62_002</styleUrl>
      <MultiGeometry><Polygon><outerBoundaryIs><LinearRing><coordinates>102.9156940,14.3981633,0 102.9154905,14.3978614,0 102.9132021,14.3983026,0 102.9132117,14.3987116,0 102.9156940,14.3981633,0</coordinates></LinearRing></outerBoundaryIs></Polygon></MultiGeometry>
    </Placemark>
    <Placemark>
      <name>310607061649</name>
      <description><![CDATA[<div style='font-family:Tahoma,sans-serif; font-size:13px;'><h3 style='color:#1565C0; margin:4px 0;'>รหัส: 310607061649</h3><p style='margin:2px 0;'><b>กลุ่มรถไถ:</b> 62_002</p><table border='1' style='border-collapse:collapse; border-color:#ccc; width:100%;'><tr><td style='padding:3px 6px; font-weight:bold; background-color:#f2f2f2;'>ปีการผลิต</td><td style='padding:3px 6px;'>257071</td></tr><tr><td style='padding:3px 6px; font-weight:bold; background-color:#f2f2f2;'>รหัสกลุ่มรถไถ</td><td style='padding:3px 6px;'>62/002</td></tr><tr><td style='padding:3px 6px; font-weight:bold; background-color:#f2f2f2;'>โควตาชาวไร่</td><td style='padding:3px 6px;'>766423</td></tr><tr><td style='padding:3px 6px; font-weight:bold; background-color:#f2f2f2;'>ชื่อ-นามสกุล</td><td style='padding:3px 6px;'>นางสาว พจนารถ ยอดนางรอง</td></tr><tr><td style='padding:3px 6px; font-weight:bold; background-color:#f2f2f2;'>111</td><td style='padding:3px 6px;'>310607061649</td></tr><tr><td style='padding:3px 6px; font-weight:bold; background-color:#f2f2f2;'>ประเภทอ้อย</td><td style='padding:3px 6px;'>อ้อยปลายฝน</td></tr><tr><td style='padding:3px 6px; font-weight:bold; background-color:#f2f2f2;'>พื้นที่ปลูก</td><td style='padding:3px 6px;'>12.28</td></tr><tr><td style='padding:3px 6px; font-weight:bold; background-color:#f2f2f2;'>ศูนย์</td><td style='padding:3px 6px;'>K2-62</td></tr><tr><td style='padding:3px 6px; font-weight:bold; background-color:#f2f2f2;'>นักเกษตร</td><td style='padding:3px 6px;'>6201</td></tr><tr><td style='padding:3px 6px; font-weight:bold; background-color:#f2f2f2;'>กลุ่ม</td><td style='padding:3px 6px;'>กลุ่ม_62</td></tr></table></div>]]></description>
      <styleUrl>#style_62_002</styleUrl>
      <MultiGeometry><Polygon><outerBoundaryIs><LinearRing><coordinates>102.9269253,14.3665873,0 102.9269271,14.3677159,0 102.9273415,14.3677204,0 102.9274119,14.3677079,0 102.9274225,14.3676918,0 102.9274622,14.3667641,0 102.9271087,14.3667236,0 102.9271055,14.3666230,0 102.9269253,14.3665873,0</coordinates></LinearRing></outerBoundaryIs></Polygon></MultiGeometry>
    </Placemark>
  </Folder>
  <Style id="style_62_003">
    <LineStyle>
      <color>ffE5881E</color>
      <width>2.0</width>
    </LineStyle>
    <PolyStyle>
      <color>b3E5881E</color>
    </PolyStyle>
  </Style>
  <Folder>
    <name>62_003</name>
    <Placemark>
      <name>310603041546</name>
      <description><![CDATA[<div style='font-family:Tahoma,sans-serif; font-size:13px;'><h3 style='color:#1565C0; margin:4px 0;'>รหัส: 310603041546</h3><p style='margin:2px 0;'><b>กลุ่มรถไถ:</b> 62_003</p><table border='1' style='border-collapse:collapse; border-color:#ccc; width:100%;'><tr><td style='padding:3px 6px; font-weight:bold; background-color:#f2f2f2;'>ปีการผลิต</td><td style='padding:3px 6px;'>257071</td></tr><tr><td style='padding:3px 6px; font-weight:bold; background-color:#f2f2f2;'>รหัสกลุ่มรถไถ</td><td style='padding:3px 6px;'>62/003</td></tr><tr><td style='padding:3px 6px; font-weight:bold; background-color:#f2f2f2;'>โควตาชาวไร่</td><td style='padding:3px 6px;'>765069</td></tr><tr><td style='padding:3px 6px; font-weight:bold; background-color:#f2f2f2;'>ชื่อ-นามสกุล</td><td style='padding:3px 6px;'>นาย ตู่ ยอดเพชร</td></tr><tr><td style='padding:3px 6px; font-weight:bold; background-color:#f2f2f2;'>111</td><td style='padding:3px 6px;'>310603041546</td></tr><tr><td style='padding:3px 6px; font-weight:bold; background-color:#f2f2f2;'>ประเภทอ้อย</td><td style='padding:3px 6px;'>อ้อยปลายฝน</td></tr><tr><td style='padding:3px 6px; font-weight:bold; background-color:#f2f2f2;'>พื้นที่ปลูก</td><td style='padding:3px 6px;'>9.54</td></tr><tr><td style='padding:3px 6px; font-weight:bold; background-color:#f2f2f2;'>ศูนย์</td><td style='padding:3px 6px;'>K2-62</td></tr><tr><td style='padding:3px 6px; font-weight:bold; background-color:#f2f2f2;'>นักเกษตร</td><td style='padding:3px 6px;'>6201</td></tr><tr><td style='padding:3px 6px; font-weight:bold; background-color:#f2f2f2;'>กลุ่ม</td><td style='padding:3px 6px;'>กลุ่ม_62</td></tr></table></div>]]></description>
      <styleUrl>#style_62_003</styleUrl>
      <MultiGeometry><Polygon><outerBoundaryIs><LinearRing><coordinates>102.9099704,14.3990171,0 102.9099750,14.3989991,0 102.9099160,14.3984295,0 102.9099033,14.3983394,0 102.9093967,14.3984282,0 102.9092991,14.3984342,0 102.9090864,14.3984664,0 102.9088645,14.3984993,0 102.9086871,14.3985506,0 102.9085856,14.3985496,0 102.9082002,14.3985876,0 102.9081381,14.3985932,0 102.9079530,14.3986219,0 102.9078529,14.3986304,0 102.9078242,14.3986357,0 102.9081119,14.3991423,0 102.9082118,14.3992374,0 102.9082306,14.3992279,0 102.9082313,14.3992320,0 102.9099704,14.3990171,0</coordinates></LinearRing></outerBoundaryIs></Polygon></MultiGeometry>
    </Placemark>
    <Placemark>
      <name>310607081502</name>
      <description><![CDATA[<div style='font-family:Tahoma,sans-serif; font-size:13px;'><h3 style='color:#1565C0; margin:4px 0;'>รหัส: 310607081502</h3><p style='margin:2px 0;'><b>กลุ่มรถไถ:</b> 62_003</p><table border='1' style='border-collapse:collapse; border-color:#ccc; width:100%;'><tr><td style='padding:3px 6px; font-weight:bold; background-color:#f2f2f2;'>ปีการผลิต</td><td style='padding:3px 6px;'>257071</td></tr><tr><td style='padding:3px 6px; font-weight:bold; background-color:#f2f2f2;'>รหัสกลุ่มรถไถ</td><td style='padding:3px 6px;'>62/003</td></tr><tr><td style='padding:3px 6px; font-weight:bold; background-color:#f2f2f2;'>โควตาชาวไร่</td><td style='padding:3px 6px;'>765509</td></tr><tr><td style='padding:3px 6px; font-weight:bold; background-color:#f2f2f2;'>ชื่อ-นามสกุล</td><td style='padding:3px 6px;'>นาย สังข์ ร่อนทอง</td></tr><tr><td style='padding:3px 6px; font-weight:bold; background-color:#f2f2f2;'>111</td><td style='padding:3px 6px;'>310607081502</td></tr><tr><td style='padding:3px 6px; font-weight:bold; background-color:#f2f2f2;'>ประเภทอ้อย</td><td style='padding:3px 6px;'>อ้อยปลายฝน</td></tr><tr><td style='padding:3px 6px; font-weight:bold; background-color:#f2f2f2;'>พื้นที่ปลูก</td><td style='padding:3px 6px;'>5.07</td></tr><tr><td style='padding:3px 6px; font-weight:bold; background-color:#f2f2f2;'>ศูนย์</td><td style='padding:3px 6px;'>K2-62</td></tr><tr><td style='padding:3px 6px; font-weight:bold; background-color:#f2f2f2;'>นักเกษตร</td><td style='padding:3px 6px;'>6201</td></tr><tr><td style='padding:3px 6px; font-weight:bold; background-color:#f2f2f2;'>กลุ่ม</td><td style='padding:3px 6px;'>กลุ่ม_62</td></tr></table></div>]]></description>
      <styleUrl>#style_62_003</styleUrl>
      <MultiGeometry><Polygon><outerBoundaryIs><LinearRing><coordinates>102.9145642,14.3463621,0 102.9145157,14.3449295,0 102.9140288,14.3453060,0 102.9139829,14.3453731,0 102.9139659,14.3454097,0 102.9140039,14.3460043,0 102.9140193,14.3460694,0 102.9140540,14.3463257,0 102.9143310,14.3463839,0 102.9143435,14.3464492,0 102.9143907,14.3464428,0 102.9144264,14.3464265,0 102.9145105,14.3463794,0 102.9145642,14.3463621,0</coordinates></LinearRing></outerBoundaryIs></Polygon></MultiGeometry>
    </Placemark>
    <Placemark>
      <name>310607071570</name>
      <description><![CDATA[<div style='font-family:Tahoma,sans-serif; font-size:13px;'><h3 style='color:#1565C0; margin:4px 0;'>รหัส: 310607071570</h3><p style='margin:2px 0;'><b>กลุ่มรถไถ:</b> 62_003</p><table border='1' style='border-collapse:collapse; border-color:#ccc; width:100%;'><tr><td style='padding:3px 6px; font-weight:bold; background-color:#f2f2f2;'>ปีการผลิต</td><td style='padding:3px 6px;'>257071</td></tr><tr><td style='padding:3px 6px; font-weight:bold; background-color:#f2f2f2;'>รหัสกลุ่มรถไถ</td><td style='padding:3px 6px;'>62/003</td></tr><tr><td style='padding:3px 6px; font-weight:bold; background-color:#f2f2f2;'>โควตาชาวไร่</td><td style='padding:3px 6px;'>766253</td></tr><tr><td style='padding:3px 6px; font-weight:bold; background-color:#f2f2f2;'>ชื่อ-นามสกุล</td><td style='padding:3px 6px;'>นาง วันทอง ยีรัมย์</td></tr><tr><td style='padding:3px 6px; font-weight:bold; background-color:#f2f2f2;'>111</td><td style='padding:3px 6px;'>310607071570</td></tr><tr><td style='padding:3px 6px; font-weight:bold; background-color:#f2f2f2;'>ประเภทอ้อย</td><td style='padding:3px 6px;'>อ้อยปลายฝน</td></tr><tr><td style='padding:3px 6px; font-weight:bold; background-color:#f2f2f2;'>พื้นที่ปลูก</td><td style='padding:3px 6px;'>4.15</td></tr><tr><td style='padding:3px 6px; font-weight:bold; background-color:#f2f2f2;'>ศูนย์</td><td style='padding:3px 6px;'>K2-62</td></tr><tr><td style='padding:3px 6px; font-weight:bold; background-color:#f2f2f2;'>นักเกษตร</td><td style='padding:3px 6px;'>6201</td></tr><tr><td style='padding:3px 6px; font-weight:bold; background-color:#f2f2f2;'>กลุ่ม</td><td style='padding:3px 6px;'>กลุ่ม_62</td></tr></table></div>]]></description>
      <styleUrl>#style_62_003</styleUrl>
      <MultiGeometry><Polygon><outerBoundaryIs><LinearRing><coordinates>102.9084435,14.3964633,0 102.9100251,14.3962070,0 102.9099328,14.3958970,0 102.9082969,14.3961136,0 102.9083837,14.3962718,0 102.9084028,14.3963129,0 102.9084131,14.3963388,0 102.9084435,14.3964633,0</coordinates></LinearRing></outerBoundaryIs></Polygon></MultiGeometry>
    </Placemark>
    <Placemark>
      <name>310603211691</name>
      <description><![CDATA[<div style='font-family:Tahoma,sans-serif; font-size:13px;'><h3 style='color:#1565C0; margin:4px 0;'>รหัส: 310603211691</h3><p style='margin:2px 0;'><b>กลุ่มรถไถ:</b> 62_003</p><table border='1' style='border-collapse:collapse; border-color:#ccc; width:100%;'><tr><td style='padding:3px 6px; font-weight:bold; background-color:#f2f2f2;'>ปีการผลิต</td><td style='padding:3px 6px;'>257071</td></tr><tr><td style='padding:3px 6px; font-weight:bold; background-color:#f2f2f2;'>รหัสกลุ่มรถไถ</td><td style='padding:3px 6px;'>62/003</td></tr><tr><td style='padding:3px 6px; font-weight:bold; background-color:#f2f2f2;'>โควตาชาวไร่</td><td style='padding:3px 6px;'>766448</td></tr><tr><td style='padding:3px 6px; font-weight:bold; background-color:#f2f2f2;'>ชื่อ-นามสกุล</td><td style='padding:3px 6px;'>นาง ผ่อง ยามดี</td></tr><tr><td style='padding:3px 6px; font-weight:bold; background-color:#f2f2f2;'>111</td><td style='padding:3px 6px;'>310603211691</td></tr><tr><td style='padding:3px 6px; font-weight:bold; background-color:#f2f2f2;'>ประเภทอ้อย</td><td style='padding:3px 6px;'>อ้อยปลายฝน</td></tr><tr><td style='padding:3px 6px; font-weight:bold; background-color:#f2f2f2;'>พื้นที่ปลูก</td><td style='padding:3px 6px;'>4.45</td></tr><tr><td style='padding:3px 6px; font-weight:bold; background-color:#f2f2f2;'>ศูนย์</td><td style='padding:3px 6px;'>K2-62</td></tr><tr><td style='padding:3px 6px; font-weight:bold; background-color:#f2f2f2;'>นักเกษตร</td><td style='padding:3px 6px;'>6201</td></tr><tr><td style='padding:3px 6px; font-weight:bold; background-color:#f2f2f2;'>กลุ่ม</td><td style='padding:3px 6px;'>กลุ่ม_62</td></tr></table></div>]]></description>
      <styleUrl>#style_62_003</styleUrl>
      <MultiGeometry><Polygon><outerBoundaryIs><LinearRing><coordinates>102.9088750,14.4025800,0 102.9080883,14.4028517,0 102.9082033,14.4031167,0 102.9103117,14.4023217,0 102.9101217,14.4021117,0 102.9088750,14.4025800,0</coordinates></LinearRing></outerBoundaryIs></Polygon></MultiGeometry>
    </Placemark>
    <Placemark>
      <name>310607021675</name>
      <description><![CDATA[<div style='font-family:Tahoma,sans-serif; font-size:13px;'><h3 style='color:#1565C0; margin:4px 0;'>รหัส: 310607021675</h3><p style='margin:2px 0;'><b>กลุ่มรถไถ:</b> 62_003</p><table border='1' style='border-collapse:collapse; border-color:#ccc; width:100%;'><tr><td style='padding:3px 6px; font-weight:bold; background-color:#f2f2f2;'>ปีการผลิต</td><td style='padding:3px 6px;'>257071</td></tr><tr><td style='padding:3px 6px; font-weight:bold; background-color:#f2f2f2;'>รหัสกลุ่มรถไถ</td><td style='padding:3px 6px;'>62/003</td></tr><tr><td style='padding:3px 6px; font-weight:bold; background-color:#f2f2f2;'>โควตาชาวไร่</td><td style='padding:3px 6px;'>766462</td></tr><tr><td style='padding:3px 6px; font-weight:bold; background-color:#f2f2f2;'>ชื่อ-นามสกุล</td><td style='padding:3px 6px;'>นาย โยค สวนเกตุ</td></tr><tr><td style='padding:3px 6px; font-weight:bold; background-color:#f2f2f2;'>111</td><td style='padding:3px 6px;'>310607021675</td></tr><tr><td style='padding:3px 6px; font-weight:bold; background-color:#f2f2f2;'>ประเภทอ้อย</td><td style='padding:3px 6px;'>อ้อยปลายฝน</td></tr><tr><td style='padding:3px 6px; font-weight:bold; background-color:#f2f2f2;'>พื้นที่ปลูก</td><td style='padding:3px 6px;'>5.35</td></tr><tr><td style='padding:3px 6px; font-weight:bold; background-color:#f2f2f2;'>ศูนย์</td><td style='padding:3px 6px;'>K2-62</td></tr><tr><td style='padding:3px 6px; font-weight:bold; background-color:#f2f2f2;'>นักเกษตร</td><td style='padding:3px 6px;'>6201</td></tr><tr><td style='padding:3px 6px; font-weight:bold; background-color:#f2f2f2;'>กลุ่ม</td><td style='padding:3px 6px;'>กลุ่ม_62</td></tr></table></div>]]></description>
      <styleUrl>#style_62_003</styleUrl>
      <MultiGeometry><Polygon><outerBoundaryIs><LinearRing><coordinates>102.9357172,14.3560251,0 102.9342131,14.3563411,0 102.9342617,14.3568298,0 102.9354863,14.3566086,0 102.9355180,14.3564303,0 102.9356006,14.3563184,0 102.9357308,14.3561763,0 102.9357638,14.3560745,0 102.9357172,14.3560251,0</coordinates></LinearRing></outerBoundaryIs></Polygon></MultiGeometry>
    </Placemark>
  </Folder>
  <Style id="style_62_004">
    <LineStyle>
      <color>ff7B8900</color>
      <width>2.0</width>
    </LineStyle>
    <PolyStyle>
      <color>b37B8900</color>
    </PolyStyle>
  </Style>
  <Folder>
    <name>62_004</name>
    <Placemark>
      <name>310803110403</name>
      <description><![CDATA[<div style='font-family:Tahoma,sans-serif; font-size:13px;'><h3 style='color:#1565C0; margin:4px 0;'>รหัส: 310803110403</h3><p style='margin:2px 0;'><b>กลุ่มรถไถ:</b> 62_004</p><table border='1' style='border-collapse:collapse; border-color:#ccc; width:100%;'><tr><td style='padding:3px 6px; font-weight:bold; background-color:#f2f2f2;'>ปีการผลิต</td><td style='padding:3px 6px;'>257071</td></tr><tr><td style='padding:3px 6px; font-weight:bold; background-color:#f2f2f2;'>รหัสกลุ่มรถไถ</td><td style='padding:3px 6px;'>62/004</td></tr><tr><td style='padding:3px 6px; font-weight:bold; background-color:#f2f2f2;'>โควตาชาวไร่</td><td style='padding:3px 6px;'>760103</td></tr><tr><td style='padding:3px 6px; font-weight:bold; background-color:#f2f2f2;'>ชื่อ-นามสกุล</td><td style='padding:3px 6px;'>นาง ทองสุข ใจใส</td></tr><tr><td style='padding:3px 6px; font-weight:bold; background-color:#f2f2f2;'>111</td><td style='padding:3px 6px;'>310803110403</td></tr><tr><td style='padding:3px 6px; font-weight:bold; background-color:#f2f2f2;'>ประเภทอ้อย</td><td style='padding:3px 6px;'>อ้อยปลายฝน</td></tr><tr><td style='padding:3px 6px; font-weight:bold; background-color:#f2f2f2;'>พื้นที่ปลูก</td><td style='padding:3px 6px;'>9.21</td></tr><tr><td style='padding:3px 6px; font-weight:bold; background-color:#f2f2f2;'>ศูนย์</td><td style='padding:3px 6px;'>K2-62</td></tr><tr><td style='padding:3px 6px; font-weight:bold; background-color:#f2f2f2;'>นักเกษตร</td><td style='padding:3px 6px;'>6202</td></tr><tr><td style='padding:3px 6px; font-weight:bold; background-color:#f2f2f2;'>กลุ่ม</td><td style='padding:3px 6px;'>กลุ่ม_62</td></tr></table></div>]]></description>
      <styleUrl>#style_62_004</styleUrl>
      <MultiGeometry><Polygon><outerBoundaryIs><LinearRing><coordinates>102.9884793,14.3195603,0 102.9877282,14.3196386,0 102.9877055,14.3196405,0 102.9876612,14.3196681,0 102.9875955,14.3197131,0 102.9875744,14.3197375,0 102.9875728,14.3198549,0 102.9875712,14.3198977,0 102.9875731,14.3199185,0 102.9875635,14.3199663,0 102.9875541,14.3200049,0 102.9874883,14.3201529,0 102.9874388,14.3202262,0 102.9873992,14.3202840,0 102.9873401,14.3203549,0 102.9872847,14.3204058,0 102.9872270,14.3204368,0 102.9871714,14.3204641,0 102.9871396,14.3204897,0 102.9871174,14.3205233,0 102.9871082,14.3205710,0 102.9871176,14.3206550,0 102.9871221,14.3207425,0 102.9871291,14.3207558,0 102.9879554,14.3206547,0 102.9880775,14.3206104,0 102.9886106,14.3205463,0 102.9886137,14.3204855,0 102.9886116,14.3204196,0 102.9886182,14.3203681,0 102.9886189,14.3202452,0 102.9886257,14.3201496,0 102.9886020,14.3198581,0 102.9885754,14.3197776,0 102.9884793,14.3195603,0</coordinates></LinearRing></outerBoundaryIs></Polygon></MultiGeometry>
    </Placemark>
    <Placemark>
      <name>310803111602</name>
      <description><![CDATA[<div style='font-family:Tahoma,sans-serif; font-size:13px;'><h3 style='color:#1565C0; margin:4px 0;'>รหัส: 310803111602</h3><p style='margin:2px 0;'><b>กลุ่มรถไถ:</b> 62_004</p><table border='1' style='border-collapse:collapse; border-color:#ccc; width:100%;'><tr><td style='padding:3px 6px; font-weight:bold; background-color:#f2f2f2;'>ปีการผลิต</td><td style='padding:3px 6px;'>257071</td></tr><tr><td style='padding:3px 6px; font-weight:bold; background-color:#f2f2f2;'>รหัสกลุ่มรถไถ</td><td style='padding:3px 6px;'>62/004</td></tr><tr><td style='padding:3px 6px; font-weight:bold; background-color:#f2f2f2;'>โควตาชาวไร่</td><td style='padding:3px 6px;'>760103</td></tr><tr><td style='padding:3px 6px; font-weight:bold; background-color:#f2f2f2;'>ชื่อ-นามสกุล</td><td style='padding:3px 6px;'>นาง ทองสุข ใจใส</td></tr><tr><td style='padding:3px 6px; font-weight:bold; background-color:#f2f2f2;'>111</td><td style='padding:3px 6px;'>310803111602</td></tr><tr><td style='padding:3px 6px; font-weight:bold; background-color:#f2f2f2;'>ประเภทอ้อย</td><td style='padding:3px 6px;'>อ้อยปลายฝน</td></tr><tr><td style='padding:3px 6px; font-weight:bold; background-color:#f2f2f2;'>พื้นที่ปลูก</td><td style='padding:3px 6px;'>6.31</td></tr><tr><td style='padding:3px 6px; font-weight:bold; background-color:#f2f2f2;'>ศูนย์</td><td style='padding:3px 6px;'>K2-62</td></tr><tr><td style='padding:3px 6px; font-weight:bold; background-color:#f2f2f2;'>นักเกษตร</td><td style='padding:3px 6px;'>6202</td></tr><tr><td style='padding:3px 6px; font-weight:bold; background-color:#f2f2f2;'>กลุ่ม</td><td style='padding:3px 6px;'>กลุ่ม_62</td></tr></table></div>]]></description>
      <styleUrl>#style_62_004</styleUrl>
      <MultiGeometry><Polygon><outerBoundaryIs><LinearRing><coordinates>102.9881370,14.3186296,0 102.9869793,14.3188983,0 102.9869252,14.3189666,0 102.9869135,14.3190427,0 102.9869046,14.3190998,0 102.9869273,14.3191545,0 102.9870135,14.3191949,0 102.9870549,14.3191905,0 102.9872053,14.3192289,0 102.9872899,14.3192190,0 102.9874399,14.3191700,0 102.9876080,14.3191024,0 102.9877231,14.3191520,0 102.9877587,14.3192119,0 102.9877807,14.3193070,0 102.9877546,14.3194926,0 102.9877043,14.3196122,0 102.9876714,14.3196704,0 102.9884826,14.3195782,0 102.9881370,14.3186296,0</coordinates></LinearRing></outerBoundaryIs></Polygon></MultiGeometry>
    </Placemark>
    <Placemark>
      <name>310803131506</name>
      <description><![CDATA[<div style='font-family:Tahoma,sans-serif; font-size:13px;'><h3 style='color:#1565C0; margin:4px 0;'>รหัส: 310803131506</h3><p style='margin:2px 0;'><b>กลุ่มรถไถ:</b> 62_004</p><table border='1' style='border-collapse:collapse; border-color:#ccc; width:100%;'><tr><td style='padding:3px 6px; font-weight:bold; background-color:#f2f2f2;'>ปีการผลิต</td><td style='padding:3px 6px;'>257071</td></tr><tr><td style='padding:3px 6px; font-weight:bold; background-color:#f2f2f2;'>รหัสกลุ่มรถไถ</td><td style='padding:3px 6px;'>62/004</td></tr><tr><td style='padding:3px 6px; font-weight:bold; background-color:#f2f2f2;'>โควตาชาวไร่</td><td style='padding:3px 6px;'>760103</td></tr><tr><td style='padding:3px 6px; font-weight:bold; background-color:#f2f2f2;'>ชื่อ-นามสกุล</td><td style='padding:3px 6px;'>นาง ทองสุข ใจใส</td></tr><tr><td style='padding:3px 6px; font-weight:bold; background-color:#f2f2f2;'>111</td><td style='padding:3px 6px;'>310803131506</td></tr><tr><td style='padding:3px 6px; font-weight:bold; background-color:#f2f2f2;'>ประเภทอ้อย</td><td style='padding:3px 6px;'>อ้อยปลายฝน</td></tr><tr><td style='padding:3px 6px; font-weight:bold; background-color:#f2f2f2;'>พื้นที่ปลูก</td><td style='padding:3px 6px;'>12.02</td></tr><tr><td style='padding:3px 6px; font-weight:bold; background-color:#f2f2f2;'>ศูนย์</td><td style='padding:3px 6px;'>K2-62</td></tr><tr><td style='padding:3px 6px; font-weight:bold; background-color:#f2f2f2;'>นักเกษตร</td><td style='padding:3px 6px;'>6202</td></tr><tr><td style='padding:3px 6px; font-weight:bold; background-color:#f2f2f2;'>กลุ่ม</td><td style='padding:3px 6px;'>กลุ่ม_62</td></tr></table></div>]]></description>
      <styleUrl>#style_62_004</styleUrl>
      <MultiGeometry><Polygon><outerBoundaryIs><LinearRing><coordinates>102.9906008,14.3199632,0 102.9911989,14.3197979,0 102.9912684,14.3197524,0 102.9911293,14.3195578,0 102.9910404,14.3193537,0 102.9908580,14.3193081,0 102.9907017,14.3187799,0 102.9908935,14.3187209,0 102.9908682,14.3185940,0 102.9909117,14.3185756,0 102.9909721,14.3188106,0 102.9911552,14.3187748,0 102.9913199,14.3192236,0 102.9914610,14.3191554,0 102.9916643,14.3190841,0 102.9917488,14.3190487,0 102.9918328,14.3190145,0 102.9918997,14.3189298,0 102.9919098,14.3188823,0 102.9919122,14.3188397,0 102.9918906,14.3187523,0 102.9917209,14.3180955,0 102.9908858,14.3183358,0 102.9904751,14.3184398,0 102.9902081,14.3185040,0 102.9902849,14.3187619,0 102.9902191,14.3187998,0 102.9906008,14.3199632,0</coordinates></LinearRing></outerBoundaryIs></Polygon></MultiGeometry>
    </Placemark>
    <Placemark>
      <name>310803141661</name>
      <description><![CDATA[<div style='font-family:Tahoma,sans-serif; font-size:13px;'><h3 style='color:#1565C0; margin:4px 0;'>รหัส: 310803141661</h3><p style='margin:2px 0;'><b>กลุ่มรถไถ:</b> 62_004</p><table border='1' style='border-collapse:collapse; border-color:#ccc; width:100%;'><tr><td style='padding:3px 6px; font-weight:bold; background-color:#f2f2f2;'>ปีการผลิต</td><td style='padding:3px 6px;'>257071</td></tr><tr><td style='padding:3px 6px; font-weight:bold; background-color:#f2f2f2;'>รหัสกลุ่มรถไถ</td><td style='padding:3px 6px;'>62/004</td></tr><tr><td style='padding:3px 6px; font-weight:bold; background-color:#f2f2f2;'>โควตาชาวไร่</td><td style='padding:3px 6px;'>760103</td></tr><tr><td style='padding:3px 6px; font-weight:bold; background-color:#f2f2f2;'>ชื่อ-นามสกุล</td><td style='padding:3px 6px;'>นาง ทองสุข ใจใส</td></tr><tr><td style='padding:3px 6px; font-weight:bold; background-color:#f2f2f2;'>111</td><td style='padding:3px 6px;'>310803141661</td></tr><tr><td style='padding:3px 6px; font-weight:bold; background-color:#f2f2f2;'>ประเภทอ้อย</td><td style='padding:3px 6px;'>อ้อยปลายฝน</td></tr><tr><td style='padding:3px 6px; font-weight:bold; background-color:#f2f2f2;'>พื้นที่ปลูก</td><td style='padding:3px 6px;'>19.27</td></tr><tr><td style='padding:3px 6px; font-weight:bold; background-color:#f2f2f2;'>ศูนย์</td><td style='padding:3px 6px;'>K2-62</td></tr><tr><td style='padding:3px 6px; font-weight:bold; background-color:#f2f2f2;'>นักเกษตร</td><td style='padding:3px 6px;'>6202</td></tr><tr><td style='padding:3px 6px; font-weight:bold; background-color:#f2f2f2;'>กลุ่ม</td><td style='padding:3px 6px;'>กลุ่ม_62</td></tr></table></div>]]></description>
      <styleUrl>#style_62_004</styleUrl>
      <MultiGeometry><Polygon><outerBoundaryIs><LinearRing><coordinates>102.9894673,14.3270068,0 102.9918101,14.3259577,0 102.9918085,14.3256962,0 102.9918115,14.3256259,0 102.9918139,14.3256171,0 102.9918216,14.3255931,0 102.9918261,14.3255716,0 102.9918280,14.3255619,0 102.9918330,14.3255414,0 102.9918391,14.3255127,0 102.9918714,14.3254816,0 102.9918927,14.3254528,0 102.9919024,14.3254373,0 102.9919100,14.3254212,0 102.9919166,14.3254018,0 102.9919215,14.3253782,0 102.9919250,14.3253546,0 102.9919276,14.3253336,0 102.9919259,14.3252992,0 102.9919124,14.3252804,0 102.9905236,14.3258644,0 102.9901959,14.3251280,0 102.9890062,14.3258920,0 102.9889944,14.3259121,0 102.9889868,14.3259356,0 102.9889838,14.3259612,0 102.9889845,14.3259887,0 102.9889945,14.3260562,0 102.9890006,14.3260887,0 102.9890081,14.3261204,0 102.9890250,14.3261877,0 102.9890329,14.3262191,0 102.9890400,14.3262441,0 102.9890483,14.3262668,0 102.9890591,14.3262939,0 102.9890693,14.3263227,0 102.9890760,14.3263473,0 102.9890794,14.3263671,0 102.9891381,14.3264209,0 102.9893686,14.3263339,0 102.9896091,14.3267707,0 102.9894453,14.3268511,0 102.9894673,14.3270068,0</coordinates></LinearRing></outerBoundaryIs></Polygon></MultiGeometry>
    </Placemark>
    <Placemark>
      <name>310803141766</name>
      <description><![CDATA[<div style='font-family:Tahoma,sans-serif; font-size:13px;'><h3 style='color:#1565C0; margin:4px 0;'>รหัส: 310803141766</h3><p style='margin:2px 0;'><b>กลุ่มรถไถ:</b> 62_004</p><table border='1' style='border-collapse:collapse; border-color:#ccc; width:100%;'><tr><td style='padding:3px 6px; font-weight:bold; background-color:#f2f2f2;'>ปีการผลิต</td><td style='padding:3px 6px;'>257071</td></tr><tr><td style='padding:3px 6px; font-weight:bold; background-color:#f2f2f2;'>รหัสกลุ่มรถไถ</td><td style='padding:3px 6px;'>62/004</td></tr><tr><td style='padding:3px 6px; font-weight:bold; background-color:#f2f2f2;'>โควตาชาวไร่</td><td style='padding:3px 6px;'>762552</td></tr><tr><td style='padding:3px 6px; font-weight:bold; background-color:#f2f2f2;'>ชื่อ-นามสกุล</td><td style='padding:3px 6px;'>นาย สุพจน์ อาจประโคน</td></tr><tr><td style='padding:3px 6px; font-weight:bold; background-color:#f2f2f2;'>111</td><td style='padding:3px 6px;'>310803141766</td></tr><tr><td style='padding:3px 6px; font-weight:bold; background-color:#f2f2f2;'>ประเภทอ้อย</td><td style='padding:3px 6px;'>อ้อยปลายฝน</td></tr><tr><td style='padding:3px 6px; font-weight:bold; background-color:#f2f2f2;'>พื้นที่ปลูก</td><td style='padding:3px 6px;'>4.22</td></tr><tr><td style='padding:3px 6px; font-weight:bold; background-color:#f2f2f2;'>ศูนย์</td><td style='padding:3px 6px;'>K2-62</td></tr><tr><td style='padding:3px 6px; font-weight:bold; background-color:#f2f2f2;'>นักเกษตร</td><td style='padding:3px 6px;'>6202</td></tr><tr><td style='padding:3px 6px; font-weight:bold; background-color:#f2f2f2;'>กลุ่ม</td><td style='padding:3px 6px;'>กลุ่ม_62</td></tr></table></div>]]></description>
      <styleUrl>#style_62_004</styleUrl>
      <MultiGeometry><Polygon><outerBoundaryIs><LinearRing><coordinates>102.9861371,14.3660700,0 102.9866319,14.3660933,0 102.9866218,14.3658510,0 102.9869584,14.3658287,0 102.9869731,14.3660963,0 102.9872640,14.3660958,0 102.9872298,14.3653451,0 102.9869833,14.3654224,0 102.9867757,14.3654850,0 102.9866909,14.3655154,0 102.9866658,14.3655242,0 102.9866121,14.3655403,0 102.9865851,14.3655479,0 102.9865601,14.3655549,0 102.9864566,14.3655853,0 102.9864293,14.3655919,0 102.9864049,14.3655982,0 102.9863598,14.3656094,0 102.9863386,14.3656131,0 102.9863189,14.3656156,0 102.9862970,14.3656186,0 102.9862742,14.3656216,0 102.9862577,14.3656236,0 102.9862479,14.3656240,0 102.9862111,14.3656178,0 102.9861226,14.3656320,0 102.9861371,14.3660700,0</coordinates></LinearRing></outerBoundaryIs></Polygon></MultiGeometry>
    </Placemark>
  </Folder>
  <Style id="style_62_005">
    <LineStyle>
      <color>ff47A043</color>
      <width>2.0</width>
    </LineStyle>
    <PolyStyle>
      <color>b347A043</color>
    </PolyStyle>
  </Style>
  <Folder>
    <name>62_005</name>
    <Placemark>
      <name>310803101550</name>
      <description><![CDATA[<div style='font-family:Tahoma,sans-serif; font-size:13px;'><h3 style='color:#1565C0; margin:4px 0;'>รหัส: 310803101550</h3><p style='margin:2px 0;'><b>กลุ่มรถไถ:</b> 62_005</p><table border='1' style='border-collapse:collapse; border-color:#ccc; width:100%;'><tr><td style='padding:3px 6px; font-weight:bold; background-color:#f2f2f2;'>ปีการผลิต</td><td style='padding:3px 6px;'>257071</td></tr><tr><td style='padding:3px 6px; font-weight:bold; background-color:#f2f2f2;'>รหัสกลุ่มรถไถ</td><td style='padding:3px 6px;'>62/005</td></tr><tr><td style='padding:3px 6px; font-weight:bold; background-color:#f2f2f2;'>โควตาชาวไร่</td><td style='padding:3px 6px;'>760114</td></tr><tr><td style='padding:3px 6px; font-weight:bold; background-color:#f2f2f2;'>ชื่อ-นามสกุล</td><td style='padding:3px 6px;'>นาย วิลัย สีทร</td></tr><tr><td style='padding:3px 6px; font-weight:bold; background-color:#f2f2f2;'>111</td><td style='padding:3px 6px;'>310803101550</td></tr><tr><td style='padding:3px 6px; font-weight:bold; background-color:#f2f2f2;'>ประเภทอ้อย</td><td style='padding:3px 6px;'>อ้อยปลายฝน</td></tr><tr><td style='padding:3px 6px; font-weight:bold; background-color:#f2f2f2;'>พื้นที่ปลูก</td><td style='padding:3px 6px;'>15.97</td></tr><tr><td style='padding:3px 6px; font-weight:bold; background-color:#f2f2f2;'>ศูนย์</td><td style='padding:3px 6px;'>K2-62</td></tr><tr><td style='padding:3px 6px; font-weight:bold; background-color:#f2f2f2;'>นักเกษตร</td><td style='padding:3px 6px;'>6207</td></tr><tr><td style='padding:3px 6px; font-weight:bold; background-color:#f2f2f2;'>กลุ่ม</td><td style='padding:3px 6px;'>กลุ่ม_62</td></tr></table></div>]]></description>
      <styleUrl>#style_62_005</styleUrl>
      <MultiGeometry><Polygon><outerBoundaryIs><LinearRing><coordinates>103.0056168,14.3341095,0 103.0056582,14.3341006,0 103.0056998,14.3340850,0 103.0057871,14.3340146,0 103.0058174,14.3339930,0 103.0058475,14.3339685,0 103.0058740,14.3339285,0 103.0059207,14.3338909,0 103.0060039,14.3338500,0 103.0059373,14.3337129,0 103.0055737,14.3329231,0 103.0055369,14.3327156,0 103.0054389,14.3323216,0 103.0053464,14.3319454,0 103.0053898,14.3318965,0 103.0050715,14.3301806,0 103.0046018,14.3303490,0 103.0045607,14.3303770,0 103.0045184,14.3304230,0 103.0045048,14.3304556,0 103.0045488,14.3306898,0 103.0046281,14.3307086,0 103.0046740,14.3308030,0 103.0046649,14.3308149,0 103.0046733,14.3308541,0 103.0046641,14.3308669,0 103.0046412,14.3309051,0 103.0046348,14.3309601,0 103.0047517,14.3317331,0 103.0047498,14.3318180,0 103.0046996,14.3319649,0 103.0046704,14.3320252,0 103.0046680,14.3320561,0 103.0056168,14.3341095,0</coordinates></LinearRing></outerBoundaryIs></Polygon></MultiGeometry>
    </Placemark>
    <Placemark>
      <name>310803141568</name>
      <description><![CDATA[<div style='font-family:Tahoma,sans-serif; font-size:13px;'><h3 style='color:#1565C0; margin:4px 0;'>รหัส: 310803141568</h3><p style='margin:2px 0;'><b>กลุ่มรถไถ:</b> 62_005</p><table border='1' style='border-collapse:collapse; border-color:#ccc; width:100%;'><tr><td style='padding:3px 6px; font-weight:bold; background-color:#f2f2f2;'>ปีการผลิต</td><td style='padding:3px 6px;'>257071</td></tr><tr><td style='padding:3px 6px; font-weight:bold; background-color:#f2f2f2;'>รหัสกลุ่มรถไถ</td><td style='padding:3px 6px;'>62/005</td></tr><tr><td style='padding:3px 6px; font-weight:bold; background-color:#f2f2f2;'>โควตาชาวไร่</td><td style='padding:3px 6px;'>762029</td></tr><tr><td style='padding:3px 6px; font-weight:bold; background-color:#f2f2f2;'>ชื่อ-นามสกุล</td><td style='padding:3px 6px;'>นางสาว ตวิษา จรประโคน</td></tr><tr><td style='padding:3px 6px; font-weight:bold; background-color:#f2f2f2;'>111</td><td style='padding:3px 6px;'>310803141568</td></tr><tr><td style='padding:3px 6px; font-weight:bold; background-color:#f2f2f2;'>ประเภทอ้อย</td><td style='padding:3px 6px;'>อ้อยปลายฝน</td></tr><tr><td style='padding:3px 6px; font-weight:bold; background-color:#f2f2f2;'>พื้นที่ปลูก</td><td style='padding:3px 6px;'>4.85</td></tr><tr><td style='padding:3px 6px; font-weight:bold; background-color:#f2f2f2;'>ศูนย์</td><td style='padding:3px 6px;'>K2-62</td></tr><tr><td style='padding:3px 6px; font-weight:bold; background-color:#f2f2f2;'>นักเกษตร</td><td style='padding:3px 6px;'>6202</td></tr><tr><td style='padding:3px 6px; font-weight:bold; background-color:#f2f2f2;'>กลุ่ม</td><td style='padding:3px 6px;'>กลุ่ม_62</td></tr></table></div>]]></description>
      <styleUrl>#style_62_005</styleUrl>
      <MultiGeometry><Polygon><outerBoundaryIs><LinearRing><coordinates>102.9820367,14.3769267,0 102.9816694,14.3758659,0 102.9814819,14.3751068,0 102.9811738,14.3751496,0 102.9813987,14.3759235,0 102.9818659,14.3773820,0 102.9821306,14.3774216,0 102.9821475,14.3773979,0 102.9820711,14.3773305,0 102.9820264,14.3772974,0 102.9819937,14.3772382,0 102.9819595,14.3771331,0 102.9819643,14.3771009,0 102.9819805,14.3770402,0 102.9820367,14.3769267,0</coordinates></LinearRing></outerBoundaryIs></Polygon></MultiGeometry>
    </Placemark>
    <Placemark>
      <name>310803140024</name>
      <description><![CDATA[<div style='font-family:Tahoma,sans-serif; font-size:13px;'><h3 style='color:#1565C0; margin:4px 0;'>รหัส: 310803140024</h3><p style='margin:2px 0;'><b>กลุ่มรถไถ:</b> 62_005</p><table border='1' style='border-collapse:collapse; border-color:#ccc; width:100%;'><tr><td style='padding:3px 6px; font-weight:bold; background-color:#f2f2f2;'>ปีการผลิต</td><td style='padding:3px 6px;'>257071</td></tr><tr><td style='padding:3px 6px; font-weight:bold; background-color:#f2f2f2;'>รหัสกลุ่มรถไถ</td><td style='padding:3px 6px;'>62/005</td></tr><tr><td style='padding:3px 6px; font-weight:bold; background-color:#f2f2f2;'>โควตาชาวไร่</td><td style='padding:3px 6px;'>762031</td></tr><tr><td style='padding:3px 6px; font-weight:bold; background-color:#f2f2f2;'>ชื่อ-นามสกุล</td><td style='padding:3px 6px;'>นาย ทรงลาภ เยียบประโคน</td></tr><tr><td style='padding:3px 6px; font-weight:bold; background-color:#f2f2f2;'>111</td><td style='padding:3px 6px;'>310803140024</td></tr><tr><td style='padding:3px 6px; font-weight:bold; background-color:#f2f2f2;'>ประเภทอ้อย</td><td style='padding:3px 6px;'>อ้อยปลายฝน</td></tr><tr><td style='padding:3px 6px; font-weight:bold; background-color:#f2f2f2;'>พื้นที่ปลูก</td><td style='padding:3px 6px;'>10.78</td></tr><tr><td style='padding:3px 6px; font-weight:bold; background-color:#f2f2f2;'>ศูนย์</td><td style='padding:3px 6px;'>K2-62</td></tr><tr><td style='padding:3px 6px; font-weight:bold; background-color:#f2f2f2;'>นักเกษตร</td><td style='padding:3px 6px;'>6202</td></tr><tr><td style='padding:3px 6px; font-weight:bold; background-color:#f2f2f2;'>กลุ่ม</td><td style='padding:3px 6px;'>กลุ่ม_62</td></tr></table></div>]]></description>
      <styleUrl>#style_62_005</styleUrl>
      <MultiGeometry><Polygon><outerBoundaryIs><LinearRing><coordinates>102.9788117,14.3678017,0 102.9804700,14.3672767,0 102.9800050,14.3663617,0 102.9799717,14.3663000,0 102.9799633,14.3662950,0 102.9799517,14.3662967,0 102.9797950,14.3663517,0 102.9797783,14.3663633,0 102.9797633,14.3663800,0 102.9797533,14.3664050,0 102.9797467,14.3664350,0 102.9797250,14.3666267,0 102.9796950,14.3666883,0 102.9796800,14.3667017,0 102.9796617,14.3667100,0 102.9791850,14.3669183,0 102.9791400,14.3668850,0 102.9790983,14.3668800,0 102.9790817,14.3668867,0 102.9789050,14.3669633,0 102.9788850,14.3669833,0 102.9788617,14.3670017,0 102.9788517,14.3670133,0 102.9788267,14.3670433,0 102.9787867,14.3670850,0 102.9787883,14.3671100,0 102.9787900,14.3671500,0 102.9787817,14.3671583,0 102.9787767,14.3671667,0 102.9787667,14.3671833,0 102.9787217,14.3672083,0 102.9787033,14.3672200,0 102.9786550,14.3672367,0 102.9786217,14.3672467,0 102.9786050,14.3672650,0 102.9786067,14.3673617,0 102.9785800,14.3675050,0 102.9785783,14.3675133,0 102.9785750,14.3675217,0 102.9785650,14.3675433,0 102.9785600,14.3675550,0 102.9785517,14.3675717,0 102.9785450,14.3675933,0 102.9785333,14.3676083,0 102.9785300,14.3676183,0 102.9784533,14.3677367,0 102.9786083,14.3677750,0 102.9786500,14.3677917,0 102.9786700,14.3677967,0 102.9786883,14.3677967,0 102.9787200,14.3678017,0 102.9787483,14.3678067,0 102.9787633,14.3678100,0 102.9787817,14.3678083,0 102.9788083,14.3678000,0 102.9788117,14.3678017,0</coordinates></LinearRing></outerBoundaryIs></Polygon></MultiGeometry>
    </Placemark>
    <Placemark>
      <name>310803110115</name>
      <description><![CDATA[<div style='font-family:Tahoma,sans-serif; font-size:13px;'><h3 style='color:#1565C0; margin:4px 0;'>รหัส: 310803110115</h3><p style='margin:2px 0;'><b>กลุ่มรถไถ:</b> 62_005</p><table border='1' style='border-collapse:collapse; border-color:#ccc; width:100%;'><tr><td style='padding:3px 6px; font-weight:bold; background-color:#f2f2f2;'>ปีการผลิต</td><td style='padding:3px 6px;'>257071</td></tr><tr><td style='padding:3px 6px; font-weight:bold; background-color:#f2f2f2;'>รหัสกลุ่มรถไถ</td><td style='padding:3px 6px;'>62/005</td></tr><tr><td style='padding:3px 6px; font-weight:bold; background-color:#f2f2f2;'>โควตาชาวไร่</td><td style='padding:3px 6px;'>762169</td></tr><tr><td style='padding:3px 6px; font-weight:bold; background-color:#f2f2f2;'>ชื่อ-นามสกุล</td><td style='padding:3px 6px;'>นาย ที เมรุต</td></tr><tr><td style='padding:3px 6px; font-weight:bold; background-color:#f2f2f2;'>111</td><td style='padding:3px 6px;'>310803110115</td></tr><tr><td style='padding:3px 6px; font-weight:bold; background-color:#f2f2f2;'>ประเภทอ้อย</td><td style='padding:3px 6px;'>อ้อยปลายฝน</td></tr><tr><td style='padding:3px 6px; font-weight:bold; background-color:#f2f2f2;'>พื้นที่ปลูก</td><td style='padding:3px 6px;'>13.05</td></tr><tr><td style='padding:3px 6px; font-weight:bold; background-color:#f2f2f2;'>ศูนย์</td><td style='padding:3px 6px;'>K2-62</td></tr><tr><td style='padding:3px 6px; font-weight:bold; background-color:#f2f2f2;'>นักเกษตร</td><td style='padding:3px 6px;'>6202</td></tr><tr><td style='padding:3px 6px; font-weight:bold; background-color:#f2f2f2;'>กลุ่ม</td><td style='padding:3px 6px;'>กลุ่ม_62</td></tr></table></div>]]></description>
      <styleUrl>#style_62_005</styleUrl>
      <MultiGeometry><Polygon><outerBoundaryIs><LinearRing><coordinates>103.0019441,14.3147334,0 103.0019122,14.3157922,0 103.0038996,14.3153977,0 103.0039039,14.3153926,0 103.0037175,14.3149153,0 103.0034732,14.3146809,0 103.0031524,14.3146914,0 103.0028550,14.3145565,0 103.0027476,14.3145531,0 103.0026846,14.3145604,0 103.0023549,14.3146381,0 103.0021468,14.3147047,0 103.0019441,14.3147334,0</coordinates></LinearRing></outerBoundaryIs></Polygon></MultiGeometry>
    </Placemark>
    <Placemark>
      <name>310803141641</name>
      <description><![CDATA[<div style='font-family:Tahoma,sans-serif; font-size:13px;'><h3 style='color:#1565C0; margin:4px 0;'>รหัส: 310803141641</h3><p style='margin:2px 0;'><b>กลุ่มรถไถ:</b> 62_005</p><table border='1' style='border-collapse:collapse; border-color:#ccc; width:100%;'><tr><td style='padding:3px 6px; font-weight:bold; background-color:#f2f2f2;'>ปีการผลิต</td><td style='padding:3px 6px;'>257071</td></tr><tr><td style='padding:3px 6px; font-weight:bold; background-color:#f2f2f2;'>รหัสกลุ่มรถไถ</td><td style='padding:3px 6px;'>62/005</td></tr><tr><td style='padding:3px 6px; font-weight:bold; background-color:#f2f2f2;'>โควตาชาวไร่</td><td style='padding:3px 6px;'>762278</td></tr><tr><td style='padding:3px 6px; font-weight:bold; background-color:#f2f2f2;'>ชื่อ-นามสกุล</td><td style='padding:3px 6px;'>นาย พงษ์สิทธิ์ แสงโสภี</td></tr><tr><td style='padding:3px 6px; font-weight:bold; background-color:#f2f2f2;'>111</td><td style='padding:3px 6px;'>310803141641</td></tr><tr><td style='padding:3px 6px; font-weight:bold; background-color:#f2f2f2;'>ประเภทอ้อย</td><td style='padding:3px 6px;'>อ้อยปลายฝน</td></tr><tr><td style='padding:3px 6px; font-weight:bold; background-color:#f2f2f2;'>พื้นที่ปลูก</td><td style='padding:3px 6px;'>2.54</td></tr><tr><td style='padding:3px 6px; font-weight:bold; background-color:#f2f2f2;'>ศูนย์</td><td style='padding:3px 6px;'>K2-62</td></tr><tr><td style='padding:3px 6px; font-weight:bold; background-color:#f2f2f2;'>นักเกษตร</td><td style='padding:3px 6px;'>6202</td></tr><tr><td style='padding:3px 6px; font-weight:bold; background-color:#f2f2f2;'>กลุ่ม</td><td style='padding:3px 6px;'>กลุ่ม_62</td></tr></table></div>]]></description>
      <styleUrl>#style_62_005</styleUrl>
      <MultiGeometry><Polygon><outerBoundaryIs><LinearRing><coordinates>102.9970319,14.3815415,0 102.9967987,14.3816113,0 102.9967688,14.3816227,0 102.9966415,14.3817016,0 102.9964245,14.3818354,0 102.9964255,14.3818627,0 102.9964481,14.3819528,0 102.9964513,14.3819637,0 102.9964630,14.3820061,0 102.9964744,14.3820294,0 102.9964853,14.3820546,0 102.9965003,14.3821027,0 102.9965999,14.3821800,0 102.9967677,14.3822121,0 102.9971447,14.3821841,0 102.9970319,14.3815415,0</coordinates></LinearRing></outerBoundaryIs></Polygon></MultiGeometry>
    </Placemark>
    <Placemark>
      <name>310803141525</name>
      <description><![CDATA[<div style='font-family:Tahoma,sans-serif; font-size:13px;'><h3 style='color:#1565C0; margin:4px 0;'>รหัส: 310803141525</h3><p style='margin:2px 0;'><b>กลุ่มรถไถ:</b> 62_005</p><table border='1' style='border-collapse:collapse; border-color:#ccc; width:100%;'><tr><td style='padding:3px 6px; font-weight:bold; background-color:#f2f2f2;'>ปีการผลิต</td><td style='padding:3px 6px;'>257071</td></tr><tr><td style='padding:3px 6px; font-weight:bold; background-color:#f2f2f2;'>รหัสกลุ่มรถไถ</td><td style='padding:3px 6px;'>62/005</td></tr><tr><td style='padding:3px 6px; font-weight:bold; background-color:#f2f2f2;'>โควตาชาวไร่</td><td style='padding:3px 6px;'>762364</td></tr><tr><td style='padding:3px 6px; font-weight:bold; background-color:#f2f2f2;'>ชื่อ-นามสกุล</td><td style='padding:3px 6px;'>นางสาว ดอม ด้วงชำนาญ</td></tr><tr><td style='padding:3px 6px; font-weight:bold; background-color:#f2f2f2;'>111</td><td style='padding:3px 6px;'>310803141525</td></tr><tr><td style='padding:3px 6px; font-weight:bold; background-color:#f2f2f2;'>ประเภทอ้อย</td><td style='padding:3px 6px;'>อ้อยปลายฝน</td></tr><tr><td style='padding:3px 6px; font-weight:bold; background-color:#f2f2f2;'>พื้นที่ปลูก</td><td style='padding:3px 6px;'>11.72</td></tr><tr><td style='padding:3px 6px; font-weight:bold; background-color:#f2f2f2;'>ศูนย์</td><td style='padding:3px 6px;'>K2-62</td></tr><tr><td style='padding:3px 6px; font-weight:bold; background-color:#f2f2f2;'>นักเกษตร</td><td style='padding:3px 6px;'>6202</td></tr><tr><td style='padding:3px 6px; font-weight:bold; background-color:#f2f2f2;'>กลุ่ม</td><td style='padding:3px 6px;'>กลุ่ม_62</td></tr></table></div>]]></description>
      <styleUrl>#style_62_005</styleUrl>
      <MultiGeometry><Polygon><outerBoundaryIs><LinearRing><coordinates>102.9747865,14.3682959,0 102.9750449,14.3689654,0 102.9754425,14.3688863,0 102.9754650,14.3688248,0 102.9755226,14.3687850,0 102.9764738,14.3687621,0 102.9760205,14.3674513,0 102.9757663,14.3674593,0 102.9757390,14.3674356,0 102.9747865,14.3682959,0</coordinates></LinearRing></outerBoundaryIs></Polygon></MultiGeometry>
    </Placemark>
    <Placemark>
      <name>310803041512</name>
      <description><![CDATA[<div style='font-family:Tahoma,sans-serif; font-size:13px;'><h3 style='color:#1565C0; margin:4px 0;'>รหัส: 310803041512</h3><p style='margin:2px 0;'><b>กลุ่มรถไถ:</b> 62_005</p><table border='1' style='border-collapse:collapse; border-color:#ccc; width:100%;'><tr><td style='padding:3px 6px; font-weight:bold; background-color:#f2f2f2;'>ปีการผลิต</td><td style='padding:3px 6px;'>257071</td></tr><tr><td style='padding:3px 6px; font-weight:bold; background-color:#f2f2f2;'>รหัสกลุ่มรถไถ</td><td style='padding:3px 6px;'>62/005</td></tr><tr><td style='padding:3px 6px; font-weight:bold; background-color:#f2f2f2;'>โควตาชาวไร่</td><td style='padding:3px 6px;'>762601</td></tr><tr><td style='padding:3px 6px; font-weight:bold; background-color:#f2f2f2;'>ชื่อ-นามสกุล</td><td style='padding:3px 6px;'>นางสาว น้ำฝน แสงประโคน</td></tr><tr><td style='padding:3px 6px; font-weight:bold; background-color:#f2f2f2;'>111</td><td style='padding:3px 6px;'>310803041512</td></tr><tr><td style='padding:3px 6px; font-weight:bold; background-color:#f2f2f2;'>ประเภทอ้อย</td><td style='padding:3px 6px;'>อ้อยปลายฝน</td></tr><tr><td style='padding:3px 6px; font-weight:bold; background-color:#f2f2f2;'>พื้นที่ปลูก</td><td style='padding:3px 6px;'>6.07</td></tr><tr><td style='padding:3px 6px; font-weight:bold; background-color:#f2f2f2;'>ศูนย์</td><td style='padding:3px 6px;'>K2-62</td></tr><tr><td style='padding:3px 6px; font-weight:bold; background-color:#f2f2f2;'>นักเกษตร</td><td style='padding:3px 6px;'>6202</td></tr><tr><td style='padding:3px 6px; font-weight:bold; background-color:#f2f2f2;'>กลุ่ม</td><td style='padding:3px 6px;'>กลุ่ม_62</td></tr></table></div>]]></description>
      <styleUrl>#style_62_005</styleUrl>
      <MultiGeometry><Polygon><outerBoundaryIs><LinearRing><coordinates>103.0138080,14.3802142,0 103.0143766,14.3801534,0 103.0143998,14.3803216,0 103.0145775,14.3802939,0 103.0145348,14.3799904,0 103.0145152,14.3794958,0 103.0145204,14.3794626,0 103.0145096,14.3793897,0 103.0144170,14.3790935,0 103.0144448,14.3790411,0 103.0144268,14.3789266,0 103.0138922,14.3789791,0 103.0139112,14.3791929,0 103.0138790,14.3793478,0 103.0138633,14.3795483,0 103.0138851,14.3796905,0 103.0138738,14.3797519,0 103.0138854,14.3798819,0 103.0138447,14.3799157,0 103.0137666,14.3799270,0 103.0138080,14.3802142,0</coordinates></LinearRing></outerBoundaryIs></Polygon></MultiGeometry>
    </Placemark>
    <Placemark>
      <name>310803080085</name>
      <description><![CDATA[<div style='font-family:Tahoma,sans-serif; font-size:13px;'><h3 style='color:#1565C0; margin:4px 0;'>รหัส: 310803080085</h3><p style='margin:2px 0;'><b>กลุ่มรถไถ:</b> 62_005</p><table border='1' style='border-collapse:collapse; border-color:#ccc; width:100%;'><tr><td style='padding:3px 6px; font-weight:bold; background-color:#f2f2f2;'>ปีการผลิต</td><td style='padding:3px 6px;'>257071</td></tr><tr><td style='padding:3px 6px; font-weight:bold; background-color:#f2f2f2;'>รหัสกลุ่มรถไถ</td><td style='padding:3px 6px;'>62/005</td></tr><tr><td style='padding:3px 6px; font-weight:bold; background-color:#f2f2f2;'>โควตาชาวไร่</td><td style='padding:3px 6px;'>762639</td></tr><tr><td style='padding:3px 6px; font-weight:bold; background-color:#f2f2f2;'>ชื่อ-นามสกุล</td><td style='padding:3px 6px;'>นาง เสงี่ยม ราสีประโคน</td></tr><tr><td style='padding:3px 6px; font-weight:bold; background-color:#f2f2f2;'>111</td><td style='padding:3px 6px;'>310803080085</td></tr><tr><td style='padding:3px 6px; font-weight:bold; background-color:#f2f2f2;'>ประเภทอ้อย</td><td style='padding:3px 6px;'>อ้อยปลายฝน</td></tr><tr><td style='padding:3px 6px; font-weight:bold; background-color:#f2f2f2;'>พื้นที่ปลูก</td><td style='padding:3px 6px;'>13.27</td></tr><tr><td style='padding:3px 6px; font-weight:bold; background-color:#f2f2f2;'>ศูนย์</td><td style='padding:3px 6px;'>K2-62</td></tr><tr><td style='padding:3px 6px; font-weight:bold; background-color:#f2f2f2;'>นักเกษตร</td><td style='padding:3px 6px;'>6202</td></tr><tr><td style='padding:3px 6px; font-weight:bold; background-color:#f2f2f2;'>กลุ่ม</td><td style='padding:3px 6px;'>กลุ่ม_62</td></tr></table></div>]]></description>
      <styleUrl>#style_62_005</styleUrl>
      <MultiGeometry><Polygon><outerBoundaryIs><LinearRing><coordinates>102.9737933,14.3721200,0 102.9737917,14.3721183,0 102.9737717,14.3719383,0 102.9737733,14.3718817,0 102.9737750,14.3718450,0 102.9737650,14.3717450,0 102.9736600,14.3710583,0 102.9736383,14.3710450,0 102.9736217,14.3710367,0 102.9736100,14.3710300,0 102.9735883,14.3710200,0 102.9735667,14.3710167,0 102.9735550,14.3710133,0 102.9735300,14.3710117,0 102.9735100,14.3710100,0 102.9730650,14.3709850,0 102.9731200,14.3717167,0 102.9731217,14.3740700,0 102.9735617,14.3740300,0 102.9737933,14.3721200,0</coordinates></LinearRing></outerBoundaryIs></Polygon></MultiGeometry>
    </Placemark>
    <Placemark>
      <name>310803141734</name>
      <description><![CDATA[<div style='font-family:Tahoma,sans-serif; font-size:13px;'><h3 style='color:#1565C0; margin:4px 0;'>รหัส: 310803141734</h3><p style='margin:2px 0;'><b>กลุ่มรถไถ:</b> 62_005</p><table border='1' style='border-collapse:collapse; border-color:#ccc; width:100%;'><tr><td style='padding:3px 6px; font-weight:bold; background-color:#f2f2f2;'>ปีการผลิต</td><td style='padding:3px 6px;'>257071</td></tr><tr><td style='padding:3px 6px; font-weight:bold; background-color:#f2f2f2;'>รหัสกลุ่มรถไถ</td><td style='padding:3px 6px;'>62/005</td></tr><tr><td style='padding:3px 6px; font-weight:bold; background-color:#f2f2f2;'>โควตาชาวไร่</td><td style='padding:3px 6px;'>762639</td></tr><tr><td style='padding:3px 6px; font-weight:bold; background-color:#f2f2f2;'>ชื่อ-นามสกุล</td><td style='padding:3px 6px;'>นาง เสงี่ยม ราสีประโคน</td></tr><tr><td style='padding:3px 6px; font-weight:bold; background-color:#f2f2f2;'>111</td><td style='padding:3px 6px;'>310803141734</td></tr><tr><td style='padding:3px 6px; font-weight:bold; background-color:#f2f2f2;'>ประเภทอ้อย</td><td style='padding:3px 6px;'>อ้อยปลายฝน</td></tr><tr><td style='padding:3px 6px; font-weight:bold; background-color:#f2f2f2;'>พื้นที่ปลูก</td><td style='padding:3px 6px;'>5.09</td></tr><tr><td style='padding:3px 6px; font-weight:bold; background-color:#f2f2f2;'>ศูนย์</td><td style='padding:3px 6px;'>K2-62</td></tr><tr><td style='padding:3px 6px; font-weight:bold; background-color:#f2f2f2;'>นักเกษตร</td><td style='padding:3px 6px;'>6202</td></tr><tr><td style='padding:3px 6px; font-weight:bold; background-color:#f2f2f2;'>กลุ่ม</td><td style='padding:3px 6px;'>กลุ่ม_62</td></tr></table></div>]]></description>
      <styleUrl>#style_62_005</styleUrl>
      <MultiGeometry><Polygon><outerBoundaryIs><LinearRing><coordinates>102.9724478,14.3705353,0 102.9724887,14.3713962,0 102.9724791,14.3717381,0 102.9730873,14.3716748,0 102.9730325,14.3709070,0 102.9729773,14.3704958,0 102.9724478,14.3705353,0</coordinates></LinearRing></outerBoundaryIs></Polygon></MultiGeometry>
    </Placemark>
    <Placemark>
      <name>310803021657</name>
      <description><![CDATA[<div style='font-family:Tahoma,sans-serif; font-size:13px;'><h3 style='color:#1565C0; margin:4px 0;'>รหัส: 310803021657</h3><p style='margin:2px 0;'><b>กลุ่มรถไถ:</b> 62_005</p><table border='1' style='border-collapse:collapse; border-color:#ccc; width:100%;'><tr><td style='padding:3px 6px; font-weight:bold; background-color:#f2f2f2;'>ปีการผลิต</td><td style='padding:3px 6px;'>257071</td></tr><tr><td style='padding:3px 6px; font-weight:bold; background-color:#f2f2f2;'>รหัสกลุ่มรถไถ</td><td style='padding:3px 6px;'>62/005</td></tr><tr><td style='padding:3px 6px; font-weight:bold; background-color:#f2f2f2;'>โควตาชาวไร่</td><td style='padding:3px 6px;'>762839</td></tr><tr><td style='padding:3px 6px; font-weight:bold; background-color:#f2f2f2;'>ชื่อ-นามสกุล</td><td style='padding:3px 6px;'>นาย ทองดำ เพชรกระโทก</td></tr><tr><td style='padding:3px 6px; font-weight:bold; background-color:#f2f2f2;'>111</td><td style='padding:3px 6px;'>310803021657</td></tr><tr><td style='padding:3px 6px; font-weight:bold; background-color:#f2f2f2;'>ประเภทอ้อย</td><td style='padding:3px 6px;'>อ้อยปลายฝน</td></tr><tr><td style='padding:3px 6px; font-weight:bold; background-color:#f2f2f2;'>พื้นที่ปลูก</td><td style='padding:3px 6px;'>3.71</td></tr><tr><td style='padding:3px 6px; font-weight:bold; background-color:#f2f2f2;'>ศูนย์</td><td style='padding:3px 6px;'>K2-62</td></tr><tr><td style='padding:3px 6px; font-weight:bold; background-color:#f2f2f2;'>นักเกษตร</td><td style='padding:3px 6px;'>6202</td></tr><tr><td style='padding:3px 6px; font-weight:bold; background-color:#f2f2f2;'>กลุ่ม</td><td style='padding:3px 6px;'>กลุ่ม_62</td></tr></table></div>]]></description>
      <styleUrl>#style_62_005</styleUrl>
      <MultiGeometry><Polygon><outerBoundaryIs><LinearRing><coordinates>102.9865250,14.3600467,0 102.9866283,14.3610617,0 102.9871250,14.3608517,0 102.9871350,14.3608383,0 102.9871467,14.3608267,0 102.9870233,14.3599767,0 102.9865250,14.3600467,0</coordinates></LinearRing></outerBoundaryIs></Polygon></MultiGeometry>
    </Placemark>
    <Placemark>
      <name>310803141683</name>
      <description><![CDATA[<div style='font-family:Tahoma,sans-serif; font-size:13px;'><h3 style='color:#1565C0; margin:4px 0;'>รหัส: 310803141683</h3><p style='margin:2px 0;'><b>กลุ่มรถไถ:</b> 62_005</p><table border='1' style='border-collapse:collapse; border-color:#ccc; width:100%;'><tr><td style='padding:3px 6px; font-weight:bold; background-color:#f2f2f2;'>ปีการผลิต</td><td style='padding:3px 6px;'>257071</td></tr><tr><td style='padding:3px 6px; font-weight:bold; background-color:#f2f2f2;'>รหัสกลุ่มรถไถ</td><td style='padding:3px 6px;'>62/005</td></tr><tr><td style='padding:3px 6px; font-weight:bold; background-color:#f2f2f2;'>โควตาชาวไร่</td><td style='padding:3px 6px;'>762844</td></tr><tr><td style='padding:3px 6px; font-weight:bold; background-color:#f2f2f2;'>ชื่อ-นามสกุล</td><td style='padding:3px 6px;'>นาง ประชุม เกือกรัมย์</td></tr><tr><td style='padding:3px 6px; font-weight:bold; background-color:#f2f2f2;'>111</td><td style='padding:3px 6px;'>310803141683</td></tr><tr><td style='padding:3px 6px; font-weight:bold; background-color:#f2f2f2;'>ประเภทอ้อย</td><td style='padding:3px 6px;'>อ้อยปลายฝน</td></tr><tr><td style='padding:3px 6px; font-weight:bold; background-color:#f2f2f2;'>พื้นที่ปลูก</td><td style='padding:3px 6px;'>6.52</td></tr><tr><td style='padding:3px 6px; font-weight:bold; background-color:#f2f2f2;'>ศูนย์</td><td style='padding:3px 6px;'>K2-62</td></tr><tr><td style='padding:3px 6px; font-weight:bold; background-color:#f2f2f2;'>นักเกษตร</td><td style='padding:3px 6px;'>6202</td></tr><tr><td style='padding:3px 6px; font-weight:bold; background-color:#f2f2f2;'>กลุ่ม</td><td style='padding:3px 6px;'>กลุ่ม_62</td></tr></table></div>]]></description>
      <styleUrl>#style_62_005</styleUrl>
      <MultiGeometry><Polygon><outerBoundaryIs><LinearRing><coordinates>102.9939443,14.3854001,0 102.9937384,14.3844727,0 102.9937156,14.3844107,0 102.9936958,14.3843716,0 102.9936494,14.3843268,0 102.9935991,14.3842921,0 102.9935708,14.3842740,0 102.9935240,14.3842211,0 102.9934886,14.3841782,0 102.9933977,14.3841090,0 102.9932800,14.3840409,0 102.9931753,14.3839717,0 102.9931611,14.3839722,0 102.9931546,14.3839847,0 102.9931535,14.3840216,0 102.9931592,14.3840853,0 102.9931707,14.3841382,0 102.9931773,14.3841860,0 102.9931743,14.3842493,0 102.9931804,14.3843214,0 102.9931835,14.3843534,0 102.9932015,14.3844732,0 102.9932143,14.3845806,0 102.9932189,14.3846012,0 102.9932324,14.3846732,0 102.9932677,14.3847833,0 102.9932681,14.3848676,0 102.9932635,14.3849428,0 102.9932731,14.3850035,0 102.9932768,14.3850125,0 102.9932793,14.3850609,0 102.9931862,14.3851081,0 102.9931606,14.3851220,0 102.9931274,14.3851381,0 102.9931059,14.3851577,0 102.9931033,14.3851724,0 102.9931003,14.3851777,0 102.9930301,14.3852269,0 102.9930448,14.3852554,0 102.9930845,14.3853695,0 102.9931119,14.3854490,0 102.9931439,14.3855043,0 102.9931755,14.3855673,0 102.9931930,14.3856002,0 102.9931942,14.3856339,0 102.9932464,14.3856190,0 102.9933124,14.3855984,0 102.9934664,14.3855554,0 102.9935129,14.3855466,0 102.9936804,14.3854961,0 102.9937641,14.3854606,0 102.9938352,14.3854403,0 102.9939082,14.3854080,0 102.9939443,14.3854001,0</coordinates></LinearRing></outerBoundaryIs></Polygon></MultiGeometry>
    </Placemark>
    <Placemark>
      <name>310803080102</name>
      <description><![CDATA[<div style='font-family:Tahoma,sans-serif; font-size:13px;'><h3 style='color:#1565C0; margin:4px 0;'>รหัส: 310803080102</h3><p style='margin:2px 0;'><b>กลุ่มรถไถ:</b> 62_005</p><table border='1' style='border-collapse:collapse; border-color:#ccc; width:100%;'><tr><td style='padding:3px 6px; font-weight:bold; background-color:#f2f2f2;'>ปีการผลิต</td><td style='padding:3px 6px;'>257071</td></tr><tr><td style='padding:3px 6px; font-weight:bold; background-color:#f2f2f2;'>รหัสกลุ่มรถไถ</td><td style='padding:3px 6px;'>62/005</td></tr><tr><td style='padding:3px 6px; font-weight:bold; background-color:#f2f2f2;'>โควตาชาวไร่</td><td style='padding:3px 6px;'>762864</td></tr><tr><td style='padding:3px 6px; font-weight:bold; background-color:#f2f2f2;'>ชื่อ-นามสกุล</td><td style='padding:3px 6px;'>นางสาว วราภรณ์ สระประโคน</td></tr><tr><td style='padding:3px 6px; font-weight:bold; background-color:#f2f2f2;'>111</td><td style='padding:3px 6px;'>310803080102</td></tr><tr><td style='padding:3px 6px; font-weight:bold; background-color:#f2f2f2;'>ประเภทอ้อย</td><td style='padding:3px 6px;'>อ้อยปลายฝน</td></tr><tr><td style='padding:3px 6px; font-weight:bold; background-color:#f2f2f2;'>พื้นที่ปลูก</td><td style='padding:3px 6px;'>10.42</td></tr><tr><td style='padding:3px 6px; font-weight:bold; background-color:#f2f2f2;'>ศูนย์</td><td style='padding:3px 6px;'>K2-62</td></tr><tr><td style='padding:3px 6px; font-weight:bold; background-color:#f2f2f2;'>นักเกษตร</td><td style='padding:3px 6px;'>6206</td></tr><tr><td style='padding:3px 6px; font-weight:bold; background-color:#f2f2f2;'>กลุ่ม</td><td style='padding:3px 6px;'>กลุ่ม_62</td></tr></table></div>]]></description>
      <styleUrl>#style_62_005</styleUrl>
      <MultiGeometry><Polygon><outerBoundaryIs><LinearRing><coordinates>102.9742828,14.3691944,0 102.9735858,14.3691535,0 102.9735072,14.3689762,0 102.9729467,14.3690177,0 102.9730523,14.3701132,0 102.9737480,14.3700870,0 102.9745534,14.3700522,0 102.9746232,14.3700488,0 102.9744034,14.3696805,0 102.9742829,14.3691956,0 102.9742828,14.3691944,0</coordinates></LinearRing></outerBoundaryIs></Polygon></MultiGeometry>
    </Placemark>
    <Placemark>
      <name>310803150005</name>
      <description><![CDATA[<div style='font-family:Tahoma,sans-serif; font-size:13px;'><h3 style='color:#1565C0; margin:4px 0;'>รหัส: 310803150005</h3><p style='margin:2px 0;'><b>กลุ่มรถไถ:</b> 62_005</p><table border='1' style='border-collapse:collapse; border-color:#ccc; width:100%;'><tr><td style='padding:3px 6px; font-weight:bold; background-color:#f2f2f2;'>ปีการผลิต</td><td style='padding:3px 6px;'>257071</td></tr><tr><td style='padding:3px 6px; font-weight:bold; background-color:#f2f2f2;'>รหัสกลุ่มรถไถ</td><td style='padding:3px 6px;'>62/005</td></tr><tr><td style='padding:3px 6px; font-weight:bold; background-color:#f2f2f2;'>โควตาชาวไร่</td><td style='padding:3px 6px;'>762864</td></tr><tr><td style='padding:3px 6px; font-weight:bold; background-color:#f2f2f2;'>ชื่อ-นามสกุล</td><td style='padding:3px 6px;'>นางสาว วราภรณ์ สระประโคน</td></tr><tr><td style='padding:3px 6px; font-weight:bold; background-color:#f2f2f2;'>111</td><td style='padding:3px 6px;'>310803150005</td></tr><tr><td style='padding:3px 6px; font-weight:bold; background-color:#f2f2f2;'>ประเภทอ้อย</td><td style='padding:3px 6px;'>อ้อยปลายฝน</td></tr><tr><td style='padding:3px 6px; font-weight:bold; background-color:#f2f2f2;'>พื้นที่ปลูก</td><td style='padding:3px 6px;'>3.98</td></tr><tr><td style='padding:3px 6px; font-weight:bold; background-color:#f2f2f2;'>ศูนย์</td><td style='padding:3px 6px;'>K2-62</td></tr><tr><td style='padding:3px 6px; font-weight:bold; background-color:#f2f2f2;'>นักเกษตร</td><td style='padding:3px 6px;'>6206</td></tr><tr><td style='padding:3px 6px; font-weight:bold; background-color:#f2f2f2;'>กลุ่ม</td><td style='padding:3px 6px;'>กลุ่ม_62</td></tr></table></div>]]></description>
      <styleUrl>#style_62_005</styleUrl>
      <MultiGeometry><Polygon><outerBoundaryIs><LinearRing><coordinates>102.9730035,14.3704251,0 102.9748392,14.3703567,0 102.9746664,14.3700497,0 102.9730061,14.3701305,0 102.9730035,14.3704251,0</coordinates></LinearRing></outerBoundaryIs></Polygon></MultiGeometry>
    </Placemark>
    <Placemark>
      <name>310715080044</name>
      <description><![CDATA[<div style='font-family:Tahoma,sans-serif; font-size:13px;'><h3 style='color:#1565C0; margin:4px 0;'>รหัส: 310715080044</h3><p style='margin:2px 0;'><b>กลุ่มรถไถ:</b> 62_005</p><table border='1' style='border-collapse:collapse; border-color:#ccc; width:100%;'><tr><td style='padding:3px 6px; font-weight:bold; background-color:#f2f2f2;'>ปีการผลิต</td><td style='padding:3px 6px;'>257071</td></tr><tr><td style='padding:3px 6px; font-weight:bold; background-color:#f2f2f2;'>รหัสกลุ่มรถไถ</td><td style='padding:3px 6px;'>62/005</td></tr><tr><td style='padding:3px 6px; font-weight:bold; background-color:#f2f2f2;'>โควตาชาวไร่</td><td style='padding:3px 6px;'>762967</td></tr><tr><td style='padding:3px 6px; font-weight:bold; background-color:#f2f2f2;'>ชื่อ-นามสกุล</td><td style='padding:3px 6px;'>นาย ไพฑูรย์ ศรีรุจ</td></tr><tr><td style='padding:3px 6px; font-weight:bold; background-color:#f2f2f2;'>111</td><td style='padding:3px 6px;'>310715080044</td></tr><tr><td style='padding:3px 6px; font-weight:bold; background-color:#f2f2f2;'>ประเภทอ้อย</td><td style='padding:3px 6px;'>อ้อยปลายฝน</td></tr><tr><td style='padding:3px 6px; font-weight:bold; background-color:#f2f2f2;'>พื้นที่ปลูก</td><td style='padding:3px 6px;'>11.79</td></tr><tr><td style='padding:3px 6px; font-weight:bold; background-color:#f2f2f2;'>ศูนย์</td><td style='padding:3px 6px;'>K2-62</td></tr><tr><td style='padding:3px 6px; font-weight:bold; background-color:#f2f2f2;'>นักเกษตร</td><td style='padding:3px 6px;'>6207</td></tr><tr><td style='padding:3px 6px; font-weight:bold; background-color:#f2f2f2;'>กลุ่ม</td><td style='padding:3px 6px;'>กลุ่ม_62</td></tr></table></div>]]></description>
      <styleUrl>#style_62_005</styleUrl>
      <MultiGeometry><Polygon><outerBoundaryIs><LinearRing><coordinates>103.0228131,14.4145746,0 103.0226968,14.4142609,0 103.0226966,14.4142606,0 103.0226970,14.4142603,0 103.0184107,14.4145548,0 103.0184013,14.4145446,0 103.0184379,14.4149561,0 103.0184384,14.4149559,0 103.0228131,14.4145746,0</coordinates></LinearRing></outerBoundaryIs></Polygon></MultiGeometry>
    </Placemark>
    <Placemark>
      <name>310715080099</name>
      <description><![CDATA[<div style='font-family:Tahoma,sans-serif; font-size:13px;'><h3 style='color:#1565C0; margin:4px 0;'>รหัส: 310715080099</h3><p style='margin:2px 0;'><b>กลุ่มรถไถ:</b> 62_005</p><table border='1' style='border-collapse:collapse; border-color:#ccc; width:100%;'><tr><td style='padding:3px 6px; font-weight:bold; background-color:#f2f2f2;'>ปีการผลิต</td><td style='padding:3px 6px;'>257071</td></tr><tr><td style='padding:3px 6px; font-weight:bold; background-color:#f2f2f2;'>รหัสกลุ่มรถไถ</td><td style='padding:3px 6px;'>62/005</td></tr><tr><td style='padding:3px 6px; font-weight:bold; background-color:#f2f2f2;'>โควตาชาวไร่</td><td style='padding:3px 6px;'>765188</td></tr><tr><td style='padding:3px 6px; font-weight:bold; background-color:#f2f2f2;'>ชื่อ-นามสกุล</td><td style='padding:3px 6px;'>นาย นิยม ยวดยาน</td></tr><tr><td style='padding:3px 6px; font-weight:bold; background-color:#f2f2f2;'>111</td><td style='padding:3px 6px;'>310715080099</td></tr><tr><td style='padding:3px 6px; font-weight:bold; background-color:#f2f2f2;'>ประเภทอ้อย</td><td style='padding:3px 6px;'>อ้อยปลายฝน</td></tr><tr><td style='padding:3px 6px; font-weight:bold; background-color:#f2f2f2;'>พื้นที่ปลูก</td><td style='padding:3px 6px;'>9.14</td></tr><tr><td style='padding:3px 6px; font-weight:bold; background-color:#f2f2f2;'>ศูนย์</td><td style='padding:3px 6px;'>K2-62</td></tr><tr><td style='padding:3px 6px; font-weight:bold; background-color:#f2f2f2;'>นักเกษตร</td><td style='padding:3px 6px;'>6207</td></tr><tr><td style='padding:3px 6px; font-weight:bold; background-color:#f2f2f2;'>กลุ่ม</td><td style='padding:3px 6px;'>กลุ่ม_62</td></tr></table></div>]]></description>
      <styleUrl>#style_62_005</styleUrl>
      <MultiGeometry><Polygon><outerBoundaryIs><LinearRing><coordinates>103.0004558,14.4244801,0 103.0005137,14.4244665,0 103.0007578,14.4244289,0 103.0008942,14.4243980,0 103.0009538,14.4243880,0 103.0009768,14.4243803,0 103.0010186,14.4243691,0 103.0012147,14.4243344,0 103.0013384,14.4243228,0 103.0014006,14.4243178,0 103.0015185,14.4242992,0 103.0015882,14.4242790,0 103.0016166,14.4242717,0 103.0016422,14.4242442,0 103.0016582,14.4242324,0 103.0017002,14.4241675,0 103.0017191,14.4241251,0 103.0017292,14.4241023,0 103.0017573,14.4240143,0 103.0018118,14.4239203,0 103.0018464,14.4238337,0 103.0018640,14.4238054,0 103.0018895,14.4237819,0 103.0019069,14.4237688,0 103.0019348,14.4237357,0 103.0019628,14.4236875,0 103.0019976,14.4236395,0 103.0020106,14.4236220,0 103.0020343,14.4236073,0 103.0020349,14.4235909,0 103.0020183,14.4235701,0 103.0020059,14.4235340,0 103.0019791,14.4234718,0 103.0019649,14.4234488,0 103.0019456,14.4234123,0 103.0019326,14.4233861,0 103.0019175,14.4233677,0 103.0019069,14.4233570,0 103.0018802,14.4233599,0 103.0018651,14.4233727,0 103.0018360,14.4233902,0 103.0017998,14.4234063,0 103.0017365,14.4234258,0 103.0016393,14.4234528,0 103.0015566,14.4234535,0 103.0014801,14.4234495,0 103.0014186,14.4234711,0 103.0013135,14.4235107,0 103.0012817,14.4235138,0 103.0012570,14.4235091,0 103.0012483,14.4234719,0 103.0012241,14.4234403,0 103.0011961,14.4234155,0 103.0011544,14.4233958,0 103.0010942,14.4233941,0 103.0010474,14.4234025,0 103.0009785,14.4234220,0 103.0008557,14.4234853,0 103.0008077,14.4235215,0 103.0006904,14.4235635,0 103.0006555,14.4235910,0 103.0006570,14.4235979,0 103.0006483,14.4236185,0 103.0006373,14.4236371,0 103.0006160,14.4236475,0 103.0005998,14.4236428,0 103.0005854,14.4236310,0 103.0005792,14.4236200,0 103.0005534,14.4236191,0 103.0005133,14.4236244,0 103.0004663,14.4236501,0 103.0004632,14.4237467,0 103.0004556,14.4238959,0 103.0004603,14.4239467,0 103.0004558,14.4244801,0</coordinates></LinearRing></outerBoundaryIs></Polygon></MultiGeometry>
    </Placemark>
    <Placemark>
      <name>310715081701</name>
      <description><![CDATA[<div style='font-family:Tahoma,sans-serif; font-size:13px;'><h3 style='color:#1565C0; margin:4px 0;'>รหัส: 310715081701</h3><p style='margin:2px 0;'><b>กลุ่มรถไถ:</b> 62_005</p><table border='1' style='border-collapse:collapse; border-color:#ccc; width:100%;'><tr><td style='padding:3px 6px; font-weight:bold; background-color:#f2f2f2;'>ปีการผลิต</td><td style='padding:3px 6px;'>257071</td></tr><tr><td style='padding:3px 6px; font-weight:bold; background-color:#f2f2f2;'>รหัสกลุ่มรถไถ</td><td style='padding:3px 6px;'>62/005</td></tr><tr><td style='padding:3px 6px; font-weight:bold; background-color:#f2f2f2;'>โควตาชาวไร่</td><td style='padding:3px 6px;'>765188</td></tr><tr><td style='padding:3px 6px; font-weight:bold; background-color:#f2f2f2;'>ชื่อ-นามสกุล</td><td style='padding:3px 6px;'>นาย นิยม ยวดยาน</td></tr><tr><td style='padding:3px 6px; font-weight:bold; background-color:#f2f2f2;'>111</td><td style='padding:3px 6px;'>310715081701</td></tr><tr><td style='padding:3px 6px; font-weight:bold; background-color:#f2f2f2;'>ประเภทอ้อย</td><td style='padding:3px 6px;'>อ้อยปลายฝน</td></tr><tr><td style='padding:3px 6px; font-weight:bold; background-color:#f2f2f2;'>พื้นที่ปลูก</td><td style='padding:3px 6px;'>11.73</td></tr><tr><td style='padding:3px 6px; font-weight:bold; background-color:#f2f2f2;'>ศูนย์</td><td style='padding:3px 6px;'>K2-62</td></tr><tr><td style='padding:3px 6px; font-weight:bold; background-color:#f2f2f2;'>นักเกษตร</td><td style='padding:3px 6px;'>6207</td></tr><tr><td style='padding:3px 6px; font-weight:bold; background-color:#f2f2f2;'>กลุ่ม</td><td style='padding:3px 6px;'>กลุ่ม_62</td></tr></table></div>]]></description>
      <styleUrl>#style_62_005</styleUrl>
      <MultiGeometry><Polygon><outerBoundaryIs><LinearRing><coordinates>103.0004538,14.4244067,0 103.0004690,14.4236966,0 103.0004248,14.4236985,0 103.0003021,14.4236444,0 103.0002562,14.4236282,0 103.0002194,14.4236161,0 103.0001623,14.4236115,0 103.0001262,14.4236235,0 103.0000873,14.4236422,0 102.9998220,14.4237726,0 102.9997774,14.4237978,0 102.9995794,14.4239416,0 102.9995992,14.4239785,0 102.9997225,14.4242362,0 102.9994729,14.4245193,0 102.9994200,14.4245275,0 102.9993601,14.4245179,0 102.9993424,14.4245121,0 102.9992413,14.4244435,0 102.9991695,14.4245853,0 102.9990559,14.4246287,0 102.9995547,14.4253843,0 103.0002365,14.4251808,0 103.0004261,14.4251941,0 103.0004538,14.4244067,0</coordinates></LinearRing></outerBoundaryIs></Polygon></MultiGeometry>
    </Placemark>
    <Placemark>
      <name>310803010091</name>
      <description><![CDATA[<div style='font-family:Tahoma,sans-serif; font-size:13px;'><h3 style='color:#1565C0; margin:4px 0;'>รหัส: 310803010091</h3><p style='margin:2px 0;'><b>กลุ่มรถไถ:</b> 62_005</p><table border='1' style='border-collapse:collapse; border-color:#ccc; width:100%;'><tr><td style='padding:3px 6px; font-weight:bold; background-color:#f2f2f2;'>ปีการผลิต</td><td style='padding:3px 6px;'>257071</td></tr><tr><td style='padding:3px 6px; font-weight:bold; background-color:#f2f2f2;'>รหัสกลุ่มรถไถ</td><td style='padding:3px 6px;'>62/005</td></tr><tr><td style='padding:3px 6px; font-weight:bold; background-color:#f2f2f2;'>โควตาชาวไร่</td><td style='padding:3px 6px;'>765320</td></tr><tr><td style='padding:3px 6px; font-weight:bold; background-color:#f2f2f2;'>ชื่อ-นามสกุล</td><td style='padding:3px 6px;'>นาย ทิพย์ ราศรีประโคน</td></tr><tr><td style='padding:3px 6px; font-weight:bold; background-color:#f2f2f2;'>111</td><td style='padding:3px 6px;'>310803010091</td></tr><tr><td style='padding:3px 6px; font-weight:bold; background-color:#f2f2f2;'>ประเภทอ้อย</td><td style='padding:3px 6px;'>อ้อยปลายฝน</td></tr><tr><td style='padding:3px 6px; font-weight:bold; background-color:#f2f2f2;'>พื้นที่ปลูก</td><td style='padding:3px 6px;'>2.8</td></tr><tr><td style='padding:3px 6px; font-weight:bold; background-color:#f2f2f2;'>ศูนย์</td><td style='padding:3px 6px;'>K2-62</td></tr><tr><td style='padding:3px 6px; font-weight:bold; background-color:#f2f2f2;'>นักเกษตร</td><td style='padding:3px 6px;'>6202</td></tr><tr><td style='padding:3px 6px; font-weight:bold; background-color:#f2f2f2;'>กลุ่ม</td><td style='padding:3px 6px;'>กลุ่ม_62</td></tr></table></div>]]></description>
      <styleUrl>#style_62_005</styleUrl>
      <MultiGeometry><Polygon><outerBoundaryIs><LinearRing><coordinates>102.9915393,14.3975843,0 102.9916165,14.3978164,0 102.9917340,14.3979910,0 102.9919098,14.3980183,0 102.9920543,14.3980842,0 102.9922898,14.3979736,0 102.9923552,14.3979299,0 102.9922426,14.3977037,0 102.9921458,14.3975466,0 102.9919932,14.3973074,0 102.9915393,14.3975843,0</coordinates></LinearRing></outerBoundaryIs></Polygon></MultiGeometry>
    </Placemark>
    <Placemark>
      <name>310803141576</name>
      <description><![CDATA[<div style='font-family:Tahoma,sans-serif; font-size:13px;'><h3 style='color:#1565C0; margin:4px 0;'>รหัส: 310803141576</h3><p style='margin:2px 0;'><b>กลุ่มรถไถ:</b> 62_005</p><table border='1' style='border-collapse:collapse; border-color:#ccc; width:100%;'><tr><td style='padding:3px 6px; font-weight:bold; background-color:#f2f2f2;'>ปีการผลิต</td><td style='padding:3px 6px;'>257071</td></tr><tr><td style='padding:3px 6px; font-weight:bold; background-color:#f2f2f2;'>รหัสกลุ่มรถไถ</td><td style='padding:3px 6px;'>62/005</td></tr><tr><td style='padding:3px 6px; font-weight:bold; background-color:#f2f2f2;'>โควตาชาวไร่</td><td style='padding:3px 6px;'>765480</td></tr><tr><td style='padding:3px 6px; font-weight:bold; background-color:#f2f2f2;'>ชื่อ-นามสกุล</td><td style='padding:3px 6px;'>นาง ดวงพร หมายสุข</td></tr><tr><td style='padding:3px 6px; font-weight:bold; background-color:#f2f2f2;'>111</td><td style='padding:3px 6px;'>310803141576</td></tr><tr><td style='padding:3px 6px; font-weight:bold; background-color:#f2f2f2;'>ประเภทอ้อย</td><td style='padding:3px 6px;'>อ้อยปลายฝน</td></tr><tr><td style='padding:3px 6px; font-weight:bold; background-color:#f2f2f2;'>พื้นที่ปลูก</td><td style='padding:3px 6px;'>5.05</td></tr><tr><td style='padding:3px 6px; font-weight:bold; background-color:#f2f2f2;'>ศูนย์</td><td style='padding:3px 6px;'>K2-62</td></tr><tr><td style='padding:3px 6px; font-weight:bold; background-color:#f2f2f2;'>นักเกษตร</td><td style='padding:3px 6px;'>6202</td></tr><tr><td style='padding:3px 6px; font-weight:bold; background-color:#f2f2f2;'>กลุ่ม</td><td style='padding:3px 6px;'>กลุ่ม_62</td></tr></table></div>]]></description>
      <styleUrl>#style_62_005</styleUrl>
      <MultiGeometry><Polygon><outerBoundaryIs><LinearRing><coordinates>102.9818628,14.3773360,0 102.9817652,14.3770289,0 102.9812910,14.3756315,0 102.9811461,14.3751072,0 102.9808537,14.3751789,0 102.9808707,14.3752603,0 102.9808791,14.3753081,0 102.9809206,14.3754819,0 102.9809302,14.3755181,0 102.9809380,14.3755448,0 102.9809489,14.3755724,0 102.9809591,14.3755979,0 102.9809825,14.3756413,0 102.9809902,14.3756608,0 102.9810008,14.3756998,0 102.9810209,14.3757576,0 102.9811449,14.3760834,0 102.9811737,14.3761325,0 102.9811905,14.3761566,0 102.9812001,14.3761720,0 102.9812136,14.3761975,0 102.9812398,14.3762565,0 102.9812460,14.3762980,0 102.9812502,14.3763371,0 102.9812598,14.3763756,0 102.9812720,14.3764045,0 102.9812777,14.3764139,0 102.9812856,14.3764331,0 102.9812886,14.3764520,0 102.9812924,14.3764868,0 102.9813047,14.3765304,0 102.9813176,14.3765616,0 102.9813417,14.3766241,0 102.9813583,14.3766711,0 102.9813667,14.3766980,0 102.9813818,14.3767498,0 102.9813889,14.3767776,0 102.9813979,14.3768056,0 102.9814052,14.3768444,0 102.9814104,14.3768722,0 102.9814170,14.3769097,0 102.9814447,14.3770231,0 102.9814478,14.3770600,0 102.9814494,14.3770754,0 102.9814538,14.3771086,0 102.9814636,14.3771481,0 102.9814753,14.3771790,0 102.9815481,14.3773587,0 102.9818628,14.3773360,0</coordinates></LinearRing></outerBoundaryIs></Polygon></MultiGeometry>
    </Placemark>
    <Placemark>
      <name>310715060073</name>
      <description><![CDATA[<div style='font-family:Tahoma,sans-serif; font-size:13px;'><h3 style='color:#1565C0; margin:4px 0;'>รหัส: 310715060073</h3><p style='margin:2px 0;'><b>กลุ่มรถไถ:</b> 62_005</p><table border='1' style='border-collapse:collapse; border-color:#ccc; width:100%;'><tr><td style='padding:3px 6px; font-weight:bold; background-color:#f2f2f2;'>ปีการผลิต</td><td style='padding:3px 6px;'>257071</td></tr><tr><td style='padding:3px 6px; font-weight:bold; background-color:#f2f2f2;'>รหัสกลุ่มรถไถ</td><td style='padding:3px 6px;'>62/005</td></tr><tr><td style='padding:3px 6px; font-weight:bold; background-color:#f2f2f2;'>โควตาชาวไร่</td><td style='padding:3px 6px;'>765574</td></tr><tr><td style='padding:3px 6px; font-weight:bold; background-color:#f2f2f2;'>ชื่อ-นามสกุล</td><td style='padding:3px 6px;'>นาง สมพร พรหมศรี</td></tr><tr><td style='padding:3px 6px; font-weight:bold; background-color:#f2f2f2;'>111</td><td style='padding:3px 6px;'>310715060073</td></tr><tr><td style='padding:3px 6px; font-weight:bold; background-color:#f2f2f2;'>ประเภทอ้อย</td><td style='padding:3px 6px;'>อ้อยปลายฝน</td></tr><tr><td style='padding:3px 6px; font-weight:bold; background-color:#f2f2f2;'>พื้นที่ปลูก</td><td style='padding:3px 6px;'>6.03</td></tr><tr><td style='padding:3px 6px; font-weight:bold; background-color:#f2f2f2;'>ศูนย์</td><td style='padding:3px 6px;'>K2-62</td></tr><tr><td style='padding:3px 6px; font-weight:bold; background-color:#f2f2f2;'>นักเกษตร</td><td style='padding:3px 6px;'>6207</td></tr><tr><td style='padding:3px 6px; font-weight:bold; background-color:#f2f2f2;'>กลุ่ม</td><td style='padding:3px 6px;'>กลุ่ม_62</td></tr></table></div>]]></description>
      <styleUrl>#style_62_005</styleUrl>
      <MultiGeometry><Polygon><outerBoundaryIs><LinearRing><coordinates>103.0449127,14.4328513,0 103.0449781,14.4331720,0 103.0456057,14.4330550,0 103.0457648,14.4330112,0 103.0461024,14.4329072,0 103.0468844,14.4327610,0 103.0470420,14.4327346,0 103.0473437,14.4326802,0 103.0473994,14.4326534,0 103.0473595,14.4323403,0 103.0469472,14.4324114,0 103.0454059,14.4327533,0 103.0449127,14.4328513,0</coordinates></LinearRing></outerBoundaryIs></Polygon></MultiGeometry>
    </Placemark>
    <Placemark>
      <name>310715011528</name>
      <description><![CDATA[<div style='font-family:Tahoma,sans-serif; font-size:13px;'><h3 style='color:#1565C0; margin:4px 0;'>รหัส: 310715011528</h3><p style='margin:2px 0;'><b>กลุ่มรถไถ:</b> 62_005</p><table border='1' style='border-collapse:collapse; border-color:#ccc; width:100%;'><tr><td style='padding:3px 6px; font-weight:bold; background-color:#f2f2f2;'>ปีการผลิต</td><td style='padding:3px 6px;'>257071</td></tr><tr><td style='padding:3px 6px; font-weight:bold; background-color:#f2f2f2;'>รหัสกลุ่มรถไถ</td><td style='padding:3px 6px;'>62/005</td></tr><tr><td style='padding:3px 6px; font-weight:bold; background-color:#f2f2f2;'>โควตาชาวไร่</td><td style='padding:3px 6px;'>765699</td></tr><tr><td style='padding:3px 6px; font-weight:bold; background-color:#f2f2f2;'>ชื่อ-นามสกุล</td><td style='padding:3px 6px;'>นาง ละมัย ปัญนะทุภา</td></tr><tr><td style='padding:3px 6px; font-weight:bold; background-color:#f2f2f2;'>111</td><td style='padding:3px 6px;'>310715011528</td></tr><tr><td style='padding:3px 6px; font-weight:bold; background-color:#f2f2f2;'>ประเภทอ้อย</td><td style='padding:3px 6px;'>อ้อยปลายฝน</td></tr><tr><td style='padding:3px 6px; font-weight:bold; background-color:#f2f2f2;'>พื้นที่ปลูก</td><td style='padding:3px 6px;'>5.53</td></tr><tr><td style='padding:3px 6px; font-weight:bold; background-color:#f2f2f2;'>ศูนย์</td><td style='padding:3px 6px;'>K2-62</td></tr><tr><td style='padding:3px 6px; font-weight:bold; background-color:#f2f2f2;'>นักเกษตร</td><td style='padding:3px 6px;'>6202</td></tr><tr><td style='padding:3px 6px; font-weight:bold; background-color:#f2f2f2;'>กลุ่ม</td><td style='padding:3px 6px;'>กลุ่ม_62</td></tr></table></div>]]></description>
      <styleUrl>#style_62_005</styleUrl>
      <MultiGeometry><Polygon><outerBoundaryIs><LinearRing><coordinates>103.0020917,14.4542167,0 103.0021017,14.4546267,0 103.0044267,14.4545083,0 103.0045017,14.4543467,0 103.0042117,14.4542117,0 103.0028450,14.4542917,0 103.0020917,14.4542167,0</coordinates></LinearRing></outerBoundaryIs></Polygon></MultiGeometry>
    </Placemark>
    <Placemark>
      <name>310715011652</name>
      <description><![CDATA[<div style='font-family:Tahoma,sans-serif; font-size:13px;'><h3 style='color:#1565C0; margin:4px 0;'>รหัส: 310715011652</h3><p style='margin:2px 0;'><b>กลุ่มรถไถ:</b> 62_005</p><table border='1' style='border-collapse:collapse; border-color:#ccc; width:100%;'><tr><td style='padding:3px 6px; font-weight:bold; background-color:#f2f2f2;'>ปีการผลิต</td><td style='padding:3px 6px;'>257071</td></tr><tr><td style='padding:3px 6px; font-weight:bold; background-color:#f2f2f2;'>รหัสกลุ่มรถไถ</td><td style='padding:3px 6px;'>62/005</td></tr><tr><td style='padding:3px 6px; font-weight:bold; background-color:#f2f2f2;'>โควตาชาวไร่</td><td style='padding:3px 6px;'>765699</td></tr><tr><td style='padding:3px 6px; font-weight:bold; background-color:#f2f2f2;'>ชื่อ-นามสกุล</td><td style='padding:3px 6px;'>นาง ละมัย ปัญนะทุภา</td></tr><tr><td style='padding:3px 6px; font-weight:bold; background-color:#f2f2f2;'>111</td><td style='padding:3px 6px;'>310715011652</td></tr><tr><td style='padding:3px 6px; font-weight:bold; background-color:#f2f2f2;'>ประเภทอ้อย</td><td style='padding:3px 6px;'>อ้อยปลายฝน</td></tr><tr><td style='padding:3px 6px; font-weight:bold; background-color:#f2f2f2;'>พื้นที่ปลูก</td><td style='padding:3px 6px;'>20.68</td></tr><tr><td style='padding:3px 6px; font-weight:bold; background-color:#f2f2f2;'>ศูนย์</td><td style='padding:3px 6px;'>K2-62</td></tr><tr><td style='padding:3px 6px; font-weight:bold; background-color:#f2f2f2;'>นักเกษตร</td><td style='padding:3px 6px;'>6202</td></tr><tr><td style='padding:3px 6px; font-weight:bold; background-color:#f2f2f2;'>กลุ่ม</td><td style='padding:3px 6px;'>กลุ่ม_62</td></tr></table></div>]]></description>
      <styleUrl>#style_62_005</styleUrl>
      <MultiGeometry><Polygon><outerBoundaryIs><LinearRing><coordinates>103.0017233,14.4546683,0 103.0017217,14.4546700,0 103.0016300,14.4546767,0 103.0016217,14.4546817,0 103.0016017,14.4546867,0 103.0015917,14.4546883,0 103.0015800,14.4546967,0 103.0013617,14.4548400,0 103.0013633,14.4549233,0 103.0013350,14.4552400,0 103.0013183,14.4552700,0 103.0010417,14.4552783,0 103.0010133,14.4552000,0 103.0006700,14.4552433,0 103.0006650,14.4552483,0 103.0006033,14.4556367,0 103.0037733,14.4555017,0 103.0039483,14.4551667,0 103.0042200,14.4547767,0 103.0043233,14.4546900,0 103.0043500,14.4546533,0 103.0044150,14.4545383,0 103.0017233,14.4546683,0</coordinates></LinearRing></outerBoundaryIs></Polygon></MultiGeometry>
    </Placemark>
    <Placemark>
      <name>310803080109</name>
      <description><![CDATA[<div style='font-family:Tahoma,sans-serif; font-size:13px;'><h3 style='color:#1565C0; margin:4px 0;'>รหัส: 310803080109</h3><p style='margin:2px 0;'><b>กลุ่มรถไถ:</b> 62_005</p><table border='1' style='border-collapse:collapse; border-color:#ccc; width:100%;'><tr><td style='padding:3px 6px; font-weight:bold; background-color:#f2f2f2;'>ปีการผลิต</td><td style='padding:3px 6px;'>257071</td></tr><tr><td style='padding:3px 6px; font-weight:bold; background-color:#f2f2f2;'>รหัสกลุ่มรถไถ</td><td style='padding:3px 6px;'>62/005</td></tr><tr><td style='padding:3px 6px; font-weight:bold; background-color:#f2f2f2;'>โควตาชาวไร่</td><td style='padding:3px 6px;'>765730</td></tr><tr><td style='padding:3px 6px; font-weight:bold; background-color:#f2f2f2;'>ชื่อ-นามสกุล</td><td style='padding:3px 6px;'>นางสาว เพ็ญลักษณ์ บุญประโคน</td></tr><tr><td style='padding:3px 6px; font-weight:bold; background-color:#f2f2f2;'>111</td><td style='padding:3px 6px;'>310803080109</td></tr><tr><td style='padding:3px 6px; font-weight:bold; background-color:#f2f2f2;'>ประเภทอ้อย</td><td style='padding:3px 6px;'>อ้อยปลายฝน</td></tr><tr><td style='padding:3px 6px; font-weight:bold; background-color:#f2f2f2;'>พื้นที่ปลูก</td><td style='padding:3px 6px;'>5.61</td></tr><tr><td style='padding:3px 6px; font-weight:bold; background-color:#f2f2f2;'>ศูนย์</td><td style='padding:3px 6px;'>K2-62</td></tr><tr><td style='padding:3px 6px; font-weight:bold; background-color:#f2f2f2;'>นักเกษตร</td><td style='padding:3px 6px;'>6207</td></tr><tr><td style='padding:3px 6px; font-weight:bold; background-color:#f2f2f2;'>กลุ่ม</td><td style='padding:3px 6px;'>กลุ่ม_62</td></tr></table></div>]]></description>
      <styleUrl>#style_62_005</styleUrl>
      <MultiGeometry><Polygon><outerBoundaryIs><LinearRing><coordinates>102.9797901,14.3758214,0 102.9798593,14.3759150,0 102.9798864,14.3759798,0 102.9798834,14.3760744,0 102.9798856,14.3761369,0 102.9798617,14.3762029,0 102.9798464,14.3762378,0 102.9797996,14.3763618,0 102.9797946,14.3763863,0 102.9797974,14.3764265,0 102.9797999,14.3764696,0 102.9798037,14.3766064,0 102.9801015,14.3765903,0 102.9801376,14.3765932,0 102.9801694,14.3766032,0 102.9801840,14.3766216,0 102.9802383,14.3767492,0 102.9802544,14.3768479,0 102.9802547,14.3768998,0 102.9802257,14.3769987,0 102.9802104,14.3771377,0 102.9802001,14.3771929,0 102.9802079,14.3772313,0 102.9802197,14.3772518,0 102.9802300,14.3773225,0 102.9802698,14.3774631,0 102.9802808,14.3774867,0 102.9802947,14.3775465,0 102.9803032,14.3775538,0 102.9803094,14.3775681,0 102.9803161,14.3775782,0 102.9803286,14.3775879,0 102.9803563,14.3775961,0 102.9803860,14.3776031,0 102.9804261,14.3776087,0 102.9804976,14.3776169,0 102.9805370,14.3775972,0 102.9805422,14.3775838,0 102.9805532,14.3775499,0 102.9805470,14.3775292,0 102.9805499,14.3774866,0 102.9805541,14.3774450,0 102.9805776,14.3774135,0 102.9805895,14.3773634,0 102.9805902,14.3773468,0 102.9805823,14.3773142,0 102.9805396,14.3771358,0 102.9805511,14.3771348,0 102.9805594,14.3770636,0 102.9805615,14.3769965,0 102.9805669,14.3768156,0 102.9805436,14.3767728,0 102.9805352,14.3767478,0 102.9805373,14.3767251,0 102.9805431,14.3767162,0 102.9805448,14.3766410,0 102.9805398,14.3766133,0 102.9805259,14.3765896,0 102.9804410,14.3764186,0 102.9804334,14.3763887,0 102.9804283,14.3763508,0 102.9804215,14.3763206,0 102.9803975,14.3762726,0 102.9803621,14.3762374,0 102.9803345,14.3762115,0 102.9803274,14.3761983,0 102.9803093,14.3761608,0 102.9803049,14.3760887,0 102.9802467,14.3759849,0 102.9802298,14.3759343,0 102.9802253,14.3759016,0 102.9802286,14.3758790,0 102.9802211,14.3757878,0 102.9802173,14.3757799,0 102.9802016,14.3757484,0 102.9801885,14.3757296,0 102.9800516,14.3757497,0 102.9799925,14.3757563,0 102.9799546,14.3757727,0 102.9799045,14.3757795,0 102.9798363,14.3757985,0 102.9797901,14.3758214,0</coordinates></LinearRing></outerBoundaryIs></Polygon></MultiGeometry>
    </Placemark>
    <Placemark>
      <name>310803141695</name>
      <description><![CDATA[<div style='font-family:Tahoma,sans-serif; font-size:13px;'><h3 style='color:#1565C0; margin:4px 0;'>รหัส: 310803141695</h3><p style='margin:2px 0;'><b>กลุ่มรถไถ:</b> 62_005</p><table border='1' style='border-collapse:collapse; border-color:#ccc; width:100%;'><tr><td style='padding:3px 6px; font-weight:bold; background-color:#f2f2f2;'>ปีการผลิต</td><td style='padding:3px 6px;'>257071</td></tr><tr><td style='padding:3px 6px; font-weight:bold; background-color:#f2f2f2;'>รหัสกลุ่มรถไถ</td><td style='padding:3px 6px;'>62/005</td></tr><tr><td style='padding:3px 6px; font-weight:bold; background-color:#f2f2f2;'>โควตาชาวไร่</td><td style='padding:3px 6px;'>765784</td></tr><tr><td style='padding:3px 6px; font-weight:bold; background-color:#f2f2f2;'>ชื่อ-นามสกุล</td><td style='padding:3px 6px;'>นาง เฉลิมเกียรติ์ ด้วงชำนาญ</td></tr><tr><td style='padding:3px 6px; font-weight:bold; background-color:#f2f2f2;'>111</td><td style='padding:3px 6px;'>310803141695</td></tr><tr><td style='padding:3px 6px; font-weight:bold; background-color:#f2f2f2;'>ประเภทอ้อย</td><td style='padding:3px 6px;'>อ้อยปลายฝน</td></tr><tr><td style='padding:3px 6px; font-weight:bold; background-color:#f2f2f2;'>พื้นที่ปลูก</td><td style='padding:3px 6px;'>3.36</td></tr><tr><td style='padding:3px 6px; font-weight:bold; background-color:#f2f2f2;'>ศูนย์</td><td style='padding:3px 6px;'>K2-62</td></tr><tr><td style='padding:3px 6px; font-weight:bold; background-color:#f2f2f2;'>นักเกษตร</td><td style='padding:3px 6px;'>6202</td></tr><tr><td style='padding:3px 6px; font-weight:bold; background-color:#f2f2f2;'>กลุ่ม</td><td style='padding:3px 6px;'>กลุ่ม_62</td></tr></table></div>]]></description>
      <styleUrl>#style_62_005</styleUrl>
      <MultiGeometry><Polygon><outerBoundaryIs><LinearRing><coordinates>102.9751026,14.3638084,0 102.9742054,14.3630253,0 102.9740201,14.3632682,0 102.9737990,14.3631116,0 102.9737404,14.3631338,0 102.9749890,14.3641296,0 102.9751026,14.3638084,0</coordinates></LinearRing></outerBoundaryIs></Polygon></MultiGeometry>
    </Placemark>
    <Placemark>
      <name>310803091569</name>
      <description><![CDATA[<div style='font-family:Tahoma,sans-serif; font-size:13px;'><h3 style='color:#1565C0; margin:4px 0;'>รหัส: 310803091569</h3><p style='margin:2px 0;'><b>กลุ่มรถไถ:</b> 62_005</p><table border='1' style='border-collapse:collapse; border-color:#ccc; width:100%;'><tr><td style='padding:3px 6px; font-weight:bold; background-color:#f2f2f2;'>ปีการผลิต</td><td style='padding:3px 6px;'>257071</td></tr><tr><td style='padding:3px 6px; font-weight:bold; background-color:#f2f2f2;'>รหัสกลุ่มรถไถ</td><td style='padding:3px 6px;'>62/005</td></tr><tr><td style='padding:3px 6px; font-weight:bold; background-color:#f2f2f2;'>โควตาชาวไร่</td><td style='padding:3px 6px;'>765805</td></tr><tr><td style='padding:3px 6px; font-weight:bold; background-color:#f2f2f2;'>ชื่อ-นามสกุล</td><td style='padding:3px 6px;'>นาง กาญจนา ดาประโคน</td></tr><tr><td style='padding:3px 6px; font-weight:bold; background-color:#f2f2f2;'>111</td><td style='padding:3px 6px;'>310803091569</td></tr><tr><td style='padding:3px 6px; font-weight:bold; background-color:#f2f2f2;'>ประเภทอ้อย</td><td style='padding:3px 6px;'>อ้อยปลายฝน</td></tr><tr><td style='padding:3px 6px; font-weight:bold; background-color:#f2f2f2;'>พื้นที่ปลูก</td><td style='padding:3px 6px;'>3.28</td></tr><tr><td style='padding:3px 6px; font-weight:bold; background-color:#f2f2f2;'>ศูนย์</td><td style='padding:3px 6px;'>K2-62</td></tr><tr><td style='padding:3px 6px; font-weight:bold; background-color:#f2f2f2;'>นักเกษตร</td><td style='padding:3px 6px;'>6202</td></tr><tr><td style='padding:3px 6px; font-weight:bold; background-color:#f2f2f2;'>กลุ่ม</td><td style='padding:3px 6px;'>กลุ่ม_62</td></tr></table></div>]]></description>
      <styleUrl>#style_62_005</styleUrl>
      <MultiGeometry><Polygon><outerBoundaryIs><LinearRing><coordinates>102.9856072,14.3605034,0 102.9856920,14.3604899,0 102.9858115,14.3604630,0 102.9858865,14.3604405,0 102.9859311,14.3604321,0 102.9859657,14.3604188,0 102.9859612,14.3603249,0 102.9859477,14.3601181,0 102.9859433,14.3599103,0 102.9859274,14.3597388,0 102.9859252,14.3595489,0 102.9859316,14.3594125,0 102.9859231,14.3593846,0 102.9859118,14.3593183,0 102.9858961,14.3593135,0 102.9858720,14.3593158,0 102.9858644,14.3593092,0 102.9858543,14.3593024,0 102.9858502,14.3592988,0 102.9858246,14.3593113,0 102.9857602,14.3593314,0 102.9857143,14.3593596,0 102.9856559,14.3593886,0 102.9856202,14.3594042,0 102.9856000,14.3594171,0 102.9855612,14.3594310,0 102.9855162,14.3594499,0 102.9854917,14.3594648,0 102.9856072,14.3605034,0</coordinates></LinearRing></outerBoundaryIs></Polygon></MultiGeometry>
    </Placemark>
    <Placemark>
      <name>310803091568</name>
      <description><![CDATA[<div style='font-family:Tahoma,sans-serif; font-size:13px;'><h3 style='color:#1565C0; margin:4px 0;'>รหัส: 310803091568</h3><p style='margin:2px 0;'><b>กลุ่มรถไถ:</b> 62_005</p><table border='1' style='border-collapse:collapse; border-color:#ccc; width:100%;'><tr><td style='padding:3px 6px; font-weight:bold; background-color:#f2f2f2;'>ปีการผลิต</td><td style='padding:3px 6px;'>257071</td></tr><tr><td style='padding:3px 6px; font-weight:bold; background-color:#f2f2f2;'>รหัสกลุ่มรถไถ</td><td style='padding:3px 6px;'>62/005</td></tr><tr><td style='padding:3px 6px; font-weight:bold; background-color:#f2f2f2;'>โควตาชาวไร่</td><td style='padding:3px 6px;'>765886</td></tr><tr><td style='padding:3px 6px; font-weight:bold; background-color:#f2f2f2;'>ชื่อ-นามสกุล</td><td style='padding:3px 6px;'>นาง มณีวรรณ โอโลรัมย์</td></tr><tr><td style='padding:3px 6px; font-weight:bold; background-color:#f2f2f2;'>111</td><td style='padding:3px 6px;'>310803091568</td></tr><tr><td style='padding:3px 6px; font-weight:bold; background-color:#f2f2f2;'>ประเภทอ้อย</td><td style='padding:3px 6px;'>อ้อยปลายฝน</td></tr><tr><td style='padding:3px 6px; font-weight:bold; background-color:#f2f2f2;'>พื้นที่ปลูก</td><td style='padding:3px 6px;'>7.58</td></tr><tr><td style='padding:3px 6px; font-weight:bold; background-color:#f2f2f2;'>ศูนย์</td><td style='padding:3px 6px;'>K2-62</td></tr><tr><td style='padding:3px 6px; font-weight:bold; background-color:#f2f2f2;'>นักเกษตร</td><td style='padding:3px 6px;'>6202</td></tr><tr><td style='padding:3px 6px; font-weight:bold; background-color:#f2f2f2;'>กลุ่ม</td><td style='padding:3px 6px;'>กลุ่ม_62</td></tr></table></div>]]></description>
      <styleUrl>#style_62_005</styleUrl>
      <MultiGeometry><Polygon><outerBoundaryIs><LinearRing><coordinates>102.9863017,14.3841467,0 102.9863383,14.3842717,0 102.9863467,14.3842783,0 102.9863600,14.3842800,0 102.9863683,14.3842800,0 102.9863967,14.3842783,0 102.9865833,14.3841967,0 102.9861783,14.3828700,0 102.9853983,14.3831433,0 102.9857433,14.3842417,0 102.9861833,14.3840967,0 102.9862083,14.3840917,0 102.9862283,14.3840933,0 102.9862483,14.3841000,0 102.9862667,14.3841133,0 102.9862867,14.3841300,0 102.9863017,14.3841467,0</coordinates></LinearRing></outerBoundaryIs></Polygon></MultiGeometry>
    </Placemark>
    <Placemark>
      <name>310715061687</name>
      <description><![CDATA[<div style='font-family:Tahoma,sans-serif; font-size:13px;'><h3 style='color:#1565C0; margin:4px 0;'>รหัส: 310715061687</h3><p style='margin:2px 0;'><b>กลุ่มรถไถ:</b> 62_005</p><table border='1' style='border-collapse:collapse; border-color:#ccc; width:100%;'><tr><td style='padding:3px 6px; font-weight:bold; background-color:#f2f2f2;'>ปีการผลิต</td><td style='padding:3px 6px;'>257071</td></tr><tr><td style='padding:3px 6px; font-weight:bold; background-color:#f2f2f2;'>รหัสกลุ่มรถไถ</td><td style='padding:3px 6px;'>62/005</td></tr><tr><td style='padding:3px 6px; font-weight:bold; background-color:#f2f2f2;'>โควตาชาวไร่</td><td style='padding:3px 6px;'>765956</td></tr><tr><td style='padding:3px 6px; font-weight:bold; background-color:#f2f2f2;'>ชื่อ-นามสกุล</td><td style='padding:3px 6px;'>นางสาว หนูเจียง ผ่องศรีงาม</td></tr><tr><td style='padding:3px 6px; font-weight:bold; background-color:#f2f2f2;'>111</td><td style='padding:3px 6px;'>310715061687</td></tr><tr><td style='padding:3px 6px; font-weight:bold; background-color:#f2f2f2;'>ประเภทอ้อย</td><td style='padding:3px 6px;'>อ้อยปลายฝน</td></tr><tr><td style='padding:3px 6px; font-weight:bold; background-color:#f2f2f2;'>พื้นที่ปลูก</td><td style='padding:3px 6px;'>6.62</td></tr><tr><td style='padding:3px 6px; font-weight:bold; background-color:#f2f2f2;'>ศูนย์</td><td style='padding:3px 6px;'>K2-62</td></tr><tr><td style='padding:3px 6px; font-weight:bold; background-color:#f2f2f2;'>นักเกษตร</td><td style='padding:3px 6px;'>6207</td></tr><tr><td style='padding:3px 6px; font-weight:bold; background-color:#f2f2f2;'>กลุ่ม</td><td style='padding:3px 6px;'>กลุ่ม_62</td></tr></table></div>]]></description>
      <styleUrl>#style_62_005</styleUrl>
      <MultiGeometry><Polygon><outerBoundaryIs><LinearRing><coordinates>103.0439033,14.4378333,0 103.0440583,14.4382167,0 103.0442417,14.4388017,0 103.0444000,14.4392050,0 103.0450183,14.4389567,0 103.0448183,14.4384683,0 103.0444800,14.4377467,0 103.0444567,14.4376867,0 103.0439033,14.4378333,0</coordinates></LinearRing></outerBoundaryIs></Polygon></MultiGeometry>
    </Placemark>
    <Placemark>
      <name>310803141716</name>
      <description><![CDATA[<div style='font-family:Tahoma,sans-serif; font-size:13px;'><h3 style='color:#1565C0; margin:4px 0;'>รหัส: 310803141716</h3><p style='margin:2px 0;'><b>กลุ่มรถไถ:</b> 62_005</p><table border='1' style='border-collapse:collapse; border-color:#ccc; width:100%;'><tr><td style='padding:3px 6px; font-weight:bold; background-color:#f2f2f2;'>ปีการผลิต</td><td style='padding:3px 6px;'>257071</td></tr><tr><td style='padding:3px 6px; font-weight:bold; background-color:#f2f2f2;'>รหัสกลุ่มรถไถ</td><td style='padding:3px 6px;'>62/005</td></tr><tr><td style='padding:3px 6px; font-weight:bold; background-color:#f2f2f2;'>โควตาชาวไร่</td><td style='padding:3px 6px;'>765970</td></tr><tr><td style='padding:3px 6px; font-weight:bold; background-color:#f2f2f2;'>ชื่อ-นามสกุล</td><td style='padding:3px 6px;'>นาง สวง อาจประโคน</td></tr><tr><td style='padding:3px 6px; font-weight:bold; background-color:#f2f2f2;'>111</td><td style='padding:3px 6px;'>310803141716</td></tr><tr><td style='padding:3px 6px; font-weight:bold; background-color:#f2f2f2;'>ประเภทอ้อย</td><td style='padding:3px 6px;'>อ้อยปลายฝน</td></tr><tr><td style='padding:3px 6px; font-weight:bold; background-color:#f2f2f2;'>พื้นที่ปลูก</td><td style='padding:3px 6px;'>6.57</td></tr><tr><td style='padding:3px 6px; font-weight:bold; background-color:#f2f2f2;'>ศูนย์</td><td style='padding:3px 6px;'>K2-62</td></tr><tr><td style='padding:3px 6px; font-weight:bold; background-color:#f2f2f2;'>นักเกษตร</td><td style='padding:3px 6px;'>6202</td></tr><tr><td style='padding:3px 6px; font-weight:bold; background-color:#f2f2f2;'>กลุ่ม</td><td style='padding:3px 6px;'>กลุ่ม_62</td></tr></table></div>]]></description>
      <styleUrl>#style_62_005</styleUrl>
      <MultiGeometry><Polygon><outerBoundaryIs><LinearRing><coordinates>102.9801759,14.3694613,0 102.9796677,14.3675884,0 102.9792740,14.3677120,0 102.9792748,14.3677680,0 102.9792947,14.3678476,0 102.9792795,14.3678873,0 102.9793576,14.3682193,0 102.9793711,14.3682514,0 102.9793796,14.3682636,0 102.9793747,14.3682949,0 102.9793698,14.3683190,0 102.9793720,14.3683337,0 102.9793760,14.3683670,0 102.9793860,14.3684232,0 102.9794071,14.3684983,0 102.9794242,14.3685385,0 102.9794254,14.3685658,0 102.9794301,14.3686118,0 102.9794418,14.3686442,0 102.9794649,14.3686861,0 102.9794674,14.3687038,0 102.9794717,14.3687323,0 102.9794753,14.3687705,0 102.9794819,14.3687890,0 102.9794812,14.3688430,0 102.9795246,14.3689227,0 102.9795428,14.3689852,0 102.9795882,14.3691027,0 102.9796271,14.3691632,0 102.9796865,14.3692403,0 102.9797184,14.3693039,0 102.9797440,14.3693880,0 102.9797768,14.3695349,0 102.9801759,14.3694613,0</coordinates></LinearRing></outerBoundaryIs></Polygon></MultiGeometry>
    </Placemark>
    <Placemark>
      <name>310803081552</name>
      <description><![CDATA[<div style='font-family:Tahoma,sans-serif; font-size:13px;'><h3 style='color:#1565C0; margin:4px 0;'>รหัส: 310803081552</h3><p style='margin:2px 0;'><b>กลุ่มรถไถ:</b> 62_005</p><table border='1' style='border-collapse:collapse; border-color:#ccc; width:100%;'><tr><td style='padding:3px 6px; font-weight:bold; background-color:#f2f2f2;'>ปีการผลิต</td><td style='padding:3px 6px;'>257071</td></tr><tr><td style='padding:3px 6px; font-weight:bold; background-color:#f2f2f2;'>รหัสกลุ่มรถไถ</td><td style='padding:3px 6px;'>62/005</td></tr><tr><td style='padding:3px 6px; font-weight:bold; background-color:#f2f2f2;'>โควตาชาวไร่</td><td style='padding:3px 6px;'>766226</td></tr><tr><td style='padding:3px 6px; font-weight:bold; background-color:#f2f2f2;'>ชื่อ-นามสกุล</td><td style='padding:3px 6px;'>นาง ชลธิชา งามเลิศ</td></tr><tr><td style='padding:3px 6px; font-weight:bold; background-color:#f2f2f2;'>111</td><td style='padding:3px 6px;'>310803081552</td></tr><tr><td style='padding:3px 6px; font-weight:bold; background-color:#f2f2f2;'>ประเภทอ้อย</td><td style='padding:3px 6px;'>อ้อยปลายฝน</td></tr><tr><td style='padding:3px 6px; font-weight:bold; background-color:#f2f2f2;'>พื้นที่ปลูก</td><td style='padding:3px 6px;'>9.99</td></tr><tr><td style='padding:3px 6px; font-weight:bold; background-color:#f2f2f2;'>ศูนย์</td><td style='padding:3px 6px;'>K2-62</td></tr><tr><td style='padding:3px 6px; font-weight:bold; background-color:#f2f2f2;'>นักเกษตร</td><td style='padding:3px 6px;'>6202</td></tr><tr><td style='padding:3px 6px; font-weight:bold; background-color:#f2f2f2;'>กลุ่ม</td><td style='padding:3px 6px;'>กลุ่ม_62</td></tr></table></div>]]></description>
      <styleUrl>#style_62_005</styleUrl>
      <MultiGeometry><Polygon><outerBoundaryIs><LinearRing><coordinates>102.9815683,14.3555003,0 102.9816913,14.3556805,0 102.9816703,14.3557716,0 102.9816102,14.3559604,0 102.9816330,14.3560218,0 102.9817274,14.3560407,0 102.9816434,14.3565068,0 102.9816008,14.3566079,0 102.9811119,14.3568264,0 102.9811216,14.3568815,0 102.9811456,14.3571875,0 102.9812116,14.3572674,0 102.9820741,14.3567877,0 102.9822179,14.3566984,0 102.9822891,14.3566137,0 102.9823528,14.3565400,0 102.9824764,14.3564621,0 102.9825322,14.3564191,0 102.9826555,14.3563581,0 102.9825240,14.3557070,0 102.9821968,14.3557624,0 102.9821299,14.3553336,0 102.9815683,14.3555003,0</coordinates></LinearRing></outerBoundaryIs></Polygon></MultiGeometry>
    </Placemark>
    <Placemark>
      <name>310803141682</name>
      <description><![CDATA[<div style='font-family:Tahoma,sans-serif; font-size:13px;'><h3 style='color:#1565C0; margin:4px 0;'>รหัส: 310803141682</h3><p style='margin:2px 0;'><b>กลุ่มรถไถ:</b> 62_005</p><table border='1' style='border-collapse:collapse; border-color:#ccc; width:100%;'><tr><td style='padding:3px 6px; font-weight:bold; background-color:#f2f2f2;'>ปีการผลิต</td><td style='padding:3px 6px;'>257071</td></tr><tr><td style='padding:3px 6px; font-weight:bold; background-color:#f2f2f2;'>รหัสกลุ่มรถไถ</td><td style='padding:3px 6px;'>62/005</td></tr><tr><td style='padding:3px 6px; font-weight:bold; background-color:#f2f2f2;'>โควตาชาวไร่</td><td style='padding:3px 6px;'>766385</td></tr><tr><td style='padding:3px 6px; font-weight:bold; background-color:#f2f2f2;'>ชื่อ-นามสกุล</td><td style='padding:3px 6px;'>นาย ฉัตรชัย บุญส่ง</td></tr><tr><td style='padding:3px 6px; font-weight:bold; background-color:#f2f2f2;'>111</td><td style='padding:3px 6px;'>310803141682</td></tr><tr><td style='padding:3px 6px; font-weight:bold; background-color:#f2f2f2;'>ประเภทอ้อย</td><td style='padding:3px 6px;'>อ้อยปลายฝน</td></tr><tr><td style='padding:3px 6px; font-weight:bold; background-color:#f2f2f2;'>พื้นที่ปลูก</td><td style='padding:3px 6px;'>6.34</td></tr><tr><td style='padding:3px 6px; font-weight:bold; background-color:#f2f2f2;'>ศูนย์</td><td style='padding:3px 6px;'>K2-62</td></tr><tr><td style='padding:3px 6px; font-weight:bold; background-color:#f2f2f2;'>นักเกษตร</td><td style='padding:3px 6px;'>6202</td></tr><tr><td style='padding:3px 6px; font-weight:bold; background-color:#f2f2f2;'>กลุ่ม</td><td style='padding:3px 6px;'>กลุ่ม_62</td></tr></table></div>]]></description>
      <styleUrl>#style_62_005</styleUrl>
      <MultiGeometry><Polygon><outerBoundaryIs><LinearRing><coordinates>102.9859660,14.3582149,0 102.9860921,14.3581972,0 102.9863177,14.3581814,0 102.9866634,14.3581664,0 102.9868464,14.3581486,0 102.9868586,14.3580812,0 102.9868344,14.3579320,0 102.9868057,14.3577205,0 102.9867897,14.3576946,0 102.9867428,14.3576478,0 102.9867061,14.3576123,0 102.9866770,14.3575670,0 102.9866678,14.3575216,0 102.9865797,14.3574246,0 102.9864956,14.3572922,0 102.9864527,14.3572262,0 102.9864028,14.3571609,0 102.9863286,14.3570533,0 102.9862808,14.3569712,0 102.9862585,14.3569444,0 102.9861625,14.3569509,0 102.9860684,14.3570027,0 102.9859735,14.3570468,0 102.9859124,14.3570820,0 102.9859660,14.3582149,0</coordinates></LinearRing></outerBoundaryIs></Polygon></MultiGeometry>
    </Placemark>
    <Placemark>
      <name>310803111529</name>
      <description><![CDATA[<div style='font-family:Tahoma,sans-serif; font-size:13px;'><h3 style='color:#1565C0; margin:4px 0;'>รหัส: 310803111529</h3><p style='margin:2px 0;'><b>กลุ่มรถไถ:</b> 62_005</p><table border='1' style='border-collapse:collapse; border-color:#ccc; width:100%;'><tr><td style='padding:3px 6px; font-weight:bold; background-color:#f2f2f2;'>ปีการผลิต</td><td style='padding:3px 6px;'>257071</td></tr><tr><td style='padding:3px 6px; font-weight:bold; background-color:#f2f2f2;'>รหัสกลุ่มรถไถ</td><td style='padding:3px 6px;'>62/005</td></tr><tr><td style='padding:3px 6px; font-weight:bold; background-color:#f2f2f2;'>โควตาชาวไร่</td><td style='padding:3px 6px;'>766416</td></tr><tr><td style='padding:3px 6px; font-weight:bold; background-color:#f2f2f2;'>ชื่อ-นามสกุล</td><td style='padding:3px 6px;'>นางสาว ปิยรัตน์ เพื่อนประโคน</td></tr><tr><td style='padding:3px 6px; font-weight:bold; background-color:#f2f2f2;'>111</td><td style='padding:3px 6px;'>310803111529</td></tr><tr><td style='padding:3px 6px; font-weight:bold; background-color:#f2f2f2;'>ประเภทอ้อย</td><td style='padding:3px 6px;'>อ้อยปลายฝน</td></tr><tr><td style='padding:3px 6px; font-weight:bold; background-color:#f2f2f2;'>พื้นที่ปลูก</td><td style='padding:3px 6px;'>19.64</td></tr><tr><td style='padding:3px 6px; font-weight:bold; background-color:#f2f2f2;'>ศูนย์</td><td style='padding:3px 6px;'>K2-62</td></tr><tr><td style='padding:3px 6px; font-weight:bold; background-color:#f2f2f2;'>นักเกษตร</td><td style='padding:3px 6px;'>6202</td></tr><tr><td style='padding:3px 6px; font-weight:bold; background-color:#f2f2f2;'>กลุ่ม</td><td style='padding:3px 6px;'>กลุ่ม_62</td></tr></table></div>]]></description>
      <styleUrl>#style_62_005</styleUrl>
      <MultiGeometry><Polygon><outerBoundaryIs><LinearRing><coordinates>103.0101078,14.3130652,0 103.0112150,14.3154878,0 103.0118564,14.3152472,0 103.0119655,14.3152404,0 103.0120536,14.3152215,0 103.0120745,14.3152146,0 103.0119889,14.3151144,0 103.0119232,14.3150488,0 103.0119096,14.3150250,0 103.0118682,14.3149722,0 103.0118501,14.3149316,0 103.0118294,14.3148801,0 103.0118290,14.3148427,0 103.0118544,14.3148289,0 103.0118985,14.3148185,0 103.0118600,14.3146935,0 103.0118259,14.3146353,0 103.0117864,14.3145878,0 103.0117219,14.3145593,0 103.0117040,14.3145494,0 103.0116763,14.3145193,0 103.0116553,14.3144858,0 103.0116290,14.3144378,0 103.0115903,14.3143603,0 103.0114607,14.3141481,0 103.0114365,14.3140991,0 103.0114146,14.3139752,0 103.0113974,14.3139089,0 103.0114009,14.3138447,0 103.0113940,14.3138195,0 103.0113822,14.3138047,0 103.0113506,14.3137431,0 103.0113505,14.3136901,0 103.0113403,14.3136545,0 103.0114085,14.3135940,0 103.0114246,14.3134124,0 103.0114459,14.3133672,0 103.0115560,14.3133277,0 103.0115705,14.3132545,0 103.0116194,14.3132332,0 103.0118789,14.3132001,0 103.0118365,14.3131579,0 103.0118157,14.3131269,0 103.0117738,14.3130622,0 103.0117538,14.3130284,0 103.0117320,14.3129829,0 103.0117179,14.3129207,0 103.0117226,14.3128111,0 103.0117119,14.3127847,0 103.0110905,14.3128536,0 103.0110267,14.3128476,0 103.0109343,14.3128653,0 103.0102002,14.3129981,0 103.0101625,14.3130126,0 103.0101367,14.3130265,0 103.0101222,14.3130389,0 103.0101096,14.3130624,0 103.0101078,14.3130652,0</coordinates></LinearRing></outerBoundaryIs></Polygon></MultiGeometry>
    </Placemark>
    <Placemark>
      <name>310803101568</name>
      <description><![CDATA[<div style='font-family:Tahoma,sans-serif; font-size:13px;'><h3 style='color:#1565C0; margin:4px 0;'>รหัส: 310803101568</h3><p style='margin:2px 0;'><b>กลุ่มรถไถ:</b> 62_005</p><table border='1' style='border-collapse:collapse; border-color:#ccc; width:100%;'><tr><td style='padding:3px 6px; font-weight:bold; background-color:#f2f2f2;'>ปีการผลิต</td><td style='padding:3px 6px;'>257071</td></tr><tr><td style='padding:3px 6px; font-weight:bold; background-color:#f2f2f2;'>รหัสกลุ่มรถไถ</td><td style='padding:3px 6px;'>62/005</td></tr><tr><td style='padding:3px 6px; font-weight:bold; background-color:#f2f2f2;'>โควตาชาวไร่</td><td style='padding:3px 6px;'>766463</td></tr><tr><td style='padding:3px 6px; font-weight:bold; background-color:#f2f2f2;'>ชื่อ-นามสกุล</td><td style='padding:3px 6px;'>นาง หนูกร ตลอดไธสง</td></tr><tr><td style='padding:3px 6px; font-weight:bold; background-color:#f2f2f2;'>111</td><td style='padding:3px 6px;'>310803101568</td></tr><tr><td style='padding:3px 6px; font-weight:bold; background-color:#f2f2f2;'>ประเภทอ้อย</td><td style='padding:3px 6px;'>อ้อยปลายฝน</td></tr><tr><td style='padding:3px 6px; font-weight:bold; background-color:#f2f2f2;'>พื้นที่ปลูก</td><td style='padding:3px 6px;'>4.24</td></tr><tr><td style='padding:3px 6px; font-weight:bold; background-color:#f2f2f2;'>ศูนย์</td><td style='padding:3px 6px;'>K2-62</td></tr><tr><td style='padding:3px 6px; font-weight:bold; background-color:#f2f2f2;'>นักเกษตร</td><td style='padding:3px 6px;'>6202</td></tr><tr><td style='padding:3px 6px; font-weight:bold; background-color:#f2f2f2;'>กลุ่ม</td><td style='padding:3px 6px;'>กลุ่ม_62</td></tr></table></div>]]></description>
      <styleUrl>#style_62_005</styleUrl>
      <MultiGeometry><Polygon><outerBoundaryIs><LinearRing><coordinates>102.9832233,14.3090767,0 102.9832383,14.3092633,0 102.9839117,14.3092867,0 102.9850900,14.3093750,0 102.9851083,14.3091767,0 102.9847167,14.3089867,0 102.9846817,14.3089050,0 102.9832233,14.3090767,0</coordinates></LinearRing></outerBoundaryIs></Polygon></MultiGeometry>
    </Placemark>
    <Placemark>
      <name>310803081635</name>
      <description><![CDATA[<div style='font-family:Tahoma,sans-serif; font-size:13px;'><h3 style='color:#1565C0; margin:4px 0;'>รหัส: 310803081635</h3><p style='margin:2px 0;'><b>กลุ่มรถไถ:</b> 62_005</p><table border='1' style='border-collapse:collapse; border-color:#ccc; width:100%;'><tr><td style='padding:3px 6px; font-weight:bold; background-color:#f2f2f2;'>ปีการผลิต</td><td style='padding:3px 6px;'>257071</td></tr><tr><td style='padding:3px 6px; font-weight:bold; background-color:#f2f2f2;'>รหัสกลุ่มรถไถ</td><td style='padding:3px 6px;'>62/005</td></tr><tr><td style='padding:3px 6px; font-weight:bold; background-color:#f2f2f2;'>โควตาชาวไร่</td><td style='padding:3px 6px;'>766523</td></tr><tr><td style='padding:3px 6px; font-weight:bold; background-color:#f2f2f2;'>ชื่อ-นามสกุล</td><td style='padding:3px 6px;'>นาง ส่อง กงค์ประโคน</td></tr><tr><td style='padding:3px 6px; font-weight:bold; background-color:#f2f2f2;'>111</td><td style='padding:3px 6px;'>310803081635</td></tr><tr><td style='padding:3px 6px; font-weight:bold; background-color:#f2f2f2;'>ประเภทอ้อย</td><td style='padding:3px 6px;'>อ้อยปลายฝน</td></tr><tr><td style='padding:3px 6px; font-weight:bold; background-color:#f2f2f2;'>พื้นที่ปลูก</td><td style='padding:3px 6px;'>4.04</td></tr><tr><td style='padding:3px 6px; font-weight:bold; background-color:#f2f2f2;'>ศูนย์</td><td style='padding:3px 6px;'>K2-62</td></tr><tr><td style='padding:3px 6px; font-weight:bold; background-color:#f2f2f2;'>นักเกษตร</td><td style='padding:3px 6px;'>6202</td></tr><tr><td style='padding:3px 6px; font-weight:bold; background-color:#f2f2f2;'>กลุ่ม</td><td style='padding:3px 6px;'>กลุ่ม_62</td></tr></table></div>]]></description>
      <styleUrl>#style_62_005</styleUrl>
      <MultiGeometry><Polygon><outerBoundaryIs><LinearRing><coordinates>102.9725567,14.3665156,0 102.9720370,14.3655819,0 102.9717346,14.3659480,0 102.9714966,14.3661700,0 102.9714492,14.3662802,0 102.9713974,14.3664214,0 102.9718820,14.3664489,0 102.9720807,14.3664573,0 102.9721434,14.3664664,0 102.9723317,14.3665044,0 102.9723595,14.3664992,0 102.9724700,14.3665241,0 102.9724961,14.3665199,0 102.9725567,14.3665156,0</coordinates></LinearRing></outerBoundaryIs></Polygon></MultiGeometry>
    </Placemark>
    <Placemark>
      <name>310803141684</name>
      <description><![CDATA[<div style='font-family:Tahoma,sans-serif; font-size:13px;'><h3 style='color:#1565C0; margin:4px 0;'>รหัส: 310803141684</h3><p style='margin:2px 0;'><b>กลุ่มรถไถ:</b> 62_005</p><table border='1' style='border-collapse:collapse; border-color:#ccc; width:100%;'><tr><td style='padding:3px 6px; font-weight:bold; background-color:#f2f2f2;'>ปีการผลิต</td><td style='padding:3px 6px;'>257071</td></tr><tr><td style='padding:3px 6px; font-weight:bold; background-color:#f2f2f2;'>รหัสกลุ่มรถไถ</td><td style='padding:3px 6px;'>62/005</td></tr><tr><td style='padding:3px 6px; font-weight:bold; background-color:#f2f2f2;'>โควตาชาวไร่</td><td style='padding:3px 6px;'>766630</td></tr><tr><td style='padding:3px 6px; font-weight:bold; background-color:#f2f2f2;'>ชื่อ-นามสกุล</td><td style='padding:3px 6px;'>นาง ทองสาย แก้วพิมาย</td></tr><tr><td style='padding:3px 6px; font-weight:bold; background-color:#f2f2f2;'>111</td><td style='padding:3px 6px;'>310803141684</td></tr><tr><td style='padding:3px 6px; font-weight:bold; background-color:#f2f2f2;'>ประเภทอ้อย</td><td style='padding:3px 6px;'>อ้อยปลายฝน</td></tr><tr><td style='padding:3px 6px; font-weight:bold; background-color:#f2f2f2;'>พื้นที่ปลูก</td><td style='padding:3px 6px;'>5.55</td></tr><tr><td style='padding:3px 6px; font-weight:bold; background-color:#f2f2f2;'>ศูนย์</td><td style='padding:3px 6px;'>K2-62</td></tr><tr><td style='padding:3px 6px; font-weight:bold; background-color:#f2f2f2;'>นักเกษตร</td><td style='padding:3px 6px;'>6202</td></tr><tr><td style='padding:3px 6px; font-weight:bold; background-color:#f2f2f2;'>กลุ่ม</td><td style='padding:3px 6px;'>กลุ่ม_62</td></tr></table></div>]]></description>
      <styleUrl>#style_62_005</styleUrl>
      <MultiGeometry><Polygon><outerBoundaryIs><LinearRing><coordinates>102.9910795,14.3932261,0 102.9910199,14.3928836,0 102.9910125,14.3928866,0 102.9909806,14.3928833,0 102.9909324,14.3928906,0 102.9908990,14.3928902,0 102.9908650,14.3928857,0 102.9907489,14.3928820,0 102.9905341,14.3928627,0 102.9902885,14.3928518,0 102.9901286,14.3928466,0 102.9899063,14.3928309,0 102.9897960,14.3928308,0 102.9896622,14.3928176,0 102.9894715,14.3928003,0 102.9893561,14.3927808,0 102.9891864,14.3927736,0 102.9890484,14.3927526,0 102.9888051,14.3927243,0 102.9886982,14.3927122,0 102.9886474,14.3926998,0 102.9885557,14.3926770,0 102.9884548,14.3926667,0 102.9884260,14.3926748,0 102.9883965,14.3928419,0 102.9884130,14.3929314,0 102.9885853,14.3929401,0 102.9887707,14.3929653,0 102.9889851,14.3930079,0 102.9892042,14.3930348,0 102.9893058,14.3930371,0 102.9894286,14.3930514,0 102.9896705,14.3930781,0 102.9898144,14.3930949,0 102.9899743,14.3931046,0 102.9901496,14.3931369,0 102.9902236,14.3931460,0 102.9902223,14.3931466,0 102.9903047,14.3931390,0 102.9903528,14.3931521,0 102.9904771,14.3931834,0 102.9906012,14.3931945,0 102.9908081,14.3932125,0 102.9908821,14.3932254,0 102.9909260,14.3932289,0 102.9910266,14.3932293,0 102.9910795,14.3932261,0</coordinates></LinearRing></outerBoundaryIs></Polygon></MultiGeometry>
    </Placemark>
    <Placemark>
      <name>310803080116</name>
      <description><![CDATA[<div style='font-family:Tahoma,sans-serif; font-size:13px;'><h3 style='color:#1565C0; margin:4px 0;'>รหัส: 310803080116</h3><p style='margin:2px 0;'><b>กลุ่มรถไถ:</b> 62_005</p><table border='1' style='border-collapse:collapse; border-color:#ccc; width:100%;'><tr><td style='padding:3px 6px; font-weight:bold; background-color:#f2f2f2;'>ปีการผลิต</td><td style='padding:3px 6px;'>257071</td></tr><tr><td style='padding:3px 6px; font-weight:bold; background-color:#f2f2f2;'>รหัสกลุ่มรถไถ</td><td style='padding:3px 6px;'>62/005</td></tr><tr><td style='padding:3px 6px; font-weight:bold; background-color:#f2f2f2;'>โควตาชาวไร่</td><td style='padding:3px 6px;'>766655</td></tr><tr><td style='padding:3px 6px; font-weight:bold; background-color:#f2f2f2;'>ชื่อ-นามสกุล</td><td style='padding:3px 6px;'>นางสาว สิม อาจประโคน</td></tr><tr><td style='padding:3px 6px; font-weight:bold; background-color:#f2f2f2;'>111</td><td style='padding:3px 6px;'>310803080116</td></tr><tr><td style='padding:3px 6px; font-weight:bold; background-color:#f2f2f2;'>ประเภทอ้อย</td><td style='padding:3px 6px;'>อ้อยปลายฝน</td></tr><tr><td style='padding:3px 6px; font-weight:bold; background-color:#f2f2f2;'>พื้นที่ปลูก</td><td style='padding:3px 6px;'>14.29</td></tr><tr><td style='padding:3px 6px; font-weight:bold; background-color:#f2f2f2;'>ศูนย์</td><td style='padding:3px 6px;'>K2-62</td></tr><tr><td style='padding:3px 6px; font-weight:bold; background-color:#f2f2f2;'>นักเกษตร</td><td style='padding:3px 6px;'>6202</td></tr><tr><td style='padding:3px 6px; font-weight:bold; background-color:#f2f2f2;'>กลุ่ม</td><td style='padding:3px 6px;'>กลุ่ม_62</td></tr></table></div>]]></description>
      <styleUrl>#style_62_005</styleUrl>
      <MultiGeometry><Polygon><outerBoundaryIs><LinearRing><coordinates>102.9799271,14.3102495,0 102.9797664,14.3102880,0 102.9797062,14.3102959,0 102.9796392,14.3103061,0 102.9794708,14.3103330,0 102.9794370,14.3103371,0 102.9794037,14.3103412,0 102.9793704,14.3103457,0 102.9792991,14.3103552,0 102.9792630,14.3103597,0 102.9791915,14.3103698,0 102.9791569,14.3103746,0 102.9790221,14.3103944,0 102.9789999,14.3103960,0 102.9789755,14.3103998,0 102.9789289,14.3104104,0 102.9789350,14.3104365,0 102.9789311,14.3104307,0 102.9789316,14.3104358,0 102.9789821,14.3105059,0 102.9790746,14.3105735,0 102.9792143,14.3106341,0 102.9792206,14.3106437,0 102.9792912,14.3106595,0 102.9793630,14.3106973,0 102.9793703,14.3107038,0 102.9793994,14.3107253,0 102.9794453,14.3107499,0 102.9794786,14.3107664,0 102.9795181,14.3107949,0 102.9795948,14.3108440,0 102.9797066,14.3109315,0 102.9798049,14.3110113,0 102.9799220,14.3110837,0 102.9799332,14.3111264,0 102.9800228,14.3111769,0 102.9800769,14.3112499,0 102.9801188,14.3113911,0 102.9801405,14.3114209,0 102.9812135,14.3113810,0 102.9812106,14.3113790,0 102.9812302,14.3113360,0 102.9811897,14.3112184,0 102.9811767,14.3111576,0 102.9811728,14.3111230,0 102.9811575,14.3110068,0 102.9811509,14.3109709,0 102.9811463,14.3106922,0 102.9811330,14.3106154,0 102.9811294,14.3104461,0 102.9811301,14.3103643,0 102.9811276,14.3102171,0 102.9811245,14.3101886,0 102.9811181,14.3101644,0 102.9811068,14.3101409,0 102.9810906,14.3101186,0 102.9810714,14.3101007,0 102.9810495,14.3100885,0 102.9810314,14.3100835,0 102.9799271,14.3102495,0</coordinates></LinearRing></outerBoundaryIs></Polygon></MultiGeometry>
    </Placemark>
    <Placemark>
      <name>310803110481</name>
      <description><![CDATA[<div style='font-family:Tahoma,sans-serif; font-size:13px;'><h3 style='color:#1565C0; margin:4px 0;'>รหัส: 310803110481</h3><p style='margin:2px 0;'><b>กลุ่มรถไถ:</b> 62_005</p><table border='1' style='border-collapse:collapse; border-color:#ccc; width:100%;'><tr><td style='padding:3px 6px; font-weight:bold; background-color:#f2f2f2;'>ปีการผลิต</td><td style='padding:3px 6px;'>257071</td></tr><tr><td style='padding:3px 6px; font-weight:bold; background-color:#f2f2f2;'>รหัสกลุ่มรถไถ</td><td style='padding:3px 6px;'>62/005</td></tr><tr><td style='padding:3px 6px; font-weight:bold; background-color:#f2f2f2;'>โควตาชาวไร่</td><td style='padding:3px 6px;'>766692</td></tr><tr><td style='padding:3px 6px; font-weight:bold; background-color:#f2f2f2;'>ชื่อ-นามสกุล</td><td style='padding:3px 6px;'>นาย สุรศักดิ์ เกาะสังข์</td></tr><tr><td style='padding:3px 6px; font-weight:bold; background-color:#f2f2f2;'>111</td><td style='padding:3px 6px;'>310803110481</td></tr><tr><td style='padding:3px 6px; font-weight:bold; background-color:#f2f2f2;'>ประเภทอ้อย</td><td style='padding:3px 6px;'>อ้อยปลายฝน</td></tr><tr><td style='padding:3px 6px; font-weight:bold; background-color:#f2f2f2;'>พื้นที่ปลูก</td><td style='padding:3px 6px;'>6.68</td></tr><tr><td style='padding:3px 6px; font-weight:bold; background-color:#f2f2f2;'>ศูนย์</td><td style='padding:3px 6px;'>K2-62</td></tr><tr><td style='padding:3px 6px; font-weight:bold; background-color:#f2f2f2;'>นักเกษตร</td><td style='padding:3px 6px;'>6202</td></tr><tr><td style='padding:3px 6px; font-weight:bold; background-color:#f2f2f2;'>กลุ่ม</td><td style='padding:3px 6px;'>กลุ่ม_62</td></tr></table></div>]]></description>
      <styleUrl>#style_62_005</styleUrl>
      <MultiGeometry><Polygon><outerBoundaryIs><LinearRing><coordinates>103.0079983,14.3373700,0 103.0079083,14.3366700,0 103.0074700,14.3366367,0 103.0074350,14.3366333,0 103.0073683,14.3366250,0 103.0073350,14.3366200,0 103.0072750,14.3366050,0 103.0067950,14.3365117,0 103.0066983,14.3364983,0 103.0067183,14.3372717,0 103.0079983,14.3373700,0</coordinates></LinearRing></outerBoundaryIs></Polygon></MultiGeometry>
    </Placemark>
  </Folder>
  <Style id="style_62_006">
    <LineStyle>
      <color>ff008CFB</color>
      <width>2.0</width>
    </LineStyle>
    <PolyStyle>
      <color>b3008CFB</color>
    </PolyStyle>
  </Style>
  <Folder>
    <name>62_006</name>
    <Placemark>
      <name>310807050174</name>
      <description><![CDATA[<div style='font-family:Tahoma,sans-serif; font-size:13px;'><h3 style='color:#1565C0; margin:4px 0;'>รหัส: 310807050174</h3><p style='margin:2px 0;'><b>กลุ่มรถไถ:</b> 62_006</p><table border='1' style='border-collapse:collapse; border-color:#ccc; width:100%;'><tr><td style='padding:3px 6px; font-weight:bold; background-color:#f2f2f2;'>ปีการผลิต</td><td style='padding:3px 6px;'>257071</td></tr><tr><td style='padding:3px 6px; font-weight:bold; background-color:#f2f2f2;'>รหัสกลุ่มรถไถ</td><td style='padding:3px 6px;'>62/006</td></tr><tr><td style='padding:3px 6px; font-weight:bold; background-color:#f2f2f2;'>โควตาชาวไร่</td><td style='padding:3px 6px;'>760160</td></tr><tr><td style='padding:3px 6px; font-weight:bold; background-color:#f2f2f2;'>ชื่อ-นามสกุล</td><td style='padding:3px 6px;'>นาย ปรีชา สมศักดิ์</td></tr><tr><td style='padding:3px 6px; font-weight:bold; background-color:#f2f2f2;'>111</td><td style='padding:3px 6px;'>310807050174</td></tr><tr><td style='padding:3px 6px; font-weight:bold; background-color:#f2f2f2;'>ประเภทอ้อย</td><td style='padding:3px 6px;'>อ้อยปลายฝน</td></tr><tr><td style='padding:3px 6px; font-weight:bold; background-color:#f2f2f2;'>พื้นที่ปลูก</td><td style='padding:3px 6px;'>10.3</td></tr><tr><td style='padding:3px 6px; font-weight:bold; background-color:#f2f2f2;'>ศูนย์</td><td style='padding:3px 6px;'>K2-62</td></tr><tr><td style='padding:3px 6px; font-weight:bold; background-color:#f2f2f2;'>นักเกษตร</td><td style='padding:3px 6px;'>6203</td></tr><tr><td style='padding:3px 6px; font-weight:bold; background-color:#f2f2f2;'>กลุ่ม</td><td style='padding:3px 6px;'>กลุ่ม_62</td></tr></table></div>]]></description>
      <styleUrl>#style_62_006</styleUrl>
      <MultiGeometry><Polygon><outerBoundaryIs><LinearRing><coordinates>103.0346776,14.4150581,0 103.0344165,14.4150568,0 103.0344090,14.4150733,0 103.0338248,14.4150546,0 103.0337864,14.4150997,0 103.0337169,14.4163203,0 103.0336782,14.4166313,0 103.0336805,14.4166673,0 103.0336821,14.4166813,0 103.0336929,14.4167016,0 103.0337158,14.4167143,0 103.0339373,14.4166136,0 103.0340413,14.4165466,0 103.0341847,14.4165234,0 103.0342858,14.4165396,0 103.0346117,14.4166044,0 103.0346776,14.4150581,0</coordinates></LinearRing></outerBoundaryIs></Polygon></MultiGeometry>
    </Placemark>
    <Placemark>
      <name>310807050217</name>
      <description><![CDATA[<div style='font-family:Tahoma,sans-serif; font-size:13px;'><h3 style='color:#1565C0; margin:4px 0;'>รหัส: 310807050217</h3><p style='margin:2px 0;'><b>กลุ่มรถไถ:</b> 62_006</p><table border='1' style='border-collapse:collapse; border-color:#ccc; width:100%;'><tr><td style='padding:3px 6px; font-weight:bold; background-color:#f2f2f2;'>ปีการผลิต</td><td style='padding:3px 6px;'>257071</td></tr><tr><td style='padding:3px 6px; font-weight:bold; background-color:#f2f2f2;'>รหัสกลุ่มรถไถ</td><td style='padding:3px 6px;'>62/006</td></tr><tr><td style='padding:3px 6px; font-weight:bold; background-color:#f2f2f2;'>โควตาชาวไร่</td><td style='padding:3px 6px;'>760177</td></tr><tr><td style='padding:3px 6px; font-weight:bold; background-color:#f2f2f2;'>ชื่อ-นามสกุล</td><td style='padding:3px 6px;'>นาย จำเริญ ทาเงิน</td></tr><tr><td style='padding:3px 6px; font-weight:bold; background-color:#f2f2f2;'>111</td><td style='padding:3px 6px;'>310807050217</td></tr><tr><td style='padding:3px 6px; font-weight:bold; background-color:#f2f2f2;'>ประเภทอ้อย</td><td style='padding:3px 6px;'>อ้อยปลายฝน</td></tr><tr><td style='padding:3px 6px; font-weight:bold; background-color:#f2f2f2;'>พื้นที่ปลูก</td><td style='padding:3px 6px;'>12.49</td></tr><tr><td style='padding:3px 6px; font-weight:bold; background-color:#f2f2f2;'>ศูนย์</td><td style='padding:3px 6px;'>K2-62</td></tr><tr><td style='padding:3px 6px; font-weight:bold; background-color:#f2f2f2;'>นักเกษตร</td><td style='padding:3px 6px;'>6203</td></tr><tr><td style='padding:3px 6px; font-weight:bold; background-color:#f2f2f2;'>กลุ่ม</td><td style='padding:3px 6px;'>กลุ่ม_62</td></tr></table></div>]]></description>
      <styleUrl>#style_62_006</styleUrl>
      <MultiGeometry><Polygon><outerBoundaryIs><LinearRing><coordinates>103.0291199,14.4113482,0 103.0284842,14.4113137,0 103.0279072,14.4130974,0 103.0280590,14.4132281,0 103.0282522,14.4133124,0 103.0289210,14.4133364,0 103.0290579,14.4118319,0 103.0291199,14.4113482,0</coordinates></LinearRing></outerBoundaryIs></Polygon></MultiGeometry>
    </Placemark>
    <Placemark>
      <name>310801121580</name>
      <description><![CDATA[<div style='font-family:Tahoma,sans-serif; font-size:13px;'><h3 style='color:#1565C0; margin:4px 0;'>รหัส: 310801121580</h3><p style='margin:2px 0;'><b>กลุ่มรถไถ:</b> 62_006</p><table border='1' style='border-collapse:collapse; border-color:#ccc; width:100%;'><tr><td style='padding:3px 6px; font-weight:bold; background-color:#f2f2f2;'>ปีการผลิต</td><td style='padding:3px 6px;'>257071</td></tr><tr><td style='padding:3px 6px; font-weight:bold; background-color:#f2f2f2;'>รหัสกลุ่มรถไถ</td><td style='padding:3px 6px;'>62/006</td></tr><tr><td style='padding:3px 6px; font-weight:bold; background-color:#f2f2f2;'>โควตาชาวไร่</td><td style='padding:3px 6px;'>762156</td></tr><tr><td style='padding:3px 6px; font-weight:bold; background-color:#f2f2f2;'>ชื่อ-นามสกุล</td><td style='padding:3px 6px;'>นาย สุรสิทธิ์ ทรัพย์ประโคน</td></tr><tr><td style='padding:3px 6px; font-weight:bold; background-color:#f2f2f2;'>111</td><td style='padding:3px 6px;'>310801121580</td></tr><tr><td style='padding:3px 6px; font-weight:bold; background-color:#f2f2f2;'>ประเภทอ้อย</td><td style='padding:3px 6px;'>อ้อยปลายฝน</td></tr><tr><td style='padding:3px 6px; font-weight:bold; background-color:#f2f2f2;'>พื้นที่ปลูก</td><td style='padding:3px 6px;'>7.98</td></tr><tr><td style='padding:3px 6px; font-weight:bold; background-color:#f2f2f2;'>ศูนย์</td><td style='padding:3px 6px;'>K2-62</td></tr><tr><td style='padding:3px 6px; font-weight:bold; background-color:#f2f2f2;'>นักเกษตร</td><td style='padding:3px 6px;'>6203</td></tr><tr><td style='padding:3px 6px; font-weight:bold; background-color:#f2f2f2;'>กลุ่ม</td><td style='padding:3px 6px;'>กลุ่ม_62</td></tr></table></div>]]></description>
      <styleUrl>#style_62_006</styleUrl>
      <MultiGeometry><Polygon><outerBoundaryIs><LinearRing><coordinates>103.0436600,14.4252750,0 103.0446100,14.4272650,0 103.0448633,14.4272033,0 103.0450133,14.4271167,0 103.0452133,14.4270117,0 103.0451150,14.4267850,0 103.0450067,14.4268717,0 103.0449183,14.4266317,0 103.0448767,14.4265533,0 103.0448333,14.4264500,0 103.0447133,14.4263167,0 103.0443767,14.4257417,0 103.0442450,14.4255883,0 103.0439583,14.4251717,0 103.0438217,14.4252033,0 103.0438400,14.4251850,0 103.0436600,14.4252750,0</coordinates></LinearRing></outerBoundaryIs></Polygon></MultiGeometry>
    </Placemark>
    <Placemark>
      <name>310801121586</name>
      <description><![CDATA[<div style='font-family:Tahoma,sans-serif; font-size:13px;'><h3 style='color:#1565C0; margin:4px 0;'>รหัส: 310801121586</h3><p style='margin:2px 0;'><b>กลุ่มรถไถ:</b> 62_006</p><table border='1' style='border-collapse:collapse; border-color:#ccc; width:100%;'><tr><td style='padding:3px 6px; font-weight:bold; background-color:#f2f2f2;'>ปีการผลิต</td><td style='padding:3px 6px;'>257071</td></tr><tr><td style='padding:3px 6px; font-weight:bold; background-color:#f2f2f2;'>รหัสกลุ่มรถไถ</td><td style='padding:3px 6px;'>62/006</td></tr><tr><td style='padding:3px 6px; font-weight:bold; background-color:#f2f2f2;'>โควตาชาวไร่</td><td style='padding:3px 6px;'>762156</td></tr><tr><td style='padding:3px 6px; font-weight:bold; background-color:#f2f2f2;'>ชื่อ-นามสกุล</td><td style='padding:3px 6px;'>นาย สุรสิทธิ์ ทรัพย์ประโคน</td></tr><tr><td style='padding:3px 6px; font-weight:bold; background-color:#f2f2f2;'>111</td><td style='padding:3px 6px;'>310801121586</td></tr><tr><td style='padding:3px 6px; font-weight:bold; background-color:#f2f2f2;'>ประเภทอ้อย</td><td style='padding:3px 6px;'>อ้อยปลายฝน</td></tr><tr><td style='padding:3px 6px; font-weight:bold; background-color:#f2f2f2;'>พื้นที่ปลูก</td><td style='padding:3px 6px;'>8.74</td></tr><tr><td style='padding:3px 6px; font-weight:bold; background-color:#f2f2f2;'>ศูนย์</td><td style='padding:3px 6px;'>K2-62</td></tr><tr><td style='padding:3px 6px; font-weight:bold; background-color:#f2f2f2;'>นักเกษตร</td><td style='padding:3px 6px;'>6203</td></tr><tr><td style='padding:3px 6px; font-weight:bold; background-color:#f2f2f2;'>กลุ่ม</td><td style='padding:3px 6px;'>กลุ่ม_62</td></tr></table></div>]]></description>
      <styleUrl>#style_62_006</styleUrl>
      <MultiGeometry><Polygon><outerBoundaryIs><LinearRing><coordinates>103.0446017,14.4272767,0 103.0436333,14.4252467,0 103.0431833,14.4253683,0 103.0432817,14.4255917,0 103.0437233,14.4265500,0 103.0437833,14.4267233,0 103.0439183,14.4270333,0 103.0440550,14.4273733,0 103.0441550,14.4276150,0 103.0442783,14.4275600,0 103.0444100,14.4274733,0 103.0446017,14.4272767,0</coordinates></LinearRing></outerBoundaryIs></Polygon></MultiGeometry>
    </Placemark>
    <Placemark>
      <name>310801121551</name>
      <description><![CDATA[<div style='font-family:Tahoma,sans-serif; font-size:13px;'><h3 style='color:#1565C0; margin:4px 0;'>รหัส: 310801121551</h3><p style='margin:2px 0;'><b>กลุ่มรถไถ:</b> 62_006</p><table border='1' style='border-collapse:collapse; border-color:#ccc; width:100%;'><tr><td style='padding:3px 6px; font-weight:bold; background-color:#f2f2f2;'>ปีการผลิต</td><td style='padding:3px 6px;'>257071</td></tr><tr><td style='padding:3px 6px; font-weight:bold; background-color:#f2f2f2;'>รหัสกลุ่มรถไถ</td><td style='padding:3px 6px;'>62/006</td></tr><tr><td style='padding:3px 6px; font-weight:bold; background-color:#f2f2f2;'>โควตาชาวไร่</td><td style='padding:3px 6px;'>762966</td></tr><tr><td style='padding:3px 6px; font-weight:bold; background-color:#f2f2f2;'>ชื่อ-นามสกุล</td><td style='padding:3px 6px;'>นาง สมร ย้อยไธสง</td></tr><tr><td style='padding:3px 6px; font-weight:bold; background-color:#f2f2f2;'>111</td><td style='padding:3px 6px;'>310801121551</td></tr><tr><td style='padding:3px 6px; font-weight:bold; background-color:#f2f2f2;'>ประเภทอ้อย</td><td style='padding:3px 6px;'>อ้อยปลายฝน</td></tr><tr><td style='padding:3px 6px; font-weight:bold; background-color:#f2f2f2;'>พื้นที่ปลูก</td><td style='padding:3px 6px;'>6.01</td></tr><tr><td style='padding:3px 6px; font-weight:bold; background-color:#f2f2f2;'>ศูนย์</td><td style='padding:3px 6px;'>K2-62</td></tr><tr><td style='padding:3px 6px; font-weight:bold; background-color:#f2f2f2;'>นักเกษตร</td><td style='padding:3px 6px;'>6203</td></tr><tr><td style='padding:3px 6px; font-weight:bold; background-color:#f2f2f2;'>กลุ่ม</td><td style='padding:3px 6px;'>กลุ่ม_62</td></tr></table></div>]]></description>
      <styleUrl>#style_62_006</styleUrl>
      <MultiGeometry><Polygon><outerBoundaryIs><LinearRing><coordinates>103.0600409,14.4000377,0 103.0590596,14.3999042,0 103.0589737,14.4005444,0 103.0589759,14.4005505,0 103.0601743,14.4007335,0 103.0602625,14.4000733,0 103.0600419,14.4000376,0 103.0600409,14.4000377,0</coordinates></LinearRing></outerBoundaryIs></Polygon></MultiGeometry>
    </Placemark>
    <Placemark>
      <name>310807011588</name>
      <description><![CDATA[<div style='font-family:Tahoma,sans-serif; font-size:13px;'><h3 style='color:#1565C0; margin:4px 0;'>รหัส: 310807011588</h3><p style='margin:2px 0;'><b>กลุ่มรถไถ:</b> 62_006</p><table border='1' style='border-collapse:collapse; border-color:#ccc; width:100%;'><tr><td style='padding:3px 6px; font-weight:bold; background-color:#f2f2f2;'>ปีการผลิต</td><td style='padding:3px 6px;'>257071</td></tr><tr><td style='padding:3px 6px; font-weight:bold; background-color:#f2f2f2;'>รหัสกลุ่มรถไถ</td><td style='padding:3px 6px;'>62/006</td></tr><tr><td style='padding:3px 6px; font-weight:bold; background-color:#f2f2f2;'>โควตาชาวไร่</td><td style='padding:3px 6px;'>765124</td></tr><tr><td style='padding:3px 6px; font-weight:bold; background-color:#f2f2f2;'>ชื่อ-นามสกุล</td><td style='padding:3px 6px;'>นาง สุกัญญา ภูมินา</td></tr><tr><td style='padding:3px 6px; font-weight:bold; background-color:#f2f2f2;'>111</td><td style='padding:3px 6px;'>310807011588</td></tr><tr><td style='padding:3px 6px; font-weight:bold; background-color:#f2f2f2;'>ประเภทอ้อย</td><td style='padding:3px 6px;'>อ้อยปลายฝน</td></tr><tr><td style='padding:3px 6px; font-weight:bold; background-color:#f2f2f2;'>พื้นที่ปลูก</td><td style='padding:3px 6px;'>12.07</td></tr><tr><td style='padding:3px 6px; font-weight:bold; background-color:#f2f2f2;'>ศูนย์</td><td style='padding:3px 6px;'>K2-62</td></tr><tr><td style='padding:3px 6px; font-weight:bold; background-color:#f2f2f2;'>นักเกษตร</td><td style='padding:3px 6px;'>6203</td></tr><tr><td style='padding:3px 6px; font-weight:bold; background-color:#f2f2f2;'>กลุ่ม</td><td style='padding:3px 6px;'>กลุ่ม_62</td></tr></table></div>]]></description>
      <styleUrl>#style_62_006</styleUrl>
      <MultiGeometry><Polygon><outerBoundaryIs><LinearRing><coordinates>103.0357133,14.3957437,0 103.0350352,14.3959168,0 103.0347750,14.3968503,0 103.0346275,14.3973313,0 103.0345855,14.3974034,0 103.0345676,14.3975394,0 103.0345099,14.3981303,0 103.0351996,14.3982632,0 103.0354693,14.3966171,0 103.0357133,14.3957437,0</coordinates></LinearRing></outerBoundaryIs></Polygon></MultiGeometry>
    </Placemark>
    <Placemark>
      <name>310807050226</name>
      <description><![CDATA[<div style='font-family:Tahoma,sans-serif; font-size:13px;'><h3 style='color:#1565C0; margin:4px 0;'>รหัส: 310807050226</h3><p style='margin:2px 0;'><b>กลุ่มรถไถ:</b> 62_006</p><table border='1' style='border-collapse:collapse; border-color:#ccc; width:100%;'><tr><td style='padding:3px 6px; font-weight:bold; background-color:#f2f2f2;'>ปีการผลิต</td><td style='padding:3px 6px;'>257071</td></tr><tr><td style='padding:3px 6px; font-weight:bold; background-color:#f2f2f2;'>รหัสกลุ่มรถไถ</td><td style='padding:3px 6px;'>62/006</td></tr><tr><td style='padding:3px 6px; font-weight:bold; background-color:#f2f2f2;'>โควตาชาวไร่</td><td style='padding:3px 6px;'>765124</td></tr><tr><td style='padding:3px 6px; font-weight:bold; background-color:#f2f2f2;'>ชื่อ-นามสกุล</td><td style='padding:3px 6px;'>นาง สุกัญญา ภูมินา</td></tr><tr><td style='padding:3px 6px; font-weight:bold; background-color:#f2f2f2;'>111</td><td style='padding:3px 6px;'>310807050226</td></tr><tr><td style='padding:3px 6px; font-weight:bold; background-color:#f2f2f2;'>ประเภทอ้อย</td><td style='padding:3px 6px;'>อ้อยปลายฝน</td></tr><tr><td style='padding:3px 6px; font-weight:bold; background-color:#f2f2f2;'>พื้นที่ปลูก</td><td style='padding:3px 6px;'>9.35</td></tr><tr><td style='padding:3px 6px; font-weight:bold; background-color:#f2f2f2;'>ศูนย์</td><td style='padding:3px 6px;'>K2-62</td></tr><tr><td style='padding:3px 6px; font-weight:bold; background-color:#f2f2f2;'>นักเกษตร</td><td style='padding:3px 6px;'>6203</td></tr><tr><td style='padding:3px 6px; font-weight:bold; background-color:#f2f2f2;'>กลุ่ม</td><td style='padding:3px 6px;'>กลุ่ม_62</td></tr></table></div>]]></description>
      <styleUrl>#style_62_006</styleUrl>
      <MultiGeometry><Polygon><outerBoundaryIs><LinearRing><coordinates>103.0356423,14.3957515,0 103.0356951,14.3954144,0 103.0357888,14.3954470,0 103.0357889,14.3954476,0 103.0358412,14.3951587,0 103.0358599,14.3950624,0 103.0358170,14.3950191,0 103.0358167,14.3949793,0 103.0358450,14.3949471,0 103.0358355,14.3948683,0 103.0357908,14.3948645,0 103.0356845,14.3948518,0 103.0355672,14.3948510,0 103.0352596,14.3948895,0 103.0352063,14.3949001,0 103.0351408,14.3948947,0 103.0350871,14.3948881,0 103.0350272,14.3948810,0 103.0350166,14.3948802,0 103.0349718,14.3948828,0 103.0349680,14.3948827,0 103.0349629,14.3948834,0 103.0349534,14.3949039,0 103.0349368,14.3949706,0 103.0349269,14.3949886,0 103.0346970,14.3959547,0 103.0345192,14.3959923,0 103.0345627,14.3963914,0 103.0346862,14.3971492,0 103.0347798,14.3969565,0 103.0350190,14.3959264,0 103.0356423,14.3957515,0</coordinates></LinearRing></outerBoundaryIs></Polygon></MultiGeometry>
    </Placemark>
    <Placemark>
      <name>310807051553</name>
      <description><![CDATA[<div style='font-family:Tahoma,sans-serif; font-size:13px;'><h3 style='color:#1565C0; margin:4px 0;'>รหัส: 310807051553</h3><p style='margin:2px 0;'><b>กลุ่มรถไถ:</b> 62_006</p><table border='1' style='border-collapse:collapse; border-color:#ccc; width:100%;'><tr><td style='padding:3px 6px; font-weight:bold; background-color:#f2f2f2;'>ปีการผลิต</td><td style='padding:3px 6px;'>257071</td></tr><tr><td style='padding:3px 6px; font-weight:bold; background-color:#f2f2f2;'>รหัสกลุ่มรถไถ</td><td style='padding:3px 6px;'>62/006</td></tr><tr><td style='padding:3px 6px; font-weight:bold; background-color:#f2f2f2;'>โควตาชาวไร่</td><td style='padding:3px 6px;'>765162</td></tr><tr><td style='padding:3px 6px; font-weight:bold; background-color:#f2f2f2;'>ชื่อ-นามสกุล</td><td style='padding:3px 6px;'>นาย เปร บุญเฮ้า</td></tr><tr><td style='padding:3px 6px; font-weight:bold; background-color:#f2f2f2;'>111</td><td style='padding:3px 6px;'>310807051553</td></tr><tr><td style='padding:3px 6px; font-weight:bold; background-color:#f2f2f2;'>ประเภทอ้อย</td><td style='padding:3px 6px;'>อ้อยปลายฝน</td></tr><tr><td style='padding:3px 6px; font-weight:bold; background-color:#f2f2f2;'>พื้นที่ปลูก</td><td style='padding:3px 6px;'>10.99</td></tr><tr><td style='padding:3px 6px; font-weight:bold; background-color:#f2f2f2;'>ศูนย์</td><td style='padding:3px 6px;'>K2-62</td></tr><tr><td style='padding:3px 6px; font-weight:bold; background-color:#f2f2f2;'>นักเกษตร</td><td style='padding:3px 6px;'>6203</td></tr><tr><td style='padding:3px 6px; font-weight:bold; background-color:#f2f2f2;'>กลุ่ม</td><td style='padding:3px 6px;'>กลุ่ม_62</td></tr></table></div>]]></description>
      <styleUrl>#style_62_006</styleUrl>
      <MultiGeometry><Polygon><outerBoundaryIs><LinearRing><coordinates>103.0351342,14.4080041,0 103.0329022,14.4082776,0 103.0327287,14.4082642,0 103.0318145,14.4082540,0 103.0295346,14.4080387,0 103.0295125,14.4082363,0 103.0317919,14.4085038,0 103.0319139,14.4085370,0 103.0328805,14.4085310,0 103.0334649,14.4085091,0 103.0338237,14.4084542,0 103.0351242,14.4083120,0 103.0351272,14.4082303,0 103.0351589,14.4082352,0 103.0351342,14.4080041,0</coordinates></LinearRing></outerBoundaryIs></Polygon></MultiGeometry>
    </Placemark>
    <Placemark>
      <name>310807051556</name>
      <description><![CDATA[<div style='font-family:Tahoma,sans-serif; font-size:13px;'><h3 style='color:#1565C0; margin:4px 0;'>รหัส: 310807051556</h3><p style='margin:2px 0;'><b>กลุ่มรถไถ:</b> 62_006</p><table border='1' style='border-collapse:collapse; border-color:#ccc; width:100%;'><tr><td style='padding:3px 6px; font-weight:bold; background-color:#f2f2f2;'>ปีการผลิต</td><td style='padding:3px 6px;'>257071</td></tr><tr><td style='padding:3px 6px; font-weight:bold; background-color:#f2f2f2;'>รหัสกลุ่มรถไถ</td><td style='padding:3px 6px;'>62/006</td></tr><tr><td style='padding:3px 6px; font-weight:bold; background-color:#f2f2f2;'>โควตาชาวไร่</td><td style='padding:3px 6px;'>765162</td></tr><tr><td style='padding:3px 6px; font-weight:bold; background-color:#f2f2f2;'>ชื่อ-นามสกุล</td><td style='padding:3px 6px;'>นาย เปร บุญเฮ้า</td></tr><tr><td style='padding:3px 6px; font-weight:bold; background-color:#f2f2f2;'>111</td><td style='padding:3px 6px;'>310807051556</td></tr><tr><td style='padding:3px 6px; font-weight:bold; background-color:#f2f2f2;'>ประเภทอ้อย</td><td style='padding:3px 6px;'>อ้อยปลายฝน</td></tr><tr><td style='padding:3px 6px; font-weight:bold; background-color:#f2f2f2;'>พื้นที่ปลูก</td><td style='padding:3px 6px;'>5.1</td></tr><tr><td style='padding:3px 6px; font-weight:bold; background-color:#f2f2f2;'>ศูนย์</td><td style='padding:3px 6px;'>K2-62</td></tr><tr><td style='padding:3px 6px; font-weight:bold; background-color:#f2f2f2;'>นักเกษตร</td><td style='padding:3px 6px;'>6203</td></tr><tr><td style='padding:3px 6px; font-weight:bold; background-color:#f2f2f2;'>กลุ่ม</td><td style='padding:3px 6px;'>กลุ่ม_62</td></tr></table></div>]]></description>
      <styleUrl>#style_62_006</styleUrl>
      <MultiGeometry><Polygon><outerBoundaryIs><LinearRing><coordinates>103.0319125,14.4090952,0 103.0318917,14.4088280,0 103.0294183,14.4086657,0 103.0294131,14.4089478,0 103.0319125,14.4090952,0</coordinates></LinearRing></outerBoundaryIs></Polygon></MultiGeometry>
    </Placemark>
    <Placemark>
      <name>310807051703</name>
      <description><![CDATA[<div style='font-family:Tahoma,sans-serif; font-size:13px;'><h3 style='color:#1565C0; margin:4px 0;'>รหัส: 310807051703</h3><p style='margin:2px 0;'><b>กลุ่มรถไถ:</b> 62_006</p><table border='1' style='border-collapse:collapse; border-color:#ccc; width:100%;'><tr><td style='padding:3px 6px; font-weight:bold; background-color:#f2f2f2;'>ปีการผลิต</td><td style='padding:3px 6px;'>257071</td></tr><tr><td style='padding:3px 6px; font-weight:bold; background-color:#f2f2f2;'>รหัสกลุ่มรถไถ</td><td style='padding:3px 6px;'>62/006</td></tr><tr><td style='padding:3px 6px; font-weight:bold; background-color:#f2f2f2;'>โควตาชาวไร่</td><td style='padding:3px 6px;'>765162</td></tr><tr><td style='padding:3px 6px; font-weight:bold; background-color:#f2f2f2;'>ชื่อ-นามสกุล</td><td style='padding:3px 6px;'>นาย เปร บุญเฮ้า</td></tr><tr><td style='padding:3px 6px; font-weight:bold; background-color:#f2f2f2;'>111</td><td style='padding:3px 6px;'>310807051703</td></tr><tr><td style='padding:3px 6px; font-weight:bold; background-color:#f2f2f2;'>ประเภทอ้อย</td><td style='padding:3px 6px;'>อ้อยปลายฝน</td></tr><tr><td style='padding:3px 6px; font-weight:bold; background-color:#f2f2f2;'>พื้นที่ปลูก</td><td style='padding:3px 6px;'>4.59</td></tr><tr><td style='padding:3px 6px; font-weight:bold; background-color:#f2f2f2;'>ศูนย์</td><td style='padding:3px 6px;'>K2-62</td></tr><tr><td style='padding:3px 6px; font-weight:bold; background-color:#f2f2f2;'>นักเกษตร</td><td style='padding:3px 6px;'>6203</td></tr><tr><td style='padding:3px 6px; font-weight:bold; background-color:#f2f2f2;'>กลุ่ม</td><td style='padding:3px 6px;'>กลุ่ม_62</td></tr></table></div>]]></description>
      <styleUrl>#style_62_006</styleUrl>
      <MultiGeometry><Polygon><outerBoundaryIs><LinearRing><coordinates>103.0319033,14.4090967,0 103.0294367,14.4089517,0 103.0294317,14.4092200,0 103.0319600,14.4093217,0 103.0319033,14.4090967,0</coordinates></LinearRing></outerBoundaryIs></Polygon></MultiGeometry>
    </Placemark>
    <Placemark>
      <name>310807051613</name>
      <description><![CDATA[<div style='font-family:Tahoma,sans-serif; font-size:13px;'><h3 style='color:#1565C0; margin:4px 0;'>รหัส: 310807051613</h3><p style='margin:2px 0;'><b>กลุ่มรถไถ:</b> 62_006</p><table border='1' style='border-collapse:collapse; border-color:#ccc; width:100%;'><tr><td style='padding:3px 6px; font-weight:bold; background-color:#f2f2f2;'>ปีการผลิต</td><td style='padding:3px 6px;'>257071</td></tr><tr><td style='padding:3px 6px; font-weight:bold; background-color:#f2f2f2;'>รหัสกลุ่มรถไถ</td><td style='padding:3px 6px;'>62/006</td></tr><tr><td style='padding:3px 6px; font-weight:bold; background-color:#f2f2f2;'>โควตาชาวไร่</td><td style='padding:3px 6px;'>765176</td></tr><tr><td style='padding:3px 6px; font-weight:bold; background-color:#f2f2f2;'>ชื่อ-นามสกุล</td><td style='padding:3px 6px;'>นาย จำปี แสงสุขสว่าง</td></tr><tr><td style='padding:3px 6px; font-weight:bold; background-color:#f2f2f2;'>111</td><td style='padding:3px 6px;'>310807051613</td></tr><tr><td style='padding:3px 6px; font-weight:bold; background-color:#f2f2f2;'>ประเภทอ้อย</td><td style='padding:3px 6px;'>อ้อยปลายฝน</td></tr><tr><td style='padding:3px 6px; font-weight:bold; background-color:#f2f2f2;'>พื้นที่ปลูก</td><td style='padding:3px 6px;'>2.17</td></tr><tr><td style='padding:3px 6px; font-weight:bold; background-color:#f2f2f2;'>ศูนย์</td><td style='padding:3px 6px;'>K2-62</td></tr><tr><td style='padding:3px 6px; font-weight:bold; background-color:#f2f2f2;'>นักเกษตร</td><td style='padding:3px 6px;'>6203</td></tr><tr><td style='padding:3px 6px; font-weight:bold; background-color:#f2f2f2;'>กลุ่ม</td><td style='padding:3px 6px;'>กลุ่ม_62</td></tr></table></div>]]></description>
      <styleUrl>#style_62_006</styleUrl>
      <MultiGeometry><Polygon><outerBoundaryIs><LinearRing><coordinates>103.0264166,14.4068864,0 103.0258046,14.4068450,0 103.0258290,14.4070102,0 103.0258639,14.4070042,0 103.0258747,14.4070132,0 103.0258736,14.4070706,0 103.0258599,14.4070836,0 103.0258431,14.4070908,0 103.0258349,14.4070935,0 103.0258299,14.4070929,0 103.0258459,14.4074114,0 103.0258468,14.4074290,0 103.0258574,14.4074294,0 103.0259433,14.4074335,0 103.0259473,14.4074100,0 103.0259610,14.4073950,0 103.0259698,14.4073907,0 103.0259793,14.4073889,0 103.0259899,14.4073890,0 103.0260001,14.4073921,0 103.0260080,14.4073967,0 103.0260131,14.4074016,0 103.0260155,14.4074052,0 103.0260178,14.4074181,0 103.0264223,14.4072584,0 103.0264319,14.4069032,0 103.0264207,14.4068849,0 103.0264166,14.4068864,0</coordinates></LinearRing></outerBoundaryIs></Polygon></MultiGeometry>
    </Placemark>
    <Placemark>
      <name>310807031580</name>
      <description><![CDATA[<div style='font-family:Tahoma,sans-serif; font-size:13px;'><h3 style='color:#1565C0; margin:4px 0;'>รหัส: 310807031580</h3><p style='margin:2px 0;'><b>กลุ่มรถไถ:</b> 62_006</p><table border='1' style='border-collapse:collapse; border-color:#ccc; width:100%;'><tr><td style='padding:3px 6px; font-weight:bold; background-color:#f2f2f2;'>ปีการผลิต</td><td style='padding:3px 6px;'>257071</td></tr><tr><td style='padding:3px 6px; font-weight:bold; background-color:#f2f2f2;'>รหัสกลุ่มรถไถ</td><td style='padding:3px 6px;'>62/006</td></tr><tr><td style='padding:3px 6px; font-weight:bold; background-color:#f2f2f2;'>โควตาชาวไร่</td><td style='padding:3px 6px;'>766445</td></tr><tr><td style='padding:3px 6px; font-weight:bold; background-color:#f2f2f2;'>ชื่อ-นามสกุล</td><td style='padding:3px 6px;'>นาย จิรโรจน์ ทองแสง</td></tr><tr><td style='padding:3px 6px; font-weight:bold; background-color:#f2f2f2;'>111</td><td style='padding:3px 6px;'>310807031580</td></tr><tr><td style='padding:3px 6px; font-weight:bold; background-color:#f2f2f2;'>ประเภทอ้อย</td><td style='padding:3px 6px;'>อ้อยปลายฝน</td></tr><tr><td style='padding:3px 6px; font-weight:bold; background-color:#f2f2f2;'>พื้นที่ปลูก</td><td style='padding:3px 6px;'>3.63</td></tr><tr><td style='padding:3px 6px; font-weight:bold; background-color:#f2f2f2;'>ศูนย์</td><td style='padding:3px 6px;'>K2-62</td></tr><tr><td style='padding:3px 6px; font-weight:bold; background-color:#f2f2f2;'>นักเกษตร</td><td style='padding:3px 6px;'>6203</td></tr><tr><td style='padding:3px 6px; font-weight:bold; background-color:#f2f2f2;'>กลุ่ม</td><td style='padding:3px 6px;'>กลุ่ม_62</td></tr></table></div>]]></description>
      <styleUrl>#style_62_006</styleUrl>
      <MultiGeometry><Polygon><outerBoundaryIs><LinearRing><coordinates>103.0507739,14.3963326,0 103.0497860,14.3962915,0 103.0497743,14.3963028,0 103.0497534,14.3963105,0 103.0497438,14.3964285,0 103.0501796,14.3964711,0 103.0501782,14.3970201,0 103.0507534,14.3970590,0 103.0507739,14.3963326,0</coordinates></LinearRing></outerBoundaryIs></Polygon></MultiGeometry>
    </Placemark>
    <Placemark>
      <name>310715011785</name>
      <description><![CDATA[<div style='font-family:Tahoma,sans-serif; font-size:13px;'><h3 style='color:#1565C0; margin:4px 0;'>รหัส: 310715011785</h3><p style='margin:2px 0;'><b>กลุ่มรถไถ:</b> 62_006</p><table border='1' style='border-collapse:collapse; border-color:#ccc; width:100%;'><tr><td style='padding:3px 6px; font-weight:bold; background-color:#f2f2f2;'>ปีการผลิต</td><td style='padding:3px 6px;'>257071</td></tr><tr><td style='padding:3px 6px; font-weight:bold; background-color:#f2f2f2;'>รหัสกลุ่มรถไถ</td><td style='padding:3px 6px;'>62/006</td></tr><tr><td style='padding:3px 6px; font-weight:bold; background-color:#f2f2f2;'>โควตาชาวไร่</td><td style='padding:3px 6px;'>766581</td></tr><tr><td style='padding:3px 6px; font-weight:bold; background-color:#f2f2f2;'>ชื่อ-นามสกุล</td><td style='padding:3px 6px;'>นาย ประเทือง กิ้นโบราณ</td></tr><tr><td style='padding:3px 6px; font-weight:bold; background-color:#f2f2f2;'>111</td><td style='padding:3px 6px;'>310715011785</td></tr><tr><td style='padding:3px 6px; font-weight:bold; background-color:#f2f2f2;'>ประเภทอ้อย</td><td style='padding:3px 6px;'>อ้อยปลายฝน</td></tr><tr><td style='padding:3px 6px; font-weight:bold; background-color:#f2f2f2;'>พื้นที่ปลูก</td><td style='padding:3px 6px;'>2.01</td></tr><tr><td style='padding:3px 6px; font-weight:bold; background-color:#f2f2f2;'>ศูนย์</td><td style='padding:3px 6px;'>K2-62</td></tr><tr><td style='padding:3px 6px; font-weight:bold; background-color:#f2f2f2;'>นักเกษตร</td><td style='padding:3px 6px;'>6207</td></tr><tr><td style='padding:3px 6px; font-weight:bold; background-color:#f2f2f2;'>กลุ่ม</td><td style='padding:3px 6px;'>กลุ่ม_62</td></tr></table></div>]]></description>
      <styleUrl>#style_62_006</styleUrl>
      <MultiGeometry><Polygon><outerBoundaryIs><LinearRing><coordinates>103.0063179,14.4508090,0 103.0072967,14.4504954,0 103.0071701,14.4501913,0 103.0070618,14.4501111,0 103.0066246,14.4501653,0 103.0065546,14.4500458,0 103.0062039,14.4505609,0 103.0063179,14.4508090,0</coordinates></LinearRing></outerBoundaryIs></Polygon></MultiGeometry>
    </Placemark>
  </Folder>
  <Style id="style_62_007">
    <LineStyle>
      <color>ff1E51F4</color>
      <width>2.0</width>
    </LineStyle>
    <PolyStyle>
      <color>b31E51F4</color>
    </PolyStyle>
  </Style>
  <Folder>
    <name>62_007</name>
    <Placemark>
      <name>310807031501</name>
      <description><![CDATA[<div style='font-family:Tahoma,sans-serif; font-size:13px;'><h3 style='color:#1565C0; margin:4px 0;'>รหัส: 310807031501</h3><p style='margin:2px 0;'><b>กลุ่มรถไถ:</b> 62_007</p><table border='1' style='border-collapse:collapse; border-color:#ccc; width:100%;'><tr><td style='padding:3px 6px; font-weight:bold; background-color:#f2f2f2;'>ปีการผลิต</td><td style='padding:3px 6px;'>257071</td></tr><tr><td style='padding:3px 6px; font-weight:bold; background-color:#f2f2f2;'>รหัสกลุ่มรถไถ</td><td style='padding:3px 6px;'>62/007</td></tr><tr><td style='padding:3px 6px; font-weight:bold; background-color:#f2f2f2;'>โควตาชาวไร่</td><td style='padding:3px 6px;'>762017</td></tr><tr><td style='padding:3px 6px; font-weight:bold; background-color:#f2f2f2;'>ชื่อ-นามสกุล</td><td style='padding:3px 6px;'>นาย กิตติพงษ์ อภัยจิตต์</td></tr><tr><td style='padding:3px 6px; font-weight:bold; background-color:#f2f2f2;'>111</td><td style='padding:3px 6px;'>310807031501</td></tr><tr><td style='padding:3px 6px; font-weight:bold; background-color:#f2f2f2;'>ประเภทอ้อย</td><td style='padding:3px 6px;'>อ้อยปลายฝน</td></tr><tr><td style='padding:3px 6px; font-weight:bold; background-color:#f2f2f2;'>พื้นที่ปลูก</td><td style='padding:3px 6px;'>10.31</td></tr><tr><td style='padding:3px 6px; font-weight:bold; background-color:#f2f2f2;'>ศูนย์</td><td style='padding:3px 6px;'>K2-62</td></tr><tr><td style='padding:3px 6px; font-weight:bold; background-color:#f2f2f2;'>นักเกษตร</td><td style='padding:3px 6px;'>6203</td></tr><tr><td style='padding:3px 6px; font-weight:bold; background-color:#f2f2f2;'>กลุ่ม</td><td style='padding:3px 6px;'>กลุ่ม_62</td></tr></table></div>]]></description>
      <styleUrl>#style_62_007</styleUrl>
      <MultiGeometry><Polygon><outerBoundaryIs><LinearRing><coordinates>103.0511712,14.3887449,0 103.0538033,14.3890204,0 103.0553241,14.3891475,0 103.0553494,14.3888460,0 103.0548968,14.3887970,0 103.0536854,14.3886597,0 103.0534271,14.3886603,0 103.0532335,14.3886331,0 103.0528286,14.3885683,0 103.0523875,14.3885196,0 103.0523384,14.3884940,0 103.0520601,14.3884805,0 103.0519207,14.3884847,0 103.0518454,14.3885062,0 103.0512301,14.3884289,0 103.0511712,14.3887449,0</coordinates></LinearRing></outerBoundaryIs></Polygon></MultiGeometry>
    </Placemark>
    <Placemark>
      <name>310803110511</name>
      <description><![CDATA[<div style='font-family:Tahoma,sans-serif; font-size:13px;'><h3 style='color:#1565C0; margin:4px 0;'>รหัส: 310803110511</h3><p style='margin:2px 0;'><b>กลุ่มรถไถ:</b> 62_007</p><table border='1' style='border-collapse:collapse; border-color:#ccc; width:100%;'><tr><td style='padding:3px 6px; font-weight:bold; background-color:#f2f2f2;'>ปีการผลิต</td><td style='padding:3px 6px;'>257071</td></tr><tr><td style='padding:3px 6px; font-weight:bold; background-color:#f2f2f2;'>รหัสกลุ่มรถไถ</td><td style='padding:3px 6px;'>62/007</td></tr><tr><td style='padding:3px 6px; font-weight:bold; background-color:#f2f2f2;'>โควตาชาวไร่</td><td style='padding:3px 6px;'>762135</td></tr><tr><td style='padding:3px 6px; font-weight:bold; background-color:#f2f2f2;'>ชื่อ-นามสกุล</td><td style='padding:3px 6px;'>นาง เจ็ก นาคพิมพ์</td></tr><tr><td style='padding:3px 6px; font-weight:bold; background-color:#f2f2f2;'>111</td><td style='padding:3px 6px;'>310803110511</td></tr><tr><td style='padding:3px 6px; font-weight:bold; background-color:#f2f2f2;'>ประเภทอ้อย</td><td style='padding:3px 6px;'>อ้อยปลายฝน</td></tr><tr><td style='padding:3px 6px; font-weight:bold; background-color:#f2f2f2;'>พื้นที่ปลูก</td><td style='padding:3px 6px;'>11.93</td></tr><tr><td style='padding:3px 6px; font-weight:bold; background-color:#f2f2f2;'>ศูนย์</td><td style='padding:3px 6px;'>K2-62</td></tr><tr><td style='padding:3px 6px; font-weight:bold; background-color:#f2f2f2;'>นักเกษตร</td><td style='padding:3px 6px;'>6202</td></tr><tr><td style='padding:3px 6px; font-weight:bold; background-color:#f2f2f2;'>กลุ่ม</td><td style='padding:3px 6px;'>กลุ่ม_62</td></tr></table></div>]]></description>
      <styleUrl>#style_62_007</styleUrl>
      <MultiGeometry><Polygon><outerBoundaryIs><LinearRing><coordinates>103.0057195,14.3584639,0 103.0056764,14.3584725,0 103.0055424,14.3584226,0 103.0054972,14.3584158,0 103.0054297,14.3583979,0 103.0053865,14.3583589,0 103.0053424,14.3583505,0 103.0052976,14.3583726,0 103.0052939,14.3585488,0 103.0042677,14.3587064,0 103.0041532,14.3587290,0 103.0037469,14.3588011,0 103.0039783,14.3593825,0 103.0044518,14.3593489,0 103.0044986,14.3593438,0 103.0045419,14.3593398,0 103.0045642,14.3593382,0 103.0046201,14.3593385,0 103.0046407,14.3593339,0 103.0050348,14.3593218,0 103.0050769,14.3593131,0 103.0054213,14.3592471,0 103.0055198,14.3592388,0 103.0056040,14.3592203,0 103.0058332,14.3591868,0 103.0058749,14.3591822,0 103.0061602,14.3591648,0 103.0059814,14.3583918,0 103.0057195,14.3584639,0</coordinates></LinearRing></outerBoundaryIs></Polygon></MultiGeometry>
    </Placemark>
    <Placemark>
      <name>310807120016</name>
      <description><![CDATA[<div style='font-family:Tahoma,sans-serif; font-size:13px;'><h3 style='color:#1565C0; margin:4px 0;'>รหัส: 310807120016</h3><p style='margin:2px 0;'><b>กลุ่มรถไถ:</b> 62_007</p><table border='1' style='border-collapse:collapse; border-color:#ccc; width:100%;'><tr><td style='padding:3px 6px; font-weight:bold; background-color:#f2f2f2;'>ปีการผลิต</td><td style='padding:3px 6px;'>257071</td></tr><tr><td style='padding:3px 6px; font-weight:bold; background-color:#f2f2f2;'>รหัสกลุ่มรถไถ</td><td style='padding:3px 6px;'>62/007</td></tr><tr><td style='padding:3px 6px; font-weight:bold; background-color:#f2f2f2;'>โควตาชาวไร่</td><td style='padding:3px 6px;'>765152</td></tr><tr><td style='padding:3px 6px; font-weight:bold; background-color:#f2f2f2;'>ชื่อ-นามสกุล</td><td style='padding:3px 6px;'>นาง อุทัย ชมภูผิว</td></tr><tr><td style='padding:3px 6px; font-weight:bold; background-color:#f2f2f2;'>111</td><td style='padding:3px 6px;'>310807120016</td></tr><tr><td style='padding:3px 6px; font-weight:bold; background-color:#f2f2f2;'>ประเภทอ้อย</td><td style='padding:3px 6px;'>อ้อยปลายฝน</td></tr><tr><td style='padding:3px 6px; font-weight:bold; background-color:#f2f2f2;'>พื้นที่ปลูก</td><td style='padding:3px 6px;'>5.12</td></tr><tr><td style='padding:3px 6px; font-weight:bold; background-color:#f2f2f2;'>ศูนย์</td><td style='padding:3px 6px;'>K2-62</td></tr><tr><td style='padding:3px 6px; font-weight:bold; background-color:#f2f2f2;'>นักเกษตร</td><td style='padding:3px 6px;'>6203</td></tr><tr><td style='padding:3px 6px; font-weight:bold; background-color:#f2f2f2;'>กลุ่ม</td><td style='padding:3px 6px;'>กลุ่ม_62</td></tr></table></div>]]></description>
      <styleUrl>#style_62_007</styleUrl>
      <MultiGeometry><Polygon><outerBoundaryIs><LinearRing><coordinates>103.0267009,14.3900813,0 103.0270581,14.3901043,0 103.0269715,14.3883228,0 103.0265597,14.3883731,0 103.0266544,14.3896793,0 103.0267009,14.3900813,0</coordinates></LinearRing></outerBoundaryIs></Polygon></MultiGeometry>
    </Placemark>
    <Placemark>
      <name>310807031567</name>
      <description><![CDATA[<div style='font-family:Tahoma,sans-serif; font-size:13px;'><h3 style='color:#1565C0; margin:4px 0;'>รหัส: 310807031567</h3><p style='margin:2px 0;'><b>กลุ่มรถไถ:</b> 62_007</p><table border='1' style='border-collapse:collapse; border-color:#ccc; width:100%;'><tr><td style='padding:3px 6px; font-weight:bold; background-color:#f2f2f2;'>ปีการผลิต</td><td style='padding:3px 6px;'>257071</td></tr><tr><td style='padding:3px 6px; font-weight:bold; background-color:#f2f2f2;'>รหัสกลุ่มรถไถ</td><td style='padding:3px 6px;'>62/007</td></tr><tr><td style='padding:3px 6px; font-weight:bold; background-color:#f2f2f2;'>โควตาชาวไร่</td><td style='padding:3px 6px;'>766175</td></tr><tr><td style='padding:3px 6px; font-weight:bold; background-color:#f2f2f2;'>ชื่อ-นามสกุล</td><td style='padding:3px 6px;'>นาย บุญเลี้ยง เสาเปรีย</td></tr><tr><td style='padding:3px 6px; font-weight:bold; background-color:#f2f2f2;'>111</td><td style='padding:3px 6px;'>310807031567</td></tr><tr><td style='padding:3px 6px; font-weight:bold; background-color:#f2f2f2;'>ประเภทอ้อย</td><td style='padding:3px 6px;'>อ้อยปลายฝน</td></tr><tr><td style='padding:3px 6px; font-weight:bold; background-color:#f2f2f2;'>พื้นที่ปลูก</td><td style='padding:3px 6px;'>2.49</td></tr><tr><td style='padding:3px 6px; font-weight:bold; background-color:#f2f2f2;'>ศูนย์</td><td style='padding:3px 6px;'>K2-62</td></tr><tr><td style='padding:3px 6px; font-weight:bold; background-color:#f2f2f2;'>นักเกษตร</td><td style='padding:3px 6px;'>6203</td></tr><tr><td style='padding:3px 6px; font-weight:bold; background-color:#f2f2f2;'>กลุ่ม</td><td style='padding:3px 6px;'>กลุ่ม_62</td></tr></table></div>]]></description>
      <styleUrl>#style_62_007</styleUrl>
      <MultiGeometry><Polygon><outerBoundaryIs><LinearRing><coordinates>103.0492243,14.3888898,0 103.0485035,14.3888025,0 103.0484539,14.3892509,0 103.0492219,14.3893280,0 103.0492243,14.3888898,0</coordinates></LinearRing></outerBoundaryIs></Polygon></MultiGeometry>
    </Placemark>
    <Placemark>
      <name>310807031575</name>
      <description><![CDATA[<div style='font-family:Tahoma,sans-serif; font-size:13px;'><h3 style='color:#1565C0; margin:4px 0;'>รหัส: 310807031575</h3><p style='margin:2px 0;'><b>กลุ่มรถไถ:</b> 62_007</p><table border='1' style='border-collapse:collapse; border-color:#ccc; width:100%;'><tr><td style='padding:3px 6px; font-weight:bold; background-color:#f2f2f2;'>ปีการผลิต</td><td style='padding:3px 6px;'>257071</td></tr><tr><td style='padding:3px 6px; font-weight:bold; background-color:#f2f2f2;'>รหัสกลุ่มรถไถ</td><td style='padding:3px 6px;'>62/007</td></tr><tr><td style='padding:3px 6px; font-weight:bold; background-color:#f2f2f2;'>โควตาชาวไร่</td><td style='padding:3px 6px;'>766175</td></tr><tr><td style='padding:3px 6px; font-weight:bold; background-color:#f2f2f2;'>ชื่อ-นามสกุล</td><td style='padding:3px 6px;'>นาย บุญเลี้ยง เสาเปรีย</td></tr><tr><td style='padding:3px 6px; font-weight:bold; background-color:#f2f2f2;'>111</td><td style='padding:3px 6px;'>310807031575</td></tr><tr><td style='padding:3px 6px; font-weight:bold; background-color:#f2f2f2;'>ประเภทอ้อย</td><td style='padding:3px 6px;'>อ้อยปลายฝน</td></tr><tr><td style='padding:3px 6px; font-weight:bold; background-color:#f2f2f2;'>พื้นที่ปลูก</td><td style='padding:3px 6px;'>2.44</td></tr><tr><td style='padding:3px 6px; font-weight:bold; background-color:#f2f2f2;'>ศูนย์</td><td style='padding:3px 6px;'>K2-62</td></tr><tr><td style='padding:3px 6px; font-weight:bold; background-color:#f2f2f2;'>นักเกษตร</td><td style='padding:3px 6px;'>6203</td></tr><tr><td style='padding:3px 6px; font-weight:bold; background-color:#f2f2f2;'>กลุ่ม</td><td style='padding:3px 6px;'>กลุ่ม_62</td></tr></table></div>]]></description>
      <styleUrl>#style_62_007</styleUrl>
      <MultiGeometry><Polygon><outerBoundaryIs><LinearRing><coordinates>103.0462457,14.3892384,0 103.0473171,14.3893776,0 103.0473546,14.3891646,0 103.0470309,14.3891094,0 103.0470166,14.3890926,0 103.0470088,14.3890835,0 103.0470022,14.3890601,0 103.0470073,14.3890052,0 103.0466439,14.3889581,0 103.0466283,14.3889470,0 103.0466119,14.3889374,0 103.0462707,14.3889077,0 103.0462457,14.3892384,0</coordinates></LinearRing></outerBoundaryIs></Polygon></MultiGeometry>
    </Placemark>
    <Placemark>
      <name>310807031576</name>
      <description><![CDATA[<div style='font-family:Tahoma,sans-serif; font-size:13px;'><h3 style='color:#1565C0; margin:4px 0;'>รหัส: 310807031576</h3><p style='margin:2px 0;'><b>กลุ่มรถไถ:</b> 62_007</p><table border='1' style='border-collapse:collapse; border-color:#ccc; width:100%;'><tr><td style='padding:3px 6px; font-weight:bold; background-color:#f2f2f2;'>ปีการผลิต</td><td style='padding:3px 6px;'>257071</td></tr><tr><td style='padding:3px 6px; font-weight:bold; background-color:#f2f2f2;'>รหัสกลุ่มรถไถ</td><td style='padding:3px 6px;'>62/007</td></tr><tr><td style='padding:3px 6px; font-weight:bold; background-color:#f2f2f2;'>โควตาชาวไร่</td><td style='padding:3px 6px;'>766175</td></tr><tr><td style='padding:3px 6px; font-weight:bold; background-color:#f2f2f2;'>ชื่อ-นามสกุล</td><td style='padding:3px 6px;'>นาย บุญเลี้ยง เสาเปรีย</td></tr><tr><td style='padding:3px 6px; font-weight:bold; background-color:#f2f2f2;'>111</td><td style='padding:3px 6px;'>310807031576</td></tr><tr><td style='padding:3px 6px; font-weight:bold; background-color:#f2f2f2;'>ประเภทอ้อย</td><td style='padding:3px 6px;'>อ้อยปลายฝน</td></tr><tr><td style='padding:3px 6px; font-weight:bold; background-color:#f2f2f2;'>พื้นที่ปลูก</td><td style='padding:3px 6px;'>3.13</td></tr><tr><td style='padding:3px 6px; font-weight:bold; background-color:#f2f2f2;'>ศูนย์</td><td style='padding:3px 6px;'>K2-62</td></tr><tr><td style='padding:3px 6px; font-weight:bold; background-color:#f2f2f2;'>นักเกษตร</td><td style='padding:3px 6px;'>6203</td></tr><tr><td style='padding:3px 6px; font-weight:bold; background-color:#f2f2f2;'>กลุ่ม</td><td style='padding:3px 6px;'>กลุ่ม_62</td></tr></table></div>]]></description>
      <styleUrl>#style_62_007</styleUrl>
      <MultiGeometry><Polygon><outerBoundaryIs><LinearRing><coordinates>103.0499487,14.3894706,0 103.0499239,14.3893275,0 103.0499223,14.3891716,0 103.0497054,14.3891533,0 103.0496753,14.3892844,0 103.0492097,14.3892358,0 103.0491921,14.3893313,0 103.0492207,14.3893420,0 103.0492082,14.3893904,0 103.0484559,14.3892443,0 103.0484200,14.3895322,0 103.0495439,14.3896500,0 103.0495440,14.3894186,0 103.0499487,14.3894706,0</coordinates></LinearRing></outerBoundaryIs></Polygon></MultiGeometry>
    </Placemark>
    <Placemark>
      <name>310803061585</name>
      <description><![CDATA[<div style='font-family:Tahoma,sans-serif; font-size:13px;'><h3 style='color:#1565C0; margin:4px 0;'>รหัส: 310803061585</h3><p style='margin:2px 0;'><b>กลุ่มรถไถ:</b> 62_007</p><table border='1' style='border-collapse:collapse; border-color:#ccc; width:100%;'><tr><td style='padding:3px 6px; font-weight:bold; background-color:#f2f2f2;'>ปีการผลิต</td><td style='padding:3px 6px;'>257071</td></tr><tr><td style='padding:3px 6px; font-weight:bold; background-color:#f2f2f2;'>รหัสกลุ่มรถไถ</td><td style='padding:3px 6px;'>62/007</td></tr><tr><td style='padding:3px 6px; font-weight:bold; background-color:#f2f2f2;'>โควตาชาวไร่</td><td style='padding:3px 6px;'>766202</td></tr><tr><td style='padding:3px 6px; font-weight:bold; background-color:#f2f2f2;'>ชื่อ-นามสกุล</td><td style='padding:3px 6px;'>นาย ทวีพงค์ กรมมนดี</td></tr><tr><td style='padding:3px 6px; font-weight:bold; background-color:#f2f2f2;'>111</td><td style='padding:3px 6px;'>310803061585</td></tr><tr><td style='padding:3px 6px; font-weight:bold; background-color:#f2f2f2;'>ประเภทอ้อย</td><td style='padding:3px 6px;'>อ้อยปลายฝน</td></tr><tr><td style='padding:3px 6px; font-weight:bold; background-color:#f2f2f2;'>พื้นที่ปลูก</td><td style='padding:3px 6px;'>5.57</td></tr><tr><td style='padding:3px 6px; font-weight:bold; background-color:#f2f2f2;'>ศูนย์</td><td style='padding:3px 6px;'>K2-62</td></tr><tr><td style='padding:3px 6px; font-weight:bold; background-color:#f2f2f2;'>นักเกษตร</td><td style='padding:3px 6px;'>6203</td></tr><tr><td style='padding:3px 6px; font-weight:bold; background-color:#f2f2f2;'>กลุ่ม</td><td style='padding:3px 6px;'>กลุ่ม_62</td></tr></table></div>]]></description>
      <styleUrl>#style_62_007</styleUrl>
      <MultiGeometry><Polygon><outerBoundaryIs><LinearRing><coordinates>103.0205667,14.3576917,0 103.0211484,14.3577709,0 103.0212293,14.3566477,0 103.0211732,14.3566736,0 103.0211500,14.3565782,0 103.0205719,14.3564714,0 103.0205667,14.3576917,0</coordinates></LinearRing></outerBoundaryIs></Polygon></MultiGeometry>
    </Placemark>
    <Placemark>
      <name>310807031561</name>
      <description><![CDATA[<div style='font-family:Tahoma,sans-serif; font-size:13px;'><h3 style='color:#1565C0; margin:4px 0;'>รหัส: 310807031561</h3><p style='margin:2px 0;'><b>กลุ่มรถไถ:</b> 62_007</p><table border='1' style='border-collapse:collapse; border-color:#ccc; width:100%;'><tr><td style='padding:3px 6px; font-weight:bold; background-color:#f2f2f2;'>ปีการผลิต</td><td style='padding:3px 6px;'>257071</td></tr><tr><td style='padding:3px 6px; font-weight:bold; background-color:#f2f2f2;'>รหัสกลุ่มรถไถ</td><td style='padding:3px 6px;'>62/007</td></tr><tr><td style='padding:3px 6px; font-weight:bold; background-color:#f2f2f2;'>โควตาชาวไร่</td><td style='padding:3px 6px;'>766380</td></tr><tr><td style='padding:3px 6px; font-weight:bold; background-color:#f2f2f2;'>ชื่อ-นามสกุล</td><td style='padding:3px 6px;'>นาย สมรักษ์ สุพิมพ์</td></tr><tr><td style='padding:3px 6px; font-weight:bold; background-color:#f2f2f2;'>111</td><td style='padding:3px 6px;'>310807031561</td></tr><tr><td style='padding:3px 6px; font-weight:bold; background-color:#f2f2f2;'>ประเภทอ้อย</td><td style='padding:3px 6px;'>อ้อยปลายฝน</td></tr><tr><td style='padding:3px 6px; font-weight:bold; background-color:#f2f2f2;'>พื้นที่ปลูก</td><td style='padding:3px 6px;'>6.03</td></tr><tr><td style='padding:3px 6px; font-weight:bold; background-color:#f2f2f2;'>ศูนย์</td><td style='padding:3px 6px;'>K2-62</td></tr><tr><td style='padding:3px 6px; font-weight:bold; background-color:#f2f2f2;'>นักเกษตร</td><td style='padding:3px 6px;'>6203</td></tr><tr><td style='padding:3px 6px; font-weight:bold; background-color:#f2f2f2;'>กลุ่ม</td><td style='padding:3px 6px;'>กลุ่ม_62</td></tr></table></div>]]></description>
      <styleUrl>#style_62_007</styleUrl>
      <MultiGeometry><Polygon><outerBoundaryIs><LinearRing><coordinates>103.0463503,14.3885276,0 103.0452460,14.3883811,0 103.0451878,14.3883958,0 103.0451618,14.3884316,0 103.0451820,14.3889602,0 103.0452042,14.3891266,0 103.0462016,14.3892260,0 103.0463503,14.3885276,0</coordinates></LinearRing></outerBoundaryIs></Polygon></MultiGeometry>
    </Placemark>
    <Placemark>
      <name>310807031590</name>
      <description><![CDATA[<div style='font-family:Tahoma,sans-serif; font-size:13px;'><h3 style='color:#1565C0; margin:4px 0;'>รหัส: 310807031590</h3><p style='margin:2px 0;'><b>กลุ่มรถไถ:</b> 62_007</p><table border='1' style='border-collapse:collapse; border-color:#ccc; width:100%;'><tr><td style='padding:3px 6px; font-weight:bold; background-color:#f2f2f2;'>ปีการผลิต</td><td style='padding:3px 6px;'>257071</td></tr><tr><td style='padding:3px 6px; font-weight:bold; background-color:#f2f2f2;'>รหัสกลุ่มรถไถ</td><td style='padding:3px 6px;'>62/007</td></tr><tr><td style='padding:3px 6px; font-weight:bold; background-color:#f2f2f2;'>โควตาชาวไร่</td><td style='padding:3px 6px;'>766380</td></tr><tr><td style='padding:3px 6px; font-weight:bold; background-color:#f2f2f2;'>ชื่อ-นามสกุล</td><td style='padding:3px 6px;'>นาย สมรักษ์ สุพิมพ์</td></tr><tr><td style='padding:3px 6px; font-weight:bold; background-color:#f2f2f2;'>111</td><td style='padding:3px 6px;'>310807031590</td></tr><tr><td style='padding:3px 6px; font-weight:bold; background-color:#f2f2f2;'>ประเภทอ้อย</td><td style='padding:3px 6px;'>อ้อยปลายฝน</td></tr><tr><td style='padding:3px 6px; font-weight:bold; background-color:#f2f2f2;'>พื้นที่ปลูก</td><td style='padding:3px 6px;'>1.71</td></tr><tr><td style='padding:3px 6px; font-weight:bold; background-color:#f2f2f2;'>ศูนย์</td><td style='padding:3px 6px;'>K2-62</td></tr><tr><td style='padding:3px 6px; font-weight:bold; background-color:#f2f2f2;'>นักเกษตร</td><td style='padding:3px 6px;'>6203</td></tr><tr><td style='padding:3px 6px; font-weight:bold; background-color:#f2f2f2;'>กลุ่ม</td><td style='padding:3px 6px;'>กลุ่ม_62</td></tr></table></div>]]></description>
      <styleUrl>#style_62_007</styleUrl>
      <MultiGeometry><Polygon><outerBoundaryIs><LinearRing><coordinates>103.0489866,14.3899501,0 103.0494847,14.3900485,0 103.0495009,14.3899793,0 103.0497082,14.3899698,0 103.0498533,14.3899474,0 103.0498474,14.3897869,0 103.0490196,14.3896510,0 103.0489866,14.3899501,0</coordinates></LinearRing></outerBoundaryIs></Polygon></MultiGeometry>
    </Placemark>
    <Placemark>
      <name>310801111526</name>
      <description><![CDATA[<div style='font-family:Tahoma,sans-serif; font-size:13px;'><h3 style='color:#1565C0; margin:4px 0;'>รหัส: 310801111526</h3><p style='margin:2px 0;'><b>กลุ่มรถไถ:</b> 62_007</p><table border='1' style='border-collapse:collapse; border-color:#ccc; width:100%;'><tr><td style='padding:3px 6px; font-weight:bold; background-color:#f2f2f2;'>ปีการผลิต</td><td style='padding:3px 6px;'>257071</td></tr><tr><td style='padding:3px 6px; font-weight:bold; background-color:#f2f2f2;'>รหัสกลุ่มรถไถ</td><td style='padding:3px 6px;'>62/007</td></tr><tr><td style='padding:3px 6px; font-weight:bold; background-color:#f2f2f2;'>โควตาชาวไร่</td><td style='padding:3px 6px;'>766401</td></tr><tr><td style='padding:3px 6px; font-weight:bold; background-color:#f2f2f2;'>ชื่อ-นามสกุล</td><td style='padding:3px 6px;'>นาง อภัย ดินจันทร์</td></tr><tr><td style='padding:3px 6px; font-weight:bold; background-color:#f2f2f2;'>111</td><td style='padding:3px 6px;'>310801111526</td></tr><tr><td style='padding:3px 6px; font-weight:bold; background-color:#f2f2f2;'>ประเภทอ้อย</td><td style='padding:3px 6px;'>อ้อยปลายฝน</td></tr><tr><td style='padding:3px 6px; font-weight:bold; background-color:#f2f2f2;'>พื้นที่ปลูก</td><td style='padding:3px 6px;'>11.17</td></tr><tr><td style='padding:3px 6px; font-weight:bold; background-color:#f2f2f2;'>ศูนย์</td><td style='padding:3px 6px;'>K2-62</td></tr><tr><td style='padding:3px 6px; font-weight:bold; background-color:#f2f2f2;'>นักเกษตร</td><td style='padding:3px 6px;'>6203</td></tr><tr><td style='padding:3px 6px; font-weight:bold; background-color:#f2f2f2;'>กลุ่ม</td><td style='padding:3px 6px;'>กลุ่ม_62</td></tr></table></div>]]></description>
      <styleUrl>#style_62_007</styleUrl>
      <MultiGeometry><Polygon><outerBoundaryIs><LinearRing><coordinates>103.1200107,14.4480774,0 103.1200658,14.4480895,0 103.1200722,14.4480343,0 103.1201451,14.4480053,0 103.1201581,14.4480357,0 103.1201500,14.4481773,0 103.1203560,14.4482943,0 103.1207837,14.4482255,0 103.1207952,14.4481948,0 103.1208095,14.4481653,0 103.1208621,14.4481225,0 103.1208941,14.4480718,0 103.1209034,14.4479724,0 103.1205422,14.4463371,0 103.1198478,14.4464141,0 103.1200107,14.4480774,0</coordinates></LinearRing></outerBoundaryIs></Polygon></MultiGeometry>
    </Placemark>
  </Folder>
  <Style id="style_62_008">
    <LineStyle>
      <color>ff414C6D</color>
      <width>2.0</width>
    </LineStyle>
    <PolyStyle>
      <color>b3414C6D</color>
    </PolyStyle>
  </Style>
  <Folder>
    <name>62_008</name>
    <Placemark>
      <name>310715031785</name>
      <description><![CDATA[<div style='font-family:Tahoma,sans-serif; font-size:13px;'><h3 style='color:#1565C0; margin:4px 0;'>รหัส: 310715031785</h3><p style='margin:2px 0;'><b>กลุ่มรถไถ:</b> 62_008</p><table border='1' style='border-collapse:collapse; border-color:#ccc; width:100%;'><tr><td style='padding:3px 6px; font-weight:bold; background-color:#f2f2f2;'>ปีการผลิต</td><td style='padding:3px 6px;'>257071</td></tr><tr><td style='padding:3px 6px; font-weight:bold; background-color:#f2f2f2;'>รหัสกลุ่มรถไถ</td><td style='padding:3px 6px;'>62/008</td></tr><tr><td style='padding:3px 6px; font-weight:bold; background-color:#f2f2f2;'>โควตาชาวไร่</td><td style='padding:3px 6px;'>723180</td></tr><tr><td style='padding:3px 6px; font-weight:bold; background-color:#f2f2f2;'>ชื่อ-นามสกุล</td><td style='padding:3px 6px;'>นาย วิชิด ยิบประโคน</td></tr><tr><td style='padding:3px 6px; font-weight:bold; background-color:#f2f2f2;'>111</td><td style='padding:3px 6px;'>310715031785</td></tr><tr><td style='padding:3px 6px; font-weight:bold; background-color:#f2f2f2;'>ประเภทอ้อย</td><td style='padding:3px 6px;'>อ้อยปลายฝน</td></tr><tr><td style='padding:3px 6px; font-weight:bold; background-color:#f2f2f2;'>พื้นที่ปลูก</td><td style='padding:3px 6px;'>4.76</td></tr><tr><td style='padding:3px 6px; font-weight:bold; background-color:#f2f2f2;'>ศูนย์</td><td style='padding:3px 6px;'>K2-62</td></tr><tr><td style='padding:3px 6px; font-weight:bold; background-color:#f2f2f2;'>นักเกษตร</td><td style='padding:3px 6px;'>6204</td></tr><tr><td style='padding:3px 6px; font-weight:bold; background-color:#f2f2f2;'>กลุ่ม</td><td style='padding:3px 6px;'>กลุ่ม_62</td></tr></table></div>]]></description>
      <styleUrl>#style_62_008</styleUrl>
      <MultiGeometry><Polygon><outerBoundaryIs><LinearRing><coordinates>103.0791710,14.4472660,0 103.0788240,14.4472428,0 103.0787523,14.4492816,0 103.0790425,14.4492315,0 103.0791710,14.4472660,0</coordinates></LinearRing></outerBoundaryIs></Polygon></MultiGeometry>
    </Placemark>
    <Placemark>
      <name>310801111536</name>
      <description><![CDATA[<div style='font-family:Tahoma,sans-serif; font-size:13px;'><h3 style='color:#1565C0; margin:4px 0;'>รหัส: 310801111536</h3><p style='margin:2px 0;'><b>กลุ่มรถไถ:</b> 62_008</p><table border='1' style='border-collapse:collapse; border-color:#ccc; width:100%;'><tr><td style='padding:3px 6px; font-weight:bold; background-color:#f2f2f2;'>ปีการผลิต</td><td style='padding:3px 6px;'>257071</td></tr><tr><td style='padding:3px 6px; font-weight:bold; background-color:#f2f2f2;'>รหัสกลุ่มรถไถ</td><td style='padding:3px 6px;'>62/008</td></tr><tr><td style='padding:3px 6px; font-weight:bold; background-color:#f2f2f2;'>โควตาชาวไร่</td><td style='padding:3px 6px;'>723180</td></tr><tr><td style='padding:3px 6px; font-weight:bold; background-color:#f2f2f2;'>ชื่อ-นามสกุล</td><td style='padding:3px 6px;'>นาย วิชิด ยิบประโคน</td></tr><tr><td style='padding:3px 6px; font-weight:bold; background-color:#f2f2f2;'>111</td><td style='padding:3px 6px;'>310801111536</td></tr><tr><td style='padding:3px 6px; font-weight:bold; background-color:#f2f2f2;'>ประเภทอ้อย</td><td style='padding:3px 6px;'>อ้อยปลายฝน</td></tr><tr><td style='padding:3px 6px; font-weight:bold; background-color:#f2f2f2;'>พื้นที่ปลูก</td><td style='padding:3px 6px;'>21.93</td></tr><tr><td style='padding:3px 6px; font-weight:bold; background-color:#f2f2f2;'>ศูนย์</td><td style='padding:3px 6px;'>K2-62</td></tr><tr><td style='padding:3px 6px; font-weight:bold; background-color:#f2f2f2;'>นักเกษตร</td><td style='padding:3px 6px;'>6204</td></tr><tr><td style='padding:3px 6px; font-weight:bold; background-color:#f2f2f2;'>กลุ่ม</td><td style='padding:3px 6px;'>กลุ่ม_62</td></tr></table></div>]]></description>
      <styleUrl>#style_62_008</styleUrl>
      <MultiGeometry><Polygon><outerBoundaryIs><LinearRing><coordinates>103.1215156,14.4448716,0 103.1221948,14.4464241,0 103.1226675,14.4474110,0 103.1233055,14.4473788,0 103.1235362,14.4462150,0 103.1233678,14.4461769,0 103.1234088,14.4459121,0 103.1235767,14.4459316,0 103.1236646,14.4455183,0 103.1215156,14.4448716,0</coordinates></LinearRing></outerBoundaryIs></Polygon></MultiGeometry>
    </Placemark>
    <Placemark>
      <name>310715031791</name>
      <description><![CDATA[<div style='font-family:Tahoma,sans-serif; font-size:13px;'><h3 style='color:#1565C0; margin:4px 0;'>รหัส: 310715031791</h3><p style='margin:2px 0;'><b>กลุ่มรถไถ:</b> 62_008</p><table border='1' style='border-collapse:collapse; border-color:#ccc; width:100%;'><tr><td style='padding:3px 6px; font-weight:bold; background-color:#f2f2f2;'>ปีการผลิต</td><td style='padding:3px 6px;'>257071</td></tr><tr><td style='padding:3px 6px; font-weight:bold; background-color:#f2f2f2;'>รหัสกลุ่มรถไถ</td><td style='padding:3px 6px;'>62/008</td></tr><tr><td style='padding:3px 6px; font-weight:bold; background-color:#f2f2f2;'>โควตาชาวไร่</td><td style='padding:3px 6px;'>762053</td></tr><tr><td style='padding:3px 6px; font-weight:bold; background-color:#f2f2f2;'>ชื่อ-นามสกุล</td><td style='padding:3px 6px;'>นาย บุญสอน ประถม</td></tr><tr><td style='padding:3px 6px; font-weight:bold; background-color:#f2f2f2;'>111</td><td style='padding:3px 6px;'>310715031791</td></tr><tr><td style='padding:3px 6px; font-weight:bold; background-color:#f2f2f2;'>ประเภทอ้อย</td><td style='padding:3px 6px;'>อ้อยปลายฝน</td></tr><tr><td style='padding:3px 6px; font-weight:bold; background-color:#f2f2f2;'>พื้นที่ปลูก</td><td style='padding:3px 6px;'>8.19</td></tr><tr><td style='padding:3px 6px; font-weight:bold; background-color:#f2f2f2;'>ศูนย์</td><td style='padding:3px 6px;'>K2-62</td></tr><tr><td style='padding:3px 6px; font-weight:bold; background-color:#f2f2f2;'>นักเกษตร</td><td style='padding:3px 6px;'>6204</td></tr><tr><td style='padding:3px 6px; font-weight:bold; background-color:#f2f2f2;'>กลุ่ม</td><td style='padding:3px 6px;'>กลุ่ม_62</td></tr></table></div>]]></description>
      <styleUrl>#style_62_008</styleUrl>
      <MultiGeometry><Polygon><outerBoundaryIs><LinearRing><coordinates>103.0655532,14.4610004,0 103.0652113,14.4615968,0 103.0668250,14.4620169,0 103.0671438,14.4614214,0 103.0655532,14.4610004,0</coordinates></LinearRing></outerBoundaryIs></Polygon></MultiGeometry>
    </Placemark>
    <Placemark>
      <name>310801091552</name>
      <description><![CDATA[<div style='font-family:Tahoma,sans-serif; font-size:13px;'><h3 style='color:#1565C0; margin:4px 0;'>รหัส: 310801091552</h3><p style='margin:2px 0;'><b>กลุ่มรถไถ:</b> 62_008</p><table border='1' style='border-collapse:collapse; border-color:#ccc; width:100%;'><tr><td style='padding:3px 6px; font-weight:bold; background-color:#f2f2f2;'>ปีการผลิต</td><td style='padding:3px 6px;'>257071</td></tr><tr><td style='padding:3px 6px; font-weight:bold; background-color:#f2f2f2;'>รหัสกลุ่มรถไถ</td><td style='padding:3px 6px;'>62/008</td></tr><tr><td style='padding:3px 6px; font-weight:bold; background-color:#f2f2f2;'>โควตาชาวไร่</td><td style='padding:3px 6px;'>762106</td></tr><tr><td style='padding:3px 6px; font-weight:bold; background-color:#f2f2f2;'>ชื่อ-นามสกุล</td><td style='padding:3px 6px;'>นาย สำรวย สันประโคน</td></tr><tr><td style='padding:3px 6px; font-weight:bold; background-color:#f2f2f2;'>111</td><td style='padding:3px 6px;'>310801091552</td></tr><tr><td style='padding:3px 6px; font-weight:bold; background-color:#f2f2f2;'>ประเภทอ้อย</td><td style='padding:3px 6px;'>อ้อยปลายฝน</td></tr><tr><td style='padding:3px 6px; font-weight:bold; background-color:#f2f2f2;'>พื้นที่ปลูก</td><td style='padding:3px 6px;'>10.67</td></tr><tr><td style='padding:3px 6px; font-weight:bold; background-color:#f2f2f2;'>ศูนย์</td><td style='padding:3px 6px;'>K2-62</td></tr><tr><td style='padding:3px 6px; font-weight:bold; background-color:#f2f2f2;'>นักเกษตร</td><td style='padding:3px 6px;'>6204</td></tr><tr><td style='padding:3px 6px; font-weight:bold; background-color:#f2f2f2;'>กลุ่ม</td><td style='padding:3px 6px;'>กลุ่ม_62</td></tr></table></div>]]></description>
      <styleUrl>#style_62_008</styleUrl>
      <MultiGeometry><Polygon><outerBoundaryIs><LinearRing><coordinates>103.0822690,14.4449394,0 103.0822387,14.4450005,0 103.0819543,14.4451973,0 103.0820098,14.4454542,0 103.0818702,14.4454791,0 103.0817916,14.4455035,0 103.0816645,14.4455010,0 103.0816894,14.4456670,0 103.0841931,14.4453227,0 103.0840850,14.4446753,0 103.0822690,14.4449394,0</coordinates></LinearRing></outerBoundaryIs></Polygon></MultiGeometry>
    </Placemark>
    <Placemark>
      <name>310715030011</name>
      <description><![CDATA[<div style='font-family:Tahoma,sans-serif; font-size:13px;'><h3 style='color:#1565C0; margin:4px 0;'>รหัส: 310715030011</h3><p style='margin:2px 0;'><b>กลุ่มรถไถ:</b> 62_008</p><table border='1' style='border-collapse:collapse; border-color:#ccc; width:100%;'><tr><td style='padding:3px 6px; font-weight:bold; background-color:#f2f2f2;'>ปีการผลิต</td><td style='padding:3px 6px;'>257071</td></tr><tr><td style='padding:3px 6px; font-weight:bold; background-color:#f2f2f2;'>รหัสกลุ่มรถไถ</td><td style='padding:3px 6px;'>62/008</td></tr><tr><td style='padding:3px 6px; font-weight:bold; background-color:#f2f2f2;'>โควตาชาวไร่</td><td style='padding:3px 6px;'>762312</td></tr><tr><td style='padding:3px 6px; font-weight:bold; background-color:#f2f2f2;'>ชื่อ-นามสกุล</td><td style='padding:3px 6px;'>นาง เพ็ญศรี คำมณี</td></tr><tr><td style='padding:3px 6px; font-weight:bold; background-color:#f2f2f2;'>111</td><td style='padding:3px 6px;'>310715030011</td></tr><tr><td style='padding:3px 6px; font-weight:bold; background-color:#f2f2f2;'>ประเภทอ้อย</td><td style='padding:3px 6px;'>อ้อยปลายฝน</td></tr><tr><td style='padding:3px 6px; font-weight:bold; background-color:#f2f2f2;'>พื้นที่ปลูก</td><td style='padding:3px 6px;'>8.62</td></tr><tr><td style='padding:3px 6px; font-weight:bold; background-color:#f2f2f2;'>ศูนย์</td><td style='padding:3px 6px;'>K2-62</td></tr><tr><td style='padding:3px 6px; font-weight:bold; background-color:#f2f2f2;'>นักเกษตร</td><td style='padding:3px 6px;'>6204</td></tr><tr><td style='padding:3px 6px; font-weight:bold; background-color:#f2f2f2;'>กลุ่ม</td><td style='padding:3px 6px;'>กลุ่ม_62</td></tr></table></div>]]></description>
      <styleUrl>#style_62_008</styleUrl>
      <MultiGeometry><Polygon><outerBoundaryIs><LinearRing><coordinates>103.0848972,14.4585230,0 103.0849429,14.4585019,0 103.0848525,14.4582661,0 103.0848024,14.4581796,0 103.0847594,14.4581514,0 103.0835783,14.4581006,0 103.0835733,14.4580903,0 103.0825551,14.4580422,0 103.0825218,14.4580196,0 103.0820971,14.4580669,0 103.0819989,14.4581502,0 103.0819675,14.4581944,0 103.0819809,14.4584570,0 103.0848972,14.4585230,0</coordinates></LinearRing></outerBoundaryIs></Polygon></MultiGeometry>
    </Placemark>
    <Placemark>
      <name>310715031613</name>
      <description><![CDATA[<div style='font-family:Tahoma,sans-serif; font-size:13px;'><h3 style='color:#1565C0; margin:4px 0;'>รหัส: 310715031613</h3><p style='margin:2px 0;'><b>กลุ่มรถไถ:</b> 62_008</p><table border='1' style='border-collapse:collapse; border-color:#ccc; width:100%;'><tr><td style='padding:3px 6px; font-weight:bold; background-color:#f2f2f2;'>ปีการผลิต</td><td style='padding:3px 6px;'>257071</td></tr><tr><td style='padding:3px 6px; font-weight:bold; background-color:#f2f2f2;'>รหัสกลุ่มรถไถ</td><td style='padding:3px 6px;'>62/008</td></tr><tr><td style='padding:3px 6px; font-weight:bold; background-color:#f2f2f2;'>โควตาชาวไร่</td><td style='padding:3px 6px;'>762362</td></tr><tr><td style='padding:3px 6px; font-weight:bold; background-color:#f2f2f2;'>ชื่อ-นามสกุล</td><td style='padding:3px 6px;'>นาย ไพรัตน์ สีดาดี</td></tr><tr><td style='padding:3px 6px; font-weight:bold; background-color:#f2f2f2;'>111</td><td style='padding:3px 6px;'>310715031613</td></tr><tr><td style='padding:3px 6px; font-weight:bold; background-color:#f2f2f2;'>ประเภทอ้อย</td><td style='padding:3px 6px;'>อ้อยปลายฝน</td></tr><tr><td style='padding:3px 6px; font-weight:bold; background-color:#f2f2f2;'>พื้นที่ปลูก</td><td style='padding:3px 6px;'>27.51</td></tr><tr><td style='padding:3px 6px; font-weight:bold; background-color:#f2f2f2;'>ศูนย์</td><td style='padding:3px 6px;'>K2-62</td></tr><tr><td style='padding:3px 6px; font-weight:bold; background-color:#f2f2f2;'>นักเกษตร</td><td style='padding:3px 6px;'>6204</td></tr><tr><td style='padding:3px 6px; font-weight:bold; background-color:#f2f2f2;'>กลุ่ม</td><td style='padding:3px 6px;'>กลุ่ม_62</td></tr></table></div>]]></description>
      <styleUrl>#style_62_008</styleUrl>
      <MultiGeometry><Polygon><outerBoundaryIs><LinearRing><coordinates>103.0733326,14.4584818,0 103.0730177,14.4585723,0 103.0728140,14.4586746,0 103.0724443,14.4588565,0 103.0722271,14.4589805,0 103.0719403,14.4591341,0 103.0717670,14.4592107,0 103.0714601,14.4593819,0 103.0715452,14.4595595,0 103.0717546,14.4600113,0 103.0718141,14.4601330,0 103.0719080,14.4603932,0 103.0719871,14.4605883,0 103.0720030,14.4606505,0 103.0720421,14.4606966,0 103.0721187,14.4607686,0 103.0724802,14.4608585,0 103.0726417,14.4609466,0 103.0727821,14.4610072,0 103.0729284,14.4610825,0 103.0729717,14.4609887,0 103.0730183,14.4608889,0 103.0731416,14.4606342,0 103.0733695,14.4602409,0 103.0735403,14.4599193,0 103.0735982,14.4598268,0 103.0737135,14.4595261,0 103.0738103,14.4593657,0 103.0738799,14.4591866,0 103.0739092,14.4591047,0 103.0739367,14.4590072,0 103.0739760,14.4588713,0 103.0739823,14.4588405,0 103.0736523,14.4586999,0 103.0736175,14.4587554,0 103.0734668,14.4588465,0 103.0734212,14.4588639,0 103.0733852,14.4588664,0 103.0733514,14.4588587,0 103.0732669,14.4588052,0 103.0732528,14.4587339,0 103.0732156,14.4587144,0 103.0733282,14.4585120,0 103.0733326,14.4584818,0</coordinates></LinearRing></outerBoundaryIs></Polygon></MultiGeometry>
    </Placemark>
    <Placemark>
      <name>310801091588</name>
      <description><![CDATA[<div style='font-family:Tahoma,sans-serif; font-size:13px;'><h3 style='color:#1565C0; margin:4px 0;'>รหัส: 310801091588</h3><p style='margin:2px 0;'><b>กลุ่มรถไถ:</b> 62_008</p><table border='1' style='border-collapse:collapse; border-color:#ccc; width:100%;'><tr><td style='padding:3px 6px; font-weight:bold; background-color:#f2f2f2;'>ปีการผลิต</td><td style='padding:3px 6px;'>257071</td></tr><tr><td style='padding:3px 6px; font-weight:bold; background-color:#f2f2f2;'>รหัสกลุ่มรถไถ</td><td style='padding:3px 6px;'>62/008</td></tr><tr><td style='padding:3px 6px; font-weight:bold; background-color:#f2f2f2;'>โควตาชาวไร่</td><td style='padding:3px 6px;'>763099</td></tr><tr><td style='padding:3px 6px; font-weight:bold; background-color:#f2f2f2;'>ชื่อ-นามสกุล</td><td style='padding:3px 6px;'>นาง นิตยา นาคประโคน</td></tr><tr><td style='padding:3px 6px; font-weight:bold; background-color:#f2f2f2;'>111</td><td style='padding:3px 6px;'>310801091588</td></tr><tr><td style='padding:3px 6px; font-weight:bold; background-color:#f2f2f2;'>ประเภทอ้อย</td><td style='padding:3px 6px;'>อ้อยปลายฝน</td></tr><tr><td style='padding:3px 6px; font-weight:bold; background-color:#f2f2f2;'>พื้นที่ปลูก</td><td style='padding:3px 6px;'>4.33</td></tr><tr><td style='padding:3px 6px; font-weight:bold; background-color:#f2f2f2;'>ศูนย์</td><td style='padding:3px 6px;'>K2-62</td></tr><tr><td style='padding:3px 6px; font-weight:bold; background-color:#f2f2f2;'>นักเกษตร</td><td style='padding:3px 6px;'>6205</td></tr><tr><td style='padding:3px 6px; font-weight:bold; background-color:#f2f2f2;'>กลุ่ม</td><td style='padding:3px 6px;'>กลุ่ม_62</td></tr></table></div>]]></description>
      <styleUrl>#style_62_008</styleUrl>
      <MultiGeometry><Polygon><outerBoundaryIs><LinearRing><coordinates>103.0753255,14.4370890,0 103.0749557,14.4370877,0 103.0750140,14.4386616,0 103.0753833,14.4386396,0 103.0753255,14.4370890,0</coordinates></LinearRing></outerBoundaryIs></Polygon></MultiGeometry>
    </Placemark>
    <Placemark>
      <name>310715031568</name>
      <description><![CDATA[<div style='font-family:Tahoma,sans-serif; font-size:13px;'><h3 style='color:#1565C0; margin:4px 0;'>รหัส: 310715031568</h3><p style='margin:2px 0;'><b>กลุ่มรถไถ:</b> 62_008</p><table border='1' style='border-collapse:collapse; border-color:#ccc; width:100%;'><tr><td style='padding:3px 6px; font-weight:bold; background-color:#f2f2f2;'>ปีการผลิต</td><td style='padding:3px 6px;'>257071</td></tr><tr><td style='padding:3px 6px; font-weight:bold; background-color:#f2f2f2;'>รหัสกลุ่มรถไถ</td><td style='padding:3px 6px;'>62/008</td></tr><tr><td style='padding:3px 6px; font-weight:bold; background-color:#f2f2f2;'>โควตาชาวไร่</td><td style='padding:3px 6px;'>764046</td></tr><tr><td style='padding:3px 6px; font-weight:bold; background-color:#f2f2f2;'>ชื่อ-นามสกุล</td><td style='padding:3px 6px;'>นาย บุญเลิศ ถีถาวร</td></tr><tr><td style='padding:3px 6px; font-weight:bold; background-color:#f2f2f2;'>111</td><td style='padding:3px 6px;'>310715031568</td></tr><tr><td style='padding:3px 6px; font-weight:bold; background-color:#f2f2f2;'>ประเภทอ้อย</td><td style='padding:3px 6px;'>อ้อยปลายฝน</td></tr><tr><td style='padding:3px 6px; font-weight:bold; background-color:#f2f2f2;'>พื้นที่ปลูก</td><td style='padding:3px 6px;'>13.51</td></tr><tr><td style='padding:3px 6px; font-weight:bold; background-color:#f2f2f2;'>ศูนย์</td><td style='padding:3px 6px;'>K2-62</td></tr><tr><td style='padding:3px 6px; font-weight:bold; background-color:#f2f2f2;'>นักเกษตร</td><td style='padding:3px 6px;'>6204</td></tr><tr><td style='padding:3px 6px; font-weight:bold; background-color:#f2f2f2;'>กลุ่ม</td><td style='padding:3px 6px;'>กลุ่ม_62</td></tr></table></div>]]></description>
      <styleUrl>#style_62_008</styleUrl>
      <MultiGeometry><Polygon><outerBoundaryIs><LinearRing><coordinates>103.0859171,14.4651361,0 103.0867663,14.4649375,0 103.0873607,14.4647005,0 103.0876711,14.4646261,0 103.0877982,14.4645902,0 103.0883207,14.4644106,0 103.0881953,14.4640864,0 103.0881313,14.4637955,0 103.0878009,14.4639105,0 103.0876730,14.4639442,0 103.0875673,14.4639590,0 103.0873339,14.4640430,0 103.0870805,14.4640704,0 103.0868435,14.4641702,0 103.0865341,14.4642990,0 103.0862885,14.4644129,0 103.0860512,14.4645373,0 103.0858793,14.4646052,0 103.0856947,14.4646606,0 103.0856308,14.4647068,0 103.0854120,14.4648223,0 103.0853860,14.4648774,0 103.0853575,14.4649017,0 103.0853491,14.4649489,0 103.0855153,14.4651199,0 103.0855890,14.4651449,0 103.0857131,14.4652357,0 103.0858370,14.4652715,0 103.0859171,14.4651361,0</coordinates></LinearRing></outerBoundaryIs></Polygon></MultiGeometry>
    </Placemark>
    <Placemark>
      <name>310715031780</name>
      <description><![CDATA[<div style='font-family:Tahoma,sans-serif; font-size:13px;'><h3 style='color:#1565C0; margin:4px 0;'>รหัส: 310715031780</h3><p style='margin:2px 0;'><b>กลุ่มรถไถ:</b> 62_008</p><table border='1' style='border-collapse:collapse; border-color:#ccc; width:100%;'><tr><td style='padding:3px 6px; font-weight:bold; background-color:#f2f2f2;'>ปีการผลิต</td><td style='padding:3px 6px;'>257071</td></tr><tr><td style='padding:3px 6px; font-weight:bold; background-color:#f2f2f2;'>รหัสกลุ่มรถไถ</td><td style='padding:3px 6px;'>62/008</td></tr><tr><td style='padding:3px 6px; font-weight:bold; background-color:#f2f2f2;'>โควตาชาวไร่</td><td style='padding:3px 6px;'>764046</td></tr><tr><td style='padding:3px 6px; font-weight:bold; background-color:#f2f2f2;'>ชื่อ-นามสกุล</td><td style='padding:3px 6px;'>นาย บุญเลิศ ถีถาวร</td></tr><tr><td style='padding:3px 6px; font-weight:bold; background-color:#f2f2f2;'>111</td><td style='padding:3px 6px;'>310715031780</td></tr><tr><td style='padding:3px 6px; font-weight:bold; background-color:#f2f2f2;'>ประเภทอ้อย</td><td style='padding:3px 6px;'>อ้อยปลายฝน</td></tr><tr><td style='padding:3px 6px; font-weight:bold; background-color:#f2f2f2;'>พื้นที่ปลูก</td><td style='padding:3px 6px;'>4.14</td></tr><tr><td style='padding:3px 6px; font-weight:bold; background-color:#f2f2f2;'>ศูนย์</td><td style='padding:3px 6px;'>K2-62</td></tr><tr><td style='padding:3px 6px; font-weight:bold; background-color:#f2f2f2;'>นักเกษตร</td><td style='padding:3px 6px;'>6204</td></tr><tr><td style='padding:3px 6px; font-weight:bold; background-color:#f2f2f2;'>กลุ่ม</td><td style='padding:3px 6px;'>กลุ่ม_62</td></tr></table></div>]]></description>
      <styleUrl>#style_62_008</styleUrl>
      <MultiGeometry><Polygon><outerBoundaryIs><LinearRing><coordinates>103.0863876,14.4653450,0 103.0866933,14.4652457,0 103.0868287,14.4651812,0 103.0870230,14.4651187,0 103.0871321,14.4650864,0 103.0873958,14.4649684,0 103.0874297,14.4649435,0 103.0874685,14.4649371,0 103.0874755,14.4648988,0 103.0875548,14.4648566,0 103.0876084,14.4648433,0 103.0876852,14.4648241,0 103.0877338,14.4648129,0 103.0877627,14.4648521,0 103.0878373,14.4648297,0 103.0878851,14.4648130,0 103.0880535,14.4647675,0 103.0881459,14.4647242,0 103.0883972,14.4646364,0 103.0883296,14.4644411,0 103.0882292,14.4644902,0 103.0881905,14.4644977,0 103.0880917,14.4645140,0 103.0880402,14.4645505,0 103.0879565,14.4645525,0 103.0878181,14.4645928,0 103.0876791,14.4646281,0 103.0875805,14.4646513,0 103.0874788,14.4646805,0 103.0873868,14.4647223,0 103.0866392,14.4649725,0 103.0862723,14.4650868,0 103.0861780,14.4651026,0 103.0861969,14.4653967,0 103.0863876,14.4653450,0</coordinates></LinearRing></outerBoundaryIs></Polygon></MultiGeometry>
    </Placemark>
    <Placemark>
      <name>310715090034</name>
      <description><![CDATA[<div style='font-family:Tahoma,sans-serif; font-size:13px;'><h3 style='color:#1565C0; margin:4px 0;'>รหัส: 310715090034</h3><p style='margin:2px 0;'><b>กลุ่มรถไถ:</b> 62_008</p><table border='1' style='border-collapse:collapse; border-color:#ccc; width:100%;'><tr><td style='padding:3px 6px; font-weight:bold; background-color:#f2f2f2;'>ปีการผลิต</td><td style='padding:3px 6px;'>257071</td></tr><tr><td style='padding:3px 6px; font-weight:bold; background-color:#f2f2f2;'>รหัสกลุ่มรถไถ</td><td style='padding:3px 6px;'>62/008</td></tr><tr><td style='padding:3px 6px; font-weight:bold; background-color:#f2f2f2;'>โควตาชาวไร่</td><td style='padding:3px 6px;'>764126</td></tr><tr><td style='padding:3px 6px; font-weight:bold; background-color:#f2f2f2;'>ชื่อ-นามสกุล</td><td style='padding:3px 6px;'>นาย ชวลิต อินธิแสง</td></tr><tr><td style='padding:3px 6px; font-weight:bold; background-color:#f2f2f2;'>111</td><td style='padding:3px 6px;'>310715090034</td></tr><tr><td style='padding:3px 6px; font-weight:bold; background-color:#f2f2f2;'>ประเภทอ้อย</td><td style='padding:3px 6px;'>อ้อยปลายฝน</td></tr><tr><td style='padding:3px 6px; font-weight:bold; background-color:#f2f2f2;'>พื้นที่ปลูก</td><td style='padding:3px 6px;'>5.9</td></tr><tr><td style='padding:3px 6px; font-weight:bold; background-color:#f2f2f2;'>ศูนย์</td><td style='padding:3px 6px;'>K2-62</td></tr><tr><td style='padding:3px 6px; font-weight:bold; background-color:#f2f2f2;'>นักเกษตร</td><td style='padding:3px 6px;'>6204</td></tr><tr><td style='padding:3px 6px; font-weight:bold; background-color:#f2f2f2;'>กลุ่ม</td><td style='padding:3px 6px;'>กลุ่ม_62</td></tr></table></div>]]></description>
      <styleUrl>#style_62_008</styleUrl>
      <MultiGeometry><Polygon><outerBoundaryIs><LinearRing><coordinates>103.1128615,14.4852279,0 103.1132675,14.4850443,0 103.1135895,14.4848989,0 103.1137084,14.4848353,0 103.1138692,14.4847308,0 103.1140742,14.4846525,0 103.1142327,14.4845937,0 103.1143652,14.4845247,0 103.1142084,14.4841450,0 103.1139410,14.4842233,0 103.1135704,14.4843670,0 103.1133161,14.4844696,0 103.1130144,14.4846102,0 103.1126894,14.4847312,0 103.1128615,14.4852279,0</coordinates></LinearRing></outerBoundaryIs></Polygon></MultiGeometry>
    </Placemark>
    <Placemark>
      <name>310715031756</name>
      <description><![CDATA[<div style='font-family:Tahoma,sans-serif; font-size:13px;'><h3 style='color:#1565C0; margin:4px 0;'>รหัส: 310715031756</h3><p style='margin:2px 0;'><b>กลุ่มรถไถ:</b> 62_008</p><table border='1' style='border-collapse:collapse; border-color:#ccc; width:100%;'><tr><td style='padding:3px 6px; font-weight:bold; background-color:#f2f2f2;'>ปีการผลิต</td><td style='padding:3px 6px;'>257071</td></tr><tr><td style='padding:3px 6px; font-weight:bold; background-color:#f2f2f2;'>รหัสกลุ่มรถไถ</td><td style='padding:3px 6px;'>62/008</td></tr><tr><td style='padding:3px 6px; font-weight:bold; background-color:#f2f2f2;'>โควตาชาวไร่</td><td style='padding:3px 6px;'>765112</td></tr><tr><td style='padding:3px 6px; font-weight:bold; background-color:#f2f2f2;'>ชื่อ-นามสกุล</td><td style='padding:3px 6px;'>นาย เลือด วงศ์ประโคน</td></tr><tr><td style='padding:3px 6px; font-weight:bold; background-color:#f2f2f2;'>111</td><td style='padding:3px 6px;'>310715031756</td></tr><tr><td style='padding:3px 6px; font-weight:bold; background-color:#f2f2f2;'>ประเภทอ้อย</td><td style='padding:3px 6px;'>อ้อยปลายฝน</td></tr><tr><td style='padding:3px 6px; font-weight:bold; background-color:#f2f2f2;'>พื้นที่ปลูก</td><td style='padding:3px 6px;'>6.5</td></tr><tr><td style='padding:3px 6px; font-weight:bold; background-color:#f2f2f2;'>ศูนย์</td><td style='padding:3px 6px;'>K2-62</td></tr><tr><td style='padding:3px 6px; font-weight:bold; background-color:#f2f2f2;'>นักเกษตร</td><td style='padding:3px 6px;'>6204</td></tr><tr><td style='padding:3px 6px; font-weight:bold; background-color:#f2f2f2;'>กลุ่ม</td><td style='padding:3px 6px;'>กลุ่ม_62</td></tr></table></div>]]></description>
      <styleUrl>#style_62_008</styleUrl>
      <MultiGeometry><Polygon><outerBoundaryIs><LinearRing><coordinates>103.0876673,14.4566202,0 103.0879815,14.4565577,0 103.0880406,14.4565589,0 103.0883219,14.4564370,0 103.0884353,14.4563752,0 103.0885860,14.4563081,0 103.0891045,14.4560846,0 103.0890156,14.4558368,0 103.0890062,14.4557746,0 103.0889203,14.4558003,0 103.0888811,14.4558187,0 103.0887822,14.4555802,0 103.0888874,14.4555576,0 103.0888531,14.4554296,0 103.0883665,14.4557184,0 103.0882221,14.4558031,0 103.0881152,14.4558464,0 103.0881189,14.4558825,0 103.0878515,14.4560102,0 103.0876124,14.4561183,0 103.0875426,14.4561806,0 103.0875950,14.4562325,0 103.0876309,14.4563148,0 103.0876610,14.4563696,0 103.0876951,14.4564751,0 103.0876673,14.4566202,0</coordinates></LinearRing></outerBoundaryIs></Polygon></MultiGeometry>
    </Placemark>
    <Placemark>
      <name>310715031792</name>
      <description><![CDATA[<div style='font-family:Tahoma,sans-serif; font-size:13px;'><h3 style='color:#1565C0; margin:4px 0;'>รหัส: 310715031792</h3><p style='margin:2px 0;'><b>กลุ่มรถไถ:</b> 62_008</p><table border='1' style='border-collapse:collapse; border-color:#ccc; width:100%;'><tr><td style='padding:3px 6px; font-weight:bold; background-color:#f2f2f2;'>ปีการผลิต</td><td style='padding:3px 6px;'>257071</td></tr><tr><td style='padding:3px 6px; font-weight:bold; background-color:#f2f2f2;'>รหัสกลุ่มรถไถ</td><td style='padding:3px 6px;'>62/008</td></tr><tr><td style='padding:3px 6px; font-weight:bold; background-color:#f2f2f2;'>โควตาชาวไร่</td><td style='padding:3px 6px;'>765113</td></tr><tr><td style='padding:3px 6px; font-weight:bold; background-color:#f2f2f2;'>ชื่อ-นามสกุล</td><td style='padding:3px 6px;'>นาย ทอง ทาสีทอง</td></tr><tr><td style='padding:3px 6px; font-weight:bold; background-color:#f2f2f2;'>111</td><td style='padding:3px 6px;'>310715031792</td></tr><tr><td style='padding:3px 6px; font-weight:bold; background-color:#f2f2f2;'>ประเภทอ้อย</td><td style='padding:3px 6px;'>อ้อยปลายฝน</td></tr><tr><td style='padding:3px 6px; font-weight:bold; background-color:#f2f2f2;'>พื้นที่ปลูก</td><td style='padding:3px 6px;'>10.39</td></tr><tr><td style='padding:3px 6px; font-weight:bold; background-color:#f2f2f2;'>ศูนย์</td><td style='padding:3px 6px;'>K2-62</td></tr><tr><td style='padding:3px 6px; font-weight:bold; background-color:#f2f2f2;'>นักเกษตร</td><td style='padding:3px 6px;'>6204</td></tr><tr><td style='padding:3px 6px; font-weight:bold; background-color:#f2f2f2;'>กลุ่ม</td><td style='padding:3px 6px;'>กลุ่ม_62</td></tr></table></div>]]></description>
      <styleUrl>#style_62_008</styleUrl>
      <MultiGeometry><Polygon><outerBoundaryIs><LinearRing><coordinates>103.0876263,14.4539401,0 103.0863006,14.4542493,0 103.0864007,14.4544339,0 103.0865944,14.4546110,0 103.0866456,14.4546878,0 103.0867374,14.4547566,0 103.0867404,14.4547589,0 103.0868182,14.4547560,0 103.0870009,14.4548669,0 103.0871134,14.4552929,0 103.0872083,14.4553990,0 103.0872829,14.4554254,0 103.0873915,14.4553856,0 103.0880039,14.4550779,0 103.0876263,14.4539401,0</coordinates></LinearRing></outerBoundaryIs></Polygon></MultiGeometry>
    </Placemark>
    <Placemark>
      <name>310801111507</name>
      <description><![CDATA[<div style='font-family:Tahoma,sans-serif; font-size:13px;'><h3 style='color:#1565C0; margin:4px 0;'>รหัส: 310801111507</h3><p style='margin:2px 0;'><b>กลุ่มรถไถ:</b> 62_008</p><table border='1' style='border-collapse:collapse; border-color:#ccc; width:100%;'><tr><td style='padding:3px 6px; font-weight:bold; background-color:#f2f2f2;'>ปีการผลิต</td><td style='padding:3px 6px;'>257071</td></tr><tr><td style='padding:3px 6px; font-weight:bold; background-color:#f2f2f2;'>รหัสกลุ่มรถไถ</td><td style='padding:3px 6px;'>62/008</td></tr><tr><td style='padding:3px 6px; font-weight:bold; background-color:#f2f2f2;'>โควตาชาวไร่</td><td style='padding:3px 6px;'>765268</td></tr><tr><td style='padding:3px 6px; font-weight:bold; background-color:#f2f2f2;'>ชื่อ-นามสกุล</td><td style='padding:3px 6px;'>นาง สุพัตรา หาญประโคน</td></tr><tr><td style='padding:3px 6px; font-weight:bold; background-color:#f2f2f2;'>111</td><td style='padding:3px 6px;'>310801111507</td></tr><tr><td style='padding:3px 6px; font-weight:bold; background-color:#f2f2f2;'>ประเภทอ้อย</td><td style='padding:3px 6px;'>อ้อยปลายฝน</td></tr><tr><td style='padding:3px 6px; font-weight:bold; background-color:#f2f2f2;'>พื้นที่ปลูก</td><td style='padding:3px 6px;'>10.63</td></tr><tr><td style='padding:3px 6px; font-weight:bold; background-color:#f2f2f2;'>ศูนย์</td><td style='padding:3px 6px;'>K2-62</td></tr><tr><td style='padding:3px 6px; font-weight:bold; background-color:#f2f2f2;'>นักเกษตร</td><td style='padding:3px 6px;'>6204</td></tr><tr><td style='padding:3px 6px; font-weight:bold; background-color:#f2f2f2;'>กลุ่ม</td><td style='padding:3px 6px;'>กลุ่ม_62</td></tr></table></div>]]></description>
      <styleUrl>#style_62_008</styleUrl>
      <MultiGeometry><Polygon><outerBoundaryIs><LinearRing><coordinates>103.1131198,14.4467880,0 103.1126953,14.4467939,0 103.1122137,14.4467862,0 103.1122114,14.4468142,0 103.1122732,14.4471383,0 103.1123403,14.4475443,0 103.1123919,14.4478841,0 103.1124101,14.4479821,0 103.1125103,14.4479520,0 103.1125592,14.4479190,0 103.1126659,14.4479174,0 103.1129834,14.4478384,0 103.1131820,14.4477946,0 103.1132631,14.4477793,0 103.1135262,14.4477143,0 103.1136391,14.4476810,0 103.1137241,14.4476466,0 103.1138502,14.4476290,0 103.1138415,14.4475460,0 103.1138809,14.4475153,0 103.1139141,14.4475304,0 103.1137255,14.4472839,0 103.1136555,14.4471433,0 103.1135794,14.4471139,0 103.1135468,14.4469668,0 103.1134794,14.4468960,0 103.1134134,14.4468450,0 103.1133269,14.4468242,0 103.1132416,14.4468136,0 103.1131198,14.4467880,0</coordinates></LinearRing></outerBoundaryIs></Polygon></MultiGeometry>
    </Placemark>
    <Placemark>
      <name>310801131547</name>
      <description><![CDATA[<div style='font-family:Tahoma,sans-serif; font-size:13px;'><h3 style='color:#1565C0; margin:4px 0;'>รหัส: 310801131547</h3><p style='margin:2px 0;'><b>กลุ่มรถไถ:</b> 62_008</p><table border='1' style='border-collapse:collapse; border-color:#ccc; width:100%;'><tr><td style='padding:3px 6px; font-weight:bold; background-color:#f2f2f2;'>ปีการผลิต</td><td style='padding:3px 6px;'>257071</td></tr><tr><td style='padding:3px 6px; font-weight:bold; background-color:#f2f2f2;'>รหัสกลุ่มรถไถ</td><td style='padding:3px 6px;'>62/008</td></tr><tr><td style='padding:3px 6px; font-weight:bold; background-color:#f2f2f2;'>โควตาชาวไร่</td><td style='padding:3px 6px;'>765275</td></tr><tr><td style='padding:3px 6px; font-weight:bold; background-color:#f2f2f2;'>ชื่อ-นามสกุล</td><td style='padding:3px 6px;'>นาย เปียก หิงประโคน</td></tr><tr><td style='padding:3px 6px; font-weight:bold; background-color:#f2f2f2;'>111</td><td style='padding:3px 6px;'>310801131547</td></tr><tr><td style='padding:3px 6px; font-weight:bold; background-color:#f2f2f2;'>ประเภทอ้อย</td><td style='padding:3px 6px;'>อ้อยปลายฝน</td></tr><tr><td style='padding:3px 6px; font-weight:bold; background-color:#f2f2f2;'>พื้นที่ปลูก</td><td style='padding:3px 6px;'>4.48</td></tr><tr><td style='padding:3px 6px; font-weight:bold; background-color:#f2f2f2;'>ศูนย์</td><td style='padding:3px 6px;'>K2-62</td></tr><tr><td style='padding:3px 6px; font-weight:bold; background-color:#f2f2f2;'>นักเกษตร</td><td style='padding:3px 6px;'>6204</td></tr><tr><td style='padding:3px 6px; font-weight:bold; background-color:#f2f2f2;'>กลุ่ม</td><td style='padding:3px 6px;'>กลุ่ม_62</td></tr></table></div>]]></description>
      <styleUrl>#style_62_008</styleUrl>
      <MultiGeometry><Polygon><outerBoundaryIs><LinearRing><coordinates>103.1155873,14.4416260,0 103.1156713,14.4416393,0 103.1159115,14.4416300,0 103.1161629,14.4416535,0 103.1163307,14.4416476,0 103.1163948,14.4416642,0 103.1169418,14.4416990,0 103.1174448,14.4417288,0 103.1174893,14.4416988,0 103.1175299,14.4414214,0 103.1169831,14.4413729,0 103.1166295,14.4413780,0 103.1162399,14.4413527,0 103.1161840,14.4413244,0 103.1160084,14.4413065,0 103.1159106,14.4412886,0 103.1156770,14.4412847,0 103.1156390,14.4414810,0 103.1155873,14.4416260,0</coordinates></LinearRing></outerBoundaryIs></Polygon></MultiGeometry>
    </Placemark>
    <Placemark>
      <name>310715071557</name>
      <description><![CDATA[<div style='font-family:Tahoma,sans-serif; font-size:13px;'><h3 style='color:#1565C0; margin:4px 0;'>รหัส: 310715071557</h3><p style='margin:2px 0;'><b>กลุ่มรถไถ:</b> 62_008</p><table border='1' style='border-collapse:collapse; border-color:#ccc; width:100%;'><tr><td style='padding:3px 6px; font-weight:bold; background-color:#f2f2f2;'>ปีการผลิต</td><td style='padding:3px 6px;'>257071</td></tr><tr><td style='padding:3px 6px; font-weight:bold; background-color:#f2f2f2;'>รหัสกลุ่มรถไถ</td><td style='padding:3px 6px;'>62/008</td></tr><tr><td style='padding:3px 6px; font-weight:bold; background-color:#f2f2f2;'>โควตาชาวไร่</td><td style='padding:3px 6px;'>765276</td></tr><tr><td style='padding:3px 6px; font-weight:bold; background-color:#f2f2f2;'>ชื่อ-นามสกุล</td><td style='padding:3px 6px;'>นาย ชูเกียรติ ทรงสุริยะกุล</td></tr><tr><td style='padding:3px 6px; font-weight:bold; background-color:#f2f2f2;'>111</td><td style='padding:3px 6px;'>310715071557</td></tr><tr><td style='padding:3px 6px; font-weight:bold; background-color:#f2f2f2;'>ประเภทอ้อย</td><td style='padding:3px 6px;'>อ้อยปลายฝน</td></tr><tr><td style='padding:3px 6px; font-weight:bold; background-color:#f2f2f2;'>พื้นที่ปลูก</td><td style='padding:3px 6px;'>13.52</td></tr><tr><td style='padding:3px 6px; font-weight:bold; background-color:#f2f2f2;'>ศูนย์</td><td style='padding:3px 6px;'>K2-62</td></tr><tr><td style='padding:3px 6px; font-weight:bold; background-color:#f2f2f2;'>นักเกษตร</td><td style='padding:3px 6px;'>6204</td></tr><tr><td style='padding:3px 6px; font-weight:bold; background-color:#f2f2f2;'>กลุ่ม</td><td style='padding:3px 6px;'>กลุ่ม_62</td></tr></table></div>]]></description>
      <styleUrl>#style_62_008</styleUrl>
      <MultiGeometry><Polygon><outerBoundaryIs><LinearRing><coordinates>103.0517581,14.4397215,0 103.0518107,14.4399547,0 103.0520480,14.4400671,0 103.0521738,14.4401681,0 103.0522893,14.4403091,0 103.0525688,14.4405684,0 103.0542082,14.4402647,0 103.0540274,14.4395409,0 103.0530596,14.4395213,0 103.0517581,14.4397215,0</coordinates></LinearRing></outerBoundaryIs></Polygon></MultiGeometry>
    </Placemark>
    <Placemark>
      <name>310801091589</name>
      <description><![CDATA[<div style='font-family:Tahoma,sans-serif; font-size:13px;'><h3 style='color:#1565C0; margin:4px 0;'>รหัส: 310801091589</h3><p style='margin:2px 0;'><b>กลุ่มรถไถ:</b> 62_008</p><table border='1' style='border-collapse:collapse; border-color:#ccc; width:100%;'><tr><td style='padding:3px 6px; font-weight:bold; background-color:#f2f2f2;'>ปีการผลิต</td><td style='padding:3px 6px;'>257071</td></tr><tr><td style='padding:3px 6px; font-weight:bold; background-color:#f2f2f2;'>รหัสกลุ่มรถไถ</td><td style='padding:3px 6px;'>62/008</td></tr><tr><td style='padding:3px 6px; font-weight:bold; background-color:#f2f2f2;'>โควตาชาวไร่</td><td style='padding:3px 6px;'>765276</td></tr><tr><td style='padding:3px 6px; font-weight:bold; background-color:#f2f2f2;'>ชื่อ-นามสกุล</td><td style='padding:3px 6px;'>นาย ชูเกียรติ ทรงสุริยะกุล</td></tr><tr><td style='padding:3px 6px; font-weight:bold; background-color:#f2f2f2;'>111</td><td style='padding:3px 6px;'>310801091589</td></tr><tr><td style='padding:3px 6px; font-weight:bold; background-color:#f2f2f2;'>ประเภทอ้อย</td><td style='padding:3px 6px;'>อ้อยปลายฝน</td></tr><tr><td style='padding:3px 6px; font-weight:bold; background-color:#f2f2f2;'>พื้นที่ปลูก</td><td style='padding:3px 6px;'>9.32</td></tr><tr><td style='padding:3px 6px; font-weight:bold; background-color:#f2f2f2;'>ศูนย์</td><td style='padding:3px 6px;'>K2-62</td></tr><tr><td style='padding:3px 6px; font-weight:bold; background-color:#f2f2f2;'>นักเกษตร</td><td style='padding:3px 6px;'>6204</td></tr><tr><td style='padding:3px 6px; font-weight:bold; background-color:#f2f2f2;'>กลุ่ม</td><td style='padding:3px 6px;'>กลุ่ม_62</td></tr></table></div>]]></description>
      <styleUrl>#style_62_008</styleUrl>
      <MultiGeometry><Polygon><outerBoundaryIs><LinearRing><coordinates>103.0663118,14.4415652,0 103.0661378,14.4407220,0 103.0661147,14.4406786,0 103.0660731,14.4406835,0 103.0660632,14.4406311,0 103.0661092,14.4406116,0 103.0661087,14.4405519,0 103.0660436,14.4402412,0 103.0659252,14.4396277,0 103.0659094,14.4394444,0 103.0656843,14.4394241,0 103.0652524,14.4394407,0 103.0653602,14.4398755,0 103.0653535,14.4398831,0 103.0654517,14.4402449,0 103.0656041,14.4407844,0 103.0657192,14.4412229,0 103.0658305,14.4416750,0 103.0663118,14.4415652,0</coordinates></LinearRing></outerBoundaryIs></Polygon></MultiGeometry>
    </Placemark>
    <Placemark>
      <name>310801141537</name>
      <description><![CDATA[<div style='font-family:Tahoma,sans-serif; font-size:13px;'><h3 style='color:#1565C0; margin:4px 0;'>รหัส: 310801141537</h3><p style='margin:2px 0;'><b>กลุ่มรถไถ:</b> 62_008</p><table border='1' style='border-collapse:collapse; border-color:#ccc; width:100%;'><tr><td style='padding:3px 6px; font-weight:bold; background-color:#f2f2f2;'>ปีการผลิต</td><td style='padding:3px 6px;'>257071</td></tr><tr><td style='padding:3px 6px; font-weight:bold; background-color:#f2f2f2;'>รหัสกลุ่มรถไถ</td><td style='padding:3px 6px;'>62/008</td></tr><tr><td style='padding:3px 6px; font-weight:bold; background-color:#f2f2f2;'>โควตาชาวไร่</td><td style='padding:3px 6px;'>765524</td></tr><tr><td style='padding:3px 6px; font-weight:bold; background-color:#f2f2f2;'>ชื่อ-นามสกุล</td><td style='padding:3px 6px;'>นาง จันทร์ พิประโคน</td></tr><tr><td style='padding:3px 6px; font-weight:bold; background-color:#f2f2f2;'>111</td><td style='padding:3px 6px;'>310801141537</td></tr><tr><td style='padding:3px 6px; font-weight:bold; background-color:#f2f2f2;'>ประเภทอ้อย</td><td style='padding:3px 6px;'>อ้อยปลายฝน</td></tr><tr><td style='padding:3px 6px; font-weight:bold; background-color:#f2f2f2;'>พื้นที่ปลูก</td><td style='padding:3px 6px;'>6.43</td></tr><tr><td style='padding:3px 6px; font-weight:bold; background-color:#f2f2f2;'>ศูนย์</td><td style='padding:3px 6px;'>K2-62</td></tr><tr><td style='padding:3px 6px; font-weight:bold; background-color:#f2f2f2;'>นักเกษตร</td><td style='padding:3px 6px;'>6204</td></tr><tr><td style='padding:3px 6px; font-weight:bold; background-color:#f2f2f2;'>กลุ่ม</td><td style='padding:3px 6px;'>กลุ่ม_62</td></tr></table></div>]]></description>
      <styleUrl>#style_62_008</styleUrl>
      <MultiGeometry><Polygon><outerBoundaryIs><LinearRing><coordinates>103.0878468,14.4523318,0 103.0891768,14.4522804,0 103.0891489,14.4520341,0 103.0887667,14.4520420,0 103.0883999,14.4520359,0 103.0882851,14.4520189,0 103.0878634,14.4520127,0 103.0873960,14.4520289,0 103.0864965,14.4521056,0 103.0866113,14.4525236,0 103.0878468,14.4523318,0</coordinates></LinearRing></outerBoundaryIs></Polygon></MultiGeometry>
    </Placemark>
    <Placemark>
      <name>310715031534</name>
      <description><![CDATA[<div style='font-family:Tahoma,sans-serif; font-size:13px;'><h3 style='color:#1565C0; margin:4px 0;'>รหัส: 310715031534</h3><p style='margin:2px 0;'><b>กลุ่มรถไถ:</b> 62_008</p><table border='1' style='border-collapse:collapse; border-color:#ccc; width:100%;'><tr><td style='padding:3px 6px; font-weight:bold; background-color:#f2f2f2;'>ปีการผลิต</td><td style='padding:3px 6px;'>257071</td></tr><tr><td style='padding:3px 6px; font-weight:bold; background-color:#f2f2f2;'>รหัสกลุ่มรถไถ</td><td style='padding:3px 6px;'>62/008</td></tr><tr><td style='padding:3px 6px; font-weight:bold; background-color:#f2f2f2;'>โควตาชาวไร่</td><td style='padding:3px 6px;'>765544</td></tr><tr><td style='padding:3px 6px; font-weight:bold; background-color:#f2f2f2;'>ชื่อ-นามสกุล</td><td style='padding:3px 6px;'>นางสาว รจนา จริงประโคน</td></tr><tr><td style='padding:3px 6px; font-weight:bold; background-color:#f2f2f2;'>111</td><td style='padding:3px 6px;'>310715031534</td></tr><tr><td style='padding:3px 6px; font-weight:bold; background-color:#f2f2f2;'>ประเภทอ้อย</td><td style='padding:3px 6px;'>อ้อยปลายฝน</td></tr><tr><td style='padding:3px 6px; font-weight:bold; background-color:#f2f2f2;'>พื้นที่ปลูก</td><td style='padding:3px 6px;'>9.62</td></tr><tr><td style='padding:3px 6px; font-weight:bold; background-color:#f2f2f2;'>ศูนย์</td><td style='padding:3px 6px;'>K2-62</td></tr><tr><td style='padding:3px 6px; font-weight:bold; background-color:#f2f2f2;'>นักเกษตร</td><td style='padding:3px 6px;'>6204</td></tr><tr><td style='padding:3px 6px; font-weight:bold; background-color:#f2f2f2;'>กลุ่ม</td><td style='padding:3px 6px;'>กลุ่ม_62</td></tr></table></div>]]></description>
      <styleUrl>#style_62_008</styleUrl>
      <MultiGeometry><Polygon><outerBoundaryIs><LinearRing><coordinates>103.0824746,14.4678765,0 103.0828341,14.4642342,0 103.0827747,14.4642308,0 103.0826006,14.4642730,0 103.0825408,14.4643021,0 103.0820606,14.4677413,0 103.0821284,14.4677670,0 103.0821241,14.4678473,0 103.0824746,14.4678765,0</coordinates></LinearRing></outerBoundaryIs></Polygon></MultiGeometry>
    </Placemark>
    <Placemark>
      <name>310801141553</name>
      <description><![CDATA[<div style='font-family:Tahoma,sans-serif; font-size:13px;'><h3 style='color:#1565C0; margin:4px 0;'>รหัส: 310801141553</h3><p style='margin:2px 0;'><b>กลุ่มรถไถ:</b> 62_008</p><table border='1' style='border-collapse:collapse; border-color:#ccc; width:100%;'><tr><td style='padding:3px 6px; font-weight:bold; background-color:#f2f2f2;'>ปีการผลิต</td><td style='padding:3px 6px;'>257071</td></tr><tr><td style='padding:3px 6px; font-weight:bold; background-color:#f2f2f2;'>รหัสกลุ่มรถไถ</td><td style='padding:3px 6px;'>62/008</td></tr><tr><td style='padding:3px 6px; font-weight:bold; background-color:#f2f2f2;'>โควตาชาวไร่</td><td style='padding:3px 6px;'>765661</td></tr><tr><td style='padding:3px 6px; font-weight:bold; background-color:#f2f2f2;'>ชื่อ-นามสกุล</td><td style='padding:3px 6px;'>นาย เตือะ เจียดประโคน</td></tr><tr><td style='padding:3px 6px; font-weight:bold; background-color:#f2f2f2;'>111</td><td style='padding:3px 6px;'>310801141553</td></tr><tr><td style='padding:3px 6px; font-weight:bold; background-color:#f2f2f2;'>ประเภทอ้อย</td><td style='padding:3px 6px;'>อ้อยปลายฝน</td></tr><tr><td style='padding:3px 6px; font-weight:bold; background-color:#f2f2f2;'>พื้นที่ปลูก</td><td style='padding:3px 6px;'>13.55</td></tr><tr><td style='padding:3px 6px; font-weight:bold; background-color:#f2f2f2;'>ศูนย์</td><td style='padding:3px 6px;'>K2-62</td></tr><tr><td style='padding:3px 6px; font-weight:bold; background-color:#f2f2f2;'>นักเกษตร</td><td style='padding:3px 6px;'>6204</td></tr><tr><td style='padding:3px 6px; font-weight:bold; background-color:#f2f2f2;'>กลุ่ม</td><td style='padding:3px 6px;'>กลุ่ม_62</td></tr></table></div>]]></description>
      <styleUrl>#style_62_008</styleUrl>
      <MultiGeometry><Polygon><outerBoundaryIs><LinearRing><coordinates>103.0945434,14.4568699,0 103.0946195,14.4567008,0 103.0947254,14.4560526,0 103.0943008,14.4560420,0 103.0941970,14.4560805,0 103.0941159,14.4560782,0 103.0923740,14.4556577,0 103.0923880,14.4557415,0 103.0924302,14.4557680,0 103.0924262,14.4558253,0 103.0923860,14.4558481,0 103.0923438,14.4561573,0 103.0923357,14.4562259,0 103.0923239,14.4562488,0 103.0923130,14.4565014,0 103.0945434,14.4568699,0</coordinates></LinearRing></outerBoundaryIs></Polygon></MultiGeometry>
    </Placemark>
    <Placemark>
      <name>310801131568</name>
      <description><![CDATA[<div style='font-family:Tahoma,sans-serif; font-size:13px;'><h3 style='color:#1565C0; margin:4px 0;'>รหัส: 310801131568</h3><p style='margin:2px 0;'><b>กลุ่มรถไถ:</b> 62_008</p><table border='1' style='border-collapse:collapse; border-color:#ccc; width:100%;'><tr><td style='padding:3px 6px; font-weight:bold; background-color:#f2f2f2;'>ปีการผลิต</td><td style='padding:3px 6px;'>257071</td></tr><tr><td style='padding:3px 6px; font-weight:bold; background-color:#f2f2f2;'>รหัสกลุ่มรถไถ</td><td style='padding:3px 6px;'>62/008</td></tr><tr><td style='padding:3px 6px; font-weight:bold; background-color:#f2f2f2;'>โควตาชาวไร่</td><td style='padding:3px 6px;'>765674</td></tr><tr><td style='padding:3px 6px; font-weight:bold; background-color:#f2f2f2;'>ชื่อ-นามสกุล</td><td style='padding:3px 6px;'>นาง สมเกียรติ ม่วงประโคน</td></tr><tr><td style='padding:3px 6px; font-weight:bold; background-color:#f2f2f2;'>111</td><td style='padding:3px 6px;'>310801131568</td></tr><tr><td style='padding:3px 6px; font-weight:bold; background-color:#f2f2f2;'>ประเภทอ้อย</td><td style='padding:3px 6px;'>อ้อยปลายฝน</td></tr><tr><td style='padding:3px 6px; font-weight:bold; background-color:#f2f2f2;'>พื้นที่ปลูก</td><td style='padding:3px 6px;'>7.04</td></tr><tr><td style='padding:3px 6px; font-weight:bold; background-color:#f2f2f2;'>ศูนย์</td><td style='padding:3px 6px;'>K2-62</td></tr><tr><td style='padding:3px 6px; font-weight:bold; background-color:#f2f2f2;'>นักเกษตร</td><td style='padding:3px 6px;'>6204</td></tr><tr><td style='padding:3px 6px; font-weight:bold; background-color:#f2f2f2;'>กลุ่ม</td><td style='padding:3px 6px;'>กลุ่ม_62</td></tr></table></div>]]></description>
      <styleUrl>#style_62_008</styleUrl>
      <MultiGeometry><Polygon><outerBoundaryIs><LinearRing><coordinates>103.0928318,14.4322974,0 103.0925173,14.4324490,0 103.0922136,14.4324672,0 103.0919228,14.4325130,0 103.0918774,14.4334747,0 103.0928668,14.4333789,0 103.0928709,14.4332953,0 103.0928318,14.4322974,0</coordinates></LinearRing></outerBoundaryIs></Polygon></MultiGeometry>
    </Placemark>
    <Placemark>
      <name>310801090018</name>
      <description><![CDATA[<div style='font-family:Tahoma,sans-serif; font-size:13px;'><h3 style='color:#1565C0; margin:4px 0;'>รหัส: 310801090018</h3><p style='margin:2px 0;'><b>กลุ่มรถไถ:</b> 62_008</p><table border='1' style='border-collapse:collapse; border-color:#ccc; width:100%;'><tr><td style='padding:3px 6px; font-weight:bold; background-color:#f2f2f2;'>ปีการผลิต</td><td style='padding:3px 6px;'>257071</td></tr><tr><td style='padding:3px 6px; font-weight:bold; background-color:#f2f2f2;'>รหัสกลุ่มรถไถ</td><td style='padding:3px 6px;'>62/008</td></tr><tr><td style='padding:3px 6px; font-weight:bold; background-color:#f2f2f2;'>โควตาชาวไร่</td><td style='padding:3px 6px;'>765796</td></tr><tr><td style='padding:3px 6px; font-weight:bold; background-color:#f2f2f2;'>ชื่อ-นามสกุล</td><td style='padding:3px 6px;'>นางสาว นิตยา เงียบประโคน</td></tr><tr><td style='padding:3px 6px; font-weight:bold; background-color:#f2f2f2;'>111</td><td style='padding:3px 6px;'>310801090018</td></tr><tr><td style='padding:3px 6px; font-weight:bold; background-color:#f2f2f2;'>ประเภทอ้อย</td><td style='padding:3px 6px;'>อ้อยปลายฝน</td></tr><tr><td style='padding:3px 6px; font-weight:bold; background-color:#f2f2f2;'>พื้นที่ปลูก</td><td style='padding:3px 6px;'>8.88</td></tr><tr><td style='padding:3px 6px; font-weight:bold; background-color:#f2f2f2;'>ศูนย์</td><td style='padding:3px 6px;'>K2-62</td></tr><tr><td style='padding:3px 6px; font-weight:bold; background-color:#f2f2f2;'>นักเกษตร</td><td style='padding:3px 6px;'>6204</td></tr><tr><td style='padding:3px 6px; font-weight:bold; background-color:#f2f2f2;'>กลุ่ม</td><td style='padding:3px 6px;'>กลุ่ม_62</td></tr></table></div>]]></description>
      <styleUrl>#style_62_008</styleUrl>
      <MultiGeometry><Polygon><outerBoundaryIs><LinearRing><coordinates>103.0746428,14.4401570,0 103.0742589,14.4402116,0 103.0741101,14.4402298,0 103.0739162,14.4403025,0 103.0739562,14.4404999,0 103.0739697,14.4406256,0 103.0739844,14.4408009,0 103.0739916,14.4409196,0 103.0740052,14.4409927,0 103.0740663,14.4412404,0 103.0740734,14.4413021,0 103.0741194,14.4415521,0 103.0741470,14.4416508,0 103.0749158,14.4415656,0 103.0748945,14.4412445,0 103.0748635,14.4409767,0 103.0748179,14.4405838,0 103.0748115,14.4403699,0 103.0747492,14.4401535,0 103.0746409,14.4401575,0 103.0746428,14.4401570,0</coordinates></LinearRing></outerBoundaryIs></Polygon></MultiGeometry>
    </Placemark>
    <Placemark>
      <name>310801141558</name>
      <description><![CDATA[<div style='font-family:Tahoma,sans-serif; font-size:13px;'><h3 style='color:#1565C0; margin:4px 0;'>รหัส: 310801141558</h3><p style='margin:2px 0;'><b>กลุ่มรถไถ:</b> 62_008</p><table border='1' style='border-collapse:collapse; border-color:#ccc; width:100%;'><tr><td style='padding:3px 6px; font-weight:bold; background-color:#f2f2f2;'>ปีการผลิต</td><td style='padding:3px 6px;'>257071</td></tr><tr><td style='padding:3px 6px; font-weight:bold; background-color:#f2f2f2;'>รหัสกลุ่มรถไถ</td><td style='padding:3px 6px;'>62/008</td></tr><tr><td style='padding:3px 6px; font-weight:bold; background-color:#f2f2f2;'>โควตาชาวไร่</td><td style='padding:3px 6px;'>765809</td></tr><tr><td style='padding:3px 6px; font-weight:bold; background-color:#f2f2f2;'>ชื่อ-นามสกุล</td><td style='padding:3px 6px;'>นาย เจริญ เครือศรี</td></tr><tr><td style='padding:3px 6px; font-weight:bold; background-color:#f2f2f2;'>111</td><td style='padding:3px 6px;'>310801141558</td></tr><tr><td style='padding:3px 6px; font-weight:bold; background-color:#f2f2f2;'>ประเภทอ้อย</td><td style='padding:3px 6px;'>อ้อยปลายฝน</td></tr><tr><td style='padding:3px 6px; font-weight:bold; background-color:#f2f2f2;'>พื้นที่ปลูก</td><td style='padding:3px 6px;'>22.97</td></tr><tr><td style='padding:3px 6px; font-weight:bold; background-color:#f2f2f2;'>ศูนย์</td><td style='padding:3px 6px;'>K2-62</td></tr><tr><td style='padding:3px 6px; font-weight:bold; background-color:#f2f2f2;'>นักเกษตร</td><td style='padding:3px 6px;'>6204</td></tr><tr><td style='padding:3px 6px; font-weight:bold; background-color:#f2f2f2;'>กลุ่ม</td><td style='padding:3px 6px;'>กลุ่ม_62</td></tr></table></div>]]></description>
      <styleUrl>#style_62_008</styleUrl>
      <MultiGeometry><Polygon><outerBoundaryIs><LinearRing><coordinates>103.1156791,14.4589446,0 103.1156659,14.4599897,0 103.1157509,14.4613019,0 103.1158869,14.4625885,0 103.1159271,14.4632307,0 103.1166398,14.4632105,0 103.1164788,14.4614903,0 103.1163602,14.4596500,0 103.1163079,14.4593231,0 103.1163189,14.4588662,0 103.1162712,14.4588066,0 103.1159778,14.4588012,0 103.1157944,14.4587602,0 103.1157288,14.4589336,0 103.1156791,14.4589446,0</coordinates></LinearRing></outerBoundaryIs></Polygon></MultiGeometry>
    </Placemark>
    <Placemark>
      <name>310801111538</name>
      <description><![CDATA[<div style='font-family:Tahoma,sans-serif; font-size:13px;'><h3 style='color:#1565C0; margin:4px 0;'>รหัส: 310801111538</h3><p style='margin:2px 0;'><b>กลุ่มรถไถ:</b> 62_008</p><table border='1' style='border-collapse:collapse; border-color:#ccc; width:100%;'><tr><td style='padding:3px 6px; font-weight:bold; background-color:#f2f2f2;'>ปีการผลิต</td><td style='padding:3px 6px;'>257071</td></tr><tr><td style='padding:3px 6px; font-weight:bold; background-color:#f2f2f2;'>รหัสกลุ่มรถไถ</td><td style='padding:3px 6px;'>62/008</td></tr><tr><td style='padding:3px 6px; font-weight:bold; background-color:#f2f2f2;'>โควตาชาวไร่</td><td style='padding:3px 6px;'>765829</td></tr><tr><td style='padding:3px 6px; font-weight:bold; background-color:#f2f2f2;'>ชื่อ-นามสกุล</td><td style='padding:3px 6px;'>นาย ธนภูมิ แสนบุญ</td></tr><tr><td style='padding:3px 6px; font-weight:bold; background-color:#f2f2f2;'>111</td><td style='padding:3px 6px;'>310801111538</td></tr><tr><td style='padding:3px 6px; font-weight:bold; background-color:#f2f2f2;'>ประเภทอ้อย</td><td style='padding:3px 6px;'>อ้อยปลายฝน</td></tr><tr><td style='padding:3px 6px; font-weight:bold; background-color:#f2f2f2;'>พื้นที่ปลูก</td><td style='padding:3px 6px;'>3.94</td></tr><tr><td style='padding:3px 6px; font-weight:bold; background-color:#f2f2f2;'>ศูนย์</td><td style='padding:3px 6px;'>K2-62</td></tr><tr><td style='padding:3px 6px; font-weight:bold; background-color:#f2f2f2;'>นักเกษตร</td><td style='padding:3px 6px;'>6204</td></tr><tr><td style='padding:3px 6px; font-weight:bold; background-color:#f2f2f2;'>กลุ่ม</td><td style='padding:3px 6px;'>กลุ่ม_62</td></tr></table></div>]]></description>
      <styleUrl>#style_62_008</styleUrl>
      <MultiGeometry><Polygon><outerBoundaryIs><LinearRing><coordinates>103.1193373,14.4472729,0 103.1194255,14.4482493,0 103.1199666,14.4481715,0 103.1199252,14.4478081,0 103.1198859,14.4472482,0 103.1198267,14.4472182,0 103.1193373,14.4472729,0</coordinates></LinearRing></outerBoundaryIs></Polygon></MultiGeometry>
    </Placemark>
    <Placemark>
      <name>310715031784</name>
      <description><![CDATA[<div style='font-family:Tahoma,sans-serif; font-size:13px;'><h3 style='color:#1565C0; margin:4px 0;'>รหัส: 310715031784</h3><p style='margin:2px 0;'><b>กลุ่มรถไถ:</b> 62_008</p><table border='1' style='border-collapse:collapse; border-color:#ccc; width:100%;'><tr><td style='padding:3px 6px; font-weight:bold; background-color:#f2f2f2;'>ปีการผลิต</td><td style='padding:3px 6px;'>257071</td></tr><tr><td style='padding:3px 6px; font-weight:bold; background-color:#f2f2f2;'>รหัสกลุ่มรถไถ</td><td style='padding:3px 6px;'>62/008</td></tr><tr><td style='padding:3px 6px; font-weight:bold; background-color:#f2f2f2;'>โควตาชาวไร่</td><td style='padding:3px 6px;'>766025</td></tr><tr><td style='padding:3px 6px; font-weight:bold; background-color:#f2f2f2;'>ชื่อ-นามสกุล</td><td style='padding:3px 6px;'>นาย อุทัย เพ็งเพชร์</td></tr><tr><td style='padding:3px 6px; font-weight:bold; background-color:#f2f2f2;'>111</td><td style='padding:3px 6px;'>310715031784</td></tr><tr><td style='padding:3px 6px; font-weight:bold; background-color:#f2f2f2;'>ประเภทอ้อย</td><td style='padding:3px 6px;'>อ้อยปลายฝน</td></tr><tr><td style='padding:3px 6px; font-weight:bold; background-color:#f2f2f2;'>พื้นที่ปลูก</td><td style='padding:3px 6px;'>20.72</td></tr><tr><td style='padding:3px 6px; font-weight:bold; background-color:#f2f2f2;'>ศูนย์</td><td style='padding:3px 6px;'>K2-62</td></tr><tr><td style='padding:3px 6px; font-weight:bold; background-color:#f2f2f2;'>นักเกษตร</td><td style='padding:3px 6px;'>6204</td></tr><tr><td style='padding:3px 6px; font-weight:bold; background-color:#f2f2f2;'>กลุ่ม</td><td style='padding:3px 6px;'>กลุ่ม_62</td></tr></table></div>]]></description>
      <styleUrl>#style_62_008</styleUrl>
      <MultiGeometry><Polygon><outerBoundaryIs><LinearRing><coordinates>103.0851937,14.4596254,0 103.0820451,14.4594228,0 103.0824880,14.4605038,0 103.0828488,14.4605358,0 103.0829482,14.4602428,0 103.0830055,14.4602690,0 103.0830761,14.4603412,0 103.0854220,14.4605488,0 103.0851937,14.4596254,0</coordinates></LinearRing></outerBoundaryIs></Polygon></MultiGeometry>
    </Placemark>
    <Placemark>
      <name>310801141601</name>
      <description><![CDATA[<div style='font-family:Tahoma,sans-serif; font-size:13px;'><h3 style='color:#1565C0; margin:4px 0;'>รหัส: 310801141601</h3><p style='margin:2px 0;'><b>กลุ่มรถไถ:</b> 62_008</p><table border='1' style='border-collapse:collapse; border-color:#ccc; width:100%;'><tr><td style='padding:3px 6px; font-weight:bold; background-color:#f2f2f2;'>ปีการผลิต</td><td style='padding:3px 6px;'>257071</td></tr><tr><td style='padding:3px 6px; font-weight:bold; background-color:#f2f2f2;'>รหัสกลุ่มรถไถ</td><td style='padding:3px 6px;'>62/008</td></tr><tr><td style='padding:3px 6px; font-weight:bold; background-color:#f2f2f2;'>โควตาชาวไร่</td><td style='padding:3px 6px;'>766317</td></tr><tr><td style='padding:3px 6px; font-weight:bold; background-color:#f2f2f2;'>ชื่อ-นามสกุล</td><td style='padding:3px 6px;'>นาย เดีย เหยียบประโคน</td></tr><tr><td style='padding:3px 6px; font-weight:bold; background-color:#f2f2f2;'>111</td><td style='padding:3px 6px;'>310801141601</td></tr><tr><td style='padding:3px 6px; font-weight:bold; background-color:#f2f2f2;'>ประเภทอ้อย</td><td style='padding:3px 6px;'>อ้อยปลายฝน</td></tr><tr><td style='padding:3px 6px; font-weight:bold; background-color:#f2f2f2;'>พื้นที่ปลูก</td><td style='padding:3px 6px;'>14.69</td></tr><tr><td style='padding:3px 6px; font-weight:bold; background-color:#f2f2f2;'>ศูนย์</td><td style='padding:3px 6px;'>K2-62</td></tr><tr><td style='padding:3px 6px; font-weight:bold; background-color:#f2f2f2;'>นักเกษตร</td><td style='padding:3px 6px;'>6204</td></tr><tr><td style='padding:3px 6px; font-weight:bold; background-color:#f2f2f2;'>กลุ่ม</td><td style='padding:3px 6px;'>กลุ่ม_62</td></tr></table></div>]]></description>
      <styleUrl>#style_62_008</styleUrl>
      <MultiGeometry><Polygon><outerBoundaryIs><LinearRing><coordinates>103.0939946,14.4655063,0 103.0937513,14.4656004,0 103.0935965,14.4656698,0 103.0934422,14.4657296,0 103.0934872,14.4658247,0 103.0936865,14.4662436,0 103.0938177,14.4664897,0 103.0939758,14.4668425,0 103.0940849,14.4670441,0 103.0943431,14.4673143,0 103.0943579,14.4674088,0 103.0944149,14.4674677,0 103.0944310,14.4674889,0 103.0944381,14.4674953,0 103.0944575,14.4675888,0 103.0946046,14.4677264,0 103.0946906,14.4679323,0 103.0947896,14.4682167,0 103.0950808,14.4686898,0 103.0952962,14.4690920,0 103.0955996,14.4690598,0 103.0954442,14.4685210,0 103.0950063,14.4675738,0 103.0946273,14.4666477,0 103.0946298,14.4666419,0 103.0943655,14.4662991,0 103.0942035,14.4660305,0 103.0940776,14.4656972,0 103.0939946,14.4655063,0</coordinates></LinearRing></outerBoundaryIs></Polygon></MultiGeometry>
    </Placemark>
    <Placemark>
      <name>310715091510</name>
      <description><![CDATA[<div style='font-family:Tahoma,sans-serif; font-size:13px;'><h3 style='color:#1565C0; margin:4px 0;'>รหัส: 310715091510</h3><p style='margin:2px 0;'><b>กลุ่มรถไถ:</b> 62_008</p><table border='1' style='border-collapse:collapse; border-color:#ccc; width:100%;'><tr><td style='padding:3px 6px; font-weight:bold; background-color:#f2f2f2;'>ปีการผลิต</td><td style='padding:3px 6px;'>257071</td></tr><tr><td style='padding:3px 6px; font-weight:bold; background-color:#f2f2f2;'>รหัสกลุ่มรถไถ</td><td style='padding:3px 6px;'>62/008</td></tr><tr><td style='padding:3px 6px; font-weight:bold; background-color:#f2f2f2;'>โควตาชาวไร่</td><td style='padding:3px 6px;'>766395</td></tr><tr><td style='padding:3px 6px; font-weight:bold; background-color:#f2f2f2;'>ชื่อ-นามสกุล</td><td style='padding:3px 6px;'>นาย บุญเลี้ยง แคล้วณรงค์</td></tr><tr><td style='padding:3px 6px; font-weight:bold; background-color:#f2f2f2;'>111</td><td style='padding:3px 6px;'>310715091510</td></tr><tr><td style='padding:3px 6px; font-weight:bold; background-color:#f2f2f2;'>ประเภทอ้อย</td><td style='padding:3px 6px;'>อ้อยปลายฝน</td></tr><tr><td style='padding:3px 6px; font-weight:bold; background-color:#f2f2f2;'>พื้นที่ปลูก</td><td style='padding:3px 6px;'>8.18</td></tr><tr><td style='padding:3px 6px; font-weight:bold; background-color:#f2f2f2;'>ศูนย์</td><td style='padding:3px 6px;'>K2-62</td></tr><tr><td style='padding:3px 6px; font-weight:bold; background-color:#f2f2f2;'>นักเกษตร</td><td style='padding:3px 6px;'>6204</td></tr><tr><td style='padding:3px 6px; font-weight:bold; background-color:#f2f2f2;'>กลุ่ม</td><td style='padding:3px 6px;'>กลุ่ม_62</td></tr></table></div>]]></description>
      <styleUrl>#style_62_008</styleUrl>
      <MultiGeometry><Polygon><outerBoundaryIs><LinearRing><coordinates>103.1108281,14.4822539,0 103.1108923,14.4824097,0 103.1109533,14.4825701,0 103.1112509,14.4825025,0 103.1114393,14.4824463,0 103.1115177,14.4824427,0 103.1116326,14.4824037,0 103.1116805,14.4823832,0 103.1117463,14.4823497,0 103.1122205,14.4821575,0 103.1123572,14.4821058,0 103.1124041,14.4820972,0 103.1125258,14.4820529,0 103.1128647,14.4819384,0 103.1130624,14.4818438,0 103.1131359,14.4818143,0 103.1135050,14.4816556,0 103.1137462,14.4815377,0 103.1138603,14.4814896,0 103.1139822,14.4814377,0 103.1139283,14.4812566,0 103.1138819,14.4811429,0 103.1130601,14.4814717,0 103.1124761,14.4817071,0 103.1118578,14.4819575,0 103.1115281,14.4820695,0 103.1109950,14.4822161,0 103.1108281,14.4822539,0</coordinates></LinearRing></outerBoundaryIs></Polygon></MultiGeometry>
    </Placemark>
    <Placemark>
      <name>310801111627</name>
      <description><![CDATA[<div style='font-family:Tahoma,sans-serif; font-size:13px;'><h3 style='color:#1565C0; margin:4px 0;'>รหัส: 310801111627</h3><p style='margin:2px 0;'><b>กลุ่มรถไถ:</b> 62_008</p><table border='1' style='border-collapse:collapse; border-color:#ccc; width:100%;'><tr><td style='padding:3px 6px; font-weight:bold; background-color:#f2f2f2;'>ปีการผลิต</td><td style='padding:3px 6px;'>257071</td></tr><tr><td style='padding:3px 6px; font-weight:bold; background-color:#f2f2f2;'>รหัสกลุ่มรถไถ</td><td style='padding:3px 6px;'>62/008</td></tr><tr><td style='padding:3px 6px; font-weight:bold; background-color:#f2f2f2;'>โควตาชาวไร่</td><td style='padding:3px 6px;'>766397</td></tr><tr><td style='padding:3px 6px; font-weight:bold; background-color:#f2f2f2;'>ชื่อ-นามสกุล</td><td style='padding:3px 6px;'>นาย เทพพิทักษ์ พิบูล</td></tr><tr><td style='padding:3px 6px; font-weight:bold; background-color:#f2f2f2;'>111</td><td style='padding:3px 6px;'>310801111627</td></tr><tr><td style='padding:3px 6px; font-weight:bold; background-color:#f2f2f2;'>ประเภทอ้อย</td><td style='padding:3px 6px;'>อ้อยปลายฝน</td></tr><tr><td style='padding:3px 6px; font-weight:bold; background-color:#f2f2f2;'>พื้นที่ปลูก</td><td style='padding:3px 6px;'>4.76</td></tr><tr><td style='padding:3px 6px; font-weight:bold; background-color:#f2f2f2;'>ศูนย์</td><td style='padding:3px 6px;'>K2-62</td></tr><tr><td style='padding:3px 6px; font-weight:bold; background-color:#f2f2f2;'>นักเกษตร</td><td style='padding:3px 6px;'>6204</td></tr><tr><td style='padding:3px 6px; font-weight:bold; background-color:#f2f2f2;'>กลุ่ม</td><td style='padding:3px 6px;'>กลุ่ม_62</td></tr></table></div>]]></description>
      <styleUrl>#style_62_008</styleUrl>
      <MultiGeometry><Polygon><outerBoundaryIs><LinearRing><coordinates>103.0978481,14.4457824,0 103.0978575,14.4453760,0 103.0976324,14.4453404,0 103.0972673,14.4453094,0 103.0969873,14.4453382,0 103.0966332,14.4454142,0 103.0966096,14.4454328,0 103.0966054,14.4455153,0 103.0966223,14.4456559,0 103.0966318,14.4457653,0 103.0967797,14.4457589,0 103.0968048,14.4457782,0 103.0968225,14.4458528,0 103.0968142,14.4458773,0 103.0968368,14.4460080,0 103.0968147,14.4460137,0 103.0968117,14.4461432,0 103.0970123,14.4461269,0 103.0970675,14.4460893,0 103.0970901,14.4460286,0 103.0970786,14.4458144,0 103.0973474,14.4457962,0 103.0978481,14.4457824,0</coordinates></LinearRing></outerBoundaryIs></Polygon></MultiGeometry>
    </Placemark>
    <Placemark>
      <name>310801141629</name>
      <description><![CDATA[<div style='font-family:Tahoma,sans-serif; font-size:13px;'><h3 style='color:#1565C0; margin:4px 0;'>รหัส: 310801141629</h3><p style='margin:2px 0;'><b>กลุ่มรถไถ:</b> 62_008</p><table border='1' style='border-collapse:collapse; border-color:#ccc; width:100%;'><tr><td style='padding:3px 6px; font-weight:bold; background-color:#f2f2f2;'>ปีการผลิต</td><td style='padding:3px 6px;'>257071</td></tr><tr><td style='padding:3px 6px; font-weight:bold; background-color:#f2f2f2;'>รหัสกลุ่มรถไถ</td><td style='padding:3px 6px;'>62/008</td></tr><tr><td style='padding:3px 6px; font-weight:bold; background-color:#f2f2f2;'>โควตาชาวไร่</td><td style='padding:3px 6px;'>766399</td></tr><tr><td style='padding:3px 6px; font-weight:bold; background-color:#f2f2f2;'>ชื่อ-นามสกุล</td><td style='padding:3px 6px;'>นาย เสมือน ดวงโพธิ์พิมพ์</td></tr><tr><td style='padding:3px 6px; font-weight:bold; background-color:#f2f2f2;'>111</td><td style='padding:3px 6px;'>310801141629</td></tr><tr><td style='padding:3px 6px; font-weight:bold; background-color:#f2f2f2;'>ประเภทอ้อย</td><td style='padding:3px 6px;'>อ้อยปลายฝน</td></tr><tr><td style='padding:3px 6px; font-weight:bold; background-color:#f2f2f2;'>พื้นที่ปลูก</td><td style='padding:3px 6px;'>13.01</td></tr><tr><td style='padding:3px 6px; font-weight:bold; background-color:#f2f2f2;'>ศูนย์</td><td style='padding:3px 6px;'>K2-62</td></tr><tr><td style='padding:3px 6px; font-weight:bold; background-color:#f2f2f2;'>นักเกษตร</td><td style='padding:3px 6px;'>6204</td></tr><tr><td style='padding:3px 6px; font-weight:bold; background-color:#f2f2f2;'>กลุ่ม</td><td style='padding:3px 6px;'>กลุ่ม_62</td></tr></table></div>]]></description>
      <styleUrl>#style_62_008</styleUrl>
      <MultiGeometry><Polygon><outerBoundaryIs><LinearRing><coordinates>103.0941961,14.4575795,0 103.0943393,14.4574196,0 103.0943605,14.4573243,0 103.0943982,14.4571524,0 103.0944605,14.4569820,0 103.0945230,14.4568475,0 103.0942154,14.4568015,0 103.0940969,14.4568096,0 103.0940322,14.4567916,0 103.0937755,14.4567622,0 103.0936996,14.4567410,0 103.0934892,14.4567109,0 103.0933003,14.4566862,0 103.0930409,14.4566489,0 103.0927937,14.4566172,0 103.0925297,14.4565809,0 103.0923893,14.4565526,0 103.0922867,14.4565431,0 103.0922732,14.4565938,0 103.0922566,14.4566292,0 103.0921809,14.4566674,0 103.0921729,14.4567328,0 103.0921508,14.4568089,0 103.0921471,14.4569056,0 103.0921254,14.4569620,0 103.0921405,14.4570508,0 103.0922075,14.4570783,0 103.0922170,14.4574099,0 103.0924128,14.4573913,0 103.0926853,14.4573924,0 103.0929682,14.4574251,0 103.0931140,14.4574278,0 103.0932841,14.4574427,0 103.0937301,14.4575201,0 103.0938460,14.4575641,0 103.0939911,14.4576008,0 103.0941540,14.4576290,0 103.0941961,14.4575795,0</coordinates></LinearRing></outerBoundaryIs></Polygon></MultiGeometry>
    </Placemark>
    <Placemark>
      <name>310801141547</name>
      <description><![CDATA[<div style='font-family:Tahoma,sans-serif; font-size:13px;'><h3 style='color:#1565C0; margin:4px 0;'>รหัส: 310801141547</h3><p style='margin:2px 0;'><b>กลุ่มรถไถ:</b> 62_008</p><table border='1' style='border-collapse:collapse; border-color:#ccc; width:100%;'><tr><td style='padding:3px 6px; font-weight:bold; background-color:#f2f2f2;'>ปีการผลิต</td><td style='padding:3px 6px;'>257071</td></tr><tr><td style='padding:3px 6px; font-weight:bold; background-color:#f2f2f2;'>รหัสกลุ่มรถไถ</td><td style='padding:3px 6px;'>62/008</td></tr><tr><td style='padding:3px 6px; font-weight:bold; background-color:#f2f2f2;'>โควตาชาวไร่</td><td style='padding:3px 6px;'>766468</td></tr><tr><td style='padding:3px 6px; font-weight:bold; background-color:#f2f2f2;'>ชื่อ-นามสกุล</td><td style='padding:3px 6px;'>นางสาว ลลิตา ท่าประโคน</td></tr><tr><td style='padding:3px 6px; font-weight:bold; background-color:#f2f2f2;'>111</td><td style='padding:3px 6px;'>310801141547</td></tr><tr><td style='padding:3px 6px; font-weight:bold; background-color:#f2f2f2;'>ประเภทอ้อย</td><td style='padding:3px 6px;'>อ้อยปลายฝน</td></tr><tr><td style='padding:3px 6px; font-weight:bold; background-color:#f2f2f2;'>พื้นที่ปลูก</td><td style='padding:3px 6px;'>11.24</td></tr><tr><td style='padding:3px 6px; font-weight:bold; background-color:#f2f2f2;'>ศูนย์</td><td style='padding:3px 6px;'>K2-62</td></tr><tr><td style='padding:3px 6px; font-weight:bold; background-color:#f2f2f2;'>นักเกษตร</td><td style='padding:3px 6px;'>6204</td></tr><tr><td style='padding:3px 6px; font-weight:bold; background-color:#f2f2f2;'>กลุ่ม</td><td style='padding:3px 6px;'>กลุ่ม_62</td></tr></table></div>]]></description>
      <styleUrl>#style_62_008</styleUrl>
      <MultiGeometry><Polygon><outerBoundaryIs><LinearRing><coordinates>103.0989549,14.4676048,0 103.0988720,14.4666321,0 103.0985275,14.4668147,0 103.0983613,14.4669268,0 103.0982317,14.4669969,0 103.0978011,14.4671708,0 103.0974245,14.4672888,0 103.0973166,14.4673132,0 103.0970299,14.4674015,0 103.0970818,14.4675061,0 103.0970823,14.4676052,0 103.0970471,14.4677428,0 103.0970622,14.4677824,0 103.0972931,14.4677374,0 103.0974102,14.4677364,0 103.0974806,14.4678598,0 103.0975028,14.4679648,0 103.0974773,14.4681349,0 103.0977286,14.4680906,0 103.0978935,14.4680435,0 103.0982895,14.4678683,0 103.0989549,14.4676048,0</coordinates></LinearRing></outerBoundaryIs></Polygon></MultiGeometry>
    </Placemark>
    <Placemark>
      <name>310707081684</name>
      <description><![CDATA[<div style='font-family:Tahoma,sans-serif; font-size:13px;'><h3 style='color:#1565C0; margin:4px 0;'>รหัส: 310707081684</h3><p style='margin:2px 0;'><b>กลุ่มรถไถ:</b> 62_008</p><table border='1' style='border-collapse:collapse; border-color:#ccc; width:100%;'><tr><td style='padding:3px 6px; font-weight:bold; background-color:#f2f2f2;'>ปีการผลิต</td><td style='padding:3px 6px;'>257071</td></tr><tr><td style='padding:3px 6px; font-weight:bold; background-color:#f2f2f2;'>รหัสกลุ่มรถไถ</td><td style='padding:3px 6px;'>62/008</td></tr><tr><td style='padding:3px 6px; font-weight:bold; background-color:#f2f2f2;'>โควตาชาวไร่</td><td style='padding:3px 6px;'>766482</td></tr><tr><td style='padding:3px 6px; font-weight:bold; background-color:#f2f2f2;'>ชื่อ-นามสกุล</td><td style='padding:3px 6px;'>นาย เชาว์ มาประจวบ</td></tr><tr><td style='padding:3px 6px; font-weight:bold; background-color:#f2f2f2;'>111</td><td style='padding:3px 6px;'>310707081684</td></tr><tr><td style='padding:3px 6px; font-weight:bold; background-color:#f2f2f2;'>ประเภทอ้อย</td><td style='padding:3px 6px;'>อ้อยปลายฝน</td></tr><tr><td style='padding:3px 6px; font-weight:bold; background-color:#f2f2f2;'>พื้นที่ปลูก</td><td style='padding:3px 6px;'>20.8</td></tr><tr><td style='padding:3px 6px; font-weight:bold; background-color:#f2f2f2;'>ศูนย์</td><td style='padding:3px 6px;'>K2-62</td></tr><tr><td style='padding:3px 6px; font-weight:bold; background-color:#f2f2f2;'>นักเกษตร</td><td style='padding:3px 6px;'>6204</td></tr><tr><td style='padding:3px 6px; font-weight:bold; background-color:#f2f2f2;'>กลุ่ม</td><td style='padding:3px 6px;'>กลุ่ม_62</td></tr></table></div>]]></description>
      <styleUrl>#style_62_008</styleUrl>
      <MultiGeometry><Polygon><outerBoundaryIs><LinearRing><coordinates>103.0559340,14.5047254,0 103.0557994,14.5050461,0 103.0566369,14.5053368,0 103.0571454,14.5054918,0 103.0572911,14.5055903,0 103.0577339,14.5058715,0 103.0585707,14.5064895,0 103.0596932,14.5073011,0 103.0597013,14.5071434,0 103.0597485,14.5067156,0 103.0599072,14.5064997,0 103.0585619,14.5056868,0 103.0580409,14.5053048,0 103.0580340,14.5051650,0 103.0571311,14.5052576,0 103.0572665,14.5047186,0 103.0566988,14.5047187,0 103.0559340,14.5047254,0</coordinates></LinearRing></outerBoundaryIs></Polygon></MultiGeometry>
    </Placemark>
    <Placemark>
      <name>310801051524</name>
      <description><![CDATA[<div style='font-family:Tahoma,sans-serif; font-size:13px;'><h3 style='color:#1565C0; margin:4px 0;'>รหัส: 310801051524</h3><p style='margin:2px 0;'><b>กลุ่มรถไถ:</b> 62_008</p><table border='1' style='border-collapse:collapse; border-color:#ccc; width:100%;'><tr><td style='padding:3px 6px; font-weight:bold; background-color:#f2f2f2;'>ปีการผลิต</td><td style='padding:3px 6px;'>257071</td></tr><tr><td style='padding:3px 6px; font-weight:bold; background-color:#f2f2f2;'>รหัสกลุ่มรถไถ</td><td style='padding:3px 6px;'>62/008</td></tr><tr><td style='padding:3px 6px; font-weight:bold; background-color:#f2f2f2;'>โควตาชาวไร่</td><td style='padding:3px 6px;'>766642</td></tr><tr><td style='padding:3px 6px; font-weight:bold; background-color:#f2f2f2;'>ชื่อ-นามสกุล</td><td style='padding:3px 6px;'>นาย ณัฐพงษ์ คงสุขมาก</td></tr><tr><td style='padding:3px 6px; font-weight:bold; background-color:#f2f2f2;'>111</td><td style='padding:3px 6px;'>310801051524</td></tr><tr><td style='padding:3px 6px; font-weight:bold; background-color:#f2f2f2;'>ประเภทอ้อย</td><td style='padding:3px 6px;'>อ้อยปลายฝน</td></tr><tr><td style='padding:3px 6px; font-weight:bold; background-color:#f2f2f2;'>พื้นที่ปลูก</td><td style='padding:3px 6px;'>12.0</td></tr><tr><td style='padding:3px 6px; font-weight:bold; background-color:#f2f2f2;'>ศูนย์</td><td style='padding:3px 6px;'>K2-62</td></tr><tr><td style='padding:3px 6px; font-weight:bold; background-color:#f2f2f2;'>นักเกษตร</td><td style='padding:3px 6px;'>6204</td></tr><tr><td style='padding:3px 6px; font-weight:bold; background-color:#f2f2f2;'>กลุ่ม</td><td style='padding:3px 6px;'>กลุ่ม_62</td></tr></table></div>]]></description>
      <styleUrl>#style_62_008</styleUrl>
      <MultiGeometry><Polygon><outerBoundaryIs><LinearRing><coordinates>103.0912599,14.4363534,0 103.0917920,14.4360793,0 103.0917172,14.4359894,0 103.0919916,14.4358291,0 103.0920503,14.4358708,0 103.0923479,14.4356291,0 103.0924505,14.4355228,0 103.0925548,14.4353585,0 103.0925938,14.4353175,0 103.0927486,14.4353957,0 103.0930246,14.4353320,0 103.0929445,14.4349739,0 103.0926955,14.4349963,0 103.0927028,14.4350472,0 103.0926071,14.4350777,0 103.0924950,14.4350351,0 103.0915448,14.4352727,0 103.0915523,14.4354119,0 103.0912668,14.4354696,0 103.0912255,14.4353037,0 103.0910513,14.4353172,0 103.0910268,14.4352629,0 103.0908044,14.4353059,0 103.0907541,14.4359620,0 103.0912599,14.4363534,0</coordinates></LinearRing></outerBoundaryIs></Polygon></MultiGeometry>
    </Placemark>
  </Folder>
  <Style id="style_62_009">
    <LineStyle>
      <color>ff7A6E54</color>
      <width>2.0</width>
    </LineStyle>
    <PolyStyle>
      <color>b37A6E54</color>
    </PolyStyle>
  </Style>
  <Folder>
    <name>62_009</name>
    <Placemark>
      <name>310801091555</name>
      <description><![CDATA[<div style='font-family:Tahoma,sans-serif; font-size:13px;'><h3 style='color:#1565C0; margin:4px 0;'>รหัส: 310801091555</h3><p style='margin:2px 0;'><b>กลุ่มรถไถ:</b> 62_009</p><table border='1' style='border-collapse:collapse; border-color:#ccc; width:100%;'><tr><td style='padding:3px 6px; font-weight:bold; background-color:#f2f2f2;'>ปีการผลิต</td><td style='padding:3px 6px;'>257071</td></tr><tr><td style='padding:3px 6px; font-weight:bold; background-color:#f2f2f2;'>รหัสกลุ่มรถไถ</td><td style='padding:3px 6px;'>62/009</td></tr><tr><td style='padding:3px 6px; font-weight:bold; background-color:#f2f2f2;'>โควตาชาวไร่</td><td style='padding:3px 6px;'>765273</td></tr><tr><td style='padding:3px 6px; font-weight:bold; background-color:#f2f2f2;'>ชื่อ-นามสกุล</td><td style='padding:3px 6px;'>นาย ฤทธิชัย เลียวประโคน</td></tr><tr><td style='padding:3px 6px; font-weight:bold; background-color:#f2f2f2;'>111</td><td style='padding:3px 6px;'>310801091555</td></tr><tr><td style='padding:3px 6px; font-weight:bold; background-color:#f2f2f2;'>ประเภทอ้อย</td><td style='padding:3px 6px;'>อ้อยปลายฝน</td></tr><tr><td style='padding:3px 6px; font-weight:bold; background-color:#f2f2f2;'>พื้นที่ปลูก</td><td style='padding:3px 6px;'>9.83</td></tr><tr><td style='padding:3px 6px; font-weight:bold; background-color:#f2f2f2;'>ศูนย์</td><td style='padding:3px 6px;'>K2-62</td></tr><tr><td style='padding:3px 6px; font-weight:bold; background-color:#f2f2f2;'>นักเกษตร</td><td style='padding:3px 6px;'>6204</td></tr><tr><td style='padding:3px 6px; font-weight:bold; background-color:#f2f2f2;'>กลุ่ม</td><td style='padding:3px 6px;'>กลุ่ม_62</td></tr></table></div>]]></description>
      <styleUrl>#style_62_009</styleUrl>
      <MultiGeometry><Polygon><outerBoundaryIs><LinearRing><coordinates>103.0645536,14.4435030,0 103.0646182,14.4434341,0 103.0647944,14.4433090,0 103.0648711,14.4432235,0 103.0650092,14.4430928,0 103.0651358,14.4429395,0 103.0652384,14.4428035,0 103.0655489,14.4424684,0 103.0658454,14.4422202,0 103.0657458,14.4419639,0 103.0649176,14.4422989,0 103.0648099,14.4423162,0 103.0641133,14.4424181,0 103.0638104,14.4424838,0 103.0640091,14.4427746,0 103.0645536,14.4435030,0</coordinates></LinearRing></outerBoundaryIs></Polygon></MultiGeometry>
    </Placemark>
    <Placemark>
      <name>310715031512</name>
      <description><![CDATA[<div style='font-family:Tahoma,sans-serif; font-size:13px;'><h3 style='color:#1565C0; margin:4px 0;'>รหัส: 310715031512</h3><p style='margin:2px 0;'><b>กลุ่มรถไถ:</b> 62_009</p><table border='1' style='border-collapse:collapse; border-color:#ccc; width:100%;'><tr><td style='padding:3px 6px; font-weight:bold; background-color:#f2f2f2;'>ปีการผลิต</td><td style='padding:3px 6px;'>257071</td></tr><tr><td style='padding:3px 6px; font-weight:bold; background-color:#f2f2f2;'>รหัสกลุ่มรถไถ</td><td style='padding:3px 6px;'>62/009</td></tr><tr><td style='padding:3px 6px; font-weight:bold; background-color:#f2f2f2;'>โควตาชาวไร่</td><td style='padding:3px 6px;'>765347</td></tr><tr><td style='padding:3px 6px; font-weight:bold; background-color:#f2f2f2;'>ชื่อ-นามสกุล</td><td style='padding:3px 6px;'>นาย นิพล มูลเค้า</td></tr><tr><td style='padding:3px 6px; font-weight:bold; background-color:#f2f2f2;'>111</td><td style='padding:3px 6px;'>310715031512</td></tr><tr><td style='padding:3px 6px; font-weight:bold; background-color:#f2f2f2;'>ประเภทอ้อย</td><td style='padding:3px 6px;'>อ้อยปลายฝน</td></tr><tr><td style='padding:3px 6px; font-weight:bold; background-color:#f2f2f2;'>พื้นที่ปลูก</td><td style='padding:3px 6px;'>10.92</td></tr><tr><td style='padding:3px 6px; font-weight:bold; background-color:#f2f2f2;'>ศูนย์</td><td style='padding:3px 6px;'>K2-62</td></tr><tr><td style='padding:3px 6px; font-weight:bold; background-color:#f2f2f2;'>นักเกษตร</td><td style='padding:3px 6px;'>6204</td></tr><tr><td style='padding:3px 6px; font-weight:bold; background-color:#f2f2f2;'>กลุ่ม</td><td style='padding:3px 6px;'>กลุ่ม_62</td></tr></table></div>]]></description>
      <styleUrl>#style_62_009</styleUrl>
      <MultiGeometry><Polygon><outerBoundaryIs><LinearRing><coordinates>103.0840115,14.4684266,0 103.0839835,14.4680196,0 103.0847267,14.4679783,0 103.0847079,14.4674480,0 103.0840256,14.4676076,0 103.0840102,14.4676450,0 103.0825403,14.4674821,0 103.0824607,14.4681668,0 103.0830219,14.4682826,0 103.0840115,14.4684266,0</coordinates></LinearRing></outerBoundaryIs></Polygon></MultiGeometry>
    </Placemark>
    <Placemark>
      <name>310715031731</name>
      <description><![CDATA[<div style='font-family:Tahoma,sans-serif; font-size:13px;'><h3 style='color:#1565C0; margin:4px 0;'>รหัส: 310715031731</h3><p style='margin:2px 0;'><b>กลุ่มรถไถ:</b> 62_009</p><table border='1' style='border-collapse:collapse; border-color:#ccc; width:100%;'><tr><td style='padding:3px 6px; font-weight:bold; background-color:#f2f2f2;'>ปีการผลิต</td><td style='padding:3px 6px;'>257071</td></tr><tr><td style='padding:3px 6px; font-weight:bold; background-color:#f2f2f2;'>รหัสกลุ่มรถไถ</td><td style='padding:3px 6px;'>62/009</td></tr><tr><td style='padding:3px 6px; font-weight:bold; background-color:#f2f2f2;'>โควตาชาวไร่</td><td style='padding:3px 6px;'>765547</td></tr><tr><td style='padding:3px 6px; font-weight:bold; background-color:#f2f2f2;'>ชื่อ-นามสกุล</td><td style='padding:3px 6px;'>นางสาว ราตรี หลวงแก้ว</td></tr><tr><td style='padding:3px 6px; font-weight:bold; background-color:#f2f2f2;'>111</td><td style='padding:3px 6px;'>310715031731</td></tr><tr><td style='padding:3px 6px; font-weight:bold; background-color:#f2f2f2;'>ประเภทอ้อย</td><td style='padding:3px 6px;'>อ้อยปลายฝน</td></tr><tr><td style='padding:3px 6px; font-weight:bold; background-color:#f2f2f2;'>พื้นที่ปลูก</td><td style='padding:3px 6px;'>7.41</td></tr><tr><td style='padding:3px 6px; font-weight:bold; background-color:#f2f2f2;'>ศูนย์</td><td style='padding:3px 6px;'>K2-62</td></tr><tr><td style='padding:3px 6px; font-weight:bold; background-color:#f2f2f2;'>นักเกษตร</td><td style='padding:3px 6px;'>6204</td></tr><tr><td style='padding:3px 6px; font-weight:bold; background-color:#f2f2f2;'>กลุ่ม</td><td style='padding:3px 6px;'>กลุ่ม_62</td></tr></table></div>]]></description>
      <styleUrl>#style_62_009</styleUrl>
      <MultiGeometry><Polygon><outerBoundaryIs><LinearRing><coordinates>103.0670692,14.4577260,0 103.0664909,14.4586659,0 103.0663896,14.4587930,0 103.0662967,14.4588778,0 103.0656322,14.4596009,0 103.0655347,14.4596519,0 103.0656065,14.4600349,0 103.0658758,14.4600801,0 103.0659721,14.4599654,0 103.0660776,14.4598492,0 103.0662056,14.4596368,0 103.0662784,14.4595059,0 103.0664587,14.4591881,0 103.0666282,14.4589880,0 103.0668299,14.4587679,0 103.0673107,14.4579343,0 103.0672268,14.4578605,0 103.0672153,14.4578164,0 103.0670692,14.4577260,0</coordinates></LinearRing></outerBoundaryIs></Polygon></MultiGeometry>
    </Placemark>
    <Placemark>
      <name>310801141520</name>
      <description><![CDATA[<div style='font-family:Tahoma,sans-serif; font-size:13px;'><h3 style='color:#1565C0; margin:4px 0;'>รหัส: 310801141520</h3><p style='margin:2px 0;'><b>กลุ่มรถไถ:</b> 62_009</p><table border='1' style='border-collapse:collapse; border-color:#ccc; width:100%;'><tr><td style='padding:3px 6px; font-weight:bold; background-color:#f2f2f2;'>ปีการผลิต</td><td style='padding:3px 6px;'>257071</td></tr><tr><td style='padding:3px 6px; font-weight:bold; background-color:#f2f2f2;'>รหัสกลุ่มรถไถ</td><td style='padding:3px 6px;'>62/009</td></tr><tr><td style='padding:3px 6px; font-weight:bold; background-color:#f2f2f2;'>โควตาชาวไร่</td><td style='padding:3px 6px;'>765551</td></tr><tr><td style='padding:3px 6px; font-weight:bold; background-color:#f2f2f2;'>ชื่อ-นามสกุล</td><td style='padding:3px 6px;'>นาย ชาญชัย มัยสนิท</td></tr><tr><td style='padding:3px 6px; font-weight:bold; background-color:#f2f2f2;'>111</td><td style='padding:3px 6px;'>310801141520</td></tr><tr><td style='padding:3px 6px; font-weight:bold; background-color:#f2f2f2;'>ประเภทอ้อย</td><td style='padding:3px 6px;'>อ้อยปลายฝน</td></tr><tr><td style='padding:3px 6px; font-weight:bold; background-color:#f2f2f2;'>พื้นที่ปลูก</td><td style='padding:3px 6px;'>9.04</td></tr><tr><td style='padding:3px 6px; font-weight:bold; background-color:#f2f2f2;'>ศูนย์</td><td style='padding:3px 6px;'>K2-62</td></tr><tr><td style='padding:3px 6px; font-weight:bold; background-color:#f2f2f2;'>นักเกษตร</td><td style='padding:3px 6px;'>6204</td></tr><tr><td style='padding:3px 6px; font-weight:bold; background-color:#f2f2f2;'>กลุ่ม</td><td style='padding:3px 6px;'>กลุ่ม_62</td></tr></table></div>]]></description>
      <styleUrl>#style_62_009</styleUrl>
      <MultiGeometry><Polygon><outerBoundaryIs><LinearRing><coordinates>103.0982941,14.4620111,0 103.0981282,14.4621191,0 103.0980045,14.4621835,0 103.0978481,14.4622613,0 103.0978442,14.4623414,0 103.0979351,14.4624597,0 103.0980087,14.4625558,0 103.0981836,14.4627508,0 103.0982816,14.4629287,0 103.0983496,14.4630023,0 103.0987985,14.4626492,0 103.0992028,14.4623431,0 103.0993492,14.4622260,0 103.0995244,14.4620888,0 103.0994728,14.4618821,0 103.0994358,14.4618339,0 103.0992112,14.4615046,0 103.0991476,14.4614618,0 103.0990789,14.4615161,0 103.0990070,14.4615374,0 103.0988995,14.4616188,0 103.0988701,14.4616667,0 103.0988260,14.4616763,0 103.0987453,14.4617367,0 103.0986373,14.4618494,0 103.0985847,14.4619187,0 103.0985011,14.4620095,0 103.0983604,14.4620917,0 103.0982941,14.4620111,0</coordinates></LinearRing></outerBoundaryIs></Polygon></MultiGeometry>
    </Placemark>
    <Placemark>
      <name>310801111531</name>
      <description><![CDATA[<div style='font-family:Tahoma,sans-serif; font-size:13px;'><h3 style='color:#1565C0; margin:4px 0;'>รหัส: 310801111531</h3><p style='margin:2px 0;'><b>กลุ่มรถไถ:</b> 62_009</p><table border='1' style='border-collapse:collapse; border-color:#ccc; width:100%;'><tr><td style='padding:3px 6px; font-weight:bold; background-color:#f2f2f2;'>ปีการผลิต</td><td style='padding:3px 6px;'>257071</td></tr><tr><td style='padding:3px 6px; font-weight:bold; background-color:#f2f2f2;'>รหัสกลุ่มรถไถ</td><td style='padding:3px 6px;'>62/009</td></tr><tr><td style='padding:3px 6px; font-weight:bold; background-color:#f2f2f2;'>โควตาชาวไร่</td><td style='padding:3px 6px;'>765659</td></tr><tr><td style='padding:3px 6px; font-weight:bold; background-color:#f2f2f2;'>ชื่อ-นามสกุล</td><td style='padding:3px 6px;'>นาย เคน จันทร์ประโคน</td></tr><tr><td style='padding:3px 6px; font-weight:bold; background-color:#f2f2f2;'>111</td><td style='padding:3px 6px;'>310801111531</td></tr><tr><td style='padding:3px 6px; font-weight:bold; background-color:#f2f2f2;'>ประเภทอ้อย</td><td style='padding:3px 6px;'>อ้อยปลายฝน</td></tr><tr><td style='padding:3px 6px; font-weight:bold; background-color:#f2f2f2;'>พื้นที่ปลูก</td><td style='padding:3px 6px;'>11.16</td></tr><tr><td style='padding:3px 6px; font-weight:bold; background-color:#f2f2f2;'>ศูนย์</td><td style='padding:3px 6px;'>K2-62</td></tr><tr><td style='padding:3px 6px; font-weight:bold; background-color:#f2f2f2;'>นักเกษตร</td><td style='padding:3px 6px;'>6204</td></tr><tr><td style='padding:3px 6px; font-weight:bold; background-color:#f2f2f2;'>กลุ่ม</td><td style='padding:3px 6px;'>กลุ่ม_62</td></tr></table></div>]]></description>
      <styleUrl>#style_62_009</styleUrl>
      <MultiGeometry><Polygon><outerBoundaryIs><LinearRing><coordinates>103.1104656,14.4466308,0 103.1110612,14.4466194,0 103.1114348,14.4466161,0 103.1114391,14.4465945,0 103.1113141,14.4462190,0 103.1112962,14.4460636,0 103.1111085,14.4452635,0 103.1109548,14.4449868,0 103.1108884,14.4449163,0 103.1107808,14.4448098,0 103.1107344,14.4447307,0 103.1106357,14.4445987,0 103.1104755,14.4444419,0 103.1104023,14.4443267,0 103.1103009,14.4441966,0 103.1102626,14.4441454,0 103.1102520,14.4441570,0 103.1102921,14.4445300,0 103.1103472,14.4447539,0 103.1103844,14.4448544,0 103.1103931,14.4449254,0 103.1103931,14.4449592,0 103.1104105,14.4450798,0 103.1104135,14.4450922,0 103.1104204,14.4451745,0 103.1104217,14.4452855,0 103.1104614,14.4452969,0 103.1104534,14.4453854,0 103.1104524,14.4454058,0 103.1104781,14.4455958,0 103.1105020,14.4456645,0 103.1105036,14.4457524,0 103.1104812,14.4458914,0 103.1104696,14.4460881,0 103.1104578,14.4463226,0 103.1104642,14.4464759,0 103.1104656,14.4466308,0</coordinates></LinearRing></outerBoundaryIs></Polygon></MultiGeometry>
    </Placemark>
    <Placemark>
      <name>310801091559</name>
      <description><![CDATA[<div style='font-family:Tahoma,sans-serif; font-size:13px;'><h3 style='color:#1565C0; margin:4px 0;'>รหัส: 310801091559</h3><p style='margin:2px 0;'><b>กลุ่มรถไถ:</b> 62_009</p><table border='1' style='border-collapse:collapse; border-color:#ccc; width:100%;'><tr><td style='padding:3px 6px; font-weight:bold; background-color:#f2f2f2;'>ปีการผลิต</td><td style='padding:3px 6px;'>257071</td></tr><tr><td style='padding:3px 6px; font-weight:bold; background-color:#f2f2f2;'>รหัสกลุ่มรถไถ</td><td style='padding:3px 6px;'>62/009</td></tr><tr><td style='padding:3px 6px; font-weight:bold; background-color:#f2f2f2;'>โควตาชาวไร่</td><td style='padding:3px 6px;'>765915</td></tr><tr><td style='padding:3px 6px; font-weight:bold; background-color:#f2f2f2;'>ชื่อ-นามสกุล</td><td style='padding:3px 6px;'>นาง ยุพากร เหยียบประโคน</td></tr><tr><td style='padding:3px 6px; font-weight:bold; background-color:#f2f2f2;'>111</td><td style='padding:3px 6px;'>310801091559</td></tr><tr><td style='padding:3px 6px; font-weight:bold; background-color:#f2f2f2;'>ประเภทอ้อย</td><td style='padding:3px 6px;'>อ้อยปลายฝน</td></tr><tr><td style='padding:3px 6px; font-weight:bold; background-color:#f2f2f2;'>พื้นที่ปลูก</td><td style='padding:3px 6px;'>16.84</td></tr><tr><td style='padding:3px 6px; font-weight:bold; background-color:#f2f2f2;'>ศูนย์</td><td style='padding:3px 6px;'>K2-62</td></tr><tr><td style='padding:3px 6px; font-weight:bold; background-color:#f2f2f2;'>นักเกษตร</td><td style='padding:3px 6px;'>6204</td></tr><tr><td style='padding:3px 6px; font-weight:bold; background-color:#f2f2f2;'>กลุ่ม</td><td style='padding:3px 6px;'>กลุ่ม_62</td></tr></table></div>]]></description>
      <styleUrl>#style_62_009</styleUrl>
      <MultiGeometry><Polygon><outerBoundaryIs><LinearRing><coordinates>103.0815677,14.4473234,0 103.0814566,14.4472423,0 103.0807485,14.4472811,0 103.0806813,14.4483512,0 103.0805653,14.4494681,0 103.0806708,14.4497656,0 103.0806802,14.4500551,0 103.0813866,14.4499988,0 103.0815677,14.4473234,0</coordinates></LinearRing></outerBoundaryIs></Polygon></MultiGeometry>
    </Placemark>
    <Placemark>
      <name>310715031769</name>
      <description><![CDATA[<div style='font-family:Tahoma,sans-serif; font-size:13px;'><h3 style='color:#1565C0; margin:4px 0;'>รหัส: 310715031769</h3><p style='margin:2px 0;'><b>กลุ่มรถไถ:</b> 62_009</p><table border='1' style='border-collapse:collapse; border-color:#ccc; width:100%;'><tr><td style='padding:3px 6px; font-weight:bold; background-color:#f2f2f2;'>ปีการผลิต</td><td style='padding:3px 6px;'>257071</td></tr><tr><td style='padding:3px 6px; font-weight:bold; background-color:#f2f2f2;'>รหัสกลุ่มรถไถ</td><td style='padding:3px 6px;'>62/009</td></tr><tr><td style='padding:3px 6px; font-weight:bold; background-color:#f2f2f2;'>โควตาชาวไร่</td><td style='padding:3px 6px;'>765962</td></tr><tr><td style='padding:3px 6px; font-weight:bold; background-color:#f2f2f2;'>ชื่อ-นามสกุล</td><td style='padding:3px 6px;'>นาง บุญเลิศ ภักภูมินทร์</td></tr><tr><td style='padding:3px 6px; font-weight:bold; background-color:#f2f2f2;'>111</td><td style='padding:3px 6px;'>310715031769</td></tr><tr><td style='padding:3px 6px; font-weight:bold; background-color:#f2f2f2;'>ประเภทอ้อย</td><td style='padding:3px 6px;'>อ้อยปลายฝน</td></tr><tr><td style='padding:3px 6px; font-weight:bold; background-color:#f2f2f2;'>พื้นที่ปลูก</td><td style='padding:3px 6px;'>4.55</td></tr><tr><td style='padding:3px 6px; font-weight:bold; background-color:#f2f2f2;'>ศูนย์</td><td style='padding:3px 6px;'>K2-62</td></tr><tr><td style='padding:3px 6px; font-weight:bold; background-color:#f2f2f2;'>นักเกษตร</td><td style='padding:3px 6px;'>6204</td></tr><tr><td style='padding:3px 6px; font-weight:bold; background-color:#f2f2f2;'>กลุ่ม</td><td style='padding:3px 6px;'>กลุ่ม_62</td></tr></table></div>]]></description>
      <styleUrl>#style_62_009</styleUrl>
      <MultiGeometry><Polygon><outerBoundaryIs><LinearRing><coordinates>103.0788231,14.4642262,0 103.0786553,14.4641523,0 103.0785359,14.4644947,0 103.0784922,14.4646123,0 103.0784445,14.4647245,0 103.0782974,14.4652456,0 103.0781621,14.4656568,0 103.0780876,14.4658906,0 103.0779950,14.4662005,0 103.0779373,14.4663914,0 103.0777538,14.4670834,0 103.0775581,14.4677717,0 103.0777679,14.4676376,0 103.0778467,14.4672872,0 103.0779722,14.4668875,0 103.0780581,14.4665826,0 103.0781573,14.4662645,0 103.0782671,14.4658982,0 103.0784707,14.4652193,0 103.0785826,14.4648502,0 103.0786137,14.4647826,0 103.0786757,14.4646074,0 103.0787426,14.4644096,0 103.0788231,14.4642262,0</coordinates></LinearRing></outerBoundaryIs></Polygon></MultiGeometry>
    </Placemark>
    <Placemark>
      <name>310801141561</name>
      <description><![CDATA[<div style='font-family:Tahoma,sans-serif; font-size:13px;'><h3 style='color:#1565C0; margin:4px 0;'>รหัส: 310801141561</h3><p style='margin:2px 0;'><b>กลุ่มรถไถ:</b> 62_009</p><table border='1' style='border-collapse:collapse; border-color:#ccc; width:100%;'><tr><td style='padding:3px 6px; font-weight:bold; background-color:#f2f2f2;'>ปีการผลิต</td><td style='padding:3px 6px;'>257071</td></tr><tr><td style='padding:3px 6px; font-weight:bold; background-color:#f2f2f2;'>รหัสกลุ่มรถไถ</td><td style='padding:3px 6px;'>62/009</td></tr><tr><td style='padding:3px 6px; font-weight:bold; background-color:#f2f2f2;'>โควตาชาวไร่</td><td style='padding:3px 6px;'>766381</td></tr><tr><td style='padding:3px 6px; font-weight:bold; background-color:#f2f2f2;'>ชื่อ-นามสกุล</td><td style='padding:3px 6px;'>นาง ปิยะพร ทิรัมย์</td></tr><tr><td style='padding:3px 6px; font-weight:bold; background-color:#f2f2f2;'>111</td><td style='padding:3px 6px;'>310801141561</td></tr><tr><td style='padding:3px 6px; font-weight:bold; background-color:#f2f2f2;'>ประเภทอ้อย</td><td style='padding:3px 6px;'>อ้อยปลายฝน</td></tr><tr><td style='padding:3px 6px; font-weight:bold; background-color:#f2f2f2;'>พื้นที่ปลูก</td><td style='padding:3px 6px;'>3.67</td></tr><tr><td style='padding:3px 6px; font-weight:bold; background-color:#f2f2f2;'>ศูนย์</td><td style='padding:3px 6px;'>K2-62</td></tr><tr><td style='padding:3px 6px; font-weight:bold; background-color:#f2f2f2;'>นักเกษตร</td><td style='padding:3px 6px;'>6204</td></tr><tr><td style='padding:3px 6px; font-weight:bold; background-color:#f2f2f2;'>กลุ่ม</td><td style='padding:3px 6px;'>กลุ่ม_62</td></tr></table></div>]]></description>
      <styleUrl>#style_62_009</styleUrl>
      <MultiGeometry><Polygon><outerBoundaryIs><LinearRing><coordinates>103.1069098,14.4622773,0 103.1070852,14.4623047,0 103.1072555,14.4623406,0 103.1074979,14.4623781,0 103.1076556,14.4623907,0 103.1078337,14.4624185,0 103.1084052,14.4624268,0 103.1084226,14.4620994,0 103.1082740,14.4620891,0 103.1082466,14.4621249,0 103.1082218,14.4621309,0 103.1081744,14.4620922,0 103.1081327,14.4620747,0 103.1079695,14.4620557,0 103.1079079,14.4620493,0 103.1078235,14.4620507,0 103.1077968,14.4620320,0 103.1076868,14.4620266,0 103.1076699,14.4620398,0 103.1076488,14.4620430,0 103.1075380,14.4620371,0 103.1072659,14.4620356,0 103.1072463,14.4620486,0 103.1072346,14.4620478,0 103.1072220,14.4620362,0 103.1069995,14.4620112,0 103.1069582,14.4620083,0 103.1069098,14.4622773,0</coordinates></LinearRing></outerBoundaryIs></Polygon></MultiGeometry>
    </Placemark>
    <Placemark>
      <name>310801010001</name>
      <description><![CDATA[<div style='font-family:Tahoma,sans-serif; font-size:13px;'><h3 style='color:#1565C0; margin:4px 0;'>รหัส: 310801010001</h3><p style='margin:2px 0;'><b>กลุ่มรถไถ:</b> 62_009</p><table border='1' style='border-collapse:collapse; border-color:#ccc; width:100%;'><tr><td style='padding:3px 6px; font-weight:bold; background-color:#f2f2f2;'>ปีการผลิต</td><td style='padding:3px 6px;'>257071</td></tr><tr><td style='padding:3px 6px; font-weight:bold; background-color:#f2f2f2;'>รหัสกลุ่มรถไถ</td><td style='padding:3px 6px;'>62/009</td></tr><tr><td style='padding:3px 6px; font-weight:bold; background-color:#f2f2f2;'>โควตาชาวไร่</td><td style='padding:3px 6px;'>766510</td></tr><tr><td style='padding:3px 6px; font-weight:bold; background-color:#f2f2f2;'>ชื่อ-นามสกุล</td><td style='padding:3px 6px;'>นาย จักรี วิเศษรัมย์</td></tr><tr><td style='padding:3px 6px; font-weight:bold; background-color:#f2f2f2;'>111</td><td style='padding:3px 6px;'>310801010001</td></tr><tr><td style='padding:3px 6px; font-weight:bold; background-color:#f2f2f2;'>ประเภทอ้อย</td><td style='padding:3px 6px;'>อ้อยปลายฝน</td></tr><tr><td style='padding:3px 6px; font-weight:bold; background-color:#f2f2f2;'>พื้นที่ปลูก</td><td style='padding:3px 6px;'>27.77</td></tr><tr><td style='padding:3px 6px; font-weight:bold; background-color:#f2f2f2;'>ศูนย์</td><td style='padding:3px 6px;'>K2-62</td></tr><tr><td style='padding:3px 6px; font-weight:bold; background-color:#f2f2f2;'>นักเกษตร</td><td style='padding:3px 6px;'>6204</td></tr><tr><td style='padding:3px 6px; font-weight:bold; background-color:#f2f2f2;'>กลุ่ม</td><td style='padding:3px 6px;'>กลุ่ม_62</td></tr></table></div>]]></description>
      <styleUrl>#style_62_009</styleUrl>
      <MultiGeometry><Polygon><outerBoundaryIs><LinearRing><coordinates>103.0789530,14.4158218,0 103.0789819,14.4175413,0 103.0799206,14.4175397,0 103.0800516,14.4177957,0 103.0800987,14.4179767,0 103.0808888,14.4175346,0 103.0809101,14.4174654,0 103.0807498,14.4174467,0 103.0808770,14.4172683,0 103.0808449,14.4171075,0 103.0809220,14.4170705,0 103.0809229,14.4164421,0 103.0806249,14.4163336,0 103.0806442,14.4151273,0 103.0801826,14.4148462,0 103.0800717,14.4159062,0 103.0795788,14.4159349,0 103.0789530,14.4158218,0</coordinates></LinearRing></outerBoundaryIs></Polygon></MultiGeometry>
    </Placemark>
    <Placemark>
      <name>310801010002</name>
      <description><![CDATA[<div style='font-family:Tahoma,sans-serif; font-size:13px;'><h3 style='color:#1565C0; margin:4px 0;'>รหัส: 310801010002</h3><p style='margin:2px 0;'><b>กลุ่มรถไถ:</b> 62_009</p><table border='1' style='border-collapse:collapse; border-color:#ccc; width:100%;'><tr><td style='padding:3px 6px; font-weight:bold; background-color:#f2f2f2;'>ปีการผลิต</td><td style='padding:3px 6px;'>257071</td></tr><tr><td style='padding:3px 6px; font-weight:bold; background-color:#f2f2f2;'>รหัสกลุ่มรถไถ</td><td style='padding:3px 6px;'>62/009</td></tr><tr><td style='padding:3px 6px; font-weight:bold; background-color:#f2f2f2;'>โควตาชาวไร่</td><td style='padding:3px 6px;'>766510</td></tr><tr><td style='padding:3px 6px; font-weight:bold; background-color:#f2f2f2;'>ชื่อ-นามสกุล</td><td style='padding:3px 6px;'>นาย จักรี วิเศษรัมย์</td></tr><tr><td style='padding:3px 6px; font-weight:bold; background-color:#f2f2f2;'>111</td><td style='padding:3px 6px;'>310801010002</td></tr><tr><td style='padding:3px 6px; font-weight:bold; background-color:#f2f2f2;'>ประเภทอ้อย</td><td style='padding:3px 6px;'>อ้อยปลายฝน</td></tr><tr><td style='padding:3px 6px; font-weight:bold; background-color:#f2f2f2;'>พื้นที่ปลูก</td><td style='padding:3px 6px;'>12.58</td></tr><tr><td style='padding:3px 6px; font-weight:bold; background-color:#f2f2f2;'>ศูนย์</td><td style='padding:3px 6px;'>K2-62</td></tr><tr><td style='padding:3px 6px; font-weight:bold; background-color:#f2f2f2;'>นักเกษตร</td><td style='padding:3px 6px;'>6204</td></tr><tr><td style='padding:3px 6px; font-weight:bold; background-color:#f2f2f2;'>กลุ่ม</td><td style='padding:3px 6px;'>กลุ่ม_62</td></tr></table></div>]]></description>
      <styleUrl>#style_62_009</styleUrl>
      <MultiGeometry><Polygon><outerBoundaryIs><LinearRing><coordinates>103.0767833,14.4150794,0 103.0768919,14.4156813,0 103.0774799,14.4157268,0 103.0782171,14.4157652,0 103.0785807,14.4157726,0 103.0793435,14.4158931,0 103.0794287,14.4157190,0 103.0794659,14.4151628,0 103.0767833,14.4150794,0</coordinates></LinearRing></outerBoundaryIs></Polygon></MultiGeometry>
    </Placemark>
  </Folder>
  <Style id="style_62_010">
    <LineStyle>
      <color>ffC1AC00</color>
      <width>2.0</width>
    </LineStyle>
    <PolyStyle>
      <color>b3C1AC00</color>
    </PolyStyle>
  </Style>
  <Folder>
    <name>62_010</name>
    <Placemark>
      <name>310801160017</name>
      <description><![CDATA[<div style='font-family:Tahoma,sans-serif; font-size:13px;'><h3 style='color:#1565C0; margin:4px 0;'>รหัส: 310801160017</h3><p style='margin:2px 0;'><b>กลุ่มรถไถ:</b> 62_010</p><table border='1' style='border-collapse:collapse; border-color:#ccc; width:100%;'><tr><td style='padding:3px 6px; font-weight:bold; background-color:#f2f2f2;'>ปีการผลิต</td><td style='padding:3px 6px;'>257071</td></tr><tr><td style='padding:3px 6px; font-weight:bold; background-color:#f2f2f2;'>รหัสกลุ่มรถไถ</td><td style='padding:3px 6px;'>62/010</td></tr><tr><td style='padding:3px 6px; font-weight:bold; background-color:#f2f2f2;'>โควตาชาวไร่</td><td style='padding:3px 6px;'>762075</td></tr><tr><td style='padding:3px 6px; font-weight:bold; background-color:#f2f2f2;'>ชื่อ-นามสกุล</td><td style='padding:3px 6px;'>นางสาว มณีรัตน์ ปัดชา</td></tr><tr><td style='padding:3px 6px; font-weight:bold; background-color:#f2f2f2;'>111</td><td style='padding:3px 6px;'>310801160017</td></tr><tr><td style='padding:3px 6px; font-weight:bold; background-color:#f2f2f2;'>ประเภทอ้อย</td><td style='padding:3px 6px;'>อ้อยปลายฝน</td></tr><tr><td style='padding:3px 6px; font-weight:bold; background-color:#f2f2f2;'>พื้นที่ปลูก</td><td style='padding:3px 6px;'>10.2</td></tr><tr><td style='padding:3px 6px; font-weight:bold; background-color:#f2f2f2;'>ศูนย์</td><td style='padding:3px 6px;'>K2-62</td></tr><tr><td style='padding:3px 6px; font-weight:bold; background-color:#f2f2f2;'>นักเกษตร</td><td style='padding:3px 6px;'>6205</td></tr><tr><td style='padding:3px 6px; font-weight:bold; background-color:#f2f2f2;'>กลุ่ม</td><td style='padding:3px 6px;'>กลุ่ม_62</td></tr></table></div>]]></description>
      <styleUrl>#style_62_010</styleUrl>
      <MultiGeometry><Polygon><outerBoundaryIs><LinearRing><coordinates>103.0903449,14.4351954,0 103.0901941,14.4347442,0 103.0902409,14.4344741,0 103.0905043,14.4342088,0 103.0903193,14.4340740,0 103.0902314,14.4341944,0 103.0898008,14.4340262,0 103.0895071,14.4340649,0 103.0895138,14.4341102,0 103.0890214,14.4341849,0 103.0894325,14.4353996,0 103.0902093,14.4353436,0 103.0902468,14.4352633,0 103.0903449,14.4351954,0</coordinates></LinearRing></outerBoundaryIs></Polygon></MultiGeometry>
    </Placemark>
    <Placemark>
      <name>310801061533</name>
      <description><![CDATA[<div style='font-family:Tahoma,sans-serif; font-size:13px;'><h3 style='color:#1565C0; margin:4px 0;'>รหัส: 310801061533</h3><p style='margin:2px 0;'><b>กลุ่มรถไถ:</b> 62_010</p><table border='1' style='border-collapse:collapse; border-color:#ccc; width:100%;'><tr><td style='padding:3px 6px; font-weight:bold; background-color:#f2f2f2;'>ปีการผลิต</td><td style='padding:3px 6px;'>257071</td></tr><tr><td style='padding:3px 6px; font-weight:bold; background-color:#f2f2f2;'>รหัสกลุ่มรถไถ</td><td style='padding:3px 6px;'>62/010</td></tr><tr><td style='padding:3px 6px; font-weight:bold; background-color:#f2f2f2;'>โควตาชาวไร่</td><td style='padding:3px 6px;'>766394</td></tr><tr><td style='padding:3px 6px; font-weight:bold; background-color:#f2f2f2;'>ชื่อ-นามสกุล</td><td style='padding:3px 6px;'>นาย วันชัย พรมประโคน</td></tr><tr><td style='padding:3px 6px; font-weight:bold; background-color:#f2f2f2;'>111</td><td style='padding:3px 6px;'>310801061533</td></tr><tr><td style='padding:3px 6px; font-weight:bold; background-color:#f2f2f2;'>ประเภทอ้อย</td><td style='padding:3px 6px;'>อ้อยปลายฝน</td></tr><tr><td style='padding:3px 6px; font-weight:bold; background-color:#f2f2f2;'>พื้นที่ปลูก</td><td style='padding:3px 6px;'>8.56</td></tr><tr><td style='padding:3px 6px; font-weight:bold; background-color:#f2f2f2;'>ศูนย์</td><td style='padding:3px 6px;'>K2-62</td></tr><tr><td style='padding:3px 6px; font-weight:bold; background-color:#f2f2f2;'>นักเกษตร</td><td style='padding:3px 6px;'>6205</td></tr><tr><td style='padding:3px 6px; font-weight:bold; background-color:#f2f2f2;'>กลุ่ม</td><td style='padding:3px 6px;'>กลุ่ม_62</td></tr></table></div>]]></description>
      <styleUrl>#style_62_010</styleUrl>
      <MultiGeometry><Polygon><outerBoundaryIs><LinearRing><coordinates>103.0921913,14.4575368,0 103.0909243,14.4575946,0 103.0912502,14.4581596,0 103.0914370,14.4581740,0 103.0917095,14.4585192,0 103.0923446,14.4591444,0 103.0923863,14.4592246,0 103.0925734,14.4592731,0 103.0922615,14.4583581,0 103.0922654,14.4581982,0 103.0922316,14.4581566,0 103.0920970,14.4581250,0 103.0920857,14.4579930,0 103.0921913,14.4575368,0</coordinates></LinearRing></outerBoundaryIs></Polygon></MultiGeometry>
    </Placemark>
  </Folder>
  <Style id="style_62_011">
    <LineStyle>
      <color>ff601BD8</color>
      <width>2.0</width>
    </LineStyle>
    <PolyStyle>
      <color>b3601BD8</color>
    </PolyStyle>
  </Style>
  <Folder>
    <name>62_011</name>
    <Placemark>
      <name>310715111660</name>
      <description><![CDATA[<div style='font-family:Tahoma,sans-serif; font-size:13px;'><h3 style='color:#1565C0; margin:4px 0;'>รหัส: 310715111660</h3><p style='margin:2px 0;'><b>กลุ่มรถไถ:</b> 62_011</p><table border='1' style='border-collapse:collapse; border-color:#ccc; width:100%;'><tr><td style='padding:3px 6px; font-weight:bold; background-color:#f2f2f2;'>ปีการผลิต</td><td style='padding:3px 6px;'>257071</td></tr><tr><td style='padding:3px 6px; font-weight:bold; background-color:#f2f2f2;'>รหัสกลุ่มรถไถ</td><td style='padding:3px 6px;'>62/011</td></tr><tr><td style='padding:3px 6px; font-weight:bold; background-color:#f2f2f2;'>โควตาชาวไร่</td><td style='padding:3px 6px;'>765989</td></tr><tr><td style='padding:3px 6px; font-weight:bold; background-color:#f2f2f2;'>ชื่อ-นามสกุล</td><td style='padding:3px 6px;'>นาง กิติมา คลังมนตรี</td></tr><tr><td style='padding:3px 6px; font-weight:bold; background-color:#f2f2f2;'>111</td><td style='padding:3px 6px;'>310715111660</td></tr><tr><td style='padding:3px 6px; font-weight:bold; background-color:#f2f2f2;'>ประเภทอ้อย</td><td style='padding:3px 6px;'>อ้อยปลายฝน</td></tr><tr><td style='padding:3px 6px; font-weight:bold; background-color:#f2f2f2;'>พื้นที่ปลูก</td><td style='padding:3px 6px;'>5.01</td></tr><tr><td style='padding:3px 6px; font-weight:bold; background-color:#f2f2f2;'>ศูนย์</td><td style='padding:3px 6px;'>K2-62</td></tr><tr><td style='padding:3px 6px; font-weight:bold; background-color:#f2f2f2;'>นักเกษตร</td><td style='padding:3px 6px;'>6207</td></tr><tr><td style='padding:3px 6px; font-weight:bold; background-color:#f2f2f2;'>กลุ่ม</td><td style='padding:3px 6px;'>กลุ่ม_62</td></tr></table></div>]]></description>
      <styleUrl>#style_62_011</styleUrl>
      <MultiGeometry><Polygon><outerBoundaryIs><LinearRing><coordinates>103.0309573,14.4299465,0 103.0328356,14.4293042,0 103.0328568,14.4293056,0 103.0332825,14.4291907,0 103.0337038,14.4290926,0 103.0343928,14.4289592,0 103.0342547,14.4287462,0 103.0336883,14.4288902,0 103.0334028,14.4289693,0 103.0327993,14.4291102,0 103.0320418,14.4293716,0 103.0318028,14.4294665,0 103.0315692,14.4295653,0 103.0313886,14.4296260,0 103.0311173,14.4297358,0 103.0308944,14.4298515,0 103.0309573,14.4299465,0</coordinates></LinearRing></outerBoundaryIs></Polygon></MultiGeometry>
    </Placemark>
    <Placemark>
      <name>310801161613</name>
      <description><![CDATA[<div style='font-family:Tahoma,sans-serif; font-size:13px;'><h3 style='color:#1565C0; margin:4px 0;'>รหัส: 310801161613</h3><p style='margin:2px 0;'><b>กลุ่มรถไถ:</b> 62_011</p><table border='1' style='border-collapse:collapse; border-color:#ccc; width:100%;'><tr><td style='padding:3px 6px; font-weight:bold; background-color:#f2f2f2;'>ปีการผลิต</td><td style='padding:3px 6px;'>257071</td></tr><tr><td style='padding:3px 6px; font-weight:bold; background-color:#f2f2f2;'>รหัสกลุ่มรถไถ</td><td style='padding:3px 6px;'>62/011</td></tr><tr><td style='padding:3px 6px; font-weight:bold; background-color:#f2f2f2;'>โควตาชาวไร่</td><td style='padding:3px 6px;'>766418</td></tr><tr><td style='padding:3px 6px; font-weight:bold; background-color:#f2f2f2;'>ชื่อ-นามสกุล</td><td style='padding:3px 6px;'>นาย โสม เหื่อประโคน</td></tr><tr><td style='padding:3px 6px; font-weight:bold; background-color:#f2f2f2;'>111</td><td style='padding:3px 6px;'>310801161613</td></tr><tr><td style='padding:3px 6px; font-weight:bold; background-color:#f2f2f2;'>ประเภทอ้อย</td><td style='padding:3px 6px;'>อ้อยปลายฝน</td></tr><tr><td style='padding:3px 6px; font-weight:bold; background-color:#f2f2f2;'>พื้นที่ปลูก</td><td style='padding:3px 6px;'>5.06</td></tr><tr><td style='padding:3px 6px; font-weight:bold; background-color:#f2f2f2;'>ศูนย์</td><td style='padding:3px 6px;'>K2-62</td></tr><tr><td style='padding:3px 6px; font-weight:bold; background-color:#f2f2f2;'>นักเกษตร</td><td style='padding:3px 6px;'>6203</td></tr><tr><td style='padding:3px 6px; font-weight:bold; background-color:#f2f2f2;'>กลุ่ม</td><td style='padding:3px 6px;'>กลุ่ม_62</td></tr></table></div>]]></description>
      <styleUrl>#style_62_011</styleUrl>
      <MultiGeometry><Polygon><outerBoundaryIs><LinearRing><coordinates>103.0831526,14.4254339,0 103.0829947,14.4246969,0 103.0820866,14.4249237,0 103.0823019,14.4256320,0 103.0831526,14.4254339,0</coordinates></LinearRing></outerBoundaryIs></Polygon></MultiGeometry>
    </Placemark>
  </Folder>
  <Style id="style_62_012">
    <LineStyle>
      <color>ffB1355E</color>
      <width>2.0</width>
    </LineStyle>
    <PolyStyle>
      <color>b3B1355E</color>
    </PolyStyle>
  </Style>
  <Folder>
    <name>62_012</name>
    <Placemark>
      <name>310801161597</name>
      <description><![CDATA[<div style='font-family:Tahoma,sans-serif; font-size:13px;'><h3 style='color:#1565C0; margin:4px 0;'>รหัส: 310801161597</h3><p style='margin:2px 0;'><b>กลุ่มรถไถ:</b> 62_012</p><table border='1' style='border-collapse:collapse; border-color:#ccc; width:100%;'><tr><td style='padding:3px 6px; font-weight:bold; background-color:#f2f2f2;'>ปีการผลิต</td><td style='padding:3px 6px;'>257071</td></tr><tr><td style='padding:3px 6px; font-weight:bold; background-color:#f2f2f2;'>รหัสกลุ่มรถไถ</td><td style='padding:3px 6px;'>62/012</td></tr><tr><td style='padding:3px 6px; font-weight:bold; background-color:#f2f2f2;'>โควตาชาวไร่</td><td style='padding:3px 6px;'>762883</td></tr><tr><td style='padding:3px 6px; font-weight:bold; background-color:#f2f2f2;'>ชื่อ-นามสกุล</td><td style='padding:3px 6px;'>นาย ปัญญา เพ็ชรไพทูล</td></tr><tr><td style='padding:3px 6px; font-weight:bold; background-color:#f2f2f2;'>111</td><td style='padding:3px 6px;'>310801161597</td></tr><tr><td style='padding:3px 6px; font-weight:bold; background-color:#f2f2f2;'>ประเภทอ้อย</td><td style='padding:3px 6px;'>อ้อยปลายฝน</td></tr><tr><td style='padding:3px 6px; font-weight:bold; background-color:#f2f2f2;'>พื้นที่ปลูก</td><td style='padding:3px 6px;'>12.69</td></tr><tr><td style='padding:3px 6px; font-weight:bold; background-color:#f2f2f2;'>ศูนย์</td><td style='padding:3px 6px;'>K2-62</td></tr><tr><td style='padding:3px 6px; font-weight:bold; background-color:#f2f2f2;'>นักเกษตร</td><td style='padding:3px 6px;'>6205</td></tr><tr><td style='padding:3px 6px; font-weight:bold; background-color:#f2f2f2;'>กลุ่ม</td><td style='padding:3px 6px;'>กลุ่ม_62</td></tr></table></div>]]></description>
      <styleUrl>#style_62_012</styleUrl>
      <MultiGeometry><Polygon><outerBoundaryIs><LinearRing><coordinates>103.0594310,14.4236118,0 103.0612057,14.4241493,0 103.0621238,14.4239420,0 103.0620968,14.4233133,0 103.0608578,14.4231614,0 103.0607442,14.4235076,0 103.0596235,14.4232055,0 103.0594310,14.4236118,0</coordinates></LinearRing></outerBoundaryIs></Polygon></MultiGeometry>
    </Placemark>
    <Placemark>
      <name>310801070009</name>
      <description><![CDATA[<div style='font-family:Tahoma,sans-serif; font-size:13px;'><h3 style='color:#1565C0; margin:4px 0;'>รหัส: 310801070009</h3><p style='margin:2px 0;'><b>กลุ่มรถไถ:</b> 62_012</p><table border='1' style='border-collapse:collapse; border-color:#ccc; width:100%;'><tr><td style='padding:3px 6px; font-weight:bold; background-color:#f2f2f2;'>ปีการผลิต</td><td style='padding:3px 6px;'>257071</td></tr><tr><td style='padding:3px 6px; font-weight:bold; background-color:#f2f2f2;'>รหัสกลุ่มรถไถ</td><td style='padding:3px 6px;'>62/012</td></tr><tr><td style='padding:3px 6px; font-weight:bold; background-color:#f2f2f2;'>โควตาชาวไร่</td><td style='padding:3px 6px;'>765210</td></tr><tr><td style='padding:3px 6px; font-weight:bold; background-color:#f2f2f2;'>ชื่อ-นามสกุล</td><td style='padding:3px 6px;'>นาย มวด เสาเปรีย</td></tr><tr><td style='padding:3px 6px; font-weight:bold; background-color:#f2f2f2;'>111</td><td style='padding:3px 6px;'>310801070009</td></tr><tr><td style='padding:3px 6px; font-weight:bold; background-color:#f2f2f2;'>ประเภทอ้อย</td><td style='padding:3px 6px;'>อ้อยปลายฝน</td></tr><tr><td style='padding:3px 6px; font-weight:bold; background-color:#f2f2f2;'>พื้นที่ปลูก</td><td style='padding:3px 6px;'>5.71</td></tr><tr><td style='padding:3px 6px; font-weight:bold; background-color:#f2f2f2;'>ศูนย์</td><td style='padding:3px 6px;'>K2-62</td></tr><tr><td style='padding:3px 6px; font-weight:bold; background-color:#f2f2f2;'>นักเกษตร</td><td style='padding:3px 6px;'>6205</td></tr><tr><td style='padding:3px 6px; font-weight:bold; background-color:#f2f2f2;'>กลุ่ม</td><td style='padding:3px 6px;'>กลุ่ม_62</td></tr></table></div>]]></description>
      <styleUrl>#style_62_012</styleUrl>
      <MultiGeometry><Polygon><outerBoundaryIs><LinearRing><coordinates>103.0829821,14.4059798,0 103.0822216,14.4049546,0 103.0819747,14.4051515,0 103.0816119,14.4047276,0 103.0814038,14.4048334,0 103.0818848,14.4054748,0 103.0819662,14.4054517,0 103.0825214,14.4061811,0 103.0829821,14.4059798,0</coordinates></LinearRing></outerBoundaryIs></Polygon></MultiGeometry>
    </Placemark>
    <Placemark>
      <name>310801121570</name>
      <description><![CDATA[<div style='font-family:Tahoma,sans-serif; font-size:13px;'><h3 style='color:#1565C0; margin:4px 0;'>รหัส: 310801121570</h3><p style='margin:2px 0;'><b>กลุ่มรถไถ:</b> 62_012</p><table border='1' style='border-collapse:collapse; border-color:#ccc; width:100%;'><tr><td style='padding:3px 6px; font-weight:bold; background-color:#f2f2f2;'>ปีการผลิต</td><td style='padding:3px 6px;'>257071</td></tr><tr><td style='padding:3px 6px; font-weight:bold; background-color:#f2f2f2;'>รหัสกลุ่มรถไถ</td><td style='padding:3px 6px;'>62/012</td></tr><tr><td style='padding:3px 6px; font-weight:bold; background-color:#f2f2f2;'>โควตาชาวไร่</td><td style='padding:3px 6px;'>765282</td></tr><tr><td style='padding:3px 6px; font-weight:bold; background-color:#f2f2f2;'>ชื่อ-นามสกุล</td><td style='padding:3px 6px;'>นาง เปีย ท่าประโคน</td></tr><tr><td style='padding:3px 6px; font-weight:bold; background-color:#f2f2f2;'>111</td><td style='padding:3px 6px;'>310801121570</td></tr><tr><td style='padding:3px 6px; font-weight:bold; background-color:#f2f2f2;'>ประเภทอ้อย</td><td style='padding:3px 6px;'>อ้อยปลายฝน</td></tr><tr><td style='padding:3px 6px; font-weight:bold; background-color:#f2f2f2;'>พื้นที่ปลูก</td><td style='padding:3px 6px;'>6.89</td></tr><tr><td style='padding:3px 6px; font-weight:bold; background-color:#f2f2f2;'>ศูนย์</td><td style='padding:3px 6px;'>K2-62</td></tr><tr><td style='padding:3px 6px; font-weight:bold; background-color:#f2f2f2;'>นักเกษตร</td><td style='padding:3px 6px;'>6205</td></tr><tr><td style='padding:3px 6px; font-weight:bold; background-color:#f2f2f2;'>กลุ่ม</td><td style='padding:3px 6px;'>กลุ่ม_62</td></tr></table></div>]]></description>
      <styleUrl>#style_62_012</styleUrl>
      <MultiGeometry><Polygon><outerBoundaryIs><LinearRing><coordinates>103.0432942,14.4232770,0 103.0438199,14.4251435,0 103.0443401,14.4249934,0 103.0439447,14.4236909,0 103.0434263,14.4231979,0 103.0432942,14.4232770,0</coordinates></LinearRing></outerBoundaryIs></Polygon></MultiGeometry>
    </Placemark>
    <Placemark>
      <name>310715071527</name>
      <description><![CDATA[<div style='font-family:Tahoma,sans-serif; font-size:13px;'><h3 style='color:#1565C0; margin:4px 0;'>รหัส: 310715071527</h3><p style='margin:2px 0;'><b>กลุ่มรถไถ:</b> 62_012</p><table border='1' style='border-collapse:collapse; border-color:#ccc; width:100%;'><tr><td style='padding:3px 6px; font-weight:bold; background-color:#f2f2f2;'>ปีการผลิต</td><td style='padding:3px 6px;'>257071</td></tr><tr><td style='padding:3px 6px; font-weight:bold; background-color:#f2f2f2;'>รหัสกลุ่มรถไถ</td><td style='padding:3px 6px;'>62/012</td></tr><tr><td style='padding:3px 6px; font-weight:bold; background-color:#f2f2f2;'>โควตาชาวไร่</td><td style='padding:3px 6px;'>765691</td></tr><tr><td style='padding:3px 6px; font-weight:bold; background-color:#f2f2f2;'>ชื่อ-นามสกุล</td><td style='padding:3px 6px;'>นาง เส็ง อาสาประโคน</td></tr><tr><td style='padding:3px 6px; font-weight:bold; background-color:#f2f2f2;'>111</td><td style='padding:3px 6px;'>310715071527</td></tr><tr><td style='padding:3px 6px; font-weight:bold; background-color:#f2f2f2;'>ประเภทอ้อย</td><td style='padding:3px 6px;'>อ้อยปลายฝน</td></tr><tr><td style='padding:3px 6px; font-weight:bold; background-color:#f2f2f2;'>พื้นที่ปลูก</td><td style='padding:3px 6px;'>6.89</td></tr><tr><td style='padding:3px 6px; font-weight:bold; background-color:#f2f2f2;'>ศูนย์</td><td style='padding:3px 6px;'>K2-62</td></tr><tr><td style='padding:3px 6px; font-weight:bold; background-color:#f2f2f2;'>นักเกษตร</td><td style='padding:3px 6px;'>6205</td></tr><tr><td style='padding:3px 6px; font-weight:bold; background-color:#f2f2f2;'>กลุ่ม</td><td style='padding:3px 6px;'>กลุ่ม_62</td></tr></table></div>]]></description>
      <styleUrl>#style_62_012</styleUrl>
      <MultiGeometry><Polygon><outerBoundaryIs><LinearRing><coordinates>103.0598835,14.4392829,0 103.0594019,14.4393564,0 103.0590673,14.4394124,0 103.0587002,14.4394724,0 103.0583139,14.4395501,0 103.0583333,14.4397699,0 103.0583524,14.4401342,0 103.0587524,14.4400599,0 103.0591542,14.4399771,0 103.0594046,14.4399286,0 103.0595548,14.4399092,0 103.0599593,14.4398119,0 103.0598835,14.4392829,0</coordinates></LinearRing></outerBoundaryIs></Polygon></MultiGeometry>
    </Placemark>
    <Placemark>
      <name>310801121612</name>
      <description><![CDATA[<div style='font-family:Tahoma,sans-serif; font-size:13px;'><h3 style='color:#1565C0; margin:4px 0;'>รหัส: 310801121612</h3><p style='margin:2px 0;'><b>กลุ่มรถไถ:</b> 62_012</p><table border='1' style='border-collapse:collapse; border-color:#ccc; width:100%;'><tr><td style='padding:3px 6px; font-weight:bold; background-color:#f2f2f2;'>ปีการผลิต</td><td style='padding:3px 6px;'>257071</td></tr><tr><td style='padding:3px 6px; font-weight:bold; background-color:#f2f2f2;'>รหัสกลุ่มรถไถ</td><td style='padding:3px 6px;'>62/012</td></tr><tr><td style='padding:3px 6px; font-weight:bold; background-color:#f2f2f2;'>โควตาชาวไร่</td><td style='padding:3px 6px;'>765874</td></tr><tr><td style='padding:3px 6px; font-weight:bold; background-color:#f2f2f2;'>ชื่อ-นามสกุล</td><td style='padding:3px 6px;'>นาย จีรวัฒน์ หรีกประโคน</td></tr><tr><td style='padding:3px 6px; font-weight:bold; background-color:#f2f2f2;'>111</td><td style='padding:3px 6px;'>310801121612</td></tr><tr><td style='padding:3px 6px; font-weight:bold; background-color:#f2f2f2;'>ประเภทอ้อย</td><td style='padding:3px 6px;'>อ้อยปลายฝน</td></tr><tr><td style='padding:3px 6px; font-weight:bold; background-color:#f2f2f2;'>พื้นที่ปลูก</td><td style='padding:3px 6px;'>5.01</td></tr><tr><td style='padding:3px 6px; font-weight:bold; background-color:#f2f2f2;'>ศูนย์</td><td style='padding:3px 6px;'>K2-62</td></tr><tr><td style='padding:3px 6px; font-weight:bold; background-color:#f2f2f2;'>นักเกษตร</td><td style='padding:3px 6px;'>6205</td></tr><tr><td style='padding:3px 6px; font-weight:bold; background-color:#f2f2f2;'>กลุ่ม</td><td style='padding:3px 6px;'>กลุ่ม_62</td></tr></table></div>]]></description>
      <styleUrl>#style_62_012</styleUrl>
      <MultiGeometry><Polygon><outerBoundaryIs><LinearRing><coordinates>103.0396237,14.4318483,0 103.0397872,14.4322934,0 103.0409042,14.4318610,0 103.0411745,14.4317187,0 103.0411733,14.4316522,0 103.0410800,14.4313525,0 103.0396237,14.4318483,0</coordinates></LinearRing></outerBoundaryIs></Polygon></MultiGeometry>
    </Placemark>
    <Placemark>
      <name>310801061534</name>
      <description><![CDATA[<div style='font-family:Tahoma,sans-serif; font-size:13px;'><h3 style='color:#1565C0; margin:4px 0;'>รหัส: 310801061534</h3><p style='margin:2px 0;'><b>กลุ่มรถไถ:</b> 62_012</p><table border='1' style='border-collapse:collapse; border-color:#ccc; width:100%;'><tr><td style='padding:3px 6px; font-weight:bold; background-color:#f2f2f2;'>ปีการผลิต</td><td style='padding:3px 6px;'>257071</td></tr><tr><td style='padding:3px 6px; font-weight:bold; background-color:#f2f2f2;'>รหัสกลุ่มรถไถ</td><td style='padding:3px 6px;'>62/012</td></tr><tr><td style='padding:3px 6px; font-weight:bold; background-color:#f2f2f2;'>โควตาชาวไร่</td><td style='padding:3px 6px;'>766035</td></tr><tr><td style='padding:3px 6px; font-weight:bold; background-color:#f2f2f2;'>ชื่อ-นามสกุล</td><td style='padding:3px 6px;'>นาย สามารถ บาลโสง</td></tr><tr><td style='padding:3px 6px; font-weight:bold; background-color:#f2f2f2;'>111</td><td style='padding:3px 6px;'>310801061534</td></tr><tr><td style='padding:3px 6px; font-weight:bold; background-color:#f2f2f2;'>ประเภทอ้อย</td><td style='padding:3px 6px;'>อ้อยปลายฝน</td></tr><tr><td style='padding:3px 6px; font-weight:bold; background-color:#f2f2f2;'>พื้นที่ปลูก</td><td style='padding:3px 6px;'>13.18</td></tr><tr><td style='padding:3px 6px; font-weight:bold; background-color:#f2f2f2;'>ศูนย์</td><td style='padding:3px 6px;'>K2-62</td></tr><tr><td style='padding:3px 6px; font-weight:bold; background-color:#f2f2f2;'>นักเกษตร</td><td style='padding:3px 6px;'>6205</td></tr><tr><td style='padding:3px 6px; font-weight:bold; background-color:#f2f2f2;'>กลุ่ม</td><td style='padding:3px 6px;'>กลุ่ม_62</td></tr></table></div>]]></description>
      <styleUrl>#style_62_012</styleUrl>
      <MultiGeometry><Polygon><outerBoundaryIs><LinearRing><coordinates>103.0880554,14.4329016,0 103.0874736,14.4330148,0 103.0875863,14.4333979,0 103.0876300,14.4333982,0 103.0876506,14.4334609,0 103.0879402,14.4333921,0 103.0886033,14.4334570,0 103.0884965,14.4328325,0 103.0883306,14.4309075,0 103.0880760,14.4305886,0 103.0876050,14.4306987,0 103.0875974,14.4312964,0 103.0878069,14.4312640,0 103.0880554,14.4329016,0</coordinates></LinearRing></outerBoundaryIs></Polygon></MultiGeometry>
    </Placemark>
    <Placemark>
      <name>310801141596</name>
      <description><![CDATA[<div style='font-family:Tahoma,sans-serif; font-size:13px;'><h3 style='color:#1565C0; margin:4px 0;'>รหัส: 310801141596</h3><p style='margin:2px 0;'><b>กลุ่มรถไถ:</b> 62_012</p><table border='1' style='border-collapse:collapse; border-color:#ccc; width:100%;'><tr><td style='padding:3px 6px; font-weight:bold; background-color:#f2f2f2;'>ปีการผลิต</td><td style='padding:3px 6px;'>257071</td></tr><tr><td style='padding:3px 6px; font-weight:bold; background-color:#f2f2f2;'>รหัสกลุ่มรถไถ</td><td style='padding:3px 6px;'>62/012</td></tr><tr><td style='padding:3px 6px; font-weight:bold; background-color:#f2f2f2;'>โควตาชาวไร่</td><td style='padding:3px 6px;'>766035</td></tr><tr><td style='padding:3px 6px; font-weight:bold; background-color:#f2f2f2;'>ชื่อ-นามสกุล</td><td style='padding:3px 6px;'>นาย สามารถ บาลโสง</td></tr><tr><td style='padding:3px 6px; font-weight:bold; background-color:#f2f2f2;'>111</td><td style='padding:3px 6px;'>310801141596</td></tr><tr><td style='padding:3px 6px; font-weight:bold; background-color:#f2f2f2;'>ประเภทอ้อย</td><td style='padding:3px 6px;'>อ้อยปลายฝน</td></tr><tr><td style='padding:3px 6px; font-weight:bold; background-color:#f2f2f2;'>พื้นที่ปลูก</td><td style='padding:3px 6px;'>9.15</td></tr><tr><td style='padding:3px 6px; font-weight:bold; background-color:#f2f2f2;'>ศูนย์</td><td style='padding:3px 6px;'>K2-62</td></tr><tr><td style='padding:3px 6px; font-weight:bold; background-color:#f2f2f2;'>นักเกษตร</td><td style='padding:3px 6px;'>6205</td></tr><tr><td style='padding:3px 6px; font-weight:bold; background-color:#f2f2f2;'>กลุ่ม</td><td style='padding:3px 6px;'>กลุ่ม_62</td></tr></table></div>]]></description>
      <styleUrl>#style_62_012</styleUrl>
      <MultiGeometry><Polygon><outerBoundaryIs><LinearRing><coordinates>103.0926685,14.4574591,0 103.0927446,14.4585493,0 103.0936215,14.4586889,0 103.0936612,14.4582974,0 103.0937784,14.4581895,0 103.0940017,14.4578981,0 103.0941476,14.4577284,0 103.0934750,14.4575408,0 103.0926685,14.4574591,0</coordinates></LinearRing></outerBoundaryIs></Polygon></MultiGeometry>
    </Placemark>
    <Placemark>
      <name>310801141598</name>
      <description><![CDATA[<div style='font-family:Tahoma,sans-serif; font-size:13px;'><h3 style='color:#1565C0; margin:4px 0;'>รหัส: 310801141598</h3><p style='margin:2px 0;'><b>กลุ่มรถไถ:</b> 62_012</p><table border='1' style='border-collapse:collapse; border-color:#ccc; width:100%;'><tr><td style='padding:3px 6px; font-weight:bold; background-color:#f2f2f2;'>ปีการผลิต</td><td style='padding:3px 6px;'>257071</td></tr><tr><td style='padding:3px 6px; font-weight:bold; background-color:#f2f2f2;'>รหัสกลุ่มรถไถ</td><td style='padding:3px 6px;'>62/012</td></tr><tr><td style='padding:3px 6px; font-weight:bold; background-color:#f2f2f2;'>โควตาชาวไร่</td><td style='padding:3px 6px;'>766035</td></tr><tr><td style='padding:3px 6px; font-weight:bold; background-color:#f2f2f2;'>ชื่อ-นามสกุล</td><td style='padding:3px 6px;'>นาย สามารถ บาลโสง</td></tr><tr><td style='padding:3px 6px; font-weight:bold; background-color:#f2f2f2;'>111</td><td style='padding:3px 6px;'>310801141598</td></tr><tr><td style='padding:3px 6px; font-weight:bold; background-color:#f2f2f2;'>ประเภทอ้อย</td><td style='padding:3px 6px;'>อ้อยปลายฝน</td></tr><tr><td style='padding:3px 6px; font-weight:bold; background-color:#f2f2f2;'>พื้นที่ปลูก</td><td style='padding:3px 6px;'>20.65</td></tr><tr><td style='padding:3px 6px; font-weight:bold; background-color:#f2f2f2;'>ศูนย์</td><td style='padding:3px 6px;'>K2-62</td></tr><tr><td style='padding:3px 6px; font-weight:bold; background-color:#f2f2f2;'>นักเกษตร</td><td style='padding:3px 6px;'>6205</td></tr><tr><td style='padding:3px 6px; font-weight:bold; background-color:#f2f2f2;'>กลุ่ม</td><td style='padding:3px 6px;'>กลุ่ม_62</td></tr></table></div>]]></description>
      <styleUrl>#style_62_012</styleUrl>
      <MultiGeometry><Polygon><outerBoundaryIs><LinearRing><coordinates>103.1084276,14.4664573,0 103.1079347,14.4645366,0 103.1068863,14.4643726,0 103.1068975,14.4666573,0 103.1069649,14.4667402,0 103.1073645,14.4666266,0 103.1084276,14.4664573,0</coordinates></LinearRing></outerBoundaryIs></Polygon></MultiGeometry>
    </Placemark>
    <Placemark>
      <name>310801091650</name>
      <description><![CDATA[<div style='font-family:Tahoma,sans-serif; font-size:13px;'><h3 style='color:#1565C0; margin:4px 0;'>รหัส: 310801091650</h3><p style='margin:2px 0;'><b>กลุ่มรถไถ:</b> 62_012</p><table border='1' style='border-collapse:collapse; border-color:#ccc; width:100%;'><tr><td style='padding:3px 6px; font-weight:bold; background-color:#f2f2f2;'>ปีการผลิต</td><td style='padding:3px 6px;'>257071</td></tr><tr><td style='padding:3px 6px; font-weight:bold; background-color:#f2f2f2;'>รหัสกลุ่มรถไถ</td><td style='padding:3px 6px;'>62/012</td></tr><tr><td style='padding:3px 6px; font-weight:bold; background-color:#f2f2f2;'>โควตาชาวไร่</td><td style='padding:3px 6px;'>766420</td></tr><tr><td style='padding:3px 6px; font-weight:bold; background-color:#f2f2f2;'>ชื่อ-นามสกุล</td><td style='padding:3px 6px;'>นาย ยุทธนศักดิ์ ด้วงประโคน</td></tr><tr><td style='padding:3px 6px; font-weight:bold; background-color:#f2f2f2;'>111</td><td style='padding:3px 6px;'>310801091650</td></tr><tr><td style='padding:3px 6px; font-weight:bold; background-color:#f2f2f2;'>ประเภทอ้อย</td><td style='padding:3px 6px;'>อ้อยปลายฝน</td></tr><tr><td style='padding:3px 6px; font-weight:bold; background-color:#f2f2f2;'>พื้นที่ปลูก</td><td style='padding:3px 6px;'>3.0</td></tr><tr><td style='padding:3px 6px; font-weight:bold; background-color:#f2f2f2;'>ศูนย์</td><td style='padding:3px 6px;'>K2-62</td></tr><tr><td style='padding:3px 6px; font-weight:bold; background-color:#f2f2f2;'>นักเกษตร</td><td style='padding:3px 6px;'>6205</td></tr><tr><td style='padding:3px 6px; font-weight:bold; background-color:#f2f2f2;'>กลุ่ม</td><td style='padding:3px 6px;'>กลุ่ม_62</td></tr></table></div>]]></description>
      <styleUrl>#style_62_012</styleUrl>
      <MultiGeometry><Polygon><outerBoundaryIs><LinearRing><coordinates>103.0856540,14.4439498,0 103.0850770,14.4439602,0 103.0850651,14.4446464,0 103.0856950,14.4445902,0 103.0856540,14.4439498,0</coordinates></LinearRing></outerBoundaryIs></Polygon></MultiGeometry>
    </Placemark>
    <Placemark>
      <name>310801161604</name>
      <description><![CDATA[<div style='font-family:Tahoma,sans-serif; font-size:13px;'><h3 style='color:#1565C0; margin:4px 0;'>รหัส: 310801161604</h3><p style='margin:2px 0;'><b>กลุ่มรถไถ:</b> 62_012</p><table border='1' style='border-collapse:collapse; border-color:#ccc; width:100%;'><tr><td style='padding:3px 6px; font-weight:bold; background-color:#f2f2f2;'>ปีการผลิต</td><td style='padding:3px 6px;'>257071</td></tr><tr><td style='padding:3px 6px; font-weight:bold; background-color:#f2f2f2;'>รหัสกลุ่มรถไถ</td><td style='padding:3px 6px;'>62/012</td></tr><tr><td style='padding:3px 6px; font-weight:bold; background-color:#f2f2f2;'>โควตาชาวไร่</td><td style='padding:3px 6px;'>766430</td></tr><tr><td style='padding:3px 6px; font-weight:bold; background-color:#f2f2f2;'>ชื่อ-นามสกุล</td><td style='padding:3px 6px;'>นาง ละเมิน จันดี</td></tr><tr><td style='padding:3px 6px; font-weight:bold; background-color:#f2f2f2;'>111</td><td style='padding:3px 6px;'>310801161604</td></tr><tr><td style='padding:3px 6px; font-weight:bold; background-color:#f2f2f2;'>ประเภทอ้อย</td><td style='padding:3px 6px;'>อ้อยปลายฝน</td></tr><tr><td style='padding:3px 6px; font-weight:bold; background-color:#f2f2f2;'>พื้นที่ปลูก</td><td style='padding:3px 6px;'>11.46</td></tr><tr><td style='padding:3px 6px; font-weight:bold; background-color:#f2f2f2;'>ศูนย์</td><td style='padding:3px 6px;'>K2-62</td></tr><tr><td style='padding:3px 6px; font-weight:bold; background-color:#f2f2f2;'>นักเกษตร</td><td style='padding:3px 6px;'>6205</td></tr><tr><td style='padding:3px 6px; font-weight:bold; background-color:#f2f2f2;'>กลุ่ม</td><td style='padding:3px 6px;'>กลุ่ม_62</td></tr></table></div>]]></description>
      <styleUrl>#style_62_012</styleUrl>
      <MultiGeometry><Polygon><outerBoundaryIs><LinearRing><coordinates>103.0653924,14.4285316,0 103.0654464,14.4285240,0 103.0652294,14.4279635,0 103.0652867,14.4272387,0 103.0651346,14.4272442,0 103.0642295,14.4259871,0 103.0641891,14.4260184,0 103.0640118,14.4258457,0 103.0635128,14.4261783,0 103.0637348,14.4263215,0 103.0638586,14.4266185,0 103.0653924,14.4285316,0</coordinates></LinearRing></outerBoundaryIs></Polygon></MultiGeometry>
    </Placemark>
  </Folder>
  <Style id="style_62_013">
    <LineStyle>
      <color>ffAB4939</color>
      <width>2.0</width>
    </LineStyle>
    <PolyStyle>
      <color>b3AB4939</color>
    </PolyStyle>
  </Style>
  <Folder>
    <name>62_013</name>
    <Placemark>
      <name>310603161602</name>
      <description><![CDATA[<div style='font-family:Tahoma,sans-serif; font-size:13px;'><h3 style='color:#1565C0; margin:4px 0;'>รหัส: 310603161602</h3><p style='margin:2px 0;'><b>กลุ่มรถไถ:</b> 62_013</p><table border='1' style='border-collapse:collapse; border-color:#ccc; width:100%;'><tr><td style='padding:3px 6px; font-weight:bold; background-color:#f2f2f2;'>ปีการผลิต</td><td style='padding:3px 6px;'>257071</td></tr><tr><td style='padding:3px 6px; font-weight:bold; background-color:#f2f2f2;'>รหัสกลุ่มรถไถ</td><td style='padding:3px 6px;'>62/013</td></tr><tr><td style='padding:3px 6px; font-weight:bold; background-color:#f2f2f2;'>โควตาชาวไร่</td><td style='padding:3px 6px;'>762768</td></tr><tr><td style='padding:3px 6px; font-weight:bold; background-color:#f2f2f2;'>ชื่อ-นามสกุล</td><td style='padding:3px 6px;'>น.ส. เย็นจิตร พรมนัส</td></tr><tr><td style='padding:3px 6px; font-weight:bold; background-color:#f2f2f2;'>111</td><td style='padding:3px 6px;'>310603161602</td></tr><tr><td style='padding:3px 6px; font-weight:bold; background-color:#f2f2f2;'>ประเภทอ้อย</td><td style='padding:3px 6px;'>อ้อยปลายฝน</td></tr><tr><td style='padding:3px 6px; font-weight:bold; background-color:#f2f2f2;'>พื้นที่ปลูก</td><td style='padding:3px 6px;'>15.88</td></tr><tr><td style='padding:3px 6px; font-weight:bold; background-color:#f2f2f2;'>ศูนย์</td><td style='padding:3px 6px;'>K2-62</td></tr><tr><td style='padding:3px 6px; font-weight:bold; background-color:#f2f2f2;'>นักเกษตร</td><td style='padding:3px 6px;'>6206</td></tr><tr><td style='padding:3px 6px; font-weight:bold; background-color:#f2f2f2;'>กลุ่ม</td><td style='padding:3px 6px;'>กลุ่ม_62</td></tr></table></div>]]></description>
      <styleUrl>#style_62_013</styleUrl>
      <MultiGeometry><Polygon><outerBoundaryIs><LinearRing><coordinates>102.9616517,14.3569433,0 102.9601533,14.3572367,0 102.9602033,14.3574300,0 102.9602083,14.3576500,0 102.9602167,14.3578567,0 102.9602267,14.3580983,0 102.9602267,14.3582367,0 102.9602267,14.3583783,0 102.9602467,14.3585217,0 102.9619733,14.3581467,0 102.9618583,14.3572050,0 102.9616983,14.3571967,0 102.9616517,14.3569433,0</coordinates></LinearRing></outerBoundaryIs></Polygon></MultiGeometry>
    </Placemark>
    <Placemark>
      <name>310603161631</name>
      <description><![CDATA[<div style='font-family:Tahoma,sans-serif; font-size:13px;'><h3 style='color:#1565C0; margin:4px 0;'>รหัส: 310603161631</h3><p style='margin:2px 0;'><b>กลุ่มรถไถ:</b> 62_013</p><table border='1' style='border-collapse:collapse; border-color:#ccc; width:100%;'><tr><td style='padding:3px 6px; font-weight:bold; background-color:#f2f2f2;'>ปีการผลิต</td><td style='padding:3px 6px;'>257071</td></tr><tr><td style='padding:3px 6px; font-weight:bold; background-color:#f2f2f2;'>รหัสกลุ่มรถไถ</td><td style='padding:3px 6px;'>62/013</td></tr><tr><td style='padding:3px 6px; font-weight:bold; background-color:#f2f2f2;'>โควตาชาวไร่</td><td style='padding:3px 6px;'>762768</td></tr><tr><td style='padding:3px 6px; font-weight:bold; background-color:#f2f2f2;'>ชื่อ-นามสกุล</td><td style='padding:3px 6px;'>น.ส. เย็นจิตร พรมนัส</td></tr><tr><td style='padding:3px 6px; font-weight:bold; background-color:#f2f2f2;'>111</td><td style='padding:3px 6px;'>310603161631</td></tr><tr><td style='padding:3px 6px; font-weight:bold; background-color:#f2f2f2;'>ประเภทอ้อย</td><td style='padding:3px 6px;'>อ้อยปลายฝน</td></tr><tr><td style='padding:3px 6px; font-weight:bold; background-color:#f2f2f2;'>พื้นที่ปลูก</td><td style='padding:3px 6px;'>8.8</td></tr><tr><td style='padding:3px 6px; font-weight:bold; background-color:#f2f2f2;'>ศูนย์</td><td style='padding:3px 6px;'>K2-62</td></tr><tr><td style='padding:3px 6px; font-weight:bold; background-color:#f2f2f2;'>นักเกษตร</td><td style='padding:3px 6px;'>6206</td></tr><tr><td style='padding:3px 6px; font-weight:bold; background-color:#f2f2f2;'>กลุ่ม</td><td style='padding:3px 6px;'>กลุ่ม_62</td></tr></table></div>]]></description>
      <styleUrl>#style_62_013</styleUrl>
      <MultiGeometry><Polygon><outerBoundaryIs><LinearRing><coordinates>102.9590081,14.3490775,0 102.9581677,14.3491826,0 102.9588078,14.3505892,0 102.9590730,14.3504931,0 102.9595766,14.3503686,0 102.9590081,14.3490775,0</coordinates></LinearRing></outerBoundaryIs></Polygon></MultiGeometry>
    </Placemark>
    <Placemark>
      <name>310603161797</name>
      <description><![CDATA[<div style='font-family:Tahoma,sans-serif; font-size:13px;'><h3 style='color:#1565C0; margin:4px 0;'>รหัส: 310603161797</h3><p style='margin:2px 0;'><b>กลุ่มรถไถ:</b> 62_013</p><table border='1' style='border-collapse:collapse; border-color:#ccc; width:100%;'><tr><td style='padding:3px 6px; font-weight:bold; background-color:#f2f2f2;'>ปีการผลิต</td><td style='padding:3px 6px;'>257071</td></tr><tr><td style='padding:3px 6px; font-weight:bold; background-color:#f2f2f2;'>รหัสกลุ่มรถไถ</td><td style='padding:3px 6px;'>62/013</td></tr><tr><td style='padding:3px 6px; font-weight:bold; background-color:#f2f2f2;'>โควตาชาวไร่</td><td style='padding:3px 6px;'>762768</td></tr><tr><td style='padding:3px 6px; font-weight:bold; background-color:#f2f2f2;'>ชื่อ-นามสกุล</td><td style='padding:3px 6px;'>น.ส. เย็นจิตร พรมนัส</td></tr><tr><td style='padding:3px 6px; font-weight:bold; background-color:#f2f2f2;'>111</td><td style='padding:3px 6px;'>310603161797</td></tr><tr><td style='padding:3px 6px; font-weight:bold; background-color:#f2f2f2;'>ประเภทอ้อย</td><td style='padding:3px 6px;'>อ้อยปลายฝน</td></tr><tr><td style='padding:3px 6px; font-weight:bold; background-color:#f2f2f2;'>พื้นที่ปลูก</td><td style='padding:3px 6px;'>14.77</td></tr><tr><td style='padding:3px 6px; font-weight:bold; background-color:#f2f2f2;'>ศูนย์</td><td style='padding:3px 6px;'>K2-62</td></tr><tr><td style='padding:3px 6px; font-weight:bold; background-color:#f2f2f2;'>นักเกษตร</td><td style='padding:3px 6px;'>6206</td></tr><tr><td style='padding:3px 6px; font-weight:bold; background-color:#f2f2f2;'>กลุ่ม</td><td style='padding:3px 6px;'>กลุ่ม_62</td></tr></table></div>]]></description>
      <styleUrl>#style_62_013</styleUrl>
      <MultiGeometry><Polygon><outerBoundaryIs><LinearRing><coordinates>102.9596042,14.3503794,0 102.9608398,14.3501932,0 102.9609278,14.3501937,0 102.9614115,14.3501608,0 102.9603009,14.3490242,0 102.9602326,14.3489816,0 102.9601783,14.3489862,0 102.9601662,14.3489787,0 102.9590473,14.3491056,0 102.9596042,14.3503794,0</coordinates></LinearRing></outerBoundaryIs></Polygon></MultiGeometry>
    </Placemark>
    <Placemark>
      <name>310603161824</name>
      <description><![CDATA[<div style='font-family:Tahoma,sans-serif; font-size:13px;'><h3 style='color:#1565C0; margin:4px 0;'>รหัส: 310603161824</h3><p style='margin:2px 0;'><b>กลุ่มรถไถ:</b> 62_013</p><table border='1' style='border-collapse:collapse; border-color:#ccc; width:100%;'><tr><td style='padding:3px 6px; font-weight:bold; background-color:#f2f2f2;'>ปีการผลิต</td><td style='padding:3px 6px;'>257071</td></tr><tr><td style='padding:3px 6px; font-weight:bold; background-color:#f2f2f2;'>รหัสกลุ่มรถไถ</td><td style='padding:3px 6px;'>62/013</td></tr><tr><td style='padding:3px 6px; font-weight:bold; background-color:#f2f2f2;'>โควตาชาวไร่</td><td style='padding:3px 6px;'>762768</td></tr><tr><td style='padding:3px 6px; font-weight:bold; background-color:#f2f2f2;'>ชื่อ-นามสกุล</td><td style='padding:3px 6px;'>น.ส. เย็นจิตร พรมนัส</td></tr><tr><td style='padding:3px 6px; font-weight:bold; background-color:#f2f2f2;'>111</td><td style='padding:3px 6px;'>310603161824</td></tr><tr><td style='padding:3px 6px; font-weight:bold; background-color:#f2f2f2;'>ประเภทอ้อย</td><td style='padding:3px 6px;'>อ้อยปลายฝน</td></tr><tr><td style='padding:3px 6px; font-weight:bold; background-color:#f2f2f2;'>พื้นที่ปลูก</td><td style='padding:3px 6px;'>11.43</td></tr><tr><td style='padding:3px 6px; font-weight:bold; background-color:#f2f2f2;'>ศูนย์</td><td style='padding:3px 6px;'>K2-62</td></tr><tr><td style='padding:3px 6px; font-weight:bold; background-color:#f2f2f2;'>นักเกษตร</td><td style='padding:3px 6px;'>6206</td></tr><tr><td style='padding:3px 6px; font-weight:bold; background-color:#f2f2f2;'>กลุ่ม</td><td style='padding:3px 6px;'>กลุ่ม_62</td></tr></table></div>]]></description>
      <styleUrl>#style_62_013</styleUrl>
      <MultiGeometry><Polygon><outerBoundaryIs><LinearRing><coordinates>102.9582200,14.3455517,0 102.9582215,14.3458491,0 102.9582417,14.3458483,0 102.9583017,14.3458317,0 102.9583550,14.3458667,0 102.9584617,14.3459233,0 102.9585517,14.3460033,0 102.9586750,14.3460317,0 102.9586433,14.3462383,0 102.9586200,14.3462500,0 102.9585850,14.3462733,0 102.9585433,14.3463050,0 102.9584867,14.3463083,0 102.9584483,14.3462900,0 102.9583800,14.3462433,0 102.9582683,14.3462067,0 102.9582200,14.3462083,0 102.9581483,14.3461200,0 102.9581717,14.3459033,0 102.9581785,14.3458707,0 102.9576450,14.3457550,0 102.9576550,14.3462100,0 102.9577150,14.3466117,0 102.9589217,14.3472683,0 102.9591167,14.3460500,0 102.9592883,14.3460017,0 102.9592983,14.3458967,0 102.9582200,14.3455517,0</coordinates></LinearRing></outerBoundaryIs></Polygon></MultiGeometry>
    </Placemark>
    <Placemark>
      <name>310603161886</name>
      <description><![CDATA[<div style='font-family:Tahoma,sans-serif; font-size:13px;'><h3 style='color:#1565C0; margin:4px 0;'>รหัส: 310603161886</h3><p style='margin:2px 0;'><b>กลุ่มรถไถ:</b> 62_013</p><table border='1' style='border-collapse:collapse; border-color:#ccc; width:100%;'><tr><td style='padding:3px 6px; font-weight:bold; background-color:#f2f2f2;'>ปีการผลิต</td><td style='padding:3px 6px;'>257071</td></tr><tr><td style='padding:3px 6px; font-weight:bold; background-color:#f2f2f2;'>รหัสกลุ่มรถไถ</td><td style='padding:3px 6px;'>62/013</td></tr><tr><td style='padding:3px 6px; font-weight:bold; background-color:#f2f2f2;'>โควตาชาวไร่</td><td style='padding:3px 6px;'>762768</td></tr><tr><td style='padding:3px 6px; font-weight:bold; background-color:#f2f2f2;'>ชื่อ-นามสกุล</td><td style='padding:3px 6px;'>น.ส. เย็นจิตร พรมนัส</td></tr><tr><td style='padding:3px 6px; font-weight:bold; background-color:#f2f2f2;'>111</td><td style='padding:3px 6px;'>310603161886</td></tr><tr><td style='padding:3px 6px; font-weight:bold; background-color:#f2f2f2;'>ประเภทอ้อย</td><td style='padding:3px 6px;'>อ้อยปลายฝน</td></tr><tr><td style='padding:3px 6px; font-weight:bold; background-color:#f2f2f2;'>พื้นที่ปลูก</td><td style='padding:3px 6px;'>14.17</td></tr><tr><td style='padding:3px 6px; font-weight:bold; background-color:#f2f2f2;'>ศูนย์</td><td style='padding:3px 6px;'>K2-62</td></tr><tr><td style='padding:3px 6px; font-weight:bold; background-color:#f2f2f2;'>นักเกษตร</td><td style='padding:3px 6px;'>6206</td></tr><tr><td style='padding:3px 6px; font-weight:bold; background-color:#f2f2f2;'>กลุ่ม</td><td style='padding:3px 6px;'>กลุ่ม_62</td></tr></table></div>]]></description>
      <styleUrl>#style_62_013</styleUrl>
      <MultiGeometry><Polygon><outerBoundaryIs><LinearRing><coordinates>102.9637717,14.3525217,0 102.9611050,14.3531833,0 102.9612367,14.3538517,0 102.9612950,14.3538467,0 102.9634883,14.3533217,0 102.9636833,14.3532533,0 102.9637267,14.3532050,0 102.9638000,14.3529183,0 102.9638917,14.3526400,0 102.9637717,14.3525217,0</coordinates></LinearRing></outerBoundaryIs></Polygon></MultiGeometry>
    </Placemark>
    <Placemark>
      <name>310607071534</name>
      <description><![CDATA[<div style='font-family:Tahoma,sans-serif; font-size:13px;'><h3 style='color:#1565C0; margin:4px 0;'>รหัส: 310607071534</h3><p style='margin:2px 0;'><b>กลุ่มรถไถ:</b> 62_013</p><table border='1' style='border-collapse:collapse; border-color:#ccc; width:100%;'><tr><td style='padding:3px 6px; font-weight:bold; background-color:#f2f2f2;'>ปีการผลิต</td><td style='padding:3px 6px;'>257071</td></tr><tr><td style='padding:3px 6px; font-weight:bold; background-color:#f2f2f2;'>รหัสกลุ่มรถไถ</td><td style='padding:3px 6px;'>62/013</td></tr><tr><td style='padding:3px 6px; font-weight:bold; background-color:#f2f2f2;'>โควตาชาวไร่</td><td style='padding:3px 6px;'>762857</td></tr><tr><td style='padding:3px 6px; font-weight:bold; background-color:#f2f2f2;'>ชื่อ-นามสกุล</td><td style='padding:3px 6px;'>นาง แสงจันทร์ สายกระสุน</td></tr><tr><td style='padding:3px 6px; font-weight:bold; background-color:#f2f2f2;'>111</td><td style='padding:3px 6px;'>310607071534</td></tr><tr><td style='padding:3px 6px; font-weight:bold; background-color:#f2f2f2;'>ประเภทอ้อย</td><td style='padding:3px 6px;'>อ้อยปลายฝน</td></tr><tr><td style='padding:3px 6px; font-weight:bold; background-color:#f2f2f2;'>พื้นที่ปลูก</td><td style='padding:3px 6px;'>23.57</td></tr><tr><td style='padding:3px 6px; font-weight:bold; background-color:#f2f2f2;'>ศูนย์</td><td style='padding:3px 6px;'>K2-62</td></tr><tr><td style='padding:3px 6px; font-weight:bold; background-color:#f2f2f2;'>นักเกษตร</td><td style='padding:3px 6px;'>6201</td></tr><tr><td style='padding:3px 6px; font-weight:bold; background-color:#f2f2f2;'>กลุ่ม</td><td style='padding:3px 6px;'>กลุ่ม_62</td></tr></table></div>]]></description>
      <styleUrl>#style_62_013</styleUrl>
      <MultiGeometry><Polygon><outerBoundaryIs><LinearRing><coordinates>102.9348795,14.3581951,0 102.9347437,14.3582771,0 102.9345547,14.3582966,0 102.9345562,14.3582484,0 102.9345264,14.3582514,0 102.9345064,14.3582114,0 102.9344677,14.3580513,0 102.9344500,14.3579213,0 102.9344742,14.3578923,0 102.9345001,14.3578839,0 102.9345889,14.3578710,0 102.9348475,14.3578217,0 102.9349936,14.3578014,0 102.9350348,14.3576514,0 102.9350755,14.3576069,0 102.9350929,14.3575724,0 102.9351436,14.3574450,0 102.9351449,14.3574126,0 102.9351870,14.3573540,0 102.9352674,14.3572134,0 102.9353767,14.3569853,0 102.9355422,14.3567749,0 102.9355559,14.3567467,0 102.9355549,14.3567249,0 102.9355403,14.3566802,0 102.9350908,14.3567501,0 102.9349875,14.3567482,0 102.9346066,14.3568022,0 102.9344094,14.3568427,0 102.9343812,14.3568459,0 102.9342523,14.3568708,0 102.9338601,14.3569224,0 102.9339582,14.3572068,0 102.9339614,14.3572211,0 102.9339667,14.3572351,0 102.9340489,14.3571961,0 102.9340695,14.3572267,0 102.9340792,14.3572612,0 102.9340688,14.3573102,0 102.9340497,14.3573346,0 102.9339667,14.3573399,0 102.9339444,14.3572014,0 102.9338553,14.3569275,0 102.9332707,14.3570405,0 102.9332784,14.3570639,0 102.9333519,14.3572967,0 102.9334105,14.3576328,0 102.9334226,14.3576777,0 102.9334341,14.3577204,0 102.9334522,14.3577463,0 102.9334556,14.3577662,0 102.9334665,14.3579873,0 102.9334668,14.3580105,0 102.9334584,14.3580762,0 102.9334626,14.3581085,0 102.9334337,14.3582389,0 102.9334281,14.3582594,0 102.9333798,14.3588225,0 102.9337940,14.3588460,0 102.9340774,14.3588965,0 102.9341770,14.3589332,0 102.9343494,14.3589968,0 102.9344325,14.3590292,0 102.9345448,14.3590536,0 102.9345602,14.3590540,0 102.9345748,14.3590460,0 102.9346658,14.3589231,0 102.9348177,14.3585168,0 102.9348795,14.3581951,0</coordinates></LinearRing></outerBoundaryIs></Polygon></MultiGeometry>
    </Placemark>
    <Placemark>
      <name>310607020103</name>
      <description><![CDATA[<div style='font-family:Tahoma,sans-serif; font-size:13px;'><h3 style='color:#1565C0; margin:4px 0;'>รหัส: 310607020103</h3><p style='margin:2px 0;'><b>กลุ่มรถไถ:</b> 62_013</p><table border='1' style='border-collapse:collapse; border-color:#ccc; width:100%;'><tr><td style='padding:3px 6px; font-weight:bold; background-color:#f2f2f2;'>ปีการผลิต</td><td style='padding:3px 6px;'>257071</td></tr><tr><td style='padding:3px 6px; font-weight:bold; background-color:#f2f2f2;'>รหัสกลุ่มรถไถ</td><td style='padding:3px 6px;'>62/013</td></tr><tr><td style='padding:3px 6px; font-weight:bold; background-color:#f2f2f2;'>โควตาชาวไร่</td><td style='padding:3px 6px;'>762943</td></tr><tr><td style='padding:3px 6px; font-weight:bold; background-color:#f2f2f2;'>ชื่อ-นามสกุล</td><td style='padding:3px 6px;'>นาย พรม เยียวรัมย์</td></tr><tr><td style='padding:3px 6px; font-weight:bold; background-color:#f2f2f2;'>111</td><td style='padding:3px 6px;'>310607020103</td></tr><tr><td style='padding:3px 6px; font-weight:bold; background-color:#f2f2f2;'>ประเภทอ้อย</td><td style='padding:3px 6px;'>อ้อยปลายฝน</td></tr><tr><td style='padding:3px 6px; font-weight:bold; background-color:#f2f2f2;'>พื้นที่ปลูก</td><td style='padding:3px 6px;'>18.06</td></tr><tr><td style='padding:3px 6px; font-weight:bold; background-color:#f2f2f2;'>ศูนย์</td><td style='padding:3px 6px;'>K2-62</td></tr><tr><td style='padding:3px 6px; font-weight:bold; background-color:#f2f2f2;'>นักเกษตร</td><td style='padding:3px 6px;'>6206</td></tr><tr><td style='padding:3px 6px; font-weight:bold; background-color:#f2f2f2;'>กลุ่ม</td><td style='padding:3px 6px;'>กลุ่ม_62</td></tr></table></div>]]></description>
      <styleUrl>#style_62_013</styleUrl>
      <MultiGeometry><Polygon><outerBoundaryIs><LinearRing><coordinates>102.9347021,14.3544090,0 102.9320213,14.3556404,0 102.9320280,14.3557772,0 102.9321278,14.3561564,0 102.9355146,14.3548307,0 102.9355608,14.3547584,0 102.9356287,14.3545893,0 102.9355536,14.3544877,0 102.9355184,14.3544160,0 102.9355376,14.3542788,0 102.9356867,14.3541361,0 102.9357079,14.3539289,0 102.9347021,14.3544090,0</coordinates></LinearRing></outerBoundaryIs></Polygon></MultiGeometry>
    </Placemark>
    <Placemark>
      <name>310603160170</name>
      <description><![CDATA[<div style='font-family:Tahoma,sans-serif; font-size:13px;'><h3 style='color:#1565C0; margin:4px 0;'>รหัส: 310603160170</h3><p style='margin:2px 0;'><b>กลุ่มรถไถ:</b> 62_013</p><table border='1' style='border-collapse:collapse; border-color:#ccc; width:100%;'><tr><td style='padding:3px 6px; font-weight:bold; background-color:#f2f2f2;'>ปีการผลิต</td><td style='padding:3px 6px;'>257071</td></tr><tr><td style='padding:3px 6px; font-weight:bold; background-color:#f2f2f2;'>รหัสกลุ่มรถไถ</td><td style='padding:3px 6px;'>62/013</td></tr><tr><td style='padding:3px 6px; font-weight:bold; background-color:#f2f2f2;'>โควตาชาวไร่</td><td style='padding:3px 6px;'>765012</td></tr><tr><td style='padding:3px 6px; font-weight:bold; background-color:#f2f2f2;'>ชื่อ-นามสกุล</td><td style='padding:3px 6px;'>นาย จันทร์ มาดี</td></tr><tr><td style='padding:3px 6px; font-weight:bold; background-color:#f2f2f2;'>111</td><td style='padding:3px 6px;'>310603160170</td></tr><tr><td style='padding:3px 6px; font-weight:bold; background-color:#f2f2f2;'>ประเภทอ้อย</td><td style='padding:3px 6px;'>อ้อยปลายฝน</td></tr><tr><td style='padding:3px 6px; font-weight:bold; background-color:#f2f2f2;'>พื้นที่ปลูก</td><td style='padding:3px 6px;'>14.68</td></tr><tr><td style='padding:3px 6px; font-weight:bold; background-color:#f2f2f2;'>ศูนย์</td><td style='padding:3px 6px;'>K2-62</td></tr><tr><td style='padding:3px 6px; font-weight:bold; background-color:#f2f2f2;'>นักเกษตร</td><td style='padding:3px 6px;'>6201</td></tr><tr><td style='padding:3px 6px; font-weight:bold; background-color:#f2f2f2;'>กลุ่ม</td><td style='padding:3px 6px;'>กลุ่ม_62</td></tr></table></div>]]></description>
      <styleUrl>#style_62_013</styleUrl>
      <MultiGeometry><Polygon><outerBoundaryIs><LinearRing><coordinates>102.9334913,14.3579640,0 102.9333299,14.3570233,0 102.9333271,14.3570245,0 102.9332955,14.3570282,0 102.9331819,14.3570412,0 102.9322354,14.3571765,0 102.9322354,14.3571868,0 102.9323036,14.3578299,0 102.9323223,14.3585723,0 102.9323276,14.3587807,0 102.9323394,14.3587831,0 102.9325523,14.3588019,0 102.9333890,14.3588601,0 102.9334063,14.3588479,0 102.9334055,14.3588122,0 102.9333934,14.3587776,0 102.9335008,14.3579748,0 102.9334913,14.3579640,0</coordinates></LinearRing></outerBoundaryIs></Polygon></MultiGeometry>
    </Placemark>
    <Placemark>
      <name>310603161768</name>
      <description><![CDATA[<div style='font-family:Tahoma,sans-serif; font-size:13px;'><h3 style='color:#1565C0; margin:4px 0;'>รหัส: 310603161768</h3><p style='margin:2px 0;'><b>กลุ่มรถไถ:</b> 62_013</p><table border='1' style='border-collapse:collapse; border-color:#ccc; width:100%;'><tr><td style='padding:3px 6px; font-weight:bold; background-color:#f2f2f2;'>ปีการผลิต</td><td style='padding:3px 6px;'>257071</td></tr><tr><td style='padding:3px 6px; font-weight:bold; background-color:#f2f2f2;'>รหัสกลุ่มรถไถ</td><td style='padding:3px 6px;'>62/013</td></tr><tr><td style='padding:3px 6px; font-weight:bold; background-color:#f2f2f2;'>โควตาชาวไร่</td><td style='padding:3px 6px;'>765400</td></tr><tr><td style='padding:3px 6px; font-weight:bold; background-color:#f2f2f2;'>ชื่อ-นามสกุล</td><td style='padding:3px 6px;'>นาย วิเชียร โกยชัย</td></tr><tr><td style='padding:3px 6px; font-weight:bold; background-color:#f2f2f2;'>111</td><td style='padding:3px 6px;'>310603161768</td></tr><tr><td style='padding:3px 6px; font-weight:bold; background-color:#f2f2f2;'>ประเภทอ้อย</td><td style='padding:3px 6px;'>อ้อยปลายฝน</td></tr><tr><td style='padding:3px 6px; font-weight:bold; background-color:#f2f2f2;'>พื้นที่ปลูก</td><td style='padding:3px 6px;'>4.59</td></tr><tr><td style='padding:3px 6px; font-weight:bold; background-color:#f2f2f2;'>ศูนย์</td><td style='padding:3px 6px;'>K2-62</td></tr><tr><td style='padding:3px 6px; font-weight:bold; background-color:#f2f2f2;'>นักเกษตร</td><td style='padding:3px 6px;'>6201</td></tr><tr><td style='padding:3px 6px; font-weight:bold; background-color:#f2f2f2;'>กลุ่ม</td><td style='padding:3px 6px;'>กลุ่ม_62</td></tr></table></div>]]></description>
      <styleUrl>#style_62_013</styleUrl>
      <MultiGeometry><Polygon><outerBoundaryIs><LinearRing><coordinates>102.9393970,14.3535283,0 102.9392959,14.3531683,0 102.9374237,14.3535883,0 102.9375128,14.3538437,0 102.9393970,14.3535283,0</coordinates></LinearRing></outerBoundaryIs></Polygon></MultiGeometry>
    </Placemark>
    <Placemark>
      <name>310603161656</name>
      <description><![CDATA[<div style='font-family:Tahoma,sans-serif; font-size:13px;'><h3 style='color:#1565C0; margin:4px 0;'>รหัส: 310603161656</h3><p style='margin:2px 0;'><b>กลุ่มรถไถ:</b> 62_013</p><table border='1' style='border-collapse:collapse; border-color:#ccc; width:100%;'><tr><td style='padding:3px 6px; font-weight:bold; background-color:#f2f2f2;'>ปีการผลิต</td><td style='padding:3px 6px;'>257071</td></tr><tr><td style='padding:3px 6px; font-weight:bold; background-color:#f2f2f2;'>รหัสกลุ่มรถไถ</td><td style='padding:3px 6px;'>62/013</td></tr><tr><td style='padding:3px 6px; font-weight:bold; background-color:#f2f2f2;'>โควตาชาวไร่</td><td style='padding:3px 6px;'>765794</td></tr><tr><td style='padding:3px 6px; font-weight:bold; background-color:#f2f2f2;'>ชื่อ-นามสกุล</td><td style='padding:3px 6px;'>นางสาว พุทธา ชารัมย์</td></tr><tr><td style='padding:3px 6px; font-weight:bold; background-color:#f2f2f2;'>111</td><td style='padding:3px 6px;'>310603161656</td></tr><tr><td style='padding:3px 6px; font-weight:bold; background-color:#f2f2f2;'>ประเภทอ้อย</td><td style='padding:3px 6px;'>อ้อยปลายฝน</td></tr><tr><td style='padding:3px 6px; font-weight:bold; background-color:#f2f2f2;'>พื้นที่ปลูก</td><td style='padding:3px 6px;'>11.79</td></tr><tr><td style='padding:3px 6px; font-weight:bold; background-color:#f2f2f2;'>ศูนย์</td><td style='padding:3px 6px;'>K2-62</td></tr><tr><td style='padding:3px 6px; font-weight:bold; background-color:#f2f2f2;'>นักเกษตร</td><td style='padding:3px 6px;'>6206</td></tr><tr><td style='padding:3px 6px; font-weight:bold; background-color:#f2f2f2;'>กลุ่ม</td><td style='padding:3px 6px;'>กลุ่ม_62</td></tr></table></div>]]></description>
      <styleUrl>#style_62_013</styleUrl>
      <MultiGeometry><Polygon><outerBoundaryIs><LinearRing><coordinates>102.9533000,14.3559600,0 102.9545367,14.3558167,0 102.9544933,14.3554267,0 102.9545217,14.3553300,0 102.9545250,14.3551300,0 102.9545067,14.3550500,0 102.9544900,14.3547717,0 102.9544900,14.3547150,0 102.9545050,14.3545600,0 102.9537417,14.3546250,0 102.9537383,14.3546350,0 102.9535250,14.3546467,0 102.9532600,14.3546817,0 102.9532683,14.3548767,0 102.9532600,14.3550700,0 102.9533000,14.3559600,0</coordinates></LinearRing></outerBoundaryIs></Polygon></MultiGeometry>
    </Placemark>
    <Placemark>
      <name>310603161826</name>
      <description><![CDATA[<div style='font-family:Tahoma,sans-serif; font-size:13px;'><h3 style='color:#1565C0; margin:4px 0;'>รหัส: 310603161826</h3><p style='margin:2px 0;'><b>กลุ่มรถไถ:</b> 62_013</p><table border='1' style='border-collapse:collapse; border-color:#ccc; width:100%;'><tr><td style='padding:3px 6px; font-weight:bold; background-color:#f2f2f2;'>ปีการผลิต</td><td style='padding:3px 6px;'>257071</td></tr><tr><td style='padding:3px 6px; font-weight:bold; background-color:#f2f2f2;'>รหัสกลุ่มรถไถ</td><td style='padding:3px 6px;'>62/013</td></tr><tr><td style='padding:3px 6px; font-weight:bold; background-color:#f2f2f2;'>โควตาชาวไร่</td><td style='padding:3px 6px;'>766376</td></tr><tr><td style='padding:3px 6px; font-weight:bold; background-color:#f2f2f2;'>ชื่อ-นามสกุล</td><td style='padding:3px 6px;'>นาย พรชัย มาดี</td></tr><tr><td style='padding:3px 6px; font-weight:bold; background-color:#f2f2f2;'>111</td><td style='padding:3px 6px;'>310603161826</td></tr><tr><td style='padding:3px 6px; font-weight:bold; background-color:#f2f2f2;'>ประเภทอ้อย</td><td style='padding:3px 6px;'>อ้อยปลายฝน</td></tr><tr><td style='padding:3px 6px; font-weight:bold; background-color:#f2f2f2;'>พื้นที่ปลูก</td><td style='padding:3px 6px;'>10.12</td></tr><tr><td style='padding:3px 6px; font-weight:bold; background-color:#f2f2f2;'>ศูนย์</td><td style='padding:3px 6px;'>K2-62</td></tr><tr><td style='padding:3px 6px; font-weight:bold; background-color:#f2f2f2;'>นักเกษตร</td><td style='padding:3px 6px;'>6201</td></tr><tr><td style='padding:3px 6px; font-weight:bold; background-color:#f2f2f2;'>กลุ่ม</td><td style='padding:3px 6px;'>กลุ่ม_62</td></tr></table></div>]]></description>
      <styleUrl>#style_62_013</styleUrl>
      <MultiGeometry><Polygon><outerBoundaryIs><LinearRing><coordinates>102.9384778,14.3527565,0 102.9416172,14.3519106,0 102.9418869,14.3517671,0 102.9418852,14.3517069,0 102.9412429,14.3517535,0 102.9408341,14.3518533,0 102.9392745,14.3521061,0 102.9380765,14.3523264,0 102.9380667,14.3528357,0 102.9384778,14.3527565,0</coordinates></LinearRing></outerBoundaryIs></Polygon></MultiGeometry>
    </Placemark>
    <Placemark>
      <name>310607021667</name>
      <description><![CDATA[<div style='font-family:Tahoma,sans-serif; font-size:13px;'><h3 style='color:#1565C0; margin:4px 0;'>รหัส: 310607021667</h3><p style='margin:2px 0;'><b>กลุ่มรถไถ:</b> 62_013</p><table border='1' style='border-collapse:collapse; border-color:#ccc; width:100%;'><tr><td style='padding:3px 6px; font-weight:bold; background-color:#f2f2f2;'>ปีการผลิต</td><td style='padding:3px 6px;'>257071</td></tr><tr><td style='padding:3px 6px; font-weight:bold; background-color:#f2f2f2;'>รหัสกลุ่มรถไถ</td><td style='padding:3px 6px;'>62/013</td></tr><tr><td style='padding:3px 6px; font-weight:bold; background-color:#f2f2f2;'>โควตาชาวไร่</td><td style='padding:3px 6px;'>766377</td></tr><tr><td style='padding:3px 6px; font-weight:bold; background-color:#f2f2f2;'>ชื่อ-นามสกุล</td><td style='padding:3px 6px;'>นาย บุณยกร ชุมเสนา</td></tr><tr><td style='padding:3px 6px; font-weight:bold; background-color:#f2f2f2;'>111</td><td style='padding:3px 6px;'>310607021667</td></tr><tr><td style='padding:3px 6px; font-weight:bold; background-color:#f2f2f2;'>ประเภทอ้อย</td><td style='padding:3px 6px;'>อ้อยปลายฝน</td></tr><tr><td style='padding:3px 6px; font-weight:bold; background-color:#f2f2f2;'>พื้นที่ปลูก</td><td style='padding:3px 6px;'>7.72</td></tr><tr><td style='padding:3px 6px; font-weight:bold; background-color:#f2f2f2;'>ศูนย์</td><td style='padding:3px 6px;'>K2-62</td></tr><tr><td style='padding:3px 6px; font-weight:bold; background-color:#f2f2f2;'>นักเกษตร</td><td style='padding:3px 6px;'>6206</td></tr><tr><td style='padding:3px 6px; font-weight:bold; background-color:#f2f2f2;'>กลุ่ม</td><td style='padding:3px 6px;'>กลุ่ม_62</td></tr></table></div>]]></description>
      <styleUrl>#style_62_013</styleUrl>
      <MultiGeometry><Polygon><outerBoundaryIs><LinearRing><coordinates>102.9143083,14.3583850,0 102.9142933,14.3586800,0 102.9143017,14.3586767,0 102.9143117,14.3586733,0 102.9143217,14.3586717,0 102.9143317,14.3586700,0 102.9143433,14.3586683,0 102.9143533,14.3586683,0 102.9143633,14.3586667,0 102.9143750,14.3586700,0 102.9143850,14.3586700,0 102.9143983,14.3586700,0 102.9144133,14.3586700,0 102.9144267,14.3586717,0 102.9144500,14.3586700,0 102.9144600,14.3586700,0 102.9144833,14.3586667,0 102.9146117,14.3586750,0 102.9146917,14.3586733,0 102.9148033,14.3560650,0 102.9147883,14.3559183,0 102.9144417,14.3559883,0 102.9143383,14.3579317,0 102.9143067,14.3583733,0 102.9143083,14.3583850,0</coordinates></LinearRing></outerBoundaryIs></Polygon></MultiGeometry>
    </Placemark>
    <Placemark>
      <name>310607061822</name>
      <description><![CDATA[<div style='font-family:Tahoma,sans-serif; font-size:13px;'><h3 style='color:#1565C0; margin:4px 0;'>รหัส: 310607061822</h3><p style='margin:2px 0;'><b>กลุ่มรถไถ:</b> 62_013</p><table border='1' style='border-collapse:collapse; border-color:#ccc; width:100%;'><tr><td style='padding:3px 6px; font-weight:bold; background-color:#f2f2f2;'>ปีการผลิต</td><td style='padding:3px 6px;'>257071</td></tr><tr><td style='padding:3px 6px; font-weight:bold; background-color:#f2f2f2;'>รหัสกลุ่มรถไถ</td><td style='padding:3px 6px;'>62/013</td></tr><tr><td style='padding:3px 6px; font-weight:bold; background-color:#f2f2f2;'>โควตาชาวไร่</td><td style='padding:3px 6px;'>766377</td></tr><tr><td style='padding:3px 6px; font-weight:bold; background-color:#f2f2f2;'>ชื่อ-นามสกุล</td><td style='padding:3px 6px;'>นาย บุณยกร ชุมเสนา</td></tr><tr><td style='padding:3px 6px; font-weight:bold; background-color:#f2f2f2;'>111</td><td style='padding:3px 6px;'>310607061822</td></tr><tr><td style='padding:3px 6px; font-weight:bold; background-color:#f2f2f2;'>ประเภทอ้อย</td><td style='padding:3px 6px;'>อ้อยปลายฝน</td></tr><tr><td style='padding:3px 6px; font-weight:bold; background-color:#f2f2f2;'>พื้นที่ปลูก</td><td style='padding:3px 6px;'>6.92</td></tr><tr><td style='padding:3px 6px; font-weight:bold; background-color:#f2f2f2;'>ศูนย์</td><td style='padding:3px 6px;'>K2-62</td></tr><tr><td style='padding:3px 6px; font-weight:bold; background-color:#f2f2f2;'>นักเกษตร</td><td style='padding:3px 6px;'>6206</td></tr><tr><td style='padding:3px 6px; font-weight:bold; background-color:#f2f2f2;'>กลุ่ม</td><td style='padding:3px 6px;'>กลุ่ม_62</td></tr></table></div>]]></description>
      <styleUrl>#style_62_013</styleUrl>
      <MultiGeometry><Polygon><outerBoundaryIs><LinearRing><coordinates>102.8968770,14.3758094,0 102.8954555,14.3757723,0 102.8954380,14.3765145,0 102.8965726,14.3765269,0 102.8966110,14.3763710,0 102.8966664,14.3762575,0 102.8966913,14.3761583,0 102.8967534,14.3760632,0 102.8968770,14.3758094,0</coordinates></LinearRing></outerBoundaryIs></Polygon></MultiGeometry>
    </Placemark>
    <Placemark>
      <name>310607091535</name>
      <description><![CDATA[<div style='font-family:Tahoma,sans-serif; font-size:13px;'><h3 style='color:#1565C0; margin:4px 0;'>รหัส: 310607091535</h3><p style='margin:2px 0;'><b>กลุ่มรถไถ:</b> 62_013</p><table border='1' style='border-collapse:collapse; border-color:#ccc; width:100%;'><tr><td style='padding:3px 6px; font-weight:bold; background-color:#f2f2f2;'>ปีการผลิต</td><td style='padding:3px 6px;'>257071</td></tr><tr><td style='padding:3px 6px; font-weight:bold; background-color:#f2f2f2;'>รหัสกลุ่มรถไถ</td><td style='padding:3px 6px;'>62/013</td></tr><tr><td style='padding:3px 6px; font-weight:bold; background-color:#f2f2f2;'>โควตาชาวไร่</td><td style='padding:3px 6px;'>766377</td></tr><tr><td style='padding:3px 6px; font-weight:bold; background-color:#f2f2f2;'>ชื่อ-นามสกุล</td><td style='padding:3px 6px;'>นาย บุณยกร ชุมเสนา</td></tr><tr><td style='padding:3px 6px; font-weight:bold; background-color:#f2f2f2;'>111</td><td style='padding:3px 6px;'>310607091535</td></tr><tr><td style='padding:3px 6px; font-weight:bold; background-color:#f2f2f2;'>ประเภทอ้อย</td><td style='padding:3px 6px;'>อ้อยปลายฝน</td></tr><tr><td style='padding:3px 6px; font-weight:bold; background-color:#f2f2f2;'>พื้นที่ปลูก</td><td style='padding:3px 6px;'>8.78</td></tr><tr><td style='padding:3px 6px; font-weight:bold; background-color:#f2f2f2;'>ศูนย์</td><td style='padding:3px 6px;'>K2-62</td></tr><tr><td style='padding:3px 6px; font-weight:bold; background-color:#f2f2f2;'>นักเกษตร</td><td style='padding:3px 6px;'>6206</td></tr><tr><td style='padding:3px 6px; font-weight:bold; background-color:#f2f2f2;'>กลุ่ม</td><td style='padding:3px 6px;'>กลุ่ม_62</td></tr></table></div>]]></description>
      <styleUrl>#style_62_013</styleUrl>
      <MultiGeometry><Polygon><outerBoundaryIs><LinearRing><coordinates>102.9246198,14.2695155,0 102.9246297,14.2668023,0 102.9245328,14.2667730,0 102.9243451,14.2667903,0 102.9241979,14.2668672,0 102.9241905,14.2695204,0 102.9246198,14.2695155,0</coordinates></LinearRing></outerBoundaryIs></Polygon></MultiGeometry>
    </Placemark>
  </Folder>
</Document>
</kml>