<?xml version="1.0" encoding="UTF-8"?>
<kml xmlns="http://www.opengis.net/kml/2.2">
<Document>
  <name>กลุ่มคิว 31</name>
  <Style id="style_31_001">
    <LineStyle>
      <color>ff3539E5</color>
      <width>2.0</width>
    </LineStyle>
    <PolyStyle>
      <color>b33539E5</color>
    </PolyStyle>
  </Style>
  <Folder>
    <name>31_001</name>
    <Placemark>
      <name>321105061517</name>
      <description><![CDATA[<div style='font-family:Tahoma,sans-serif; font-size:13px;'><h3 style='color:#1565C0; margin:4px 0;'>รหัส: 321105061517</h3><p style='margin:2px 0;'><b>กลุ่มรถไถ:</b> 31_001</p><table border='1' style='border-collapse:collapse; border-color:#ccc; width:100%;'><tr><td style='padding:3px 6px; font-weight:bold; background-color:#f2f2f2;'>ปีการผลิต</td><td style='padding:3px 6px;'>257071</td></tr><tr><td style='padding:3px 6px; font-weight:bold; background-color:#f2f2f2;'>รหัสกลุ่มรถไถ</td><td style='padding:3px 6px;'>31/001</td></tr><tr><td style='padding:3px 6px; font-weight:bold; background-color:#f2f2f2;'>โควตาชาวไร่</td><td style='padding:3px 6px;'>700167</td></tr><tr><td style='padding:3px 6px; font-weight:bold; background-color:#f2f2f2;'>ชื่อ-นามสกุล</td><td style='padding:3px 6px;'>นาย พัฒน์ธนดล ภัทรวุฒิพิชัย</td></tr><tr><td style='padding:3px 6px; font-weight:bold; background-color:#f2f2f2;'>111</td><td style='padding:3px 6px;'>321105061517</td></tr><tr><td style='padding:3px 6px; font-weight:bold; background-color:#f2f2f2;'>ประเภทอ้อย</td><td style='padding:3px 6px;'>อ้อยปลายฝน</td></tr><tr><td style='padding:3px 6px; font-weight:bold; background-color:#f2f2f2;'>พื้นที่ปลูก</td><td style='padding:3px 6px;'>7.46</td></tr><tr><td style='padding:3px 6px; font-weight:bold; background-color:#f2f2f2;'>ศูนย์</td><td style='padding:3px 6px;'>K2-31</td></tr><tr><td style='padding:3px 6px; font-weight:bold; background-color:#f2f2f2;'>นักเกษตร</td><td style='padding:3px 6px;'>3101</td></tr><tr><td style='padding:3px 6px; font-weight:bold; background-color:#f2f2f2;'>กลุ่ม</td><td style='padding:3px 6px;'>กลุ่ม_31</td></tr></table></div>]]></description>
      <styleUrl>#style_31_001</styleUrl>
      <MultiGeometry><Polygon><outerBoundaryIs><LinearRing><coordinates>103.7358400,14.6953650,0 103.7371867,14.6985217,0 103.7374183,14.6984083,0 103.7371733,14.6978450,0 103.7372267,14.6978200,0 103.7362900,14.6956833,0 103.7360617,14.6952183,0 103.7358400,14.6953650,0</coordinates></LinearRing></outerBoundaryIs></Polygon></MultiGeometry>
    </Placemark>
    <Placemark>
      <name>321015031514</name>
      <description><![CDATA[<div style='font-family:Tahoma,sans-serif; font-size:13px;'><h3 style='color:#1565C0; margin:4px 0;'>รหัส: 321015031514</h3><p style='margin:2px 0;'><b>กลุ่มรถไถ:</b> 31_001</p><table border='1' style='border-collapse:collapse; border-color:#ccc; width:100%;'><tr><td style='padding:3px 6px; font-weight:bold; background-color:#f2f2f2;'>ปีการผลิต</td><td style='padding:3px 6px;'>257071</td></tr><tr><td style='padding:3px 6px; font-weight:bold; background-color:#f2f2f2;'>รหัสกลุ่มรถไถ</td><td style='padding:3px 6px;'>31/001</td></tr><tr><td style='padding:3px 6px; font-weight:bold; background-color:#f2f2f2;'>โควตาชาวไร่</td><td style='padding:3px 6px;'>730200</td></tr><tr><td style='padding:3px 6px; font-weight:bold; background-color:#f2f2f2;'>ชื่อ-นามสกุล</td><td style='padding:3px 6px;'>นาย บุญเลิศ งัดโคกกรวด</td></tr><tr><td style='padding:3px 6px; font-weight:bold; background-color:#f2f2f2;'>111</td><td style='padding:3px 6px;'>321015031514</td></tr><tr><td style='padding:3px 6px; font-weight:bold; background-color:#f2f2f2;'>ประเภทอ้อย</td><td style='padding:3px 6px;'>อ้อยปลายฝน</td></tr><tr><td style='padding:3px 6px; font-weight:bold; background-color:#f2f2f2;'>พื้นที่ปลูก</td><td style='padding:3px 6px;'>4.51</td></tr><tr><td style='padding:3px 6px; font-weight:bold; background-color:#f2f2f2;'>ศูนย์</td><td style='padding:3px 6px;'>K2-31</td></tr><tr><td style='padding:3px 6px; font-weight:bold; background-color:#f2f2f2;'>นักเกษตร</td><td style='padding:3px 6px;'>3101</td></tr><tr><td style='padding:3px 6px; font-weight:bold; background-color:#f2f2f2;'>กลุ่ม</td><td style='padding:3px 6px;'>กลุ่ม_31</td></tr></table></div>]]></description>
      <styleUrl>#style_31_001</styleUrl>
      <MultiGeometry><Polygon><outerBoundaryIs><LinearRing><coordinates>103.8078183,14.5960850,0 103.8055700,14.5966833,0 103.8056417,14.5969250,0 103.8078767,14.5963467,0 103.8078183,14.5960850,0</coordinates></LinearRing></outerBoundaryIs></Polygon></MultiGeometry>
    </Placemark>
    <Placemark>
      <name>321015031640</name>
      <description><![CDATA[<div style='font-family:Tahoma,sans-serif; font-size:13px;'><h3 style='color:#1565C0; margin:4px 0;'>รหัส: 321015031640</h3><p style='margin:2px 0;'><b>กลุ่มรถไถ:</b> 31_001</p><table border='1' style='border-collapse:collapse; border-color:#ccc; width:100%;'><tr><td style='padding:3px 6px; font-weight:bold; background-color:#f2f2f2;'>ปีการผลิต</td><td style='padding:3px 6px;'>257071</td></tr><tr><td style='padding:3px 6px; font-weight:bold; background-color:#f2f2f2;'>รหัสกลุ่มรถไถ</td><td style='padding:3px 6px;'>31/001</td></tr><tr><td style='padding:3px 6px; font-weight:bold; background-color:#f2f2f2;'>โควตาชาวไร่</td><td style='padding:3px 6px;'>730200</td></tr><tr><td style='padding:3px 6px; font-weight:bold; background-color:#f2f2f2;'>ชื่อ-นามสกุล</td><td style='padding:3px 6px;'>นาย บุญเลิศ งัดโคกกรวด</td></tr><tr><td style='padding:3px 6px; font-weight:bold; background-color:#f2f2f2;'>111</td><td style='padding:3px 6px;'>321015031640</td></tr><tr><td style='padding:3px 6px; font-weight:bold; background-color:#f2f2f2;'>ประเภทอ้อย</td><td style='padding:3px 6px;'>อ้อยปลายฝน</td></tr><tr><td style='padding:3px 6px; font-weight:bold; background-color:#f2f2f2;'>พื้นที่ปลูก</td><td style='padding:3px 6px;'>2.24</td></tr><tr><td style='padding:3px 6px; font-weight:bold; background-color:#f2f2f2;'>ศูนย์</td><td style='padding:3px 6px;'>K2-31</td></tr><tr><td style='padding:3px 6px; font-weight:bold; background-color:#f2f2f2;'>นักเกษตร</td><td style='padding:3px 6px;'>3101</td></tr><tr><td style='padding:3px 6px; font-weight:bold; background-color:#f2f2f2;'>กลุ่ม</td><td style='padding:3px 6px;'>กลุ่ม_31</td></tr></table></div>]]></description>
      <styleUrl>#style_31_001</styleUrl>
      <MultiGeometry><Polygon><outerBoundaryIs><LinearRing><coordinates>103.8114150,14.5962600,0 103.8110717,14.5963783,0 103.8113233,14.5971250,0 103.8116967,14.5969967,0 103.8114150,14.5962600,0</coordinates></LinearRing></outerBoundaryIs></Polygon></MultiGeometry>
    </Placemark>
    <Placemark>
      <name>321008081508</name>
      <description><![CDATA[<div style='font-family:Tahoma,sans-serif; font-size:13px;'><h3 style='color:#1565C0; margin:4px 0;'>รหัส: 321008081508</h3><p style='margin:2px 0;'><b>กลุ่มรถไถ:</b> 31_001</p><table border='1' style='border-collapse:collapse; border-color:#ccc; width:100%;'><tr><td style='padding:3px 6px; font-weight:bold; background-color:#f2f2f2;'>ปีการผลิต</td><td style='padding:3px 6px;'>257071</td></tr><tr><td style='padding:3px 6px; font-weight:bold; background-color:#f2f2f2;'>รหัสกลุ่มรถไถ</td><td style='padding:3px 6px;'>31/001</td></tr><tr><td style='padding:3px 6px; font-weight:bold; background-color:#f2f2f2;'>โควตาชาวไร่</td><td style='padding:3px 6px;'>730348</td></tr><tr><td style='padding:3px 6px; font-weight:bold; background-color:#f2f2f2;'>ชื่อ-นามสกุล</td><td style='padding:3px 6px;'>นาย อภัยวงค์ คงวัน</td></tr><tr><td style='padding:3px 6px; font-weight:bold; background-color:#f2f2f2;'>111</td><td style='padding:3px 6px;'>321008081508</td></tr><tr><td style='padding:3px 6px; font-weight:bold; background-color:#f2f2f2;'>ประเภทอ้อย</td><td style='padding:3px 6px;'>อ้อยปลายฝน</td></tr><tr><td style='padding:3px 6px; font-weight:bold; background-color:#f2f2f2;'>พื้นที่ปลูก</td><td style='padding:3px 6px;'>6.11</td></tr><tr><td style='padding:3px 6px; font-weight:bold; background-color:#f2f2f2;'>ศูนย์</td><td style='padding:3px 6px;'>K2-31</td></tr><tr><td style='padding:3px 6px; font-weight:bold; background-color:#f2f2f2;'>นักเกษตร</td><td style='padding:3px 6px;'>3101</td></tr><tr><td style='padding:3px 6px; font-weight:bold; background-color:#f2f2f2;'>กลุ่ม</td><td style='padding:3px 6px;'>กลุ่ม_31</td></tr></table></div>]]></description>
      <styleUrl>#style_31_001</styleUrl>
      <MultiGeometry><Polygon><outerBoundaryIs><LinearRing><coordinates>103.7616165,14.5847422,0 103.7626980,14.5849210,0 103.7627146,14.5844712,0 103.7628671,14.5844542,0 103.7629108,14.5842456,0 103.7617840,14.5839974,0 103.7616264,14.5843977,0 103.7616718,14.5844141,0 103.7616165,14.5847422,0</coordinates></LinearRing></outerBoundaryIs></Polygon></MultiGeometry>
    </Placemark>
    <Placemark>
      <name>321008081556</name>
      <description><![CDATA[<div style='font-family:Tahoma,sans-serif; font-size:13px;'><h3 style='color:#1565C0; margin:4px 0;'>รหัส: 321008081556</h3><p style='margin:2px 0;'><b>กลุ่มรถไถ:</b> 31_001</p><table border='1' style='border-collapse:collapse; border-color:#ccc; width:100%;'><tr><td style='padding:3px 6px; font-weight:bold; background-color:#f2f2f2;'>ปีการผลิต</td><td style='padding:3px 6px;'>257071</td></tr><tr><td style='padding:3px 6px; font-weight:bold; background-color:#f2f2f2;'>รหัสกลุ่มรถไถ</td><td style='padding:3px 6px;'>31/001</td></tr><tr><td style='padding:3px 6px; font-weight:bold; background-color:#f2f2f2;'>โควตาชาวไร่</td><td style='padding:3px 6px;'>730348</td></tr><tr><td style='padding:3px 6px; font-weight:bold; background-color:#f2f2f2;'>ชื่อ-นามสกุล</td><td style='padding:3px 6px;'>นาย อภัยวงค์ คงวัน</td></tr><tr><td style='padding:3px 6px; font-weight:bold; background-color:#f2f2f2;'>111</td><td style='padding:3px 6px;'>321008081556</td></tr><tr><td style='padding:3px 6px; font-weight:bold; background-color:#f2f2f2;'>ประเภทอ้อย</td><td style='padding:3px 6px;'>อ้อยปลายฝน</td></tr><tr><td style='padding:3px 6px; font-weight:bold; background-color:#f2f2f2;'>พื้นที่ปลูก</td><td style='padding:3px 6px;'>7.08</td></tr><tr><td style='padding:3px 6px; font-weight:bold; background-color:#f2f2f2;'>ศูนย์</td><td style='padding:3px 6px;'>K2-31</td></tr><tr><td style='padding:3px 6px; font-weight:bold; background-color:#f2f2f2;'>นักเกษตร</td><td style='padding:3px 6px;'>3101</td></tr><tr><td style='padding:3px 6px; font-weight:bold; background-color:#f2f2f2;'>กลุ่ม</td><td style='padding:3px 6px;'>กลุ่ม_31</td></tr></table></div>]]></description>
      <styleUrl>#style_31_001</styleUrl>
      <MultiGeometry><Polygon><outerBoundaryIs><LinearRing><coordinates>103.7632192,14.5843234,0 103.7630321,14.5860982,0 103.7630387,14.5862696,0 103.7630428,14.5862838,0 103.7631667,14.5863261,0 103.7632284,14.5860903,0 103.7635215,14.5860920,0 103.7637296,14.5844301,0 103.7632192,14.5843234,0</coordinates></LinearRing></outerBoundaryIs></Polygon></MultiGeometry>
    </Placemark>
    <Placemark>
      <name>321015031581</name>
      <description><![CDATA[<div style='font-family:Tahoma,sans-serif; font-size:13px;'><h3 style='color:#1565C0; margin:4px 0;'>รหัส: 321015031581</h3><p style='margin:2px 0;'><b>กลุ่มรถไถ:</b> 31_001</p><table border='1' style='border-collapse:collapse; border-color:#ccc; width:100%;'><tr><td style='padding:3px 6px; font-weight:bold; background-color:#f2f2f2;'>ปีการผลิต</td><td style='padding:3px 6px;'>257071</td></tr><tr><td style='padding:3px 6px; font-weight:bold; background-color:#f2f2f2;'>รหัสกลุ่มรถไถ</td><td style='padding:3px 6px;'>31/001</td></tr><tr><td style='padding:3px 6px; font-weight:bold; background-color:#f2f2f2;'>โควตาชาวไร่</td><td style='padding:3px 6px;'>730508</td></tr><tr><td style='padding:3px 6px; font-weight:bold; background-color:#f2f2f2;'>ชื่อ-นามสกุล</td><td style='padding:3px 6px;'>นาย เพ็ชร ไลงาม</td></tr><tr><td style='padding:3px 6px; font-weight:bold; background-color:#f2f2f2;'>111</td><td style='padding:3px 6px;'>321015031581</td></tr><tr><td style='padding:3px 6px; font-weight:bold; background-color:#f2f2f2;'>ประเภทอ้อย</td><td style='padding:3px 6px;'>อ้อยปลายฝน</td></tr><tr><td style='padding:3px 6px; font-weight:bold; background-color:#f2f2f2;'>พื้นที่ปลูก</td><td style='padding:3px 6px;'>14.21</td></tr><tr><td style='padding:3px 6px; font-weight:bold; background-color:#f2f2f2;'>ศูนย์</td><td style='padding:3px 6px;'>K2-31</td></tr><tr><td style='padding:3px 6px; font-weight:bold; background-color:#f2f2f2;'>นักเกษตร</td><td style='padding:3px 6px;'>3101</td></tr><tr><td style='padding:3px 6px; font-weight:bold; background-color:#f2f2f2;'>กลุ่ม</td><td style='padding:3px 6px;'>กลุ่ม_31</td></tr></table></div>]]></description>
      <styleUrl>#style_31_001</styleUrl>
      <MultiGeometry><Polygon><outerBoundaryIs><LinearRing><coordinates>103.7992135,14.6073388,0 103.7971737,14.6078156,0 103.7972559,14.6081204,0 103.7967895,14.6082131,0 103.7968557,14.6083316,0 103.7993961,14.6077907,0 103.7992135,14.6073388,0</coordinates></LinearRing></outerBoundaryIs></Polygon></MultiGeometry>
    </Placemark>
    <Placemark>
      <name>321006051587</name>
      <description><![CDATA[<div style='font-family:Tahoma,sans-serif; font-size:13px;'><h3 style='color:#1565C0; margin:4px 0;'>รหัส: 321006051587</h3><p style='margin:2px 0;'><b>กลุ่มรถไถ:</b> 31_001</p><table border='1' style='border-collapse:collapse; border-color:#ccc; width:100%;'><tr><td style='padding:3px 6px; font-weight:bold; background-color:#f2f2f2;'>ปีการผลิต</td><td style='padding:3px 6px;'>257071</td></tr><tr><td style='padding:3px 6px; font-weight:bold; background-color:#f2f2f2;'>รหัสกลุ่มรถไถ</td><td style='padding:3px 6px;'>31/001</td></tr><tr><td style='padding:3px 6px; font-weight:bold; background-color:#f2f2f2;'>โควตาชาวไร่</td><td style='padding:3px 6px;'>730541</td></tr><tr><td style='padding:3px 6px; font-weight:bold; background-color:#f2f2f2;'>ชื่อ-นามสกุล</td><td style='padding:3px 6px;'>นาย ทศ แม่นผล</td></tr><tr><td style='padding:3px 6px; font-weight:bold; background-color:#f2f2f2;'>111</td><td style='padding:3px 6px;'>321006051587</td></tr><tr><td style='padding:3px 6px; font-weight:bold; background-color:#f2f2f2;'>ประเภทอ้อย</td><td style='padding:3px 6px;'>อ้อยปลายฝน</td></tr><tr><td style='padding:3px 6px; font-weight:bold; background-color:#f2f2f2;'>พื้นที่ปลูก</td><td style='padding:3px 6px;'>6.58</td></tr><tr><td style='padding:3px 6px; font-weight:bold; background-color:#f2f2f2;'>ศูนย์</td><td style='padding:3px 6px;'>K2-31</td></tr><tr><td style='padding:3px 6px; font-weight:bold; background-color:#f2f2f2;'>นักเกษตร</td><td style='padding:3px 6px;'>3101</td></tr><tr><td style='padding:3px 6px; font-weight:bold; background-color:#f2f2f2;'>กลุ่ม</td><td style='padding:3px 6px;'>กลุ่ม_31</td></tr></table></div>]]></description>
      <styleUrl>#style_31_001</styleUrl>
      <MultiGeometry><Polygon><outerBoundaryIs><LinearRing><coordinates>103.8711717,14.5272433,0 103.8714717,14.5281467,0 103.8721817,14.5280933,0 103.8721217,14.5271183,0 103.8711717,14.5272433,0</coordinates></LinearRing></outerBoundaryIs></Polygon></MultiGeometry>
    </Placemark>
    <Placemark>
      <name>321015031528</name>
      <description><![CDATA[<div style='font-family:Tahoma,sans-serif; font-size:13px;'><h3 style='color:#1565C0; margin:4px 0;'>รหัส: 321015031528</h3><p style='margin:2px 0;'><b>กลุ่มรถไถ:</b> 31_001</p><table border='1' style='border-collapse:collapse; border-color:#ccc; width:100%;'><tr><td style='padding:3px 6px; font-weight:bold; background-color:#f2f2f2;'>ปีการผลิต</td><td style='padding:3px 6px;'>257071</td></tr><tr><td style='padding:3px 6px; font-weight:bold; background-color:#f2f2f2;'>รหัสกลุ่มรถไถ</td><td style='padding:3px 6px;'>31/001</td></tr><tr><td style='padding:3px 6px; font-weight:bold; background-color:#f2f2f2;'>โควตาชาวไร่</td><td style='padding:3px 6px;'>730986</td></tr><tr><td style='padding:3px 6px; font-weight:bold; background-color:#f2f2f2;'>ชื่อ-นามสกุล</td><td style='padding:3px 6px;'>นาย คำ จันทยุง</td></tr><tr><td style='padding:3px 6px; font-weight:bold; background-color:#f2f2f2;'>111</td><td style='padding:3px 6px;'>321015031528</td></tr><tr><td style='padding:3px 6px; font-weight:bold; background-color:#f2f2f2;'>ประเภทอ้อย</td><td style='padding:3px 6px;'>อ้อยปลายฝน</td></tr><tr><td style='padding:3px 6px; font-weight:bold; background-color:#f2f2f2;'>พื้นที่ปลูก</td><td style='padding:3px 6px;'>22.5</td></tr><tr><td style='padding:3px 6px; font-weight:bold; background-color:#f2f2f2;'>ศูนย์</td><td style='padding:3px 6px;'>K2-31</td></tr><tr><td style='padding:3px 6px; font-weight:bold; background-color:#f2f2f2;'>นักเกษตร</td><td style='padding:3px 6px;'>3101</td></tr><tr><td style='padding:3px 6px; font-weight:bold; background-color:#f2f2f2;'>กลุ่ม</td><td style='padding:3px 6px;'>กลุ่ม_31</td></tr></table></div>]]></description>
      <styleUrl>#style_31_001</styleUrl>
      <MultiGeometry><Polygon><outerBoundaryIs><LinearRing><coordinates>103.8044167,14.5902383,0 103.8041750,14.5905000,0 103.8041300,14.5903800,0 103.8038183,14.5900050,0 103.8040567,14.5897817,0 103.8038917,14.5896183,0 103.8036817,14.5897867,0 103.8031717,14.5905200,0 103.8032600,14.5906783,0 103.8034500,14.5906067,0 103.8035317,14.5906600,0 103.8035483,14.5907733,0 103.8034000,14.5909083,0 103.8033750,14.5910900,0 103.8035117,14.5915000,0 103.8037017,14.5913700,0 103.8037000,14.5913200,0 103.8037833,14.5912917,0 103.8038450,14.5913233,0 103.8043000,14.5910667,0 103.8046917,14.5923750,0 103.8054150,14.5923367,0 103.8054133,14.5919717,0 103.8054883,14.5915417,0 103.8055167,14.5912250,0 103.8054717,14.5911067,0 103.8054000,14.5908983,0 103.8053300,14.5908333,0 103.8052533,14.5906650,0 103.8052017,14.5906117,0 103.8051650,14.5905500,0 103.8051283,14.5904833,0 103.8050517,14.5905133,0 103.8048900,14.5906333,0 103.8044167,14.5902383,0</coordinates></LinearRing></outerBoundaryIs></Polygon></MultiGeometry>
    </Placemark>
    <Placemark>
      <name>321012021506</name>
      <description><![CDATA[<div style='font-family:Tahoma,sans-serif; font-size:13px;'><h3 style='color:#1565C0; margin:4px 0;'>รหัส: 321012021506</h3><p style='margin:2px 0;'><b>กลุ่มรถไถ:</b> 31_001</p><table border='1' style='border-collapse:collapse; border-color:#ccc; width:100%;'><tr><td style='padding:3px 6px; font-weight:bold; background-color:#f2f2f2;'>ปีการผลิต</td><td style='padding:3px 6px;'>257071</td></tr><tr><td style='padding:3px 6px; font-weight:bold; background-color:#f2f2f2;'>รหัสกลุ่มรถไถ</td><td style='padding:3px 6px;'>31/001</td></tr><tr><td style='padding:3px 6px; font-weight:bold; background-color:#f2f2f2;'>โควตาชาวไร่</td><td style='padding:3px 6px;'>731318</td></tr><tr><td style='padding:3px 6px; font-weight:bold; background-color:#f2f2f2;'>ชื่อ-นามสกุล</td><td style='padding:3px 6px;'>นาง นิ่มนวล จะริรัมย์</td></tr><tr><td style='padding:3px 6px; font-weight:bold; background-color:#f2f2f2;'>111</td><td style='padding:3px 6px;'>321012021506</td></tr><tr><td style='padding:3px 6px; font-weight:bold; background-color:#f2f2f2;'>ประเภทอ้อย</td><td style='padding:3px 6px;'>อ้อยปลายฝน</td></tr><tr><td style='padding:3px 6px; font-weight:bold; background-color:#f2f2f2;'>พื้นที่ปลูก</td><td style='padding:3px 6px;'>2.88</td></tr><tr><td style='padding:3px 6px; font-weight:bold; background-color:#f2f2f2;'>ศูนย์</td><td style='padding:3px 6px;'>K2-31</td></tr><tr><td style='padding:3px 6px; font-weight:bold; background-color:#f2f2f2;'>นักเกษตร</td><td style='padding:3px 6px;'>3103</td></tr><tr><td style='padding:3px 6px; font-weight:bold; background-color:#f2f2f2;'>กลุ่ม</td><td style='padding:3px 6px;'>กลุ่ม_31</td></tr></table></div>]]></description>
      <styleUrl>#style_31_001</styleUrl>
      <MultiGeometry><Polygon><outerBoundaryIs><LinearRing><coordinates>103.8113357,14.6369001,0 103.8112885,14.6360983,0 103.8109536,14.6360956,0 103.8109641,14.6368965,0 103.8113357,14.6369001,0</coordinates></LinearRing></outerBoundaryIs></Polygon></MultiGeometry>
    </Placemark>
    <Placemark>
      <name>321012021602</name>
      <description><![CDATA[<div style='font-family:Tahoma,sans-serif; font-size:13px;'><h3 style='color:#1565C0; margin:4px 0;'>รหัส: 321012021602</h3><p style='margin:2px 0;'><b>กลุ่มรถไถ:</b> 31_001</p><table border='1' style='border-collapse:collapse; border-color:#ccc; width:100%;'><tr><td style='padding:3px 6px; font-weight:bold; background-color:#f2f2f2;'>ปีการผลิต</td><td style='padding:3px 6px;'>257071</td></tr><tr><td style='padding:3px 6px; font-weight:bold; background-color:#f2f2f2;'>รหัสกลุ่มรถไถ</td><td style='padding:3px 6px;'>31/001</td></tr><tr><td style='padding:3px 6px; font-weight:bold; background-color:#f2f2f2;'>โควตาชาวไร่</td><td style='padding:3px 6px;'>731331</td></tr><tr><td style='padding:3px 6px; font-weight:bold; background-color:#f2f2f2;'>ชื่อ-นามสกุล</td><td style='padding:3px 6px;'>นาย สวัสดิ์ โสภา</td></tr><tr><td style='padding:3px 6px; font-weight:bold; background-color:#f2f2f2;'>111</td><td style='padding:3px 6px;'>321012021602</td></tr><tr><td style='padding:3px 6px; font-weight:bold; background-color:#f2f2f2;'>ประเภทอ้อย</td><td style='padding:3px 6px;'>อ้อยปลายฝน</td></tr><tr><td style='padding:3px 6px; font-weight:bold; background-color:#f2f2f2;'>พื้นที่ปลูก</td><td style='padding:3px 6px;'>2.94</td></tr><tr><td style='padding:3px 6px; font-weight:bold; background-color:#f2f2f2;'>ศูนย์</td><td style='padding:3px 6px;'>K2-31</td></tr><tr><td style='padding:3px 6px; font-weight:bold; background-color:#f2f2f2;'>นักเกษตร</td><td style='padding:3px 6px;'>3102</td></tr><tr><td style='padding:3px 6px; font-weight:bold; background-color:#f2f2f2;'>กลุ่ม</td><td style='padding:3px 6px;'>กลุ่ม_31</td></tr></table></div>]]></description>
      <styleUrl>#style_31_001</styleUrl>
      <MultiGeometry><Polygon><outerBoundaryIs><LinearRing><coordinates>103.8099190,14.6499925,0 103.8100941,14.6502117,0 103.8110749,14.6493597,0 103.8108970,14.6490945,0 103.8099190,14.6499925,0</coordinates></LinearRing></outerBoundaryIs></Polygon></MultiGeometry>
    </Placemark>
    <Placemark>
      <name>321012021604</name>
      <description><![CDATA[<div style='font-family:Tahoma,sans-serif; font-size:13px;'><h3 style='color:#1565C0; margin:4px 0;'>รหัส: 321012021604</h3><p style='margin:2px 0;'><b>กลุ่มรถไถ:</b> 31_001</p><table border='1' style='border-collapse:collapse; border-color:#ccc; width:100%;'><tr><td style='padding:3px 6px; font-weight:bold; background-color:#f2f2f2;'>ปีการผลิต</td><td style='padding:3px 6px;'>257071</td></tr><tr><td style='padding:3px 6px; font-weight:bold; background-color:#f2f2f2;'>รหัสกลุ่มรถไถ</td><td style='padding:3px 6px;'>31/001</td></tr><tr><td style='padding:3px 6px; font-weight:bold; background-color:#f2f2f2;'>โควตาชาวไร่</td><td style='padding:3px 6px;'>731331</td></tr><tr><td style='padding:3px 6px; font-weight:bold; background-color:#f2f2f2;'>ชื่อ-นามสกุล</td><td style='padding:3px 6px;'>นาย สวัสดิ์ โสภา</td></tr><tr><td style='padding:3px 6px; font-weight:bold; background-color:#f2f2f2;'>111</td><td style='padding:3px 6px;'>321012021604</td></tr><tr><td style='padding:3px 6px; font-weight:bold; background-color:#f2f2f2;'>ประเภทอ้อย</td><td style='padding:3px 6px;'>อ้อยปลายฝน</td></tr><tr><td style='padding:3px 6px; font-weight:bold; background-color:#f2f2f2;'>พื้นที่ปลูก</td><td style='padding:3px 6px;'>5.91</td></tr><tr><td style='padding:3px 6px; font-weight:bold; background-color:#f2f2f2;'>ศูนย์</td><td style='padding:3px 6px;'>K2-31</td></tr><tr><td style='padding:3px 6px; font-weight:bold; background-color:#f2f2f2;'>นักเกษตร</td><td style='padding:3px 6px;'>3102</td></tr><tr><td style='padding:3px 6px; font-weight:bold; background-color:#f2f2f2;'>กลุ่ม</td><td style='padding:3px 6px;'>กลุ่ม_31</td></tr></table></div>]]></description>
      <styleUrl>#style_31_001</styleUrl>
      <MultiGeometry><Polygon><outerBoundaryIs><LinearRing><coordinates>103.8173480,14.6389506,0 103.8172864,14.6367827,0 103.8169169,14.6368255,0 103.8169960,14.6390070,0 103.8173480,14.6389506,0</coordinates></LinearRing></outerBoundaryIs></Polygon></MultiGeometry>
    </Placemark>
    <Placemark>
      <name>321006081568</name>
      <description><![CDATA[<div style='font-family:Tahoma,sans-serif; font-size:13px;'><h3 style='color:#1565C0; margin:4px 0;'>รหัส: 321006081568</h3><p style='margin:2px 0;'><b>กลุ่มรถไถ:</b> 31_001</p><table border='1' style='border-collapse:collapse; border-color:#ccc; width:100%;'><tr><td style='padding:3px 6px; font-weight:bold; background-color:#f2f2f2;'>ปีการผลิต</td><td style='padding:3px 6px;'>257071</td></tr><tr><td style='padding:3px 6px; font-weight:bold; background-color:#f2f2f2;'>รหัสกลุ่มรถไถ</td><td style='padding:3px 6px;'>31/001</td></tr><tr><td style='padding:3px 6px; font-weight:bold; background-color:#f2f2f2;'>โควตาชาวไร่</td><td style='padding:3px 6px;'>731427</td></tr><tr><td style='padding:3px 6px; font-weight:bold; background-color:#f2f2f2;'>ชื่อ-นามสกุล</td><td style='padding:3px 6px;'>นาย บุญมา โพธิ์คำ</td></tr><tr><td style='padding:3px 6px; font-weight:bold; background-color:#f2f2f2;'>111</td><td style='padding:3px 6px;'>321006081568</td></tr><tr><td style='padding:3px 6px; font-weight:bold; background-color:#f2f2f2;'>ประเภทอ้อย</td><td style='padding:3px 6px;'>อ้อยปลายฝน</td></tr><tr><td style='padding:3px 6px; font-weight:bold; background-color:#f2f2f2;'>พื้นที่ปลูก</td><td style='padding:3px 6px;'>16.01</td></tr><tr><td style='padding:3px 6px; font-weight:bold; background-color:#f2f2f2;'>ศูนย์</td><td style='padding:3px 6px;'>K2-31</td></tr><tr><td style='padding:3px 6px; font-weight:bold; background-color:#f2f2f2;'>นักเกษตร</td><td style='padding:3px 6px;'>3101</td></tr><tr><td style='padding:3px 6px; font-weight:bold; background-color:#f2f2f2;'>กลุ่ม</td><td style='padding:3px 6px;'>กลุ่ม_31</td></tr></table></div>]]></description>
      <styleUrl>#style_31_001</styleUrl>
      <MultiGeometry><Polygon><outerBoundaryIs><LinearRing><coordinates>103.8104131,14.5965613,0 103.8091392,14.5940853,0 103.8086892,14.5942125,0 103.8083573,14.5943341,0 103.8087635,14.5950535,0 103.8089018,14.5953152,0 103.8089550,14.5953722,0 103.8091701,14.5958200,0 103.8093080,14.5960293,0 103.8093315,14.5961144,0 103.8095211,14.5964421,0 103.8097308,14.5967986,0 103.8100288,14.5966905,0 103.8101516,14.5966357,0 103.8103149,14.5965872,0 103.8104131,14.5965613,0</coordinates></LinearRing></outerBoundaryIs></Polygon></MultiGeometry>
    </Placemark>
    <Placemark>
      <name>321009051504</name>
      <description><![CDATA[<div style='font-family:Tahoma,sans-serif; font-size:13px;'><h3 style='color:#1565C0; margin:4px 0;'>รหัส: 321009051504</h3><p style='margin:2px 0;'><b>กลุ่มรถไถ:</b> 31_001</p><table border='1' style='border-collapse:collapse; border-color:#ccc; width:100%;'><tr><td style='padding:3px 6px; font-weight:bold; background-color:#f2f2f2;'>ปีการผลิต</td><td style='padding:3px 6px;'>257071</td></tr><tr><td style='padding:3px 6px; font-weight:bold; background-color:#f2f2f2;'>รหัสกลุ่มรถไถ</td><td style='padding:3px 6px;'>31/001</td></tr><tr><td style='padding:3px 6px; font-weight:bold; background-color:#f2f2f2;'>โควตาชาวไร่</td><td style='padding:3px 6px;'>733350</td></tr><tr><td style='padding:3px 6px; font-weight:bold; background-color:#f2f2f2;'>ชื่อ-นามสกุล</td><td style='padding:3px 6px;'>นาย ชอบ เทียนทอง</td></tr><tr><td style='padding:3px 6px; font-weight:bold; background-color:#f2f2f2;'>111</td><td style='padding:3px 6px;'>321009051504</td></tr><tr><td style='padding:3px 6px; font-weight:bold; background-color:#f2f2f2;'>ประเภทอ้อย</td><td style='padding:3px 6px;'>อ้อยปลายฝน</td></tr><tr><td style='padding:3px 6px; font-weight:bold; background-color:#f2f2f2;'>พื้นที่ปลูก</td><td style='padding:3px 6px;'>5.2</td></tr><tr><td style='padding:3px 6px; font-weight:bold; background-color:#f2f2f2;'>ศูนย์</td><td style='padding:3px 6px;'>K2-31</td></tr><tr><td style='padding:3px 6px; font-weight:bold; background-color:#f2f2f2;'>นักเกษตร</td><td style='padding:3px 6px;'>3103</td></tr><tr><td style='padding:3px 6px; font-weight:bold; background-color:#f2f2f2;'>กลุ่ม</td><td style='padding:3px 6px;'>กลุ่ม_31</td></tr></table></div>]]></description>
      <styleUrl>#style_31_001</styleUrl>
      <MultiGeometry><Polygon><outerBoundaryIs><LinearRing><coordinates>103.6606994,14.6092963,0 103.6607680,14.6099636,0 103.6608624,14.6099421,0 103.6609157,14.6102000,0 103.6615641,14.6100470,0 103.6613840,14.6090680,0 103.6606994,14.6092963,0</coordinates></LinearRing></outerBoundaryIs></Polygon></MultiGeometry>
    </Placemark>
    <Placemark>
      <name>321009051505</name>
      <description><![CDATA[<div style='font-family:Tahoma,sans-serif; font-size:13px;'><h3 style='color:#1565C0; margin:4px 0;'>รหัส: 321009051505</h3><p style='margin:2px 0;'><b>กลุ่มรถไถ:</b> 31_001</p><table border='1' style='border-collapse:collapse; border-color:#ccc; width:100%;'><tr><td style='padding:3px 6px; font-weight:bold; background-color:#f2f2f2;'>ปีการผลิต</td><td style='padding:3px 6px;'>257071</td></tr><tr><td style='padding:3px 6px; font-weight:bold; background-color:#f2f2f2;'>รหัสกลุ่มรถไถ</td><td style='padding:3px 6px;'>31/001</td></tr><tr><td style='padding:3px 6px; font-weight:bold; background-color:#f2f2f2;'>โควตาชาวไร่</td><td style='padding:3px 6px;'>733350</td></tr><tr><td style='padding:3px 6px; font-weight:bold; background-color:#f2f2f2;'>ชื่อ-นามสกุล</td><td style='padding:3px 6px;'>นาย ชอบ เทียนทอง</td></tr><tr><td style='padding:3px 6px; font-weight:bold; background-color:#f2f2f2;'>111</td><td style='padding:3px 6px;'>321009051505</td></tr><tr><td style='padding:3px 6px; font-weight:bold; background-color:#f2f2f2;'>ประเภทอ้อย</td><td style='padding:3px 6px;'>อ้อยปลายฝน</td></tr><tr><td style='padding:3px 6px; font-weight:bold; background-color:#f2f2f2;'>พื้นที่ปลูก</td><td style='padding:3px 6px;'>2.16</td></tr><tr><td style='padding:3px 6px; font-weight:bold; background-color:#f2f2f2;'>ศูนย์</td><td style='padding:3px 6px;'>K2-31</td></tr><tr><td style='padding:3px 6px; font-weight:bold; background-color:#f2f2f2;'>นักเกษตร</td><td style='padding:3px 6px;'>3103</td></tr><tr><td style='padding:3px 6px; font-weight:bold; background-color:#f2f2f2;'>กลุ่ม</td><td style='padding:3px 6px;'>กลุ่ม_31</td></tr></table></div>]]></description>
      <styleUrl>#style_31_001</styleUrl>
      <MultiGeometry><Polygon><outerBoundaryIs><LinearRing><coordinates>103.6603266,14.6090919,0 103.6604424,14.6099425,0 103.6607612,14.6099660,0 103.6606693,14.6091570,0 103.6605897,14.6090366,0 103.6603266,14.6090919,0</coordinates></LinearRing></outerBoundaryIs></Polygon></MultiGeometry>
    </Placemark>
    <Placemark>
      <name>321009021511</name>
      <description><![CDATA[<div style='font-family:Tahoma,sans-serif; font-size:13px;'><h3 style='color:#1565C0; margin:4px 0;'>รหัส: 321009021511</h3><p style='margin:2px 0;'><b>กลุ่มรถไถ:</b> 31_001</p><table border='1' style='border-collapse:collapse; border-color:#ccc; width:100%;'><tr><td style='padding:3px 6px; font-weight:bold; background-color:#f2f2f2;'>ปีการผลิต</td><td style='padding:3px 6px;'>257071</td></tr><tr><td style='padding:3px 6px; font-weight:bold; background-color:#f2f2f2;'>รหัสกลุ่มรถไถ</td><td style='padding:3px 6px;'>31/001</td></tr><tr><td style='padding:3px 6px; font-weight:bold; background-color:#f2f2f2;'>โควตาชาวไร่</td><td style='padding:3px 6px;'>733392</td></tr><tr><td style='padding:3px 6px; font-weight:bold; background-color:#f2f2f2;'>ชื่อ-นามสกุล</td><td style='padding:3px 6px;'>นาย ณรงค์ ศิลวัลย์</td></tr><tr><td style='padding:3px 6px; font-weight:bold; background-color:#f2f2f2;'>111</td><td style='padding:3px 6px;'>321009021511</td></tr><tr><td style='padding:3px 6px; font-weight:bold; background-color:#f2f2f2;'>ประเภทอ้อย</td><td style='padding:3px 6px;'>อ้อยปลายฝน</td></tr><tr><td style='padding:3px 6px; font-weight:bold; background-color:#f2f2f2;'>พื้นที่ปลูก</td><td style='padding:3px 6px;'>6.96</td></tr><tr><td style='padding:3px 6px; font-weight:bold; background-color:#f2f2f2;'>ศูนย์</td><td style='padding:3px 6px;'>K2-31</td></tr><tr><td style='padding:3px 6px; font-weight:bold; background-color:#f2f2f2;'>นักเกษตร</td><td style='padding:3px 6px;'>3103</td></tr><tr><td style='padding:3px 6px; font-weight:bold; background-color:#f2f2f2;'>กลุ่ม</td><td style='padding:3px 6px;'>กลุ่ม_31</td></tr></table></div>]]></description>
      <styleUrl>#style_31_001</styleUrl>
      <MultiGeometry><Polygon><outerBoundaryIs><LinearRing><coordinates>103.6720996,14.6079454,0 103.6726641,14.6083187,0 103.6728109,14.6069606,0 103.6717873,14.6071554,0 103.6717968,14.6073303,0 103.6718814,14.6078941,0 103.6720996,14.6079454,0</coordinates></LinearRing></outerBoundaryIs></Polygon></MultiGeometry>
    </Placemark>
    <Placemark>
      <name>321009011506</name>
      <description><![CDATA[<div style='font-family:Tahoma,sans-serif; font-size:13px;'><h3 style='color:#1565C0; margin:4px 0;'>รหัส: 321009011506</h3><p style='margin:2px 0;'><b>กลุ่มรถไถ:</b> 31_001</p><table border='1' style='border-collapse:collapse; border-color:#ccc; width:100%;'><tr><td style='padding:3px 6px; font-weight:bold; background-color:#f2f2f2;'>ปีการผลิต</td><td style='padding:3px 6px;'>257071</td></tr><tr><td style='padding:3px 6px; font-weight:bold; background-color:#f2f2f2;'>รหัสกลุ่มรถไถ</td><td style='padding:3px 6px;'>31/001</td></tr><tr><td style='padding:3px 6px; font-weight:bold; background-color:#f2f2f2;'>โควตาชาวไร่</td><td style='padding:3px 6px;'>733439</td></tr><tr><td style='padding:3px 6px; font-weight:bold; background-color:#f2f2f2;'>ชื่อ-นามสกุล</td><td style='padding:3px 6px;'>นาย บุญสอน ดีรอบ</td></tr><tr><td style='padding:3px 6px; font-weight:bold; background-color:#f2f2f2;'>111</td><td style='padding:3px 6px;'>321009011506</td></tr><tr><td style='padding:3px 6px; font-weight:bold; background-color:#f2f2f2;'>ประเภทอ้อย</td><td style='padding:3px 6px;'>อ้อยปลายฝน</td></tr><tr><td style='padding:3px 6px; font-weight:bold; background-color:#f2f2f2;'>พื้นที่ปลูก</td><td style='padding:3px 6px;'>5.9</td></tr><tr><td style='padding:3px 6px; font-weight:bold; background-color:#f2f2f2;'>ศูนย์</td><td style='padding:3px 6px;'>K2-31</td></tr><tr><td style='padding:3px 6px; font-weight:bold; background-color:#f2f2f2;'>นักเกษตร</td><td style='padding:3px 6px;'>3103</td></tr><tr><td style='padding:3px 6px; font-weight:bold; background-color:#f2f2f2;'>กลุ่ม</td><td style='padding:3px 6px;'>กลุ่ม_31</td></tr></table></div>]]></description>
      <styleUrl>#style_31_001</styleUrl>
      <MultiGeometry><Polygon><outerBoundaryIs><LinearRing><coordinates>103.6728513,14.6101980,0 103.6727179,14.6102631,0 103.6725663,14.6108146,0 103.6733014,14.6109283,0 103.6739474,14.6110089,0 103.6739834,14.6104961,0 103.6728513,14.6101980,0</coordinates></LinearRing></outerBoundaryIs></Polygon></MultiGeometry>
    </Placemark>
    <Placemark>
      <name>321009011510</name>
      <description><![CDATA[<div style='font-family:Tahoma,sans-serif; font-size:13px;'><h3 style='color:#1565C0; margin:4px 0;'>รหัส: 321009011510</h3><p style='margin:2px 0;'><b>กลุ่มรถไถ:</b> 31_001</p><table border='1' style='border-collapse:collapse; border-color:#ccc; width:100%;'><tr><td style='padding:3px 6px; font-weight:bold; background-color:#f2f2f2;'>ปีการผลิต</td><td style='padding:3px 6px;'>257071</td></tr><tr><td style='padding:3px 6px; font-weight:bold; background-color:#f2f2f2;'>รหัสกลุ่มรถไถ</td><td style='padding:3px 6px;'>31/001</td></tr><tr><td style='padding:3px 6px; font-weight:bold; background-color:#f2f2f2;'>โควตาชาวไร่</td><td style='padding:3px 6px;'>733439</td></tr><tr><td style='padding:3px 6px; font-weight:bold; background-color:#f2f2f2;'>ชื่อ-นามสกุล</td><td style='padding:3px 6px;'>นาย บุญสอน ดีรอบ</td></tr><tr><td style='padding:3px 6px; font-weight:bold; background-color:#f2f2f2;'>111</td><td style='padding:3px 6px;'>321009011510</td></tr><tr><td style='padding:3px 6px; font-weight:bold; background-color:#f2f2f2;'>ประเภทอ้อย</td><td style='padding:3px 6px;'>อ้อยปลายฝน</td></tr><tr><td style='padding:3px 6px; font-weight:bold; background-color:#f2f2f2;'>พื้นที่ปลูก</td><td style='padding:3px 6px;'>4.08</td></tr><tr><td style='padding:3px 6px; font-weight:bold; background-color:#f2f2f2;'>ศูนย์</td><td style='padding:3px 6px;'>K2-31</td></tr><tr><td style='padding:3px 6px; font-weight:bold; background-color:#f2f2f2;'>นักเกษตร</td><td style='padding:3px 6px;'>3103</td></tr><tr><td style='padding:3px 6px; font-weight:bold; background-color:#f2f2f2;'>กลุ่ม</td><td style='padding:3px 6px;'>กลุ่ม_31</td></tr></table></div>]]></description>
      <styleUrl>#style_31_001</styleUrl>
      <MultiGeometry><Polygon><outerBoundaryIs><LinearRing><coordinates>103.6726210,14.6114113,0 103.6727629,14.6117536,0 103.6730655,14.6119725,0 103.6731776,14.6119233,0 103.6739861,14.6119175,0 103.6740416,14.6119259,0 103.6739981,14.6115594,0 103.6726210,14.6114113,0</coordinates></LinearRing></outerBoundaryIs></Polygon></MultiGeometry>
    </Placemark>
    <Placemark>
      <name>321009021510</name>
      <description><![CDATA[<div style='font-family:Tahoma,sans-serif; font-size:13px;'><h3 style='color:#1565C0; margin:4px 0;'>รหัส: 321009021510</h3><p style='margin:2px 0;'><b>กลุ่มรถไถ:</b> 31_001</p><table border='1' style='border-collapse:collapse; border-color:#ccc; width:100%;'><tr><td style='padding:3px 6px; font-weight:bold; background-color:#f2f2f2;'>ปีการผลิต</td><td style='padding:3px 6px;'>257071</td></tr><tr><td style='padding:3px 6px; font-weight:bold; background-color:#f2f2f2;'>รหัสกลุ่มรถไถ</td><td style='padding:3px 6px;'>31/001</td></tr><tr><td style='padding:3px 6px; font-weight:bold; background-color:#f2f2f2;'>โควตาชาวไร่</td><td style='padding:3px 6px;'>733439</td></tr><tr><td style='padding:3px 6px; font-weight:bold; background-color:#f2f2f2;'>ชื่อ-นามสกุล</td><td style='padding:3px 6px;'>นาย บุญสอน ดีรอบ</td></tr><tr><td style='padding:3px 6px; font-weight:bold; background-color:#f2f2f2;'>111</td><td style='padding:3px 6px;'>321009021510</td></tr><tr><td style='padding:3px 6px; font-weight:bold; background-color:#f2f2f2;'>ประเภทอ้อย</td><td style='padding:3px 6px;'>อ้อยปลายฝน</td></tr><tr><td style='padding:3px 6px; font-weight:bold; background-color:#f2f2f2;'>พื้นที่ปลูก</td><td style='padding:3px 6px;'>4.35</td></tr><tr><td style='padding:3px 6px; font-weight:bold; background-color:#f2f2f2;'>ศูนย์</td><td style='padding:3px 6px;'>K2-31</td></tr><tr><td style='padding:3px 6px; font-weight:bold; background-color:#f2f2f2;'>นักเกษตร</td><td style='padding:3px 6px;'>3103</td></tr><tr><td style='padding:3px 6px; font-weight:bold; background-color:#f2f2f2;'>กลุ่ม</td><td style='padding:3px 6px;'>กลุ่ม_31</td></tr></table></div>]]></description>
      <styleUrl>#style_31_001</styleUrl>
      <MultiGeometry><Polygon><outerBoundaryIs><LinearRing><coordinates>103.6728566,14.6108804,0 103.6728459,14.6113971,0 103.6739902,14.6115365,0 103.6739493,14.6110105,0 103.6728566,14.6108804,0</coordinates></LinearRing></outerBoundaryIs></Polygon></MultiGeometry>
    </Placemark>
    <Placemark>
      <name>321015070080</name>
      <description><![CDATA[<div style='font-family:Tahoma,sans-serif; font-size:13px;'><h3 style='color:#1565C0; margin:4px 0;'>รหัส: 321015070080</h3><p style='margin:2px 0;'><b>กลุ่มรถไถ:</b> 31_001</p><table border='1' style='border-collapse:collapse; border-color:#ccc; width:100%;'><tr><td style='padding:3px 6px; font-weight:bold; background-color:#f2f2f2;'>ปีการผลิต</td><td style='padding:3px 6px;'>257071</td></tr><tr><td style='padding:3px 6px; font-weight:bold; background-color:#f2f2f2;'>รหัสกลุ่มรถไถ</td><td style='padding:3px 6px;'>31/001</td></tr><tr><td style='padding:3px 6px; font-weight:bold; background-color:#f2f2f2;'>โควตาชาวไร่</td><td style='padding:3px 6px;'>734333</td></tr><tr><td style='padding:3px 6px; font-weight:bold; background-color:#f2f2f2;'>ชื่อ-นามสกุล</td><td style='padding:3px 6px;'>น.ส. เจนจิรา ทรัพย์มาก</td></tr><tr><td style='padding:3px 6px; font-weight:bold; background-color:#f2f2f2;'>111</td><td style='padding:3px 6px;'>321015070080</td></tr><tr><td style='padding:3px 6px; font-weight:bold; background-color:#f2f2f2;'>ประเภทอ้อย</td><td style='padding:3px 6px;'>อ้อยปลายฝน</td></tr><tr><td style='padding:3px 6px; font-weight:bold; background-color:#f2f2f2;'>พื้นที่ปลูก</td><td style='padding:3px 6px;'>10.03</td></tr><tr><td style='padding:3px 6px; font-weight:bold; background-color:#f2f2f2;'>ศูนย์</td><td style='padding:3px 6px;'>K2-31</td></tr><tr><td style='padding:3px 6px; font-weight:bold; background-color:#f2f2f2;'>นักเกษตร</td><td style='padding:3px 6px;'>3102</td></tr><tr><td style='padding:3px 6px; font-weight:bold; background-color:#f2f2f2;'>กลุ่ม</td><td style='padding:3px 6px;'>กลุ่ม_31</td></tr></table></div>]]></description>
      <styleUrl>#style_31_001</styleUrl>
      <MultiGeometry><Polygon><outerBoundaryIs><LinearRing><coordinates>103.8250083,14.6157217,0 103.8251467,14.6156267,0 103.8252800,14.6156083,0 103.8257900,14.6154500,0 103.8261183,14.6153750,0 103.8263217,14.6153083,0 103.8260167,14.6145033,0 103.8259750,14.6145200,0 103.8257067,14.6145833,0 103.8255833,14.6146467,0 103.8254367,14.6146900,0 103.8252633,14.6142800,0 103.8247167,14.6144850,0 103.8248750,14.6152550,0 103.8251633,14.6151733,0 103.8252283,14.6153183,0 103.8249067,14.6154317,0 103.8250083,14.6157217,0</coordinates></LinearRing></outerBoundaryIs></Polygon></MultiGeometry>
    </Placemark>
    <Placemark>
      <name>320109010001</name>
      <description><![CDATA[<div style='font-family:Tahoma,sans-serif; font-size:13px;'><h3 style='color:#1565C0; margin:4px 0;'>รหัส: 320109010001</h3><p style='margin:2px 0;'><b>กลุ่มรถไถ:</b> 31_001</p><table border='1' style='border-collapse:collapse; border-color:#ccc; width:100%;'><tr><td style='padding:3px 6px; font-weight:bold; background-color:#f2f2f2;'>ปีการผลิต</td><td style='padding:3px 6px;'>257071</td></tr><tr><td style='padding:3px 6px; font-weight:bold; background-color:#f2f2f2;'>รหัสกลุ่มรถไถ</td><td style='padding:3px 6px;'>31/001</td></tr><tr><td style='padding:3px 6px; font-weight:bold; background-color:#f2f2f2;'>โควตาชาวไร่</td><td style='padding:3px 6px;'>734779</td></tr><tr><td style='padding:3px 6px; font-weight:bold; background-color:#f2f2f2;'>ชื่อ-นามสกุล</td><td style='padding:3px 6px;'>นาง สำเริง ดวงดี</td></tr><tr><td style='padding:3px 6px; font-weight:bold; background-color:#f2f2f2;'>111</td><td style='padding:3px 6px;'>320109010001</td></tr><tr><td style='padding:3px 6px; font-weight:bold; background-color:#f2f2f2;'>ประเภทอ้อย</td><td style='padding:3px 6px;'>อ้อยปลายฝน</td></tr><tr><td style='padding:3px 6px; font-weight:bold; background-color:#f2f2f2;'>พื้นที่ปลูก</td><td style='padding:3px 6px;'>15.42</td></tr><tr><td style='padding:3px 6px; font-weight:bold; background-color:#f2f2f2;'>ศูนย์</td><td style='padding:3px 6px;'>K2-31</td></tr><tr><td style='padding:3px 6px; font-weight:bold; background-color:#f2f2f2;'>นักเกษตร</td><td style='padding:3px 6px;'>3103</td></tr><tr><td style='padding:3px 6px; font-weight:bold; background-color:#f2f2f2;'>กลุ่ม</td><td style='padding:3px 6px;'>กลุ่ม_31</td></tr></table></div>]]></description>
      <styleUrl>#style_31_001</styleUrl>
      <MultiGeometry><Polygon><outerBoundaryIs><LinearRing><coordinates>103.6324169,14.7979746,0 103.6331852,14.7977051,0 103.6336293,14.7975515,0 103.6339091,14.7974080,0 103.6342828,14.7971708,0 103.6344499,14.7970726,0 103.6348209,14.7968609,0 103.6355527,14.7964938,0 103.6353844,14.7960457,0 103.6346702,14.7963488,0 103.6344679,14.7964373,0 103.6341802,14.7965708,0 103.6338134,14.7967491,0 103.6334634,14.7969370,0 103.6333547,14.7969756,0 103.6326407,14.7972015,0 103.6321635,14.7973232,0 103.6324169,14.7979746,0</coordinates></LinearRing></outerBoundaryIs></Polygon></MultiGeometry>
    </Placemark>
    <Placemark>
      <name>320120060001</name>
      <description><![CDATA[<div style='font-family:Tahoma,sans-serif; font-size:13px;'><h3 style='color:#1565C0; margin:4px 0;'>รหัส: 320120060001</h3><p style='margin:2px 0;'><b>กลุ่มรถไถ:</b> 31_001</p><table border='1' style='border-collapse:collapse; border-color:#ccc; width:100%;'><tr><td style='padding:3px 6px; font-weight:bold; background-color:#f2f2f2;'>ปีการผลิต</td><td style='padding:3px 6px;'>257071</td></tr><tr><td style='padding:3px 6px; font-weight:bold; background-color:#f2f2f2;'>รหัสกลุ่มรถไถ</td><td style='padding:3px 6px;'>31/001</td></tr><tr><td style='padding:3px 6px; font-weight:bold; background-color:#f2f2f2;'>โควตาชาวไร่</td><td style='padding:3px 6px;'>734779</td></tr><tr><td style='padding:3px 6px; font-weight:bold; background-color:#f2f2f2;'>ชื่อ-นามสกุล</td><td style='padding:3px 6px;'>นาง สำเริง ดวงดี</td></tr><tr><td style='padding:3px 6px; font-weight:bold; background-color:#f2f2f2;'>111</td><td style='padding:3px 6px;'>320120060001</td></tr><tr><td style='padding:3px 6px; font-weight:bold; background-color:#f2f2f2;'>ประเภทอ้อย</td><td style='padding:3px 6px;'>อ้อยปลายฝน</td></tr><tr><td style='padding:3px 6px; font-weight:bold; background-color:#f2f2f2;'>พื้นที่ปลูก</td><td style='padding:3px 6px;'>11.03</td></tr><tr><td style='padding:3px 6px; font-weight:bold; background-color:#f2f2f2;'>ศูนย์</td><td style='padding:3px 6px;'>K2-31</td></tr><tr><td style='padding:3px 6px; font-weight:bold; background-color:#f2f2f2;'>นักเกษตร</td><td style='padding:3px 6px;'>3103</td></tr><tr><td style='padding:3px 6px; font-weight:bold; background-color:#f2f2f2;'>กลุ่ม</td><td style='padding:3px 6px;'>กลุ่ม_31</td></tr></table></div>]]></description>
      <styleUrl>#style_31_001</styleUrl>
      <MultiGeometry><Polygon><outerBoundaryIs><LinearRing><coordinates>103.6133944,14.8621423,0 103.6134381,14.8623488,0 103.6134380,14.8623481,0 103.6141489,14.8622840,0 103.6147586,14.8621238,0 103.6152078,14.8619591,0 103.6155373,14.8617475,0 103.6161208,14.8615864,0 103.6158504,14.8610360,0 103.6146677,14.8615867,0 103.6138074,14.8617256,0 103.6134875,14.8618664,0 103.6135699,14.8621143,0 103.6133944,14.8621423,0</coordinates></LinearRing></outerBoundaryIs></Polygon></MultiGeometry>
    </Placemark>
    <Placemark>
      <name>321015011505</name>
      <description><![CDATA[<div style='font-family:Tahoma,sans-serif; font-size:13px;'><h3 style='color:#1565C0; margin:4px 0;'>รหัส: 321015011505</h3><p style='margin:2px 0;'><b>กลุ่มรถไถ:</b> 31_001</p><table border='1' style='border-collapse:collapse; border-color:#ccc; width:100%;'><tr><td style='padding:3px 6px; font-weight:bold; background-color:#f2f2f2;'>ปีการผลิต</td><td style='padding:3px 6px;'>257071</td></tr><tr><td style='padding:3px 6px; font-weight:bold; background-color:#f2f2f2;'>รหัสกลุ่มรถไถ</td><td style='padding:3px 6px;'>31/001</td></tr><tr><td style='padding:3px 6px; font-weight:bold; background-color:#f2f2f2;'>โควตาชาวไร่</td><td style='padding:3px 6px;'>734786</td></tr><tr><td style='padding:3px 6px; font-weight:bold; background-color:#f2f2f2;'>ชื่อ-นามสกุล</td><td style='padding:3px 6px;'>นาย วีระ พันสุข</td></tr><tr><td style='padding:3px 6px; font-weight:bold; background-color:#f2f2f2;'>111</td><td style='padding:3px 6px;'>321015011505</td></tr><tr><td style='padding:3px 6px; font-weight:bold; background-color:#f2f2f2;'>ประเภทอ้อย</td><td style='padding:3px 6px;'>อ้อยปลายฝน</td></tr><tr><td style='padding:3px 6px; font-weight:bold; background-color:#f2f2f2;'>พื้นที่ปลูก</td><td style='padding:3px 6px;'>8.94</td></tr><tr><td style='padding:3px 6px; font-weight:bold; background-color:#f2f2f2;'>ศูนย์</td><td style='padding:3px 6px;'>K2-31</td></tr><tr><td style='padding:3px 6px; font-weight:bold; background-color:#f2f2f2;'>นักเกษตร</td><td style='padding:3px 6px;'>3102</td></tr><tr><td style='padding:3px 6px; font-weight:bold; background-color:#f2f2f2;'>กลุ่ม</td><td style='padding:3px 6px;'>กลุ่ม_31</td></tr></table></div>]]></description>
      <styleUrl>#style_31_001</styleUrl>
      <MultiGeometry><Polygon><outerBoundaryIs><LinearRing><coordinates>103.8314240,14.6097989,0 103.8309070,14.6097145,0 103.8308727,14.6099782,0 103.8309318,14.6104163,0 103.8310415,14.6107526,0 103.8316225,14.6115489,0 103.8324230,14.6113534,0 103.8322722,14.6109066,0 103.8316844,14.6110234,0 103.8314240,14.6097989,0</coordinates></LinearRing></outerBoundaryIs></Polygon></MultiGeometry>
    </Placemark>
    <Placemark>
      <name>320109010004</name>
      <description><![CDATA[<div style='font-family:Tahoma,sans-serif; font-size:13px;'><h3 style='color:#1565C0; margin:4px 0;'>รหัส: 320109010004</h3><p style='margin:2px 0;'><b>กลุ่มรถไถ:</b> 31_001</p><table border='1' style='border-collapse:collapse; border-color:#ccc; width:100%;'><tr><td style='padding:3px 6px; font-weight:bold; background-color:#f2f2f2;'>ปีการผลิต</td><td style='padding:3px 6px;'>257071</td></tr><tr><td style='padding:3px 6px; font-weight:bold; background-color:#f2f2f2;'>รหัสกลุ่มรถไถ</td><td style='padding:3px 6px;'>31/001</td></tr><tr><td style='padding:3px 6px; font-weight:bold; background-color:#f2f2f2;'>โควตาชาวไร่</td><td style='padding:3px 6px;'>734790</td></tr><tr><td style='padding:3px 6px; font-weight:bold; background-color:#f2f2f2;'>ชื่อ-นามสกุล</td><td style='padding:3px 6px;'>นาย ชาลี ต้นทอง</td></tr><tr><td style='padding:3px 6px; font-weight:bold; background-color:#f2f2f2;'>111</td><td style='padding:3px 6px;'>320109010004</td></tr><tr><td style='padding:3px 6px; font-weight:bold; background-color:#f2f2f2;'>ประเภทอ้อย</td><td style='padding:3px 6px;'>อ้อยปลายฝน</td></tr><tr><td style='padding:3px 6px; font-weight:bold; background-color:#f2f2f2;'>พื้นที่ปลูก</td><td style='padding:3px 6px;'>3.66</td></tr><tr><td style='padding:3px 6px; font-weight:bold; background-color:#f2f2f2;'>ศูนย์</td><td style='padding:3px 6px;'>K2-31</td></tr><tr><td style='padding:3px 6px; font-weight:bold; background-color:#f2f2f2;'>นักเกษตร</td><td style='padding:3px 6px;'>3103</td></tr><tr><td style='padding:3px 6px; font-weight:bold; background-color:#f2f2f2;'>กลุ่ม</td><td style='padding:3px 6px;'>กลุ่ม_31</td></tr></table></div>]]></description>
      <styleUrl>#style_31_001</styleUrl>
      <MultiGeometry><Polygon><outerBoundaryIs><LinearRing><coordinates>103.6320633,14.8065200,0 103.6320685,14.8065929,0 103.6320936,14.8068162,0 103.6321808,14.8068057,0 103.6321940,14.8069688,0 103.6320982,14.8069823,0 103.6321028,14.8072674,0 103.6323827,14.8072000,0 103.6327013,14.8069770,0 103.6326072,14.8061848,0 103.6320536,14.8064194,0 103.6320633,14.8065200,0</coordinates></LinearRing></outerBoundaryIs></Polygon></MultiGeometry>
    </Placemark>
    <Placemark>
      <name>320109010017</name>
      <description><![CDATA[<div style='font-family:Tahoma,sans-serif; font-size:13px;'><h3 style='color:#1565C0; margin:4px 0;'>รหัส: 320109010017</h3><p style='margin:2px 0;'><b>กลุ่มรถไถ:</b> 31_001</p><table border='1' style='border-collapse:collapse; border-color:#ccc; width:100%;'><tr><td style='padding:3px 6px; font-weight:bold; background-color:#f2f2f2;'>ปีการผลิต</td><td style='padding:3px 6px;'>257071</td></tr><tr><td style='padding:3px 6px; font-weight:bold; background-color:#f2f2f2;'>รหัสกลุ่มรถไถ</td><td style='padding:3px 6px;'>31/001</td></tr><tr><td style='padding:3px 6px; font-weight:bold; background-color:#f2f2f2;'>โควตาชาวไร่</td><td style='padding:3px 6px;'>734790</td></tr><tr><td style='padding:3px 6px; font-weight:bold; background-color:#f2f2f2;'>ชื่อ-นามสกุล</td><td style='padding:3px 6px;'>นาย ชาลี ต้นทอง</td></tr><tr><td style='padding:3px 6px; font-weight:bold; background-color:#f2f2f2;'>111</td><td style='padding:3px 6px;'>320109010017</td></tr><tr><td style='padding:3px 6px; font-weight:bold; background-color:#f2f2f2;'>ประเภทอ้อย</td><td style='padding:3px 6px;'>อ้อยปลายฝน</td></tr><tr><td style='padding:3px 6px; font-weight:bold; background-color:#f2f2f2;'>พื้นที่ปลูก</td><td style='padding:3px 6px;'>14.97</td></tr><tr><td style='padding:3px 6px; font-weight:bold; background-color:#f2f2f2;'>ศูนย์</td><td style='padding:3px 6px;'>K2-31</td></tr><tr><td style='padding:3px 6px; font-weight:bold; background-color:#f2f2f2;'>นักเกษตร</td><td style='padding:3px 6px;'>3103</td></tr><tr><td style='padding:3px 6px; font-weight:bold; background-color:#f2f2f2;'>กลุ่ม</td><td style='padding:3px 6px;'>กลุ่ม_31</td></tr></table></div>]]></description>
      <styleUrl>#style_31_001</styleUrl>
      <MultiGeometry><Polygon><outerBoundaryIs><LinearRing><coordinates>103.6249950,14.8129683,0 103.6247867,14.8130817,0 103.6254417,14.8139550,0 103.6255500,14.8138900,0 103.6249950,14.8129683,0</coordinates></LinearRing></outerBoundaryIs></Polygon></MultiGeometry>
    </Placemark>
    <Placemark>
      <name>321012021545</name>
      <description><![CDATA[<div style='font-family:Tahoma,sans-serif; font-size:13px;'><h3 style='color:#1565C0; margin:4px 0;'>รหัส: 321012021545</h3><p style='margin:2px 0;'><b>กลุ่มรถไถ:</b> 31_001</p><table border='1' style='border-collapse:collapse; border-color:#ccc; width:100%;'><tr><td style='padding:3px 6px; font-weight:bold; background-color:#f2f2f2;'>ปีการผลิต</td><td style='padding:3px 6px;'>257071</td></tr><tr><td style='padding:3px 6px; font-weight:bold; background-color:#f2f2f2;'>รหัสกลุ่มรถไถ</td><td style='padding:3px 6px;'>31/001</td></tr><tr><td style='padding:3px 6px; font-weight:bold; background-color:#f2f2f2;'>โควตาชาวไร่</td><td style='padding:3px 6px;'>734798</td></tr><tr><td style='padding:3px 6px; font-weight:bold; background-color:#f2f2f2;'>ชื่อ-นามสกุล</td><td style='padding:3px 6px;'>นาง สมจิตร จรเสถียร</td></tr><tr><td style='padding:3px 6px; font-weight:bold; background-color:#f2f2f2;'>111</td><td style='padding:3px 6px;'>321012021545</td></tr><tr><td style='padding:3px 6px; font-weight:bold; background-color:#f2f2f2;'>ประเภทอ้อย</td><td style='padding:3px 6px;'>อ้อยปลายฝน</td></tr><tr><td style='padding:3px 6px; font-weight:bold; background-color:#f2f2f2;'>พื้นที่ปลูก</td><td style='padding:3px 6px;'>4.11</td></tr><tr><td style='padding:3px 6px; font-weight:bold; background-color:#f2f2f2;'>ศูนย์</td><td style='padding:3px 6px;'>K2-31</td></tr><tr><td style='padding:3px 6px; font-weight:bold; background-color:#f2f2f2;'>นักเกษตร</td><td style='padding:3px 6px;'>3102</td></tr><tr><td style='padding:3px 6px; font-weight:bold; background-color:#f2f2f2;'>กลุ่ม</td><td style='padding:3px 6px;'>กลุ่ม_31</td></tr></table></div>]]></description>
      <styleUrl>#style_31_001</styleUrl>
      <MultiGeometry><Polygon><outerBoundaryIs><LinearRing><coordinates>103.7922011,14.6502901,0 103.7925314,14.6501868,0 103.7925263,14.6486721,0 103.7921572,14.6486715,0 103.7922011,14.6502901,0</coordinates></LinearRing></outerBoundaryIs></Polygon></MultiGeometry>
    </Placemark>
    <Placemark>
      <name>321012021747</name>
      <description><![CDATA[<div style='font-family:Tahoma,sans-serif; font-size:13px;'><h3 style='color:#1565C0; margin:4px 0;'>รหัส: 321012021747</h3><p style='margin:2px 0;'><b>กลุ่มรถไถ:</b> 31_001</p><table border='1' style='border-collapse:collapse; border-color:#ccc; width:100%;'><tr><td style='padding:3px 6px; font-weight:bold; background-color:#f2f2f2;'>ปีการผลิต</td><td style='padding:3px 6px;'>257071</td></tr><tr><td style='padding:3px 6px; font-weight:bold; background-color:#f2f2f2;'>รหัสกลุ่มรถไถ</td><td style='padding:3px 6px;'>31/001</td></tr><tr><td style='padding:3px 6px; font-weight:bold; background-color:#f2f2f2;'>โควตาชาวไร่</td><td style='padding:3px 6px;'>734799</td></tr><tr><td style='padding:3px 6px; font-weight:bold; background-color:#f2f2f2;'>ชื่อ-นามสกุล</td><td style='padding:3px 6px;'>นาย ธีระกร ทรงงาม</td></tr><tr><td style='padding:3px 6px; font-weight:bold; background-color:#f2f2f2;'>111</td><td style='padding:3px 6px;'>321012021747</td></tr><tr><td style='padding:3px 6px; font-weight:bold; background-color:#f2f2f2;'>ประเภทอ้อย</td><td style='padding:3px 6px;'>อ้อยปลายฝน</td></tr><tr><td style='padding:3px 6px; font-weight:bold; background-color:#f2f2f2;'>พื้นที่ปลูก</td><td style='padding:3px 6px;'>3.19</td></tr><tr><td style='padding:3px 6px; font-weight:bold; background-color:#f2f2f2;'>ศูนย์</td><td style='padding:3px 6px;'>K2-31</td></tr><tr><td style='padding:3px 6px; font-weight:bold; background-color:#f2f2f2;'>นักเกษตร</td><td style='padding:3px 6px;'>3102</td></tr><tr><td style='padding:3px 6px; font-weight:bold; background-color:#f2f2f2;'>กลุ่ม</td><td style='padding:3px 6px;'>กลุ่ม_31</td></tr></table></div>]]></description>
      <styleUrl>#style_31_001</styleUrl>
      <MultiGeometry><Polygon><outerBoundaryIs><LinearRing><coordinates>103.8054817,14.6345367,0 103.8054900,14.6332933,0 103.8051583,14.6332733,0 103.8051417,14.6345683,0 103.8054800,14.6345367,0 103.8054817,14.6345367,0</coordinates></LinearRing></outerBoundaryIs></Polygon></MultiGeometry>
    </Placemark>
    <Placemark>
      <name>320120031621</name>
      <description><![CDATA[<div style='font-family:Tahoma,sans-serif; font-size:13px;'><h3 style='color:#1565C0; margin:4px 0;'>รหัส: 320120031621</h3><p style='margin:2px 0;'><b>กลุ่มรถไถ:</b> 31_001</p><table border='1' style='border-collapse:collapse; border-color:#ccc; width:100%;'><tr><td style='padding:3px 6px; font-weight:bold; background-color:#f2f2f2;'>ปีการผลิต</td><td style='padding:3px 6px;'>257071</td></tr><tr><td style='padding:3px 6px; font-weight:bold; background-color:#f2f2f2;'>รหัสกลุ่มรถไถ</td><td style='padding:3px 6px;'>31/001</td></tr><tr><td style='padding:3px 6px; font-weight:bold; background-color:#f2f2f2;'>โควตาชาวไร่</td><td style='padding:3px 6px;'>734820</td></tr><tr><td style='padding:3px 6px; font-weight:bold; background-color:#f2f2f2;'>ชื่อ-นามสกุล</td><td style='padding:3px 6px;'>นาง นงนุช เสาว์ยงค์</td></tr><tr><td style='padding:3px 6px; font-weight:bold; background-color:#f2f2f2;'>111</td><td style='padding:3px 6px;'>320120031621</td></tr><tr><td style='padding:3px 6px; font-weight:bold; background-color:#f2f2f2;'>ประเภทอ้อย</td><td style='padding:3px 6px;'>อ้อยปลายฝน</td></tr><tr><td style='padding:3px 6px; font-weight:bold; background-color:#f2f2f2;'>พื้นที่ปลูก</td><td style='padding:3px 6px;'>5.72</td></tr><tr><td style='padding:3px 6px; font-weight:bold; background-color:#f2f2f2;'>ศูนย์</td><td style='padding:3px 6px;'>K2-31</td></tr><tr><td style='padding:3px 6px; font-weight:bold; background-color:#f2f2f2;'>นักเกษตร</td><td style='padding:3px 6px;'>3103</td></tr><tr><td style='padding:3px 6px; font-weight:bold; background-color:#f2f2f2;'>กลุ่ม</td><td style='padding:3px 6px;'>กลุ่ม_31</td></tr></table></div>]]></description>
      <styleUrl>#style_31_001</styleUrl>
      <MultiGeometry><Polygon><outerBoundaryIs><LinearRing><coordinates>103.6136596,14.8330392,0 103.6144758,14.8327507,0 103.6139056,14.8319346,0 103.6132184,14.8321793,0 103.6136596,14.8330392,0</coordinates></LinearRing></outerBoundaryIs></Polygon></MultiGeometry>
    </Placemark>
    <Placemark>
      <name>320120031503</name>
      <description><![CDATA[<div style='font-family:Tahoma,sans-serif; font-size:13px;'><h3 style='color:#1565C0; margin:4px 0;'>รหัส: 320120031503</h3><p style='margin:2px 0;'><b>กลุ่มรถไถ:</b> 31_001</p><table border='1' style='border-collapse:collapse; border-color:#ccc; width:100%;'><tr><td style='padding:3px 6px; font-weight:bold; background-color:#f2f2f2;'>ปีการผลิต</td><td style='padding:3px 6px;'>257071</td></tr><tr><td style='padding:3px 6px; font-weight:bold; background-color:#f2f2f2;'>รหัสกลุ่มรถไถ</td><td style='padding:3px 6px;'>31/001</td></tr><tr><td style='padding:3px 6px; font-weight:bold; background-color:#f2f2f2;'>โควตาชาวไร่</td><td style='padding:3px 6px;'>734821</td></tr><tr><td style='padding:3px 6px; font-weight:bold; background-color:#f2f2f2;'>ชื่อ-นามสกุล</td><td style='padding:3px 6px;'>น.ส. จุรีรัตน์ แผ่นจันทร์</td></tr><tr><td style='padding:3px 6px; font-weight:bold; background-color:#f2f2f2;'>111</td><td style='padding:3px 6px;'>320120031503</td></tr><tr><td style='padding:3px 6px; font-weight:bold; background-color:#f2f2f2;'>ประเภทอ้อย</td><td style='padding:3px 6px;'>อ้อยปลายฝน</td></tr><tr><td style='padding:3px 6px; font-weight:bold; background-color:#f2f2f2;'>พื้นที่ปลูก</td><td style='padding:3px 6px;'>1.66</td></tr><tr><td style='padding:3px 6px; font-weight:bold; background-color:#f2f2f2;'>ศูนย์</td><td style='padding:3px 6px;'>K2-31</td></tr><tr><td style='padding:3px 6px; font-weight:bold; background-color:#f2f2f2;'>นักเกษตร</td><td style='padding:3px 6px;'>3103</td></tr><tr><td style='padding:3px 6px; font-weight:bold; background-color:#f2f2f2;'>กลุ่ม</td><td style='padding:3px 6px;'>กลุ่ม_31</td></tr></table></div>]]></description>
      <styleUrl>#style_31_001</styleUrl>
      <MultiGeometry><Polygon><outerBoundaryIs><LinearRing><coordinates>103.6163487,14.8420009,0 103.6162787,14.8420465,0 103.6164851,14.8430755,0 103.6164249,14.8430834,0 103.6166097,14.8438961,0 103.6167630,14.8438766,0 103.6163487,14.8420009,0</coordinates></LinearRing></outerBoundaryIs></Polygon></MultiGeometry>
    </Placemark>
    <Placemark>
      <name>321010101512</name>
      <description><![CDATA[<div style='font-family:Tahoma,sans-serif; font-size:13px;'><h3 style='color:#1565C0; margin:4px 0;'>รหัส: 321010101512</h3><p style='margin:2px 0;'><b>กลุ่มรถไถ:</b> 31_001</p><table border='1' style='border-collapse:collapse; border-color:#ccc; width:100%;'><tr><td style='padding:3px 6px; font-weight:bold; background-color:#f2f2f2;'>ปีการผลิต</td><td style='padding:3px 6px;'>257071</td></tr><tr><td style='padding:3px 6px; font-weight:bold; background-color:#f2f2f2;'>รหัสกลุ่มรถไถ</td><td style='padding:3px 6px;'>31/001</td></tr><tr><td style='padding:3px 6px; font-weight:bold; background-color:#f2f2f2;'>โควตาชาวไร่</td><td style='padding:3px 6px;'>734892</td></tr><tr><td style='padding:3px 6px; font-weight:bold; background-color:#f2f2f2;'>ชื่อ-นามสกุล</td><td style='padding:3px 6px;'>นาย เบิด สุขจันทร์</td></tr><tr><td style='padding:3px 6px; font-weight:bold; background-color:#f2f2f2;'>111</td><td style='padding:3px 6px;'>321010101512</td></tr><tr><td style='padding:3px 6px; font-weight:bold; background-color:#f2f2f2;'>ประเภทอ้อย</td><td style='padding:3px 6px;'>อ้อยปลายฝน</td></tr><tr><td style='padding:3px 6px; font-weight:bold; background-color:#f2f2f2;'>พื้นที่ปลูก</td><td style='padding:3px 6px;'>8.37</td></tr><tr><td style='padding:3px 6px; font-weight:bold; background-color:#f2f2f2;'>ศูนย์</td><td style='padding:3px 6px;'>K2-31</td></tr><tr><td style='padding:3px 6px; font-weight:bold; background-color:#f2f2f2;'>นักเกษตร</td><td style='padding:3px 6px;'>3101</td></tr><tr><td style='padding:3px 6px; font-weight:bold; background-color:#f2f2f2;'>กลุ่ม</td><td style='padding:3px 6px;'>กลุ่ม_31</td></tr></table></div>]]></description>
      <styleUrl>#style_31_001</styleUrl>
      <MultiGeometry><Polygon><outerBoundaryIs><LinearRing><coordinates>103.7501817,14.5905000,0 103.7502550,14.5906167,0 103.7505867,14.5908817,0 103.7506683,14.5910183,0 103.7508617,14.5912683,0 103.7509617,14.5914083,0 103.7510967,14.5916100,0 103.7513150,14.5913033,0 103.7511650,14.5911800,0 103.7512700,14.5910583,0 103.7513200,14.5910500,0 103.7515883,14.5907300,0 103.7514733,14.5905950,0 103.7512383,14.5902933,0 103.7505933,14.5899450,0 103.7501817,14.5905000,0</coordinates></LinearRing></outerBoundaryIs></Polygon></MultiGeometry>
    </Placemark>
    <Placemark>
      <name>321010101513</name>
      <description><![CDATA[<div style='font-family:Tahoma,sans-serif; font-size:13px;'><h3 style='color:#1565C0; margin:4px 0;'>รหัส: 321010101513</h3><p style='margin:2px 0;'><b>กลุ่มรถไถ:</b> 31_001</p><table border='1' style='border-collapse:collapse; border-color:#ccc; width:100%;'><tr><td style='padding:3px 6px; font-weight:bold; background-color:#f2f2f2;'>ปีการผลิต</td><td style='padding:3px 6px;'>257071</td></tr><tr><td style='padding:3px 6px; font-weight:bold; background-color:#f2f2f2;'>รหัสกลุ่มรถไถ</td><td style='padding:3px 6px;'>31/001</td></tr><tr><td style='padding:3px 6px; font-weight:bold; background-color:#f2f2f2;'>โควตาชาวไร่</td><td style='padding:3px 6px;'>734892</td></tr><tr><td style='padding:3px 6px; font-weight:bold; background-color:#f2f2f2;'>ชื่อ-นามสกุล</td><td style='padding:3px 6px;'>นาย เบิด สุขจันทร์</td></tr><tr><td style='padding:3px 6px; font-weight:bold; background-color:#f2f2f2;'>111</td><td style='padding:3px 6px;'>321010101513</td></tr><tr><td style='padding:3px 6px; font-weight:bold; background-color:#f2f2f2;'>ประเภทอ้อย</td><td style='padding:3px 6px;'>อ้อยปลายฝน</td></tr><tr><td style='padding:3px 6px; font-weight:bold; background-color:#f2f2f2;'>พื้นที่ปลูก</td><td style='padding:3px 6px;'>5.42</td></tr><tr><td style='padding:3px 6px; font-weight:bold; background-color:#f2f2f2;'>ศูนย์</td><td style='padding:3px 6px;'>K2-31</td></tr><tr><td style='padding:3px 6px; font-weight:bold; background-color:#f2f2f2;'>นักเกษตร</td><td style='padding:3px 6px;'>3101</td></tr><tr><td style='padding:3px 6px; font-weight:bold; background-color:#f2f2f2;'>กลุ่ม</td><td style='padding:3px 6px;'>กลุ่ม_31</td></tr></table></div>]]></description>
      <styleUrl>#style_31_001</styleUrl>
      <MultiGeometry><Polygon><outerBoundaryIs><LinearRing><coordinates>103.7458867,14.5853567,0 103.7459833,14.5863950,0 103.7463533,14.5863583,0 103.7463517,14.5861433,0 103.7467367,14.5860917,0 103.7465950,14.5852333,0 103.7462617,14.5852833,0 103.7459983,14.5853283,0 103.7458867,14.5853567,0</coordinates></LinearRing></outerBoundaryIs></Polygon></MultiGeometry>
    </Placemark>
  </Folder>
  <Style id="style_31_002">
    <LineStyle>
      <color>ffAA248E</color>
      <width>2.0</width>
    </LineStyle>
    <PolyStyle>
      <color>b3AA248E</color>
    </PolyStyle>
  </Style>
  <Folder>
    <name>31_002</name>
    <Placemark>
      <name>321012041562</name>
      <description><![CDATA[<div style='font-family:Tahoma,sans-serif; font-size:13px;'><h3 style='color:#1565C0; margin:4px 0;'>รหัส: 321012041562</h3><p style='margin:2px 0;'><b>กลุ่มรถไถ:</b> 31_002</p><table border='1' style='border-collapse:collapse; border-color:#ccc; width:100%;'><tr><td style='padding:3px 6px; font-weight:bold; background-color:#f2f2f2;'>ปีการผลิต</td><td style='padding:3px 6px;'>257071</td></tr><tr><td style='padding:3px 6px; font-weight:bold; background-color:#f2f2f2;'>รหัสกลุ่มรถไถ</td><td style='padding:3px 6px;'>31/002</td></tr><tr><td style='padding:3px 6px; font-weight:bold; background-color:#f2f2f2;'>โควตาชาวไร่</td><td style='padding:3px 6px;'>730424</td></tr><tr><td style='padding:3px 6px; font-weight:bold; background-color:#f2f2f2;'>ชื่อ-นามสกุล</td><td style='padding:3px 6px;'>นาย วุฒิพงค์ ยอดอาจ</td></tr><tr><td style='padding:3px 6px; font-weight:bold; background-color:#f2f2f2;'>111</td><td style='padding:3px 6px;'>321012041562</td></tr><tr><td style='padding:3px 6px; font-weight:bold; background-color:#f2f2f2;'>ประเภทอ้อย</td><td style='padding:3px 6px;'>อ้อยปลายฝน</td></tr><tr><td style='padding:3px 6px; font-weight:bold; background-color:#f2f2f2;'>พื้นที่ปลูก</td><td style='padding:3px 6px;'>7.14</td></tr><tr><td style='padding:3px 6px; font-weight:bold; background-color:#f2f2f2;'>ศูนย์</td><td style='padding:3px 6px;'>K2-31</td></tr><tr><td style='padding:3px 6px; font-weight:bold; background-color:#f2f2f2;'>นักเกษตร</td><td style='padding:3px 6px;'>3102</td></tr><tr><td style='padding:3px 6px; font-weight:bold; background-color:#f2f2f2;'>กลุ่ม</td><td style='padding:3px 6px;'>กลุ่ม_31</td></tr></table></div>]]></description>
      <styleUrl>#style_31_002</styleUrl>
      <MultiGeometry><Polygon><outerBoundaryIs><LinearRing><coordinates>103.7808469,14.6863935,0 103.7809863,14.6873776,0 103.7812693,14.6873489,0 103.7811496,14.6864768,0 103.7811123,14.6864639,0 103.7811110,14.6864331,0 103.7811601,14.6863985,0 103.7809787,14.6842677,0 103.7809564,14.6840790,0 103.7807031,14.6840802,0 103.7807243,14.6843618,0 103.7807929,14.6857237,0 103.7808185,14.6861603,0 103.7808469,14.6863935,0</coordinates></LinearRing></outerBoundaryIs></Polygon></MultiGeometry>
    </Placemark>
    <Placemark>
      <name>321012061523</name>
      <description><![CDATA[<div style='font-family:Tahoma,sans-serif; font-size:13px;'><h3 style='color:#1565C0; margin:4px 0;'>รหัส: 321012061523</h3><p style='margin:2px 0;'><b>กลุ่มรถไถ:</b> 31_002</p><table border='1' style='border-collapse:collapse; border-color:#ccc; width:100%;'><tr><td style='padding:3px 6px; font-weight:bold; background-color:#f2f2f2;'>ปีการผลิต</td><td style='padding:3px 6px;'>257071</td></tr><tr><td style='padding:3px 6px; font-weight:bold; background-color:#f2f2f2;'>รหัสกลุ่มรถไถ</td><td style='padding:3px 6px;'>31/002</td></tr><tr><td style='padding:3px 6px; font-weight:bold; background-color:#f2f2f2;'>โควตาชาวไร่</td><td style='padding:3px 6px;'>730456</td></tr><tr><td style='padding:3px 6px; font-weight:bold; background-color:#f2f2f2;'>ชื่อ-นามสกุล</td><td style='padding:3px 6px;'>นาย ทิวา มะณีรัตน์</td></tr><tr><td style='padding:3px 6px; font-weight:bold; background-color:#f2f2f2;'>111</td><td style='padding:3px 6px;'>321012061523</td></tr><tr><td style='padding:3px 6px; font-weight:bold; background-color:#f2f2f2;'>ประเภทอ้อย</td><td style='padding:3px 6px;'>อ้อยปลายฝน</td></tr><tr><td style='padding:3px 6px; font-weight:bold; background-color:#f2f2f2;'>พื้นที่ปลูก</td><td style='padding:3px 6px;'>12.49</td></tr><tr><td style='padding:3px 6px; font-weight:bold; background-color:#f2f2f2;'>ศูนย์</td><td style='padding:3px 6px;'>K2-31</td></tr><tr><td style='padding:3px 6px; font-weight:bold; background-color:#f2f2f2;'>นักเกษตร</td><td style='padding:3px 6px;'>3102</td></tr><tr><td style='padding:3px 6px; font-weight:bold; background-color:#f2f2f2;'>กลุ่ม</td><td style='padding:3px 6px;'>กลุ่ม_31</td></tr></table></div>]]></description>
      <styleUrl>#style_31_002</styleUrl>
      <MultiGeometry><Polygon><outerBoundaryIs><LinearRing><coordinates>103.7629533,14.6592667,0 103.7630867,14.6592050,0 103.7627833,14.6588317,0 103.7616950,14.6592267,0 103.7616767,14.6593217,0 103.7619550,14.6592200,0 103.7621033,14.6596100,0 103.7621383,14.6599433,0 103.7620800,14.6599700,0 103.7621067,14.6600350,0 103.7620067,14.6600633,0 103.7620000,14.6601083,0 103.7611767,14.6604200,0 103.7613200,14.6608217,0 103.7616250,14.6607117,0 103.7617200,14.6606167,0 103.7617800,14.6606333,0 103.7620050,14.6605717,0 103.7622100,14.6604717,0 103.7622400,14.6604133,0 103.7627600,14.6602217,0 103.7627700,14.6600183,0 103.7628667,14.6598917,0 103.7629517,14.6598450,0 103.7629950,14.6597800,0 103.7629867,14.6596633,0 103.7630550,14.6596233,0 103.7632800,14.6595417,0 103.7632217,14.6593317,0 103.7631583,14.6593350,0 103.7630183,14.6593483,0 103.7629983,14.6593017,0 103.7629533,14.6592667,0</coordinates></LinearRing></outerBoundaryIs></Polygon></MultiGeometry>
    </Placemark>
    <Placemark>
      <name>321012021563</name>
      <description><![CDATA[<div style='font-family:Tahoma,sans-serif; font-size:13px;'><h3 style='color:#1565C0; margin:4px 0;'>รหัส: 321012021563</h3><p style='margin:2px 0;'><b>กลุ่มรถไถ:</b> 31_002</p><table border='1' style='border-collapse:collapse; border-color:#ccc; width:100%;'><tr><td style='padding:3px 6px; font-weight:bold; background-color:#f2f2f2;'>ปีการผลิต</td><td style='padding:3px 6px;'>257071</td></tr><tr><td style='padding:3px 6px; font-weight:bold; background-color:#f2f2f2;'>รหัสกลุ่มรถไถ</td><td style='padding:3px 6px;'>31/002</td></tr><tr><td style='padding:3px 6px; font-weight:bold; background-color:#f2f2f2;'>โควตาชาวไร่</td><td style='padding:3px 6px;'>730591</td></tr><tr><td style='padding:3px 6px; font-weight:bold; background-color:#f2f2f2;'>ชื่อ-นามสกุล</td><td style='padding:3px 6px;'>นาง สุภาพร คิดดี</td></tr><tr><td style='padding:3px 6px; font-weight:bold; background-color:#f2f2f2;'>111</td><td style='padding:3px 6px;'>321012021563</td></tr><tr><td style='padding:3px 6px; font-weight:bold; background-color:#f2f2f2;'>ประเภทอ้อย</td><td style='padding:3px 6px;'>อ้อยปลายฝน</td></tr><tr><td style='padding:3px 6px; font-weight:bold; background-color:#f2f2f2;'>พื้นที่ปลูก</td><td style='padding:3px 6px;'>10.8</td></tr><tr><td style='padding:3px 6px; font-weight:bold; background-color:#f2f2f2;'>ศูนย์</td><td style='padding:3px 6px;'>K2-31</td></tr><tr><td style='padding:3px 6px; font-weight:bold; background-color:#f2f2f2;'>นักเกษตร</td><td style='padding:3px 6px;'>3102</td></tr><tr><td style='padding:3px 6px; font-weight:bold; background-color:#f2f2f2;'>กลุ่ม</td><td style='padding:3px 6px;'>กลุ่ม_31</td></tr></table></div>]]></description>
      <styleUrl>#style_31_002</styleUrl>
      <MultiGeometry><Polygon><outerBoundaryIs><LinearRing><coordinates>103.8143088,14.6357118,0 103.8144784,14.6402135,0 103.8148138,14.6401770,0 103.8147786,14.6397243,0 103.8146365,14.6357565,0 103.8143088,14.6357118,0</coordinates></LinearRing></outerBoundaryIs></Polygon></MultiGeometry>
    </Placemark>
    <Placemark>
      <name>321012061560</name>
      <description><![CDATA[<div style='font-family:Tahoma,sans-serif; font-size:13px;'><h3 style='color:#1565C0; margin:4px 0;'>รหัส: 321012061560</h3><p style='margin:2px 0;'><b>กลุ่มรถไถ:</b> 31_002</p><table border='1' style='border-collapse:collapse; border-color:#ccc; width:100%;'><tr><td style='padding:3px 6px; font-weight:bold; background-color:#f2f2f2;'>ปีการผลิต</td><td style='padding:3px 6px;'>257071</td></tr><tr><td style='padding:3px 6px; font-weight:bold; background-color:#f2f2f2;'>รหัสกลุ่มรถไถ</td><td style='padding:3px 6px;'>31/002</td></tr><tr><td style='padding:3px 6px; font-weight:bold; background-color:#f2f2f2;'>โควตาชาวไร่</td><td style='padding:3px 6px;'>730592</td></tr><tr><td style='padding:3px 6px; font-weight:bold; background-color:#f2f2f2;'>ชื่อ-นามสกุล</td><td style='padding:3px 6px;'>นาง กาญจนาภรณ์ ผ่านสุข</td></tr><tr><td style='padding:3px 6px; font-weight:bold; background-color:#f2f2f2;'>111</td><td style='padding:3px 6px;'>321012061560</td></tr><tr><td style='padding:3px 6px; font-weight:bold; background-color:#f2f2f2;'>ประเภทอ้อย</td><td style='padding:3px 6px;'>อ้อยปลายฝน</td></tr><tr><td style='padding:3px 6px; font-weight:bold; background-color:#f2f2f2;'>พื้นที่ปลูก</td><td style='padding:3px 6px;'>22.29</td></tr><tr><td style='padding:3px 6px; font-weight:bold; background-color:#f2f2f2;'>ศูนย์</td><td style='padding:3px 6px;'>K2-31</td></tr><tr><td style='padding:3px 6px; font-weight:bold; background-color:#f2f2f2;'>นักเกษตร</td><td style='padding:3px 6px;'>3102</td></tr><tr><td style='padding:3px 6px; font-weight:bold; background-color:#f2f2f2;'>กลุ่ม</td><td style='padding:3px 6px;'>กลุ่ม_31</td></tr></table></div>]]></description>
      <styleUrl>#style_31_002</styleUrl>
      <MultiGeometry><Polygon><outerBoundaryIs><LinearRing><coordinates>103.7687657,14.6582136,0 103.7677944,14.6545774,0 103.7669355,14.6550516,0 103.7679593,14.6580856,0 103.7682344,14.6581944,0 103.7687657,14.6582136,0</coordinates></LinearRing></outerBoundaryIs></Polygon></MultiGeometry>
    </Placemark>
    <Placemark>
      <name>321015051537</name>
      <description><![CDATA[<div style='font-family:Tahoma,sans-serif; font-size:13px;'><h3 style='color:#1565C0; margin:4px 0;'>รหัส: 321015051537</h3><p style='margin:2px 0;'><b>กลุ่มรถไถ:</b> 31_002</p><table border='1' style='border-collapse:collapse; border-color:#ccc; width:100%;'><tr><td style='padding:3px 6px; font-weight:bold; background-color:#f2f2f2;'>ปีการผลิต</td><td style='padding:3px 6px;'>257071</td></tr><tr><td style='padding:3px 6px; font-weight:bold; background-color:#f2f2f2;'>รหัสกลุ่มรถไถ</td><td style='padding:3px 6px;'>31/002</td></tr><tr><td style='padding:3px 6px; font-weight:bold; background-color:#f2f2f2;'>โควตาชาวไร่</td><td style='padding:3px 6px;'>730592</td></tr><tr><td style='padding:3px 6px; font-weight:bold; background-color:#f2f2f2;'>ชื่อ-นามสกุล</td><td style='padding:3px 6px;'>นาง กาญจนาภรณ์ ผ่านสุข</td></tr><tr><td style='padding:3px 6px; font-weight:bold; background-color:#f2f2f2;'>111</td><td style='padding:3px 6px;'>321015051537</td></tr><tr><td style='padding:3px 6px; font-weight:bold; background-color:#f2f2f2;'>ประเภทอ้อย</td><td style='padding:3px 6px;'>อ้อยปลายฝน</td></tr><tr><td style='padding:3px 6px; font-weight:bold; background-color:#f2f2f2;'>พื้นที่ปลูก</td><td style='padding:3px 6px;'>20.25</td></tr><tr><td style='padding:3px 6px; font-weight:bold; background-color:#f2f2f2;'>ศูนย์</td><td style='padding:3px 6px;'>K2-31</td></tr><tr><td style='padding:3px 6px; font-weight:bold; background-color:#f2f2f2;'>นักเกษตร</td><td style='padding:3px 6px;'>3102</td></tr><tr><td style='padding:3px 6px; font-weight:bold; background-color:#f2f2f2;'>กลุ่ม</td><td style='padding:3px 6px;'>กลุ่ม_31</td></tr></table></div>]]></description>
      <styleUrl>#style_31_002</styleUrl>
      <MultiGeometry><Polygon><outerBoundaryIs><LinearRing><coordinates>103.8805193,14.6140980,0 103.8810715,14.6139259,0 103.8816151,14.6138429,0 103.8814633,14.6131502,0 103.8814213,14.6130160,0 103.8812832,14.6122201,0 103.8811492,14.6116432,0 103.8811053,14.6115193,0 103.8800745,14.6113928,0 103.8802659,14.6125092,0 103.8803659,14.6131622,0 103.8803921,14.6134797,0 103.8805193,14.6140980,0</coordinates></LinearRing></outerBoundaryIs></Polygon></MultiGeometry>
    </Placemark>
    <Placemark>
      <name>321001131554</name>
      <description><![CDATA[<div style='font-family:Tahoma,sans-serif; font-size:13px;'><h3 style='color:#1565C0; margin:4px 0;'>รหัส: 321001131554</h3><p style='margin:2px 0;'><b>กลุ่มรถไถ:</b> 31_002</p><table border='1' style='border-collapse:collapse; border-color:#ccc; width:100%;'><tr><td style='padding:3px 6px; font-weight:bold; background-color:#f2f2f2;'>ปีการผลิต</td><td style='padding:3px 6px;'>257071</td></tr><tr><td style='padding:3px 6px; font-weight:bold; background-color:#f2f2f2;'>รหัสกลุ่มรถไถ</td><td style='padding:3px 6px;'>31/002</td></tr><tr><td style='padding:3px 6px; font-weight:bold; background-color:#f2f2f2;'>โควตาชาวไร่</td><td style='padding:3px 6px;'>730829</td></tr><tr><td style='padding:3px 6px; font-weight:bold; background-color:#f2f2f2;'>ชื่อ-นามสกุล</td><td style='padding:3px 6px;'>นาย ไพรัตน์ บุดดา</td></tr><tr><td style='padding:3px 6px; font-weight:bold; background-color:#f2f2f2;'>111</td><td style='padding:3px 6px;'>321001131554</td></tr><tr><td style='padding:3px 6px; font-weight:bold; background-color:#f2f2f2;'>ประเภทอ้อย</td><td style='padding:3px 6px;'>อ้อยปลายฝน</td></tr><tr><td style='padding:3px 6px; font-weight:bold; background-color:#f2f2f2;'>พื้นที่ปลูก</td><td style='padding:3px 6px;'>11.7</td></tr><tr><td style='padding:3px 6px; font-weight:bold; background-color:#f2f2f2;'>ศูนย์</td><td style='padding:3px 6px;'>K2-31</td></tr><tr><td style='padding:3px 6px; font-weight:bold; background-color:#f2f2f2;'>นักเกษตร</td><td style='padding:3px 6px;'>3102</td></tr><tr><td style='padding:3px 6px; font-weight:bold; background-color:#f2f2f2;'>กลุ่ม</td><td style='padding:3px 6px;'>กลุ่ม_31</td></tr></table></div>]]></description>
      <styleUrl>#style_31_002</styleUrl>
      <MultiGeometry><Polygon><outerBoundaryIs><LinearRing><coordinates>103.8332450,14.6359417,0 103.8336500,14.6359617,0 103.8334333,14.6345017,0 103.8330000,14.6321183,0 103.8326167,14.6321083,0 103.8332450,14.6359417,0</coordinates></LinearRing></outerBoundaryIs></Polygon></MultiGeometry>
    </Placemark>
    <Placemark>
      <name>321008051545</name>
      <description><![CDATA[<div style='font-family:Tahoma,sans-serif; font-size:13px;'><h3 style='color:#1565C0; margin:4px 0;'>รหัส: 321008051545</h3><p style='margin:2px 0;'><b>กลุ่มรถไถ:</b> 31_002</p><table border='1' style='border-collapse:collapse; border-color:#ccc; width:100%;'><tr><td style='padding:3px 6px; font-weight:bold; background-color:#f2f2f2;'>ปีการผลิต</td><td style='padding:3px 6px;'>257071</td></tr><tr><td style='padding:3px 6px; font-weight:bold; background-color:#f2f2f2;'>รหัสกลุ่มรถไถ</td><td style='padding:3px 6px;'>31/002</td></tr><tr><td style='padding:3px 6px; font-weight:bold; background-color:#f2f2f2;'>โควตาชาวไร่</td><td style='padding:3px 6px;'>730829</td></tr><tr><td style='padding:3px 6px; font-weight:bold; background-color:#f2f2f2;'>ชื่อ-นามสกุล</td><td style='padding:3px 6px;'>นาย ไพรัตน์ บุดดา</td></tr><tr><td style='padding:3px 6px; font-weight:bold; background-color:#f2f2f2;'>111</td><td style='padding:3px 6px;'>321008051545</td></tr><tr><td style='padding:3px 6px; font-weight:bold; background-color:#f2f2f2;'>ประเภทอ้อย</td><td style='padding:3px 6px;'>อ้อยปลายฝน</td></tr><tr><td style='padding:3px 6px; font-weight:bold; background-color:#f2f2f2;'>พื้นที่ปลูก</td><td style='padding:3px 6px;'>46.36</td></tr><tr><td style='padding:3px 6px; font-weight:bold; background-color:#f2f2f2;'>ศูนย์</td><td style='padding:3px 6px;'>K2-31</td></tr><tr><td style='padding:3px 6px; font-weight:bold; background-color:#f2f2f2;'>นักเกษตร</td><td style='padding:3px 6px;'>3102</td></tr><tr><td style='padding:3px 6px; font-weight:bold; background-color:#f2f2f2;'>กลุ่ม</td><td style='padding:3px 6px;'>กลุ่ม_31</td></tr></table></div>]]></description>
      <styleUrl>#style_31_002</styleUrl>
      <MultiGeometry><Polygon><outerBoundaryIs><LinearRing><coordinates>103.7122956,14.5813082,0 103.7121668,14.5808255,0 103.7118852,14.5802219,0 103.7119189,14.5801437,0 103.7118599,14.5799965,0 103.7118422,14.5799826,0 103.7116672,14.5796581,0 103.7115543,14.5791127,0 103.7122956,14.5788165,0 103.7120976,14.5780363,0 103.7109199,14.5784373,0 103.7106902,14.5784678,0 103.7101621,14.5786550,0 103.7097870,14.5790981,0 103.7096572,14.5792189,0 103.7102645,14.5802554,0 103.7105817,14.5810986,0 103.7107592,14.5816594,0 103.7108299,14.5819427,0 103.7108487,14.5820302,0 103.7113327,14.5820119,0 103.7114630,14.5819886,0 103.7116318,14.5819142,0 103.7122956,14.5813082,0</coordinates></LinearRing></outerBoundaryIs></Polygon></MultiGeometry>
    </Placemark>
    <Placemark>
      <name>321008051546</name>
      <description><![CDATA[<div style='font-family:Tahoma,sans-serif; font-size:13px;'><h3 style='color:#1565C0; margin:4px 0;'>รหัส: 321008051546</h3><p style='margin:2px 0;'><b>กลุ่มรถไถ:</b> 31_002</p><table border='1' style='border-collapse:collapse; border-color:#ccc; width:100%;'><tr><td style='padding:3px 6px; font-weight:bold; background-color:#f2f2f2;'>ปีการผลิต</td><td style='padding:3px 6px;'>257071</td></tr><tr><td style='padding:3px 6px; font-weight:bold; background-color:#f2f2f2;'>รหัสกลุ่มรถไถ</td><td style='padding:3px 6px;'>31/002</td></tr><tr><td style='padding:3px 6px; font-weight:bold; background-color:#f2f2f2;'>โควตาชาวไร่</td><td style='padding:3px 6px;'>730829</td></tr><tr><td style='padding:3px 6px; font-weight:bold; background-color:#f2f2f2;'>ชื่อ-นามสกุล</td><td style='padding:3px 6px;'>นาย ไพรัตน์ บุดดา</td></tr><tr><td style='padding:3px 6px; font-weight:bold; background-color:#f2f2f2;'>111</td><td style='padding:3px 6px;'>321008051546</td></tr><tr><td style='padding:3px 6px; font-weight:bold; background-color:#f2f2f2;'>ประเภทอ้อย</td><td style='padding:3px 6px;'>อ้อยปลายฝน</td></tr><tr><td style='padding:3px 6px; font-weight:bold; background-color:#f2f2f2;'>พื้นที่ปลูก</td><td style='padding:3px 6px;'>32.25</td></tr><tr><td style='padding:3px 6px; font-weight:bold; background-color:#f2f2f2;'>ศูนย์</td><td style='padding:3px 6px;'>K2-31</td></tr><tr><td style='padding:3px 6px; font-weight:bold; background-color:#f2f2f2;'>นักเกษตร</td><td style='padding:3px 6px;'>3102</td></tr><tr><td style='padding:3px 6px; font-weight:bold; background-color:#f2f2f2;'>กลุ่ม</td><td style='padding:3px 6px;'>กลุ่ม_31</td></tr></table></div>]]></description>
      <styleUrl>#style_31_002</styleUrl>
      <MultiGeometry><Polygon><outerBoundaryIs><LinearRing><coordinates>103.7150294,14.5829614,0 103.7149306,14.5836818,0 103.7149534,14.5844373,0 103.7158079,14.5845784,0 103.7158301,14.5843661,0 103.7161572,14.5843821,0 103.7161095,14.5846214,0 103.7162383,14.5846479,0 103.7164003,14.5837906,0 103.7164837,14.5831647,0 103.7165520,14.5827168,0 103.7163955,14.5826960,0 103.7164301,14.5823868,0 103.7166337,14.5824099,0 103.7167503,14.5817114,0 103.7161845,14.5816051,0 103.7152458,14.5814499,0 103.7150725,14.5820557,0 103.7150603,14.5821745,0 103.7150843,14.5822938,0 103.7150294,14.5829614,0</coordinates></LinearRing></outerBoundaryIs></Polygon></MultiGeometry>
    </Placemark>
    <Placemark>
      <name>321012040028</name>
      <description><![CDATA[<div style='font-family:Tahoma,sans-serif; font-size:13px;'><h3 style='color:#1565C0; margin:4px 0;'>รหัส: 321012040028</h3><p style='margin:2px 0;'><b>กลุ่มรถไถ:</b> 31_002</p><table border='1' style='border-collapse:collapse; border-color:#ccc; width:100%;'><tr><td style='padding:3px 6px; font-weight:bold; background-color:#f2f2f2;'>ปีการผลิต</td><td style='padding:3px 6px;'>257071</td></tr><tr><td style='padding:3px 6px; font-weight:bold; background-color:#f2f2f2;'>รหัสกลุ่มรถไถ</td><td style='padding:3px 6px;'>31/002</td></tr><tr><td style='padding:3px 6px; font-weight:bold; background-color:#f2f2f2;'>โควตาชาวไร่</td><td style='padding:3px 6px;'>730829</td></tr><tr><td style='padding:3px 6px; font-weight:bold; background-color:#f2f2f2;'>ชื่อ-นามสกุล</td><td style='padding:3px 6px;'>นาย ไพรัตน์ บุดดา</td></tr><tr><td style='padding:3px 6px; font-weight:bold; background-color:#f2f2f2;'>111</td><td style='padding:3px 6px;'>321012040028</td></tr><tr><td style='padding:3px 6px; font-weight:bold; background-color:#f2f2f2;'>ประเภทอ้อย</td><td style='padding:3px 6px;'>อ้อยปลายฝน</td></tr><tr><td style='padding:3px 6px; font-weight:bold; background-color:#f2f2f2;'>พื้นที่ปลูก</td><td style='padding:3px 6px;'>3.48</td></tr><tr><td style='padding:3px 6px; font-weight:bold; background-color:#f2f2f2;'>ศูนย์</td><td style='padding:3px 6px;'>K2-31</td></tr><tr><td style='padding:3px 6px; font-weight:bold; background-color:#f2f2f2;'>นักเกษตร</td><td style='padding:3px 6px;'>3102</td></tr><tr><td style='padding:3px 6px; font-weight:bold; background-color:#f2f2f2;'>กลุ่ม</td><td style='padding:3px 6px;'>กลุ่ม_31</td></tr></table></div>]]></description>
      <styleUrl>#style_31_002</styleUrl>
      <MultiGeometry><Polygon><outerBoundaryIs><LinearRing><coordinates>103.7830892,14.7068895,0 103.7832121,14.7072558,0 103.7844338,14.7070888,0 103.7843543,14.7067340,0 103.7830892,14.7068895,0</coordinates></LinearRing></outerBoundaryIs></Polygon></MultiGeometry>
    </Placemark>
    <Placemark>
      <name>321012061561</name>
      <description><![CDATA[<div style='font-family:Tahoma,sans-serif; font-size:13px;'><h3 style='color:#1565C0; margin:4px 0;'>รหัส: 321012061561</h3><p style='margin:2px 0;'><b>กลุ่มรถไถ:</b> 31_002</p><table border='1' style='border-collapse:collapse; border-color:#ccc; width:100%;'><tr><td style='padding:3px 6px; font-weight:bold; background-color:#f2f2f2;'>ปีการผลิต</td><td style='padding:3px 6px;'>257071</td></tr><tr><td style='padding:3px 6px; font-weight:bold; background-color:#f2f2f2;'>รหัสกลุ่มรถไถ</td><td style='padding:3px 6px;'>31/002</td></tr><tr><td style='padding:3px 6px; font-weight:bold; background-color:#f2f2f2;'>โควตาชาวไร่</td><td style='padding:3px 6px;'>730829</td></tr><tr><td style='padding:3px 6px; font-weight:bold; background-color:#f2f2f2;'>ชื่อ-นามสกุล</td><td style='padding:3px 6px;'>นาย ไพรัตน์ บุดดา</td></tr><tr><td style='padding:3px 6px; font-weight:bold; background-color:#f2f2f2;'>111</td><td style='padding:3px 6px;'>321012061561</td></tr><tr><td style='padding:3px 6px; font-weight:bold; background-color:#f2f2f2;'>ประเภทอ้อย</td><td style='padding:3px 6px;'>อ้อยปลายฝน</td></tr><tr><td style='padding:3px 6px; font-weight:bold; background-color:#f2f2f2;'>พื้นที่ปลูก</td><td style='padding:3px 6px;'>25.0</td></tr><tr><td style='padding:3px 6px; font-weight:bold; background-color:#f2f2f2;'>ศูนย์</td><td style='padding:3px 6px;'>K2-31</td></tr><tr><td style='padding:3px 6px; font-weight:bold; background-color:#f2f2f2;'>นักเกษตร</td><td style='padding:3px 6px;'>3102</td></tr><tr><td style='padding:3px 6px; font-weight:bold; background-color:#f2f2f2;'>กลุ่ม</td><td style='padding:3px 6px;'>กลุ่ม_31</td></tr></table></div>]]></description>
      <styleUrl>#style_31_002</styleUrl>
      <MultiGeometry><Polygon><outerBoundaryIs><LinearRing><coordinates>103.7669854,14.6550772,0 103.7668808,14.6554026,0 103.7667050,14.6556736,0 103.7666884,14.6556833,0 103.7663238,14.6558209,0 103.7659194,14.6562241,0 103.7667344,14.6582206,0 103.7673014,14.6581313,0 103.7675648,14.6583127,0 103.7675987,14.6582642,0 103.7678505,14.6581017,0 103.7679547,14.6581030,0 103.7669854,14.6550772,0</coordinates></LinearRing></outerBoundaryIs></Polygon></MultiGeometry>
    </Placemark>
    <Placemark>
      <name>321012060054</name>
      <description><![CDATA[<div style='font-family:Tahoma,sans-serif; font-size:13px;'><h3 style='color:#1565C0; margin:4px 0;'>รหัส: 321012060054</h3><p style='margin:2px 0;'><b>กลุ่มรถไถ:</b> 31_002</p><table border='1' style='border-collapse:collapse; border-color:#ccc; width:100%;'><tr><td style='padding:3px 6px; font-weight:bold; background-color:#f2f2f2;'>ปีการผลิต</td><td style='padding:3px 6px;'>257071</td></tr><tr><td style='padding:3px 6px; font-weight:bold; background-color:#f2f2f2;'>รหัสกลุ่มรถไถ</td><td style='padding:3px 6px;'>31/002</td></tr><tr><td style='padding:3px 6px; font-weight:bold; background-color:#f2f2f2;'>โควตาชาวไร่</td><td style='padding:3px 6px;'>730914</td></tr><tr><td style='padding:3px 6px; font-weight:bold; background-color:#f2f2f2;'>ชื่อ-นามสกุล</td><td style='padding:3px 6px;'>นาย พุฒ แก้วกันจูม</td></tr><tr><td style='padding:3px 6px; font-weight:bold; background-color:#f2f2f2;'>111</td><td style='padding:3px 6px;'>321012060054</td></tr><tr><td style='padding:3px 6px; font-weight:bold; background-color:#f2f2f2;'>ประเภทอ้อย</td><td style='padding:3px 6px;'>อ้อยปลายฝน</td></tr><tr><td style='padding:3px 6px; font-weight:bold; background-color:#f2f2f2;'>พื้นที่ปลูก</td><td style='padding:3px 6px;'>32.91</td></tr><tr><td style='padding:3px 6px; font-weight:bold; background-color:#f2f2f2;'>ศูนย์</td><td style='padding:3px 6px;'>K2-31</td></tr><tr><td style='padding:3px 6px; font-weight:bold; background-color:#f2f2f2;'>นักเกษตร</td><td style='padding:3px 6px;'>3102</td></tr><tr><td style='padding:3px 6px; font-weight:bold; background-color:#f2f2f2;'>กลุ่ม</td><td style='padding:3px 6px;'>กลุ่ม_31</td></tr></table></div>]]></description>
      <styleUrl>#style_31_002</styleUrl>
      <MultiGeometry><Polygon><outerBoundaryIs><LinearRing><coordinates>103.7674467,14.6421033,0 103.7693550,14.6412117,0 103.7681683,14.6392250,0 103.7673683,14.6400183,0 103.7662417,14.6411067,0 103.7670633,14.6416900,0 103.7672917,14.6416267,0 103.7674333,14.6421000,0 103.7674467,14.6421033,0</coordinates></LinearRing></outerBoundaryIs></Polygon></MultiGeometry>
    </Placemark>
    <Placemark>
      <name>321012101566</name>
      <description><![CDATA[<div style='font-family:Tahoma,sans-serif; font-size:13px;'><h3 style='color:#1565C0; margin:4px 0;'>รหัส: 321012101566</h3><p style='margin:2px 0;'><b>กลุ่มรถไถ:</b> 31_002</p><table border='1' style='border-collapse:collapse; border-color:#ccc; width:100%;'><tr><td style='padding:3px 6px; font-weight:bold; background-color:#f2f2f2;'>ปีการผลิต</td><td style='padding:3px 6px;'>257071</td></tr><tr><td style='padding:3px 6px; font-weight:bold; background-color:#f2f2f2;'>รหัสกลุ่มรถไถ</td><td style='padding:3px 6px;'>31/002</td></tr><tr><td style='padding:3px 6px; font-weight:bold; background-color:#f2f2f2;'>โควตาชาวไร่</td><td style='padding:3px 6px;'>731148</td></tr><tr><td style='padding:3px 6px; font-weight:bold; background-color:#f2f2f2;'>ชื่อ-นามสกุล</td><td style='padding:3px 6px;'>นาย คำภี สง่างาม</td></tr><tr><td style='padding:3px 6px; font-weight:bold; background-color:#f2f2f2;'>111</td><td style='padding:3px 6px;'>321012101566</td></tr><tr><td style='padding:3px 6px; font-weight:bold; background-color:#f2f2f2;'>ประเภทอ้อย</td><td style='padding:3px 6px;'>อ้อยปลายฝน</td></tr><tr><td style='padding:3px 6px; font-weight:bold; background-color:#f2f2f2;'>พื้นที่ปลูก</td><td style='padding:3px 6px;'>15.32</td></tr><tr><td style='padding:3px 6px; font-weight:bold; background-color:#f2f2f2;'>ศูนย์</td><td style='padding:3px 6px;'>K2-31</td></tr><tr><td style='padding:3px 6px; font-weight:bold; background-color:#f2f2f2;'>นักเกษตร</td><td style='padding:3px 6px;'>3102</td></tr><tr><td style='padding:3px 6px; font-weight:bold; background-color:#f2f2f2;'>กลุ่ม</td><td style='padding:3px 6px;'>กลุ่ม_31</td></tr></table></div>]]></description>
      <styleUrl>#style_31_002</styleUrl>
      <MultiGeometry><Polygon><outerBoundaryIs><LinearRing><coordinates>103.7792778,14.7074442,0 103.7763444,14.7079579,0 103.7746953,14.7081971,0 103.7747782,14.7086454,0 103.7762785,14.7084503,0 103.7765481,14.7083845,0 103.7776678,14.7081479,0 103.7793445,14.7078584,0 103.7792778,14.7074442,0</coordinates></LinearRing></outerBoundaryIs></Polygon></MultiGeometry>
    </Placemark>
    <Placemark>
      <name>321001131506</name>
      <description><![CDATA[<div style='font-family:Tahoma,sans-serif; font-size:13px;'><h3 style='color:#1565C0; margin:4px 0;'>รหัส: 321001131506</h3><p style='margin:2px 0;'><b>กลุ่มรถไถ:</b> 31_002</p><table border='1' style='border-collapse:collapse; border-color:#ccc; width:100%;'><tr><td style='padding:3px 6px; font-weight:bold; background-color:#f2f2f2;'>ปีการผลิต</td><td style='padding:3px 6px;'>257071</td></tr><tr><td style='padding:3px 6px; font-weight:bold; background-color:#f2f2f2;'>รหัสกลุ่มรถไถ</td><td style='padding:3px 6px;'>31/002</td></tr><tr><td style='padding:3px 6px; font-weight:bold; background-color:#f2f2f2;'>โควตาชาวไร่</td><td style='padding:3px 6px;'>731180</td></tr><tr><td style='padding:3px 6px; font-weight:bold; background-color:#f2f2f2;'>ชื่อ-นามสกุล</td><td style='padding:3px 6px;'>นาย ขจรเดช ซื่อตรง</td></tr><tr><td style='padding:3px 6px; font-weight:bold; background-color:#f2f2f2;'>111</td><td style='padding:3px 6px;'>321001131506</td></tr><tr><td style='padding:3px 6px; font-weight:bold; background-color:#f2f2f2;'>ประเภทอ้อย</td><td style='padding:3px 6px;'>อ้อยปลายฝน</td></tr><tr><td style='padding:3px 6px; font-weight:bold; background-color:#f2f2f2;'>พื้นที่ปลูก</td><td style='padding:3px 6px;'>11.29</td></tr><tr><td style='padding:3px 6px; font-weight:bold; background-color:#f2f2f2;'>ศูนย์</td><td style='padding:3px 6px;'>K2-31</td></tr><tr><td style='padding:3px 6px; font-weight:bold; background-color:#f2f2f2;'>นักเกษตร</td><td style='padding:3px 6px;'>3102</td></tr><tr><td style='padding:3px 6px; font-weight:bold; background-color:#f2f2f2;'>กลุ่ม</td><td style='padding:3px 6px;'>กลุ่ม_31</td></tr></table></div>]]></description>
      <styleUrl>#style_31_002</styleUrl>
      <MultiGeometry><Polygon><outerBoundaryIs><LinearRing><coordinates>103.8210409,14.6358377,0 103.8210050,14.6381673,0 103.8214275,14.6380811,0 103.8213915,14.6379393,0 103.8217016,14.6378759,0 103.8217275,14.6358588,0 103.8210409,14.6358377,0</coordinates></LinearRing></outerBoundaryIs></Polygon></MultiGeometry>
    </Placemark>
    <Placemark>
      <name>321012041604</name>
      <description><![CDATA[<div style='font-family:Tahoma,sans-serif; font-size:13px;'><h3 style='color:#1565C0; margin:4px 0;'>รหัส: 321012041604</h3><p style='margin:2px 0;'><b>กลุ่มรถไถ:</b> 31_002</p><table border='1' style='border-collapse:collapse; border-color:#ccc; width:100%;'><tr><td style='padding:3px 6px; font-weight:bold; background-color:#f2f2f2;'>ปีการผลิต</td><td style='padding:3px 6px;'>257071</td></tr><tr><td style='padding:3px 6px; font-weight:bold; background-color:#f2f2f2;'>รหัสกลุ่มรถไถ</td><td style='padding:3px 6px;'>31/002</td></tr><tr><td style='padding:3px 6px; font-weight:bold; background-color:#f2f2f2;'>โควตาชาวไร่</td><td style='padding:3px 6px;'>731215</td></tr><tr><td style='padding:3px 6px; font-weight:bold; background-color:#f2f2f2;'>ชื่อ-นามสกุล</td><td style='padding:3px 6px;'>นาย สมนึก บรรเพชร</td></tr><tr><td style='padding:3px 6px; font-weight:bold; background-color:#f2f2f2;'>111</td><td style='padding:3px 6px;'>321012041604</td></tr><tr><td style='padding:3px 6px; font-weight:bold; background-color:#f2f2f2;'>ประเภทอ้อย</td><td style='padding:3px 6px;'>อ้อยปลายฝน</td></tr><tr><td style='padding:3px 6px; font-weight:bold; background-color:#f2f2f2;'>พื้นที่ปลูก</td><td style='padding:3px 6px;'>7.64</td></tr><tr><td style='padding:3px 6px; font-weight:bold; background-color:#f2f2f2;'>ศูนย์</td><td style='padding:3px 6px;'>K2-31</td></tr><tr><td style='padding:3px 6px; font-weight:bold; background-color:#f2f2f2;'>นักเกษตร</td><td style='padding:3px 6px;'>3102</td></tr><tr><td style='padding:3px 6px; font-weight:bold; background-color:#f2f2f2;'>กลุ่ม</td><td style='padding:3px 6px;'>กลุ่ม_31</td></tr></table></div>]]></description>
      <styleUrl>#style_31_002</styleUrl>
      <MultiGeometry><Polygon><outerBoundaryIs><LinearRing><coordinates>103.7750766,14.7047091,0 103.7750491,14.7044333,0 103.7739407,14.7045059,0 103.7727420,14.7045908,0 103.7715917,14.7046627,0 103.7717157,14.7049718,0 103.7723739,14.7049256,0 103.7729555,14.7048785,0 103.7750766,14.7047091,0</coordinates></LinearRing></outerBoundaryIs></Polygon></MultiGeometry>
    </Placemark>
    <Placemark>
      <name>321012040009</name>
      <description><![CDATA[<div style='font-family:Tahoma,sans-serif; font-size:13px;'><h3 style='color:#1565C0; margin:4px 0;'>รหัส: 321012040009</h3><p style='margin:2px 0;'><b>กลุ่มรถไถ:</b> 31_002</p><table border='1' style='border-collapse:collapse; border-color:#ccc; width:100%;'><tr><td style='padding:3px 6px; font-weight:bold; background-color:#f2f2f2;'>ปีการผลิต</td><td style='padding:3px 6px;'>257071</td></tr><tr><td style='padding:3px 6px; font-weight:bold; background-color:#f2f2f2;'>รหัสกลุ่มรถไถ</td><td style='padding:3px 6px;'>31/002</td></tr><tr><td style='padding:3px 6px; font-weight:bold; background-color:#f2f2f2;'>โควตาชาวไร่</td><td style='padding:3px 6px;'>731252</td></tr><tr><td style='padding:3px 6px; font-weight:bold; background-color:#f2f2f2;'>ชื่อ-นามสกุล</td><td style='padding:3px 6px;'>นาง เนียง บุตรดา</td></tr><tr><td style='padding:3px 6px; font-weight:bold; background-color:#f2f2f2;'>111</td><td style='padding:3px 6px;'>321012040009</td></tr><tr><td style='padding:3px 6px; font-weight:bold; background-color:#f2f2f2;'>ประเภทอ้อย</td><td style='padding:3px 6px;'>อ้อยปลายฝน</td></tr><tr><td style='padding:3px 6px; font-weight:bold; background-color:#f2f2f2;'>พื้นที่ปลูก</td><td style='padding:3px 6px;'>3.01</td></tr><tr><td style='padding:3px 6px; font-weight:bold; background-color:#f2f2f2;'>ศูนย์</td><td style='padding:3px 6px;'>K2-31</td></tr><tr><td style='padding:3px 6px; font-weight:bold; background-color:#f2f2f2;'>นักเกษตร</td><td style='padding:3px 6px;'>3102</td></tr><tr><td style='padding:3px 6px; font-weight:bold; background-color:#f2f2f2;'>กลุ่ม</td><td style='padding:3px 6px;'>กลุ่ม_31</td></tr></table></div>]]></description>
      <styleUrl>#style_31_002</styleUrl>
      <MultiGeometry><Polygon><outerBoundaryIs><LinearRing><coordinates>103.7857041,14.7078151,0 103.7859827,14.7077525,0 103.7856938,14.7066223,0 103.7856896,14.7064328,0 103.7854969,14.7064853,0 103.7854868,14.7066155,0 103.7853520,14.7066036,0 103.7857041,14.7078151,0</coordinates></LinearRing></outerBoundaryIs></Polygon></MultiGeometry>
    </Placemark>
    <Placemark>
      <name>321010071509</name>
      <description><![CDATA[<div style='font-family:Tahoma,sans-serif; font-size:13px;'><h3 style='color:#1565C0; margin:4px 0;'>รหัส: 321010071509</h3><p style='margin:2px 0;'><b>กลุ่มรถไถ:</b> 31_002</p><table border='1' style='border-collapse:collapse; border-color:#ccc; width:100%;'><tr><td style='padding:3px 6px; font-weight:bold; background-color:#f2f2f2;'>ปีการผลิต</td><td style='padding:3px 6px;'>257071</td></tr><tr><td style='padding:3px 6px; font-weight:bold; background-color:#f2f2f2;'>รหัสกลุ่มรถไถ</td><td style='padding:3px 6px;'>31/002</td></tr><tr><td style='padding:3px 6px; font-weight:bold; background-color:#f2f2f2;'>โควตาชาวไร่</td><td style='padding:3px 6px;'>731592</td></tr><tr><td style='padding:3px 6px; font-weight:bold; background-color:#f2f2f2;'>ชื่อ-นามสกุล</td><td style='padding:3px 6px;'>นาง อารี ผ่องแผ้ว</td></tr><tr><td style='padding:3px 6px; font-weight:bold; background-color:#f2f2f2;'>111</td><td style='padding:3px 6px;'>321010071509</td></tr><tr><td style='padding:3px 6px; font-weight:bold; background-color:#f2f2f2;'>ประเภทอ้อย</td><td style='padding:3px 6px;'>อ้อยปลายฝน</td></tr><tr><td style='padding:3px 6px; font-weight:bold; background-color:#f2f2f2;'>พื้นที่ปลูก</td><td style='padding:3px 6px;'>20.76</td></tr><tr><td style='padding:3px 6px; font-weight:bold; background-color:#f2f2f2;'>ศูนย์</td><td style='padding:3px 6px;'>K2-31</td></tr><tr><td style='padding:3px 6px; font-weight:bold; background-color:#f2f2f2;'>นักเกษตร</td><td style='padding:3px 6px;'>3102</td></tr><tr><td style='padding:3px 6px; font-weight:bold; background-color:#f2f2f2;'>กลุ่ม</td><td style='padding:3px 6px;'>กลุ่ม_31</td></tr></table></div>]]></description>
      <styleUrl>#style_31_002</styleUrl>
      <MultiGeometry><Polygon><outerBoundaryIs><LinearRing><coordinates>103.7552702,14.6505012,0 103.7559390,14.6502801,0 103.7563550,14.6501346,0 103.7562067,14.6498583,0 103.7561017,14.6497783,0 103.7558967,14.6495933,0 103.7557867,14.6494933,0 103.7556000,14.6492817,0 103.7556433,14.6492558,0 103.7554038,14.6489853,0 103.7553196,14.6490053,0 103.7552695,14.6489696,0 103.7545720,14.6493048,0 103.7546037,14.6493583,0 103.7545520,14.6493709,0 103.7545000,14.6493550,0 103.7541824,14.6494558,0 103.7543313,14.6502099,0 103.7543702,14.6501585,0 103.7544450,14.6499717,0 103.7544367,14.6498883,0 103.7545383,14.6499933,0 103.7544667,14.6501267,0 103.7543733,14.6501650,0 103.7543330,14.6502185,0 103.7543849,14.6504815,0 103.7544450,14.6504750,0 103.7544803,14.6506855,0 103.7545165,14.6506252,0 103.7547742,14.6505682,0 103.7548394,14.6508240,0 103.7548521,14.6509222,0 103.7549053,14.6510830,0 103.7550487,14.6510483,0 103.7554618,14.6518928,0 103.7557884,14.6518141,0 103.7554637,14.6511670,0 103.7552702,14.6505012,0</coordinates></LinearRing></outerBoundaryIs></Polygon></MultiGeometry>
    </Placemark>
    <Placemark>
      <name>321012061508</name>
      <description><![CDATA[<div style='font-family:Tahoma,sans-serif; font-size:13px;'><h3 style='color:#1565C0; margin:4px 0;'>รหัส: 321012061508</h3><p style='margin:2px 0;'><b>กลุ่มรถไถ:</b> 31_002</p><table border='1' style='border-collapse:collapse; border-color:#ccc; width:100%;'><tr><td style='padding:3px 6px; font-weight:bold; background-color:#f2f2f2;'>ปีการผลิต</td><td style='padding:3px 6px;'>257071</td></tr><tr><td style='padding:3px 6px; font-weight:bold; background-color:#f2f2f2;'>รหัสกลุ่มรถไถ</td><td style='padding:3px 6px;'>31/002</td></tr><tr><td style='padding:3px 6px; font-weight:bold; background-color:#f2f2f2;'>โควตาชาวไร่</td><td style='padding:3px 6px;'>731592</td></tr><tr><td style='padding:3px 6px; font-weight:bold; background-color:#f2f2f2;'>ชื่อ-นามสกุล</td><td style='padding:3px 6px;'>นาง อารี ผ่องแผ้ว</td></tr><tr><td style='padding:3px 6px; font-weight:bold; background-color:#f2f2f2;'>111</td><td style='padding:3px 6px;'>321012061508</td></tr><tr><td style='padding:3px 6px; font-weight:bold; background-color:#f2f2f2;'>ประเภทอ้อย</td><td style='padding:3px 6px;'>อ้อยต้นฝน</td></tr><tr><td style='padding:3px 6px; font-weight:bold; background-color:#f2f2f2;'>พื้นที่ปลูก</td><td style='padding:3px 6px;'>10.6</td></tr><tr><td style='padding:3px 6px; font-weight:bold; background-color:#f2f2f2;'>ศูนย์</td><td style='padding:3px 6px;'>K2-31</td></tr><tr><td style='padding:3px 6px; font-weight:bold; background-color:#f2f2f2;'>นักเกษตร</td><td style='padding:3px 6px;'>3102</td></tr><tr><td style='padding:3px 6px; font-weight:bold; background-color:#f2f2f2;'>กลุ่ม</td><td style='padding:3px 6px;'>กลุ่ม_31</td></tr></table></div>]]></description>
      <styleUrl>#style_31_002</styleUrl>
      <MultiGeometry><Polygon><outerBoundaryIs><LinearRing><coordinates>103.7537621,14.6495221,0 103.7534901,14.6495329,0 103.7536906,14.6515672,0 103.7537226,14.6515918,0 103.7537266,14.6516548,0 103.7536870,14.6516589,0 103.7536650,14.6514930,0 103.7534296,14.6495179,0 103.7533054,14.6495260,0 103.7533379,14.6498355,0 103.7533884,14.6499314,0 103.7534663,14.6503007,0 103.7532025,14.6503414,0 103.7532310,14.6509387,0 103.7532679,14.6514781,0 103.7533124,14.6518747,0 103.7536638,14.6518295,0 103.7536622,14.6517532,0 103.7536059,14.6517313,0 103.7535776,14.6516696,0 103.7537030,14.6517094,0 103.7537202,14.6518083,0 103.7538399,14.6517843,0 103.7538445,14.6516853,0 103.7540642,14.6516785,0 103.7539320,14.6502231,0 103.7537621,14.6495221,0</coordinates></LinearRing></outerBoundaryIs></Polygon></MultiGeometry>
    </Placemark>
    <Placemark>
      <name>321012061559</name>
      <description><![CDATA[<div style='font-family:Tahoma,sans-serif; font-size:13px;'><h3 style='color:#1565C0; margin:4px 0;'>รหัส: 321012061559</h3><p style='margin:2px 0;'><b>กลุ่มรถไถ:</b> 31_002</p><table border='1' style='border-collapse:collapse; border-color:#ccc; width:100%;'><tr><td style='padding:3px 6px; font-weight:bold; background-color:#f2f2f2;'>ปีการผลิต</td><td style='padding:3px 6px;'>257071</td></tr><tr><td style='padding:3px 6px; font-weight:bold; background-color:#f2f2f2;'>รหัสกลุ่มรถไถ</td><td style='padding:3px 6px;'>31/002</td></tr><tr><td style='padding:3px 6px; font-weight:bold; background-color:#f2f2f2;'>โควตาชาวไร่</td><td style='padding:3px 6px;'>731592</td></tr><tr><td style='padding:3px 6px; font-weight:bold; background-color:#f2f2f2;'>ชื่อ-นามสกุล</td><td style='padding:3px 6px;'>นาง อารี ผ่องแผ้ว</td></tr><tr><td style='padding:3px 6px; font-weight:bold; background-color:#f2f2f2;'>111</td><td style='padding:3px 6px;'>321012061559</td></tr><tr><td style='padding:3px 6px; font-weight:bold; background-color:#f2f2f2;'>ประเภทอ้อย</td><td style='padding:3px 6px;'>อ้อยปลายฝน</td></tr><tr><td style='padding:3px 6px; font-weight:bold; background-color:#f2f2f2;'>พื้นที่ปลูก</td><td style='padding:3px 6px;'>22.6</td></tr><tr><td style='padding:3px 6px; font-weight:bold; background-color:#f2f2f2;'>ศูนย์</td><td style='padding:3px 6px;'>K2-31</td></tr><tr><td style='padding:3px 6px; font-weight:bold; background-color:#f2f2f2;'>นักเกษตร</td><td style='padding:3px 6px;'>3102</td></tr><tr><td style='padding:3px 6px; font-weight:bold; background-color:#f2f2f2;'>กลุ่ม</td><td style='padding:3px 6px;'>กลุ่ม_31</td></tr></table></div>]]></description>
      <styleUrl>#style_31_002</styleUrl>
      <MultiGeometry><Polygon><outerBoundaryIs><LinearRing><coordinates>103.7687950,14.6582150,0 103.7688967,14.6581967,0 103.7688250,14.6578533,0 103.7687967,14.6577483,0 103.7687533,14.6575900,0 103.7687200,14.6574017,0 103.7696067,14.6576533,0 103.7689317,14.6548067,0 103.7682083,14.6546150,0 103.7681383,14.6545317,0 103.7678100,14.6545700,0 103.7685867,14.6574750,0 103.7687917,14.6582150,0 103.7687950,14.6582150,0</coordinates></LinearRing></outerBoundaryIs></Polygon></MultiGeometry>
    </Placemark>
    <Placemark>
      <name>321012021591</name>
      <description><![CDATA[<div style='font-family:Tahoma,sans-serif; font-size:13px;'><h3 style='color:#1565C0; margin:4px 0;'>รหัส: 321012021591</h3><p style='margin:2px 0;'><b>กลุ่มรถไถ:</b> 31_002</p><table border='1' style='border-collapse:collapse; border-color:#ccc; width:100%;'><tr><td style='padding:3px 6px; font-weight:bold; background-color:#f2f2f2;'>ปีการผลิต</td><td style='padding:3px 6px;'>257071</td></tr><tr><td style='padding:3px 6px; font-weight:bold; background-color:#f2f2f2;'>รหัสกลุ่มรถไถ</td><td style='padding:3px 6px;'>31/002</td></tr><tr><td style='padding:3px 6px; font-weight:bold; background-color:#f2f2f2;'>โควตาชาวไร่</td><td style='padding:3px 6px;'>734793</td></tr><tr><td style='padding:3px 6px; font-weight:bold; background-color:#f2f2f2;'>ชื่อ-นามสกุล</td><td style='padding:3px 6px;'>นาง ประสิทธิ์ ปัญญาเอก</td></tr><tr><td style='padding:3px 6px; font-weight:bold; background-color:#f2f2f2;'>111</td><td style='padding:3px 6px;'>321012021591</td></tr><tr><td style='padding:3px 6px; font-weight:bold; background-color:#f2f2f2;'>ประเภทอ้อย</td><td style='padding:3px 6px;'>อ้อยปลายฝน</td></tr><tr><td style='padding:3px 6px; font-weight:bold; background-color:#f2f2f2;'>พื้นที่ปลูก</td><td style='padding:3px 6px;'>3.08</td></tr><tr><td style='padding:3px 6px; font-weight:bold; background-color:#f2f2f2;'>ศูนย์</td><td style='padding:3px 6px;'>K2-31</td></tr><tr><td style='padding:3px 6px; font-weight:bold; background-color:#f2f2f2;'>นักเกษตร</td><td style='padding:3px 6px;'>3102</td></tr><tr><td style='padding:3px 6px; font-weight:bold; background-color:#f2f2f2;'>กลุ่ม</td><td style='padding:3px 6px;'>กลุ่ม_31</td></tr></table></div>]]></description>
      <styleUrl>#style_31_002</styleUrl>
      <MultiGeometry><Polygon><outerBoundaryIs><LinearRing><coordinates>103.8065444,14.6408504,0 103.8065372,14.6405540,0 103.8058248,14.6405543,0 103.8054539,14.6405563,0 103.8051983,14.6405894,0 103.8053387,14.6409260,0 103.8055320,14.6408882,0 103.8056331,14.6408872,0 103.8065444,14.6408504,0</coordinates></LinearRing></outerBoundaryIs></Polygon></MultiGeometry>
    </Placemark>
  </Folder>
  <Style id="style_31_003">
    <LineStyle>
      <color>ffE5881E</color>
      <width>2.0</width>
    </LineStyle>
    <PolyStyle>
      <color>b3E5881E</color>
    </PolyStyle>
  </Style>
  <Folder>
    <name>31_003</name>
    <Placemark>
      <name>321105101525</name>
      <description><![CDATA[<div style='font-family:Tahoma,sans-serif; font-size:13px;'><h3 style='color:#1565C0; margin:4px 0;'>รหัส: 321105101525</h3><p style='margin:2px 0;'><b>กลุ่มรถไถ:</b> 31_003</p><table border='1' style='border-collapse:collapse; border-color:#ccc; width:100%;'><tr><td style='padding:3px 6px; font-weight:bold; background-color:#f2f2f2;'>ปีการผลิต</td><td style='padding:3px 6px;'>257071</td></tr><tr><td style='padding:3px 6px; font-weight:bold; background-color:#f2f2f2;'>รหัสกลุ่มรถไถ</td><td style='padding:3px 6px;'>31/003</td></tr><tr><td style='padding:3px 6px; font-weight:bold; background-color:#f2f2f2;'>โควตาชาวไร่</td><td style='padding:3px 6px;'>730395</td></tr><tr><td style='padding:3px 6px; font-weight:bold; background-color:#f2f2f2;'>ชื่อ-นามสกุล</td><td style='padding:3px 6px;'>นาย พิชิต รัตนะดี</td></tr><tr><td style='padding:3px 6px; font-weight:bold; background-color:#f2f2f2;'>111</td><td style='padding:3px 6px;'>321105101525</td></tr><tr><td style='padding:3px 6px; font-weight:bold; background-color:#f2f2f2;'>ประเภทอ้อย</td><td style='padding:3px 6px;'>อ้อยปลายฝน</td></tr><tr><td style='padding:3px 6px; font-weight:bold; background-color:#f2f2f2;'>พื้นที่ปลูก</td><td style='padding:3px 6px;'>9.64</td></tr><tr><td style='padding:3px 6px; font-weight:bold; background-color:#f2f2f2;'>ศูนย์</td><td style='padding:3px 6px;'>K2-31</td></tr><tr><td style='padding:3px 6px; font-weight:bold; background-color:#f2f2f2;'>นักเกษตร</td><td style='padding:3px 6px;'>3103</td></tr><tr><td style='padding:3px 6px; font-weight:bold; background-color:#f2f2f2;'>กลุ่ม</td><td style='padding:3px 6px;'>กลุ่ม_31</td></tr></table></div>]]></description>
      <styleUrl>#style_31_003</styleUrl>
      <MultiGeometry><Polygon><outerBoundaryIs><LinearRing><coordinates>103.7623990,14.7252933,0 103.7625748,14.7260821,0 103.7636723,14.7257695,0 103.7635165,14.7250892,0 103.7623990,14.7252933,0</coordinates></LinearRing></outerBoundaryIs></Polygon></MultiGeometry>
    </Placemark>
    <Placemark>
      <name>320120100001</name>
      <description><![CDATA[<div style='font-family:Tahoma,sans-serif; font-size:13px;'><h3 style='color:#1565C0; margin:4px 0;'>รหัส: 320120100001</h3><p style='margin:2px 0;'><b>กลุ่มรถไถ:</b> 31_003</p><table border='1' style='border-collapse:collapse; border-color:#ccc; width:100%;'><tr><td style='padding:3px 6px; font-weight:bold; background-color:#f2f2f2;'>ปีการผลิต</td><td style='padding:3px 6px;'>257071</td></tr><tr><td style='padding:3px 6px; font-weight:bold; background-color:#f2f2f2;'>รหัสกลุ่มรถไถ</td><td style='padding:3px 6px;'>31/003</td></tr><tr><td style='padding:3px 6px; font-weight:bold; background-color:#f2f2f2;'>โควตาชาวไร่</td><td style='padding:3px 6px;'>730436</td></tr><tr><td style='padding:3px 6px; font-weight:bold; background-color:#f2f2f2;'>ชื่อ-นามสกุล</td><td style='padding:3px 6px;'>นาง ประคอง ก่อแก้ว</td></tr><tr><td style='padding:3px 6px; font-weight:bold; background-color:#f2f2f2;'>111</td><td style='padding:3px 6px;'>320120100001</td></tr><tr><td style='padding:3px 6px; font-weight:bold; background-color:#f2f2f2;'>ประเภทอ้อย</td><td style='padding:3px 6px;'>อ้อยปลายฝน</td></tr><tr><td style='padding:3px 6px; font-weight:bold; background-color:#f2f2f2;'>พื้นที่ปลูก</td><td style='padding:3px 6px;'>19.18</td></tr><tr><td style='padding:3px 6px; font-weight:bold; background-color:#f2f2f2;'>ศูนย์</td><td style='padding:3px 6px;'>K2-31</td></tr><tr><td style='padding:3px 6px; font-weight:bold; background-color:#f2f2f2;'>นักเกษตร</td><td style='padding:3px 6px;'>3103</td></tr><tr><td style='padding:3px 6px; font-weight:bold; background-color:#f2f2f2;'>กลุ่ม</td><td style='padding:3px 6px;'>กลุ่ม_31</td></tr></table></div>]]></description>
      <styleUrl>#style_31_003</styleUrl>
      <MultiGeometry><Polygon><outerBoundaryIs><LinearRing><coordinates>103.6458566,14.8267462,0 103.6468017,14.8292833,0 103.6473652,14.8289653,0 103.6471462,14.8281630,0 103.6470766,14.8278390,0 103.6474952,14.8277011,0 103.6470450,14.8263853,0 103.6458566,14.8267462,0</coordinates></LinearRing></outerBoundaryIs></Polygon></MultiGeometry>
    </Placemark>
    <Placemark>
      <name>321104050003</name>
      <description><![CDATA[<div style='font-family:Tahoma,sans-serif; font-size:13px;'><h3 style='color:#1565C0; margin:4px 0;'>รหัส: 321104050003</h3><p style='margin:2px 0;'><b>กลุ่มรถไถ:</b> 31_003</p><table border='1' style='border-collapse:collapse; border-color:#ccc; width:100%;'><tr><td style='padding:3px 6px; font-weight:bold; background-color:#f2f2f2;'>ปีการผลิต</td><td style='padding:3px 6px;'>257071</td></tr><tr><td style='padding:3px 6px; font-weight:bold; background-color:#f2f2f2;'>รหัสกลุ่มรถไถ</td><td style='padding:3px 6px;'>31/003</td></tr><tr><td style='padding:3px 6px; font-weight:bold; background-color:#f2f2f2;'>โควตาชาวไร่</td><td style='padding:3px 6px;'>730436</td></tr><tr><td style='padding:3px 6px; font-weight:bold; background-color:#f2f2f2;'>ชื่อ-นามสกุล</td><td style='padding:3px 6px;'>นาง ประคอง ก่อแก้ว</td></tr><tr><td style='padding:3px 6px; font-weight:bold; background-color:#f2f2f2;'>111</td><td style='padding:3px 6px;'>321104050003</td></tr><tr><td style='padding:3px 6px; font-weight:bold; background-color:#f2f2f2;'>ประเภทอ้อย</td><td style='padding:3px 6px;'>อ้อยปลายฝน</td></tr><tr><td style='padding:3px 6px; font-weight:bold; background-color:#f2f2f2;'>พื้นที่ปลูก</td><td style='padding:3px 6px;'>13.31</td></tr><tr><td style='padding:3px 6px; font-weight:bold; background-color:#f2f2f2;'>ศูนย์</td><td style='padding:3px 6px;'>K2-31</td></tr><tr><td style='padding:3px 6px; font-weight:bold; background-color:#f2f2f2;'>นักเกษตร</td><td style='padding:3px 6px;'>3103</td></tr><tr><td style='padding:3px 6px; font-weight:bold; background-color:#f2f2f2;'>กลุ่ม</td><td style='padding:3px 6px;'>กลุ่ม_31</td></tr></table></div>]]></description>
      <styleUrl>#style_31_003</styleUrl>
      <MultiGeometry><Polygon><outerBoundaryIs><LinearRing><coordinates>103.6857821,14.7892612,0 103.6857065,14.7890662,0 103.6858780,14.7890120,0 103.6852598,14.7876902,0 103.6842895,14.7879885,0 103.6848613,14.7895762,0 103.6857821,14.7892612,0</coordinates></LinearRing></outerBoundaryIs></Polygon></MultiGeometry>
    </Placemark>
    <Placemark>
      <name>321105021516</name>
      <description><![CDATA[<div style='font-family:Tahoma,sans-serif; font-size:13px;'><h3 style='color:#1565C0; margin:4px 0;'>รหัส: 321105021516</h3><p style='margin:2px 0;'><b>กลุ่มรถไถ:</b> 31_003</p><table border='1' style='border-collapse:collapse; border-color:#ccc; width:100%;'><tr><td style='padding:3px 6px; font-weight:bold; background-color:#f2f2f2;'>ปีการผลิต</td><td style='padding:3px 6px;'>257071</td></tr><tr><td style='padding:3px 6px; font-weight:bold; background-color:#f2f2f2;'>รหัสกลุ่มรถไถ</td><td style='padding:3px 6px;'>31/003</td></tr><tr><td style='padding:3px 6px; font-weight:bold; background-color:#f2f2f2;'>โควตาชาวไร่</td><td style='padding:3px 6px;'>730436</td></tr><tr><td style='padding:3px 6px; font-weight:bold; background-color:#f2f2f2;'>ชื่อ-นามสกุล</td><td style='padding:3px 6px;'>นาง ประคอง ก่อแก้ว</td></tr><tr><td style='padding:3px 6px; font-weight:bold; background-color:#f2f2f2;'>111</td><td style='padding:3px 6px;'>321105021516</td></tr><tr><td style='padding:3px 6px; font-weight:bold; background-color:#f2f2f2;'>ประเภทอ้อย</td><td style='padding:3px 6px;'>อ้อยปลายฝน</td></tr><tr><td style='padding:3px 6px; font-weight:bold; background-color:#f2f2f2;'>พื้นที่ปลูก</td><td style='padding:3px 6px;'>12.69</td></tr><tr><td style='padding:3px 6px; font-weight:bold; background-color:#f2f2f2;'>ศูนย์</td><td style='padding:3px 6px;'>K2-31</td></tr><tr><td style='padding:3px 6px; font-weight:bold; background-color:#f2f2f2;'>นักเกษตร</td><td style='padding:3px 6px;'>3103</td></tr><tr><td style='padding:3px 6px; font-weight:bold; background-color:#f2f2f2;'>กลุ่ม</td><td style='padding:3px 6px;'>กลุ่ม_31</td></tr></table></div>]]></description>
      <styleUrl>#style_31_003</styleUrl>
      <MultiGeometry><Polygon><outerBoundaryIs><LinearRing><coordinates>103.7725250,14.7420033,0 103.7715600,14.7400267,0 103.7710000,14.7402150,0 103.7714767,14.7421517,0 103.7725250,14.7420033,0</coordinates></LinearRing></outerBoundaryIs></Polygon></MultiGeometry>
    </Placemark>
    <Placemark>
      <name>321105041570</name>
      <description><![CDATA[<div style='font-family:Tahoma,sans-serif; font-size:13px;'><h3 style='color:#1565C0; margin:4px 0;'>รหัส: 321105041570</h3><p style='margin:2px 0;'><b>กลุ่มรถไถ:</b> 31_003</p><table border='1' style='border-collapse:collapse; border-color:#ccc; width:100%;'><tr><td style='padding:3px 6px; font-weight:bold; background-color:#f2f2f2;'>ปีการผลิต</td><td style='padding:3px 6px;'>257071</td></tr><tr><td style='padding:3px 6px; font-weight:bold; background-color:#f2f2f2;'>รหัสกลุ่มรถไถ</td><td style='padding:3px 6px;'>31/003</td></tr><tr><td style='padding:3px 6px; font-weight:bold; background-color:#f2f2f2;'>โควตาชาวไร่</td><td style='padding:3px 6px;'>730436</td></tr><tr><td style='padding:3px 6px; font-weight:bold; background-color:#f2f2f2;'>ชื่อ-นามสกุล</td><td style='padding:3px 6px;'>นาง ประคอง ก่อแก้ว</td></tr><tr><td style='padding:3px 6px; font-weight:bold; background-color:#f2f2f2;'>111</td><td style='padding:3px 6px;'>321105041570</td></tr><tr><td style='padding:3px 6px; font-weight:bold; background-color:#f2f2f2;'>ประเภทอ้อย</td><td style='padding:3px 6px;'>อ้อยปลายฝน</td></tr><tr><td style='padding:3px 6px; font-weight:bold; background-color:#f2f2f2;'>พื้นที่ปลูก</td><td style='padding:3px 6px;'>6.46</td></tr><tr><td style='padding:3px 6px; font-weight:bold; background-color:#f2f2f2;'>ศูนย์</td><td style='padding:3px 6px;'>K2-31</td></tr><tr><td style='padding:3px 6px; font-weight:bold; background-color:#f2f2f2;'>นักเกษตร</td><td style='padding:3px 6px;'>3103</td></tr><tr><td style='padding:3px 6px; font-weight:bold; background-color:#f2f2f2;'>กลุ่ม</td><td style='padding:3px 6px;'>กลุ่ม_31</td></tr></table></div>]]></description>
      <styleUrl>#style_31_003</styleUrl>
      <MultiGeometry><Polygon><outerBoundaryIs><LinearRing><coordinates>103.7510729,14.7134031,0 103.7508452,14.7126121,0 103.7496899,14.7130339,0 103.7500261,14.7136415,0 103.7510729,14.7134031,0</coordinates></LinearRing></outerBoundaryIs></Polygon></MultiGeometry>
    </Placemark>
    <Placemark>
      <name>321105101588</name>
      <description><![CDATA[<div style='font-family:Tahoma,sans-serif; font-size:13px;'><h3 style='color:#1565C0; margin:4px 0;'>รหัส: 321105101588</h3><p style='margin:2px 0;'><b>กลุ่มรถไถ:</b> 31_003</p><table border='1' style='border-collapse:collapse; border-color:#ccc; width:100%;'><tr><td style='padding:3px 6px; font-weight:bold; background-color:#f2f2f2;'>ปีการผลิต</td><td style='padding:3px 6px;'>257071</td></tr><tr><td style='padding:3px 6px; font-weight:bold; background-color:#f2f2f2;'>รหัสกลุ่มรถไถ</td><td style='padding:3px 6px;'>31/003</td></tr><tr><td style='padding:3px 6px; font-weight:bold; background-color:#f2f2f2;'>โควตาชาวไร่</td><td style='padding:3px 6px;'>730436</td></tr><tr><td style='padding:3px 6px; font-weight:bold; background-color:#f2f2f2;'>ชื่อ-นามสกุล</td><td style='padding:3px 6px;'>นาง ประคอง ก่อแก้ว</td></tr><tr><td style='padding:3px 6px; font-weight:bold; background-color:#f2f2f2;'>111</td><td style='padding:3px 6px;'>321105101588</td></tr><tr><td style='padding:3px 6px; font-weight:bold; background-color:#f2f2f2;'>ประเภทอ้อย</td><td style='padding:3px 6px;'>อ้อยปลายฝน</td></tr><tr><td style='padding:3px 6px; font-weight:bold; background-color:#f2f2f2;'>พื้นที่ปลูก</td><td style='padding:3px 6px;'>6.17</td></tr><tr><td style='padding:3px 6px; font-weight:bold; background-color:#f2f2f2;'>ศูนย์</td><td style='padding:3px 6px;'>K2-31</td></tr><tr><td style='padding:3px 6px; font-weight:bold; background-color:#f2f2f2;'>นักเกษตร</td><td style='padding:3px 6px;'>3103</td></tr><tr><td style='padding:3px 6px; font-weight:bold; background-color:#f2f2f2;'>กลุ่ม</td><td style='padding:3px 6px;'>กลุ่ม_31</td></tr></table></div>]]></description>
      <styleUrl>#style_31_003</styleUrl>
      <MultiGeometry><Polygon><outerBoundaryIs><LinearRing><coordinates>103.7567578,14.7271138,0 103.7576810,14.7269329,0 103.7575376,14.7257481,0 103.7571406,14.7257668,0 103.7572475,14.7263659,0 103.7566878,14.7264598,0 103.7567578,14.7271138,0</coordinates></LinearRing></outerBoundaryIs></Polygon></MultiGeometry>
    </Placemark>
    <Placemark>
      <name>321105101567</name>
      <description><![CDATA[<div style='font-family:Tahoma,sans-serif; font-size:13px;'><h3 style='color:#1565C0; margin:4px 0;'>รหัส: 321105101567</h3><p style='margin:2px 0;'><b>กลุ่มรถไถ:</b> 31_003</p><table border='1' style='border-collapse:collapse; border-color:#ccc; width:100%;'><tr><td style='padding:3px 6px; font-weight:bold; background-color:#f2f2f2;'>ปีการผลิต</td><td style='padding:3px 6px;'>257071</td></tr><tr><td style='padding:3px 6px; font-weight:bold; background-color:#f2f2f2;'>รหัสกลุ่มรถไถ</td><td style='padding:3px 6px;'>31/003</td></tr><tr><td style='padding:3px 6px; font-weight:bold; background-color:#f2f2f2;'>โควตาชาวไร่</td><td style='padding:3px 6px;'>730520</td></tr><tr><td style='padding:3px 6px; font-weight:bold; background-color:#f2f2f2;'>ชื่อ-นามสกุล</td><td style='padding:3px 6px;'>นาย สมชาย พอกพูน</td></tr><tr><td style='padding:3px 6px; font-weight:bold; background-color:#f2f2f2;'>111</td><td style='padding:3px 6px;'>321105101567</td></tr><tr><td style='padding:3px 6px; font-weight:bold; background-color:#f2f2f2;'>ประเภทอ้อย</td><td style='padding:3px 6px;'>อ้อยปลายฝน</td></tr><tr><td style='padding:3px 6px; font-weight:bold; background-color:#f2f2f2;'>พื้นที่ปลูก</td><td style='padding:3px 6px;'>7.72</td></tr><tr><td style='padding:3px 6px; font-weight:bold; background-color:#f2f2f2;'>ศูนย์</td><td style='padding:3px 6px;'>K2-31</td></tr><tr><td style='padding:3px 6px; font-weight:bold; background-color:#f2f2f2;'>นักเกษตร</td><td style='padding:3px 6px;'>3103</td></tr><tr><td style='padding:3px 6px; font-weight:bold; background-color:#f2f2f2;'>กลุ่ม</td><td style='padding:3px 6px;'>กลุ่ม_31</td></tr></table></div>]]></description>
      <styleUrl>#style_31_003</styleUrl>
      <MultiGeometry><Polygon><outerBoundaryIs><LinearRing><coordinates>103.7596831,14.7314943,0 103.7592556,14.7303963,0 103.7584853,14.7307337,0 103.7590156,14.7319654,0 103.7596831,14.7314943,0</coordinates></LinearRing></outerBoundaryIs></Polygon></MultiGeometry>
    </Placemark>
    <Placemark>
      <name>321505101525</name>
      <description><![CDATA[<div style='font-family:Tahoma,sans-serif; font-size:13px;'><h3 style='color:#1565C0; margin:4px 0;'>รหัส: 321505101525</h3><p style='margin:2px 0;'><b>กลุ่มรถไถ:</b> 31_003</p><table border='1' style='border-collapse:collapse; border-color:#ccc; width:100%;'><tr><td style='padding:3px 6px; font-weight:bold; background-color:#f2f2f2;'>ปีการผลิต</td><td style='padding:3px 6px;'>257071</td></tr><tr><td style='padding:3px 6px; font-weight:bold; background-color:#f2f2f2;'>รหัสกลุ่มรถไถ</td><td style='padding:3px 6px;'>31/003</td></tr><tr><td style='padding:3px 6px; font-weight:bold; background-color:#f2f2f2;'>โควตาชาวไร่</td><td style='padding:3px 6px;'>730844</td></tr><tr><td style='padding:3px 6px; font-weight:bold; background-color:#f2f2f2;'>ชื่อ-นามสกุล</td><td style='padding:3px 6px;'>นาย ทองเจริญ หอมใจ</td></tr><tr><td style='padding:3px 6px; font-weight:bold; background-color:#f2f2f2;'>111</td><td style='padding:3px 6px;'>321505101525</td></tr><tr><td style='padding:3px 6px; font-weight:bold; background-color:#f2f2f2;'>ประเภทอ้อย</td><td style='padding:3px 6px;'>อ้อยปลายฝน</td></tr><tr><td style='padding:3px 6px; font-weight:bold; background-color:#f2f2f2;'>พื้นที่ปลูก</td><td style='padding:3px 6px;'>13.54</td></tr><tr><td style='padding:3px 6px; font-weight:bold; background-color:#f2f2f2;'>ศูนย์</td><td style='padding:3px 6px;'>K2-31</td></tr><tr><td style='padding:3px 6px; font-weight:bold; background-color:#f2f2f2;'>นักเกษตร</td><td style='padding:3px 6px;'>3102</td></tr><tr><td style='padding:3px 6px; font-weight:bold; background-color:#f2f2f2;'>กลุ่ม</td><td style='padding:3px 6px;'>กลุ่ม_31</td></tr></table></div>]]></description>
      <styleUrl>#style_31_003</styleUrl>
      <MultiGeometry><Polygon><outerBoundaryIs><LinearRing><coordinates>103.7809290,14.7464370,0 103.7802573,14.7464544,0 103.7809853,14.7483365,0 103.7811601,14.7491229,0 103.7819205,14.7490785,0 103.7809290,14.7464370,0</coordinates></LinearRing></outerBoundaryIs></Polygon></MultiGeometry>
    </Placemark>
    <Placemark>
      <name>321505101604</name>
      <description><![CDATA[<div style='font-family:Tahoma,sans-serif; font-size:13px;'><h3 style='color:#1565C0; margin:4px 0;'>รหัส: 321505101604</h3><p style='margin:2px 0;'><b>กลุ่มรถไถ:</b> 31_003</p><table border='1' style='border-collapse:collapse; border-color:#ccc; width:100%;'><tr><td style='padding:3px 6px; font-weight:bold; background-color:#f2f2f2;'>ปีการผลิต</td><td style='padding:3px 6px;'>257071</td></tr><tr><td style='padding:3px 6px; font-weight:bold; background-color:#f2f2f2;'>รหัสกลุ่มรถไถ</td><td style='padding:3px 6px;'>31/003</td></tr><tr><td style='padding:3px 6px; font-weight:bold; background-color:#f2f2f2;'>โควตาชาวไร่</td><td style='padding:3px 6px;'>730844</td></tr><tr><td style='padding:3px 6px; font-weight:bold; background-color:#f2f2f2;'>ชื่อ-นามสกุล</td><td style='padding:3px 6px;'>นาย ทองเจริญ หอมใจ</td></tr><tr><td style='padding:3px 6px; font-weight:bold; background-color:#f2f2f2;'>111</td><td style='padding:3px 6px;'>321505101604</td></tr><tr><td style='padding:3px 6px; font-weight:bold; background-color:#f2f2f2;'>ประเภทอ้อย</td><td style='padding:3px 6px;'>อ้อยปลายฝน</td></tr><tr><td style='padding:3px 6px; font-weight:bold; background-color:#f2f2f2;'>พื้นที่ปลูก</td><td style='padding:3px 6px;'>20.0</td></tr><tr><td style='padding:3px 6px; font-weight:bold; background-color:#f2f2f2;'>ศูนย์</td><td style='padding:3px 6px;'>K2-31</td></tr><tr><td style='padding:3px 6px; font-weight:bold; background-color:#f2f2f2;'>นักเกษตร</td><td style='padding:3px 6px;'>3102</td></tr><tr><td style='padding:3px 6px; font-weight:bold; background-color:#f2f2f2;'>กลุ่ม</td><td style='padding:3px 6px;'>กลุ่ม_31</td></tr></table></div>]]></description>
      <styleUrl>#style_31_003</styleUrl>
      <MultiGeometry><Polygon><outerBoundaryIs><LinearRing><coordinates>103.7855106,14.7466152,0 103.7818884,14.7468560,0 103.7821484,14.7476036,0 103.7855813,14.7473591,0 103.7855106,14.7466152,0</coordinates></LinearRing></outerBoundaryIs></Polygon></MultiGeometry>
    </Placemark>
    <Placemark>
      <name>321105021523</name>
      <description><![CDATA[<div style='font-family:Tahoma,sans-serif; font-size:13px;'><h3 style='color:#1565C0; margin:4px 0;'>รหัส: 321105021523</h3><p style='margin:2px 0;'><b>กลุ่มรถไถ:</b> 31_003</p><table border='1' style='border-collapse:collapse; border-color:#ccc; width:100%;'><tr><td style='padding:3px 6px; font-weight:bold; background-color:#f2f2f2;'>ปีการผลิต</td><td style='padding:3px 6px;'>257071</td></tr><tr><td style='padding:3px 6px; font-weight:bold; background-color:#f2f2f2;'>รหัสกลุ่มรถไถ</td><td style='padding:3px 6px;'>31/003</td></tr><tr><td style='padding:3px 6px; font-weight:bold; background-color:#f2f2f2;'>โควตาชาวไร่</td><td style='padding:3px 6px;'>730961</td></tr><tr><td style='padding:3px 6px; font-weight:bold; background-color:#f2f2f2;'>ชื่อ-นามสกุล</td><td style='padding:3px 6px;'>นาย ประเสริฐ ทวีชาติ</td></tr><tr><td style='padding:3px 6px; font-weight:bold; background-color:#f2f2f2;'>111</td><td style='padding:3px 6px;'>321105021523</td></tr><tr><td style='padding:3px 6px; font-weight:bold; background-color:#f2f2f2;'>ประเภทอ้อย</td><td style='padding:3px 6px;'>อ้อยปลายฝน</td></tr><tr><td style='padding:3px 6px; font-weight:bold; background-color:#f2f2f2;'>พื้นที่ปลูก</td><td style='padding:3px 6px;'>9.13</td></tr><tr><td style='padding:3px 6px; font-weight:bold; background-color:#f2f2f2;'>ศูนย์</td><td style='padding:3px 6px;'>K2-31</td></tr><tr><td style='padding:3px 6px; font-weight:bold; background-color:#f2f2f2;'>นักเกษตร</td><td style='padding:3px 6px;'>3102</td></tr><tr><td style='padding:3px 6px; font-weight:bold; background-color:#f2f2f2;'>กลุ่ม</td><td style='padding:3px 6px;'>กลุ่ม_31</td></tr></table></div>]]></description>
      <styleUrl>#style_31_003</styleUrl>
      <MultiGeometry><Polygon><outerBoundaryIs><LinearRing><coordinates>103.7598317,14.7414473,0 103.7577407,14.7419791,0 103.7578104,14.7424561,0 103.7594359,14.7421811,0 103.7599045,14.7421440,0 103.7598706,14.7419537,0 103.7598317,14.7414473,0</coordinates></LinearRing></outerBoundaryIs></Polygon></MultiGeometry>
    </Placemark>
    <Placemark>
      <name>321105031512</name>
      <description><![CDATA[<div style='font-family:Tahoma,sans-serif; font-size:13px;'><h3 style='color:#1565C0; margin:4px 0;'>รหัส: 321105031512</h3><p style='margin:2px 0;'><b>กลุ่มรถไถ:</b> 31_003</p><table border='1' style='border-collapse:collapse; border-color:#ccc; width:100%;'><tr><td style='padding:3px 6px; font-weight:bold; background-color:#f2f2f2;'>ปีการผลิต</td><td style='padding:3px 6px;'>257071</td></tr><tr><td style='padding:3px 6px; font-weight:bold; background-color:#f2f2f2;'>รหัสกลุ่มรถไถ</td><td style='padding:3px 6px;'>31/003</td></tr><tr><td style='padding:3px 6px; font-weight:bold; background-color:#f2f2f2;'>โควตาชาวไร่</td><td style='padding:3px 6px;'>731487</td></tr><tr><td style='padding:3px 6px; font-weight:bold; background-color:#f2f2f2;'>ชื่อ-นามสกุล</td><td style='padding:3px 6px;'>นาย บุญเลิศ กะทิศาสตร์</td></tr><tr><td style='padding:3px 6px; font-weight:bold; background-color:#f2f2f2;'>111</td><td style='padding:3px 6px;'>321105031512</td></tr><tr><td style='padding:3px 6px; font-weight:bold; background-color:#f2f2f2;'>ประเภทอ้อย</td><td style='padding:3px 6px;'>อ้อยปลายฝน</td></tr><tr><td style='padding:3px 6px; font-weight:bold; background-color:#f2f2f2;'>พื้นที่ปลูก</td><td style='padding:3px 6px;'>1.96</td></tr><tr><td style='padding:3px 6px; font-weight:bold; background-color:#f2f2f2;'>ศูนย์</td><td style='padding:3px 6px;'>K2-31</td></tr><tr><td style='padding:3px 6px; font-weight:bold; background-color:#f2f2f2;'>นักเกษตร</td><td style='padding:3px 6px;'>3103</td></tr><tr><td style='padding:3px 6px; font-weight:bold; background-color:#f2f2f2;'>กลุ่ม</td><td style='padding:3px 6px;'>กลุ่ม_31</td></tr></table></div>]]></description>
      <styleUrl>#style_31_003</styleUrl>
      <MultiGeometry><Polygon><outerBoundaryIs><LinearRing><coordinates>103.7813600,14.7518967,0 103.7817033,14.7518667,0 103.7815533,14.7511183,0 103.7811850,14.7512400,0 103.7813600,14.7518967,0</coordinates></LinearRing></outerBoundaryIs></Polygon></MultiGeometry>
    </Placemark>
    <Placemark>
      <name>321103101507</name>
      <description><![CDATA[<div style='font-family:Tahoma,sans-serif; font-size:13px;'><h3 style='color:#1565C0; margin:4px 0;'>รหัส: 321103101507</h3><p style='margin:2px 0;'><b>กลุ่มรถไถ:</b> 31_003</p><table border='1' style='border-collapse:collapse; border-color:#ccc; width:100%;'><tr><td style='padding:3px 6px; font-weight:bold; background-color:#f2f2f2;'>ปีการผลิต</td><td style='padding:3px 6px;'>257071</td></tr><tr><td style='padding:3px 6px; font-weight:bold; background-color:#f2f2f2;'>รหัสกลุ่มรถไถ</td><td style='padding:3px 6px;'>31/003</td></tr><tr><td style='padding:3px 6px; font-weight:bold; background-color:#f2f2f2;'>โควตาชาวไร่</td><td style='padding:3px 6px;'>733252</td></tr><tr><td style='padding:3px 6px; font-weight:bold; background-color:#f2f2f2;'>ชื่อ-นามสกุล</td><td style='padding:3px 6px;'>นาง ลลิตา เทียนทอง</td></tr><tr><td style='padding:3px 6px; font-weight:bold; background-color:#f2f2f2;'>111</td><td style='padding:3px 6px;'>321103101507</td></tr><tr><td style='padding:3px 6px; font-weight:bold; background-color:#f2f2f2;'>ประเภทอ้อย</td><td style='padding:3px 6px;'>อ้อยปลายฝน</td></tr><tr><td style='padding:3px 6px; font-weight:bold; background-color:#f2f2f2;'>พื้นที่ปลูก</td><td style='padding:3px 6px;'>7.88</td></tr><tr><td style='padding:3px 6px; font-weight:bold; background-color:#f2f2f2;'>ศูนย์</td><td style='padding:3px 6px;'>K2-31</td></tr><tr><td style='padding:3px 6px; font-weight:bold; background-color:#f2f2f2;'>นักเกษตร</td><td style='padding:3px 6px;'>3103</td></tr><tr><td style='padding:3px 6px; font-weight:bold; background-color:#f2f2f2;'>กลุ่ม</td><td style='padding:3px 6px;'>กลุ่ม_31</td></tr></table></div>]]></description>
      <styleUrl>#style_31_003</styleUrl>
      <MultiGeometry><Polygon><outerBoundaryIs><LinearRing><coordinates>103.6643548,14.6525396,0 103.6643452,14.6525206,0 103.6639336,14.6527363,0 103.6640969,14.6530243,0 103.6634986,14.6533265,0 103.6639463,14.6540228,0 103.6648894,14.6535467,0 103.6643548,14.6525396,0</coordinates></LinearRing></outerBoundaryIs></Polygon></MultiGeometry>
    </Placemark>
    <Placemark>
      <name>321009121534</name>
      <description><![CDATA[<div style='font-family:Tahoma,sans-serif; font-size:13px;'><h3 style='color:#1565C0; margin:4px 0;'>รหัส: 321009121534</h3><p style='margin:2px 0;'><b>กลุ่มรถไถ:</b> 31_003</p><table border='1' style='border-collapse:collapse; border-color:#ccc; width:100%;'><tr><td style='padding:3px 6px; font-weight:bold; background-color:#f2f2f2;'>ปีการผลิต</td><td style='padding:3px 6px;'>257071</td></tr><tr><td style='padding:3px 6px; font-weight:bold; background-color:#f2f2f2;'>รหัสกลุ่มรถไถ</td><td style='padding:3px 6px;'>31/003</td></tr><tr><td style='padding:3px 6px; font-weight:bold; background-color:#f2f2f2;'>โควตาชาวไร่</td><td style='padding:3px 6px;'>733315</td></tr><tr><td style='padding:3px 6px; font-weight:bold; background-color:#f2f2f2;'>ชื่อ-นามสกุล</td><td style='padding:3px 6px;'>นาย ประพจน์ แว่นดำ</td></tr><tr><td style='padding:3px 6px; font-weight:bold; background-color:#f2f2f2;'>111</td><td style='padding:3px 6px;'>321009121534</td></tr><tr><td style='padding:3px 6px; font-weight:bold; background-color:#f2f2f2;'>ประเภทอ้อย</td><td style='padding:3px 6px;'>อ้อยปลายฝน</td></tr><tr><td style='padding:3px 6px; font-weight:bold; background-color:#f2f2f2;'>พื้นที่ปลูก</td><td style='padding:3px 6px;'>6.25</td></tr><tr><td style='padding:3px 6px; font-weight:bold; background-color:#f2f2f2;'>ศูนย์</td><td style='padding:3px 6px;'>K2-31</td></tr><tr><td style='padding:3px 6px; font-weight:bold; background-color:#f2f2f2;'>นักเกษตร</td><td style='padding:3px 6px;'>3103</td></tr><tr><td style='padding:3px 6px; font-weight:bold; background-color:#f2f2f2;'>กลุ่ม</td><td style='padding:3px 6px;'>กลุ่ม_31</td></tr></table></div>]]></description>
      <styleUrl>#style_31_003</styleUrl>
      <MultiGeometry><Polygon><outerBoundaryIs><LinearRing><coordinates>103.6700473,14.6422191,0 103.6700762,14.6424509,0 103.6703057,14.6423938,0 103.6703844,14.6425080,0 103.6714543,14.6419950,0 103.6712452,14.6415753,0 103.6700473,14.6422191,0</coordinates></LinearRing></outerBoundaryIs></Polygon></MultiGeometry>
    </Placemark>
    <Placemark>
      <name>321009121565</name>
      <description><![CDATA[<div style='font-family:Tahoma,sans-serif; font-size:13px;'><h3 style='color:#1565C0; margin:4px 0;'>รหัส: 321009121565</h3><p style='margin:2px 0;'><b>กลุ่มรถไถ:</b> 31_003</p><table border='1' style='border-collapse:collapse; border-color:#ccc; width:100%;'><tr><td style='padding:3px 6px; font-weight:bold; background-color:#f2f2f2;'>ปีการผลิต</td><td style='padding:3px 6px;'>257071</td></tr><tr><td style='padding:3px 6px; font-weight:bold; background-color:#f2f2f2;'>รหัสกลุ่มรถไถ</td><td style='padding:3px 6px;'>31/003</td></tr><tr><td style='padding:3px 6px; font-weight:bold; background-color:#f2f2f2;'>โควตาชาวไร่</td><td style='padding:3px 6px;'>733315</td></tr><tr><td style='padding:3px 6px; font-weight:bold; background-color:#f2f2f2;'>ชื่อ-นามสกุล</td><td style='padding:3px 6px;'>นาย ประพจน์ แว่นดำ</td></tr><tr><td style='padding:3px 6px; font-weight:bold; background-color:#f2f2f2;'>111</td><td style='padding:3px 6px;'>321009121565</td></tr><tr><td style='padding:3px 6px; font-weight:bold; background-color:#f2f2f2;'>ประเภทอ้อย</td><td style='padding:3px 6px;'>อ้อยปลายฝน</td></tr><tr><td style='padding:3px 6px; font-weight:bold; background-color:#f2f2f2;'>พื้นที่ปลูก</td><td style='padding:3px 6px;'>4.07</td></tr><tr><td style='padding:3px 6px; font-weight:bold; background-color:#f2f2f2;'>ศูนย์</td><td style='padding:3px 6px;'>K2-31</td></tr><tr><td style='padding:3px 6px; font-weight:bold; background-color:#f2f2f2;'>นักเกษตร</td><td style='padding:3px 6px;'>3103</td></tr><tr><td style='padding:3px 6px; font-weight:bold; background-color:#f2f2f2;'>กลุ่ม</td><td style='padding:3px 6px;'>กลุ่ม_31</td></tr></table></div>]]></description>
      <styleUrl>#style_31_003</styleUrl>
      <MultiGeometry><Polygon><outerBoundaryIs><LinearRing><coordinates>103.6703168,14.6420842,0 103.6715078,14.6413696,0 103.6712941,14.6410468,0 103.6701630,14.6418509,0 103.6703168,14.6420842,0</coordinates></LinearRing></outerBoundaryIs></Polygon></MultiGeometry>
    </Placemark>
    <Placemark>
      <name>321103021598</name>
      <description><![CDATA[<div style='font-family:Tahoma,sans-serif; font-size:13px;'><h3 style='color:#1565C0; margin:4px 0;'>รหัส: 321103021598</h3><p style='margin:2px 0;'><b>กลุ่มรถไถ:</b> 31_003</p><table border='1' style='border-collapse:collapse; border-color:#ccc; width:100%;'><tr><td style='padding:3px 6px; font-weight:bold; background-color:#f2f2f2;'>ปีการผลิต</td><td style='padding:3px 6px;'>257071</td></tr><tr><td style='padding:3px 6px; font-weight:bold; background-color:#f2f2f2;'>รหัสกลุ่มรถไถ</td><td style='padding:3px 6px;'>31/003</td></tr><tr><td style='padding:3px 6px; font-weight:bold; background-color:#f2f2f2;'>โควตาชาวไร่</td><td style='padding:3px 6px;'>733387</td></tr><tr><td style='padding:3px 6px; font-weight:bold; background-color:#f2f2f2;'>ชื่อ-นามสกุล</td><td style='padding:3px 6px;'>นางสาว สุภาภรณ์ บุญเลิศ</td></tr><tr><td style='padding:3px 6px; font-weight:bold; background-color:#f2f2f2;'>111</td><td style='padding:3px 6px;'>321103021598</td></tr><tr><td style='padding:3px 6px; font-weight:bold; background-color:#f2f2f2;'>ประเภทอ้อย</td><td style='padding:3px 6px;'>อ้อยปลายฝน</td></tr><tr><td style='padding:3px 6px; font-weight:bold; background-color:#f2f2f2;'>พื้นที่ปลูก</td><td style='padding:3px 6px;'>5.25</td></tr><tr><td style='padding:3px 6px; font-weight:bold; background-color:#f2f2f2;'>ศูนย์</td><td style='padding:3px 6px;'>K2-31</td></tr><tr><td style='padding:3px 6px; font-weight:bold; background-color:#f2f2f2;'>นักเกษตร</td><td style='padding:3px 6px;'>3103</td></tr><tr><td style='padding:3px 6px; font-weight:bold; background-color:#f2f2f2;'>กลุ่ม</td><td style='padding:3px 6px;'>กลุ่ม_31</td></tr></table></div>]]></description>
      <styleUrl>#style_31_003</styleUrl>
      <MultiGeometry><Polygon><outerBoundaryIs><LinearRing><coordinates>103.7139550,14.6684067,0 103.7147183,14.6680850,0 103.7143767,14.6673050,0 103.7141133,14.6673117,0 103.7140683,14.6674050,0 103.7136533,14.6677583,0 103.7139550,14.6684067,0</coordinates></LinearRing></outerBoundaryIs></Polygon></MultiGeometry>
    </Placemark>
    <Placemark>
      <name>321105091527</name>
      <description><![CDATA[<div style='font-family:Tahoma,sans-serif; font-size:13px;'><h3 style='color:#1565C0; margin:4px 0;'>รหัส: 321105091527</h3><p style='margin:2px 0;'><b>กลุ่มรถไถ:</b> 31_003</p><table border='1' style='border-collapse:collapse; border-color:#ccc; width:100%;'><tr><td style='padding:3px 6px; font-weight:bold; background-color:#f2f2f2;'>ปีการผลิต</td><td style='padding:3px 6px;'>257071</td></tr><tr><td style='padding:3px 6px; font-weight:bold; background-color:#f2f2f2;'>รหัสกลุ่มรถไถ</td><td style='padding:3px 6px;'>31/003</td></tr><tr><td style='padding:3px 6px; font-weight:bold; background-color:#f2f2f2;'>โควตาชาวไร่</td><td style='padding:3px 6px;'>740142</td></tr><tr><td style='padding:3px 6px; font-weight:bold; background-color:#f2f2f2;'>ชื่อ-นามสกุล</td><td style='padding:3px 6px;'>นาง นิตยา ฤกษ์ดี</td></tr><tr><td style='padding:3px 6px; font-weight:bold; background-color:#f2f2f2;'>111</td><td style='padding:3px 6px;'>321105091527</td></tr><tr><td style='padding:3px 6px; font-weight:bold; background-color:#f2f2f2;'>ประเภทอ้อย</td><td style='padding:3px 6px;'>อ้อยปลายฝน</td></tr><tr><td style='padding:3px 6px; font-weight:bold; background-color:#f2f2f2;'>พื้นที่ปลูก</td><td style='padding:3px 6px;'>13.62</td></tr><tr><td style='padding:3px 6px; font-weight:bold; background-color:#f2f2f2;'>ศูนย์</td><td style='padding:3px 6px;'>K2-31</td></tr><tr><td style='padding:3px 6px; font-weight:bold; background-color:#f2f2f2;'>นักเกษตร</td><td style='padding:3px 6px;'>3103</td></tr><tr><td style='padding:3px 6px; font-weight:bold; background-color:#f2f2f2;'>กลุ่ม</td><td style='padding:3px 6px;'>กลุ่ม_31</td></tr></table></div>]]></description>
      <styleUrl>#style_31_003</styleUrl>
      <MultiGeometry><Polygon><outerBoundaryIs><LinearRing><coordinates>103.7475467,14.6986400,0 103.7472567,14.6987033,0 103.7472100,14.6985483,0 103.7468017,14.6986850,0 103.7471000,14.6995917,0 103.7470383,14.6995883,0 103.7474717,14.7006533,0 103.7476267,14.7011667,0 103.7482783,14.7008700,0 103.7475467,14.6986400,0</coordinates></LinearRing></outerBoundaryIs></Polygon></MultiGeometry>
    </Placemark>
    <Placemark>
      <name>321105070038</name>
      <description><![CDATA[<div style='font-family:Tahoma,sans-serif; font-size:13px;'><h3 style='color:#1565C0; margin:4px 0;'>รหัส: 321105070038</h3><p style='margin:2px 0;'><b>กลุ่มรถไถ:</b> 31_003</p><table border='1' style='border-collapse:collapse; border-color:#ccc; width:100%;'><tr><td style='padding:3px 6px; font-weight:bold; background-color:#f2f2f2;'>ปีการผลิต</td><td style='padding:3px 6px;'>257071</td></tr><tr><td style='padding:3px 6px; font-weight:bold; background-color:#f2f2f2;'>รหัสกลุ่มรถไถ</td><td style='padding:3px 6px;'>31/003</td></tr><tr><td style='padding:3px 6px; font-weight:bold; background-color:#f2f2f2;'>โควตาชาวไร่</td><td style='padding:3px 6px;'>740495</td></tr><tr><td style='padding:3px 6px; font-weight:bold; background-color:#f2f2f2;'>ชื่อ-นามสกุล</td><td style='padding:3px 6px;'>นาย ชาญ ภาสดา</td></tr><tr><td style='padding:3px 6px; font-weight:bold; background-color:#f2f2f2;'>111</td><td style='padding:3px 6px;'>321105070038</td></tr><tr><td style='padding:3px 6px; font-weight:bold; background-color:#f2f2f2;'>ประเภทอ้อย</td><td style='padding:3px 6px;'>อ้อยปลายฝน</td></tr><tr><td style='padding:3px 6px; font-weight:bold; background-color:#f2f2f2;'>พื้นที่ปลูก</td><td style='padding:3px 6px;'>5.32</td></tr><tr><td style='padding:3px 6px; font-weight:bold; background-color:#f2f2f2;'>ศูนย์</td><td style='padding:3px 6px;'>K2-31</td></tr><tr><td style='padding:3px 6px; font-weight:bold; background-color:#f2f2f2;'>นักเกษตร</td><td style='padding:3px 6px;'>3103</td></tr><tr><td style='padding:3px 6px; font-weight:bold; background-color:#f2f2f2;'>กลุ่ม</td><td style='padding:3px 6px;'>กลุ่ม_31</td></tr></table></div>]]></description>
      <styleUrl>#style_31_003</styleUrl>
      <MultiGeometry><Polygon><outerBoundaryIs><LinearRing><coordinates>103.7342337,14.7179600,0 103.7348119,14.7178537,0 103.7348326,14.7179038,0 103.7356850,14.7177721,0 103.7355274,14.7172366,0 103.7341601,14.7175268,0 103.7342337,14.7179600,0</coordinates></LinearRing></outerBoundaryIs></Polygon></MultiGeometry>
    </Placemark>
    <Placemark>
      <name>321105051530</name>
      <description><![CDATA[<div style='font-family:Tahoma,sans-serif; font-size:13px;'><h3 style='color:#1565C0; margin:4px 0;'>รหัส: 321105051530</h3><p style='margin:2px 0;'><b>กลุ่มรถไถ:</b> 31_003</p><table border='1' style='border-collapse:collapse; border-color:#ccc; width:100%;'><tr><td style='padding:3px 6px; font-weight:bold; background-color:#f2f2f2;'>ปีการผลิต</td><td style='padding:3px 6px;'>257071</td></tr><tr><td style='padding:3px 6px; font-weight:bold; background-color:#f2f2f2;'>รหัสกลุ่มรถไถ</td><td style='padding:3px 6px;'>31/003</td></tr><tr><td style='padding:3px 6px; font-weight:bold; background-color:#f2f2f2;'>โควตาชาวไร่</td><td style='padding:3px 6px;'>744148</td></tr><tr><td style='padding:3px 6px; font-weight:bold; background-color:#f2f2f2;'>ชื่อ-นามสกุล</td><td style='padding:3px 6px;'>นาย สมโภชน์ มั่นหมาย</td></tr><tr><td style='padding:3px 6px; font-weight:bold; background-color:#f2f2f2;'>111</td><td style='padding:3px 6px;'>321105051530</td></tr><tr><td style='padding:3px 6px; font-weight:bold; background-color:#f2f2f2;'>ประเภทอ้อย</td><td style='padding:3px 6px;'>อ้อยปลายฝน</td></tr><tr><td style='padding:3px 6px; font-weight:bold; background-color:#f2f2f2;'>พื้นที่ปลูก</td><td style='padding:3px 6px;'>10.97</td></tr><tr><td style='padding:3px 6px; font-weight:bold; background-color:#f2f2f2;'>ศูนย์</td><td style='padding:3px 6px;'>K2-31</td></tr><tr><td style='padding:3px 6px; font-weight:bold; background-color:#f2f2f2;'>นักเกษตร</td><td style='padding:3px 6px;'>3103</td></tr><tr><td style='padding:3px 6px; font-weight:bold; background-color:#f2f2f2;'>กลุ่ม</td><td style='padding:3px 6px;'>กลุ่ม_31</td></tr></table></div>]]></description>
      <styleUrl>#style_31_003</styleUrl>
      <MultiGeometry><Polygon><outerBoundaryIs><LinearRing><coordinates>103.7497522,14.7132547,0 103.7495426,14.7128630,0 103.7483520,14.7132398,0 103.7475212,14.7134020,0 103.7474909,14.7133686,0 103.7464101,14.7134867,0 103.7463667,14.7138494,0 103.7476155,14.7137248,0 103.7477128,14.7139640,0 103.7497522,14.7132547,0</coordinates></LinearRing></outerBoundaryIs></Polygon></MultiGeometry>
    </Placemark>
  </Folder>
  <Style id="style_31_004">
    <LineStyle>
      <color>ff7B8900</color>
      <width>2.0</width>
    </LineStyle>
    <PolyStyle>
      <color>b37B8900</color>
    </PolyStyle>
  </Style>
  <Folder>
    <name>31_004</name>
    <Placemark>
      <name>321010011516</name>
      <description><![CDATA[<div style='font-family:Tahoma,sans-serif; font-size:13px;'><h3 style='color:#1565C0; margin:4px 0;'>รหัส: 321010011516</h3><p style='margin:2px 0;'><b>กลุ่มรถไถ:</b> 31_004</p><table border='1' style='border-collapse:collapse; border-color:#ccc; width:100%;'><tr><td style='padding:3px 6px; font-weight:bold; background-color:#f2f2f2;'>ปีการผลิต</td><td style='padding:3px 6px;'>257071</td></tr><tr><td style='padding:3px 6px; font-weight:bold; background-color:#f2f2f2;'>รหัสกลุ่มรถไถ</td><td style='padding:3px 6px;'>31/004</td></tr><tr><td style='padding:3px 6px; font-weight:bold; background-color:#f2f2f2;'>โควตาชาวไร่</td><td style='padding:3px 6px;'>730237</td></tr><tr><td style='padding:3px 6px; font-weight:bold; background-color:#f2f2f2;'>ชื่อ-นามสกุล</td><td style='padding:3px 6px;'>นาย สุภาพ ลายมั่น</td></tr><tr><td style='padding:3px 6px; font-weight:bold; background-color:#f2f2f2;'>111</td><td style='padding:3px 6px;'>321010011516</td></tr><tr><td style='padding:3px 6px; font-weight:bold; background-color:#f2f2f2;'>ประเภทอ้อย</td><td style='padding:3px 6px;'>อ้อยปลายฝน</td></tr><tr><td style='padding:3px 6px; font-weight:bold; background-color:#f2f2f2;'>พื้นที่ปลูก</td><td style='padding:3px 6px;'>4.47</td></tr><tr><td style='padding:3px 6px; font-weight:bold; background-color:#f2f2f2;'>ศูนย์</td><td style='padding:3px 6px;'>K2-31</td></tr><tr><td style='padding:3px 6px; font-weight:bold; background-color:#f2f2f2;'>นักเกษตร</td><td style='padding:3px 6px;'>3101</td></tr><tr><td style='padding:3px 6px; font-weight:bold; background-color:#f2f2f2;'>กลุ่ม</td><td style='padding:3px 6px;'>กลุ่ม_31</td></tr></table></div>]]></description>
      <styleUrl>#style_31_004</styleUrl>
      <MultiGeometry><Polygon><outerBoundaryIs><LinearRing><coordinates>103.7453207,14.6173631,0 103.7464321,14.6172900,0 103.7463449,14.6169517,0 103.7452575,14.6165972,0 103.7453207,14.6173631,0</coordinates></LinearRing></outerBoundaryIs></Polygon></MultiGeometry>
    </Placemark>
    <Placemark>
      <name>321010011550</name>
      <description><![CDATA[<div style='font-family:Tahoma,sans-serif; font-size:13px;'><h3 style='color:#1565C0; margin:4px 0;'>รหัส: 321010011550</h3><p style='margin:2px 0;'><b>กลุ่มรถไถ:</b> 31_004</p><table border='1' style='border-collapse:collapse; border-color:#ccc; width:100%;'><tr><td style='padding:3px 6px; font-weight:bold; background-color:#f2f2f2;'>ปีการผลิต</td><td style='padding:3px 6px;'>257071</td></tr><tr><td style='padding:3px 6px; font-weight:bold; background-color:#f2f2f2;'>รหัสกลุ่มรถไถ</td><td style='padding:3px 6px;'>31/004</td></tr><tr><td style='padding:3px 6px; font-weight:bold; background-color:#f2f2f2;'>โควตาชาวไร่</td><td style='padding:3px 6px;'>730237</td></tr><tr><td style='padding:3px 6px; font-weight:bold; background-color:#f2f2f2;'>ชื่อ-นามสกุล</td><td style='padding:3px 6px;'>นาย สุภาพ ลายมั่น</td></tr><tr><td style='padding:3px 6px; font-weight:bold; background-color:#f2f2f2;'>111</td><td style='padding:3px 6px;'>321010011550</td></tr><tr><td style='padding:3px 6px; font-weight:bold; background-color:#f2f2f2;'>ประเภทอ้อย</td><td style='padding:3px 6px;'>อ้อยปลายฝน</td></tr><tr><td style='padding:3px 6px; font-weight:bold; background-color:#f2f2f2;'>พื้นที่ปลูก</td><td style='padding:3px 6px;'>17.06</td></tr><tr><td style='padding:3px 6px; font-weight:bold; background-color:#f2f2f2;'>ศูนย์</td><td style='padding:3px 6px;'>K2-31</td></tr><tr><td style='padding:3px 6px; font-weight:bold; background-color:#f2f2f2;'>นักเกษตร</td><td style='padding:3px 6px;'>3101</td></tr><tr><td style='padding:3px 6px; font-weight:bold; background-color:#f2f2f2;'>กลุ่ม</td><td style='padding:3px 6px;'>กลุ่ม_31</td></tr></table></div>]]></description>
      <styleUrl>#style_31_004</styleUrl>
      <MultiGeometry><Polygon><outerBoundaryIs><LinearRing><coordinates>103.7507317,14.6140717,0 103.7506000,14.6136467,0 103.7506050,14.6132500,0 103.7495317,14.6132917,0 103.7485717,14.6133633,0 103.7488400,14.6144267,0 103.7489617,14.6146850,0 103.7494350,14.6146100,0 103.7495100,14.6145767,0 103.7496700,14.6145600,0 103.7497517,14.6145400,0 103.7499983,14.6144333,0 103.7505850,14.6141483,0 103.7507317,14.6140717,0</coordinates></LinearRing></outerBoundaryIs></Polygon></MultiGeometry>
    </Placemark>
    <Placemark>
      <name>321002091524</name>
      <description><![CDATA[<div style='font-family:Tahoma,sans-serif; font-size:13px;'><h3 style='color:#1565C0; margin:4px 0;'>รหัส: 321002091524</h3><p style='margin:2px 0;'><b>กลุ่มรถไถ:</b> 31_004</p><table border='1' style='border-collapse:collapse; border-color:#ccc; width:100%;'><tr><td style='padding:3px 6px; font-weight:bold; background-color:#f2f2f2;'>ปีการผลิต</td><td style='padding:3px 6px;'>257071</td></tr><tr><td style='padding:3px 6px; font-weight:bold; background-color:#f2f2f2;'>รหัสกลุ่มรถไถ</td><td style='padding:3px 6px;'>31/004</td></tr><tr><td style='padding:3px 6px; font-weight:bold; background-color:#f2f2f2;'>โควตาชาวไร่</td><td style='padding:3px 6px;'>730295</td></tr><tr><td style='padding:3px 6px; font-weight:bold; background-color:#f2f2f2;'>ชื่อ-นามสกุล</td><td style='padding:3px 6px;'>นาย สุเขียน สมบัติวงค์</td></tr><tr><td style='padding:3px 6px; font-weight:bold; background-color:#f2f2f2;'>111</td><td style='padding:3px 6px;'>321002091524</td></tr><tr><td style='padding:3px 6px; font-weight:bold; background-color:#f2f2f2;'>ประเภทอ้อย</td><td style='padding:3px 6px;'>อ้อยปลายฝน</td></tr><tr><td style='padding:3px 6px; font-weight:bold; background-color:#f2f2f2;'>พื้นที่ปลูก</td><td style='padding:3px 6px;'>6.09</td></tr><tr><td style='padding:3px 6px; font-weight:bold; background-color:#f2f2f2;'>ศูนย์</td><td style='padding:3px 6px;'>K2-31</td></tr><tr><td style='padding:3px 6px; font-weight:bold; background-color:#f2f2f2;'>นักเกษตร</td><td style='padding:3px 6px;'>3104</td></tr><tr><td style='padding:3px 6px; font-weight:bold; background-color:#f2f2f2;'>กลุ่ม</td><td style='padding:3px 6px;'>กลุ่ม_31</td></tr></table></div>]]></description>
      <styleUrl>#style_31_004</styleUrl>
      <MultiGeometry><Polygon><outerBoundaryIs><LinearRing><coordinates>103.8820002,14.6612408,0 103.8816005,14.6605458,0 103.8809695,14.6608474,0 103.8811976,14.6612574,0 103.8804975,14.6616055,0 103.8806353,14.6618671,0 103.8815040,14.6614921,0 103.8815579,14.6614427,0 103.8820002,14.6612408,0</coordinates></LinearRing></outerBoundaryIs></Polygon></MultiGeometry>
    </Placemark>
    <Placemark>
      <name>321002091508</name>
      <description><![CDATA[<div style='font-family:Tahoma,sans-serif; font-size:13px;'><h3 style='color:#1565C0; margin:4px 0;'>รหัส: 321002091508</h3><p style='margin:2px 0;'><b>กลุ่มรถไถ:</b> 31_004</p><table border='1' style='border-collapse:collapse; border-color:#ccc; width:100%;'><tr><td style='padding:3px 6px; font-weight:bold; background-color:#f2f2f2;'>ปีการผลิต</td><td style='padding:3px 6px;'>257071</td></tr><tr><td style='padding:3px 6px; font-weight:bold; background-color:#f2f2f2;'>รหัสกลุ่มรถไถ</td><td style='padding:3px 6px;'>31/004</td></tr><tr><td style='padding:3px 6px; font-weight:bold; background-color:#f2f2f2;'>โควตาชาวไร่</td><td style='padding:3px 6px;'>730663</td></tr><tr><td style='padding:3px 6px; font-weight:bold; background-color:#f2f2f2;'>ชื่อ-นามสกุล</td><td style='padding:3px 6px;'>นาย มี ร่วมสนุก</td></tr><tr><td style='padding:3px 6px; font-weight:bold; background-color:#f2f2f2;'>111</td><td style='padding:3px 6px;'>321002091508</td></tr><tr><td style='padding:3px 6px; font-weight:bold; background-color:#f2f2f2;'>ประเภทอ้อย</td><td style='padding:3px 6px;'>อ้อยปลายฝน</td></tr><tr><td style='padding:3px 6px; font-weight:bold; background-color:#f2f2f2;'>พื้นที่ปลูก</td><td style='padding:3px 6px;'>2.62</td></tr><tr><td style='padding:3px 6px; font-weight:bold; background-color:#f2f2f2;'>ศูนย์</td><td style='padding:3px 6px;'>K2-31</td></tr><tr><td style='padding:3px 6px; font-weight:bold; background-color:#f2f2f2;'>นักเกษตร</td><td style='padding:3px 6px;'>3104</td></tr><tr><td style='padding:3px 6px; font-weight:bold; background-color:#f2f2f2;'>กลุ่ม</td><td style='padding:3px 6px;'>กลุ่ม_31</td></tr></table></div>]]></description>
      <styleUrl>#style_31_004</styleUrl>
      <MultiGeometry><Polygon><outerBoundaryIs><LinearRing><coordinates>103.8888944,14.6720747,0 103.8885674,14.6720167,0 103.8885688,14.6722480,0 103.8886589,14.6730805,0 103.8890018,14.6730483,0 103.8888944,14.6720747,0</coordinates></LinearRing></outerBoundaryIs></Polygon></MultiGeometry>
    </Placemark>
    <Placemark>
      <name>321001100181</name>
      <description><![CDATA[<div style='font-family:Tahoma,sans-serif; font-size:13px;'><h3 style='color:#1565C0; margin:4px 0;'>รหัส: 321001100181</h3><p style='margin:2px 0;'><b>กลุ่มรถไถ:</b> 31_004</p><table border='1' style='border-collapse:collapse; border-color:#ccc; width:100%;'><tr><td style='padding:3px 6px; font-weight:bold; background-color:#f2f2f2;'>ปีการผลิต</td><td style='padding:3px 6px;'>257071</td></tr><tr><td style='padding:3px 6px; font-weight:bold; background-color:#f2f2f2;'>รหัสกลุ่มรถไถ</td><td style='padding:3px 6px;'>31/004</td></tr><tr><td style='padding:3px 6px; font-weight:bold; background-color:#f2f2f2;'>โควตาชาวไร่</td><td style='padding:3px 6px;'>731535</td></tr><tr><td style='padding:3px 6px; font-weight:bold; background-color:#f2f2f2;'>ชื่อ-นามสกุล</td><td style='padding:3px 6px;'>นาย จันดี สาธร</td></tr><tr><td style='padding:3px 6px; font-weight:bold; background-color:#f2f2f2;'>111</td><td style='padding:3px 6px;'>321001100181</td></tr><tr><td style='padding:3px 6px; font-weight:bold; background-color:#f2f2f2;'>ประเภทอ้อย</td><td style='padding:3px 6px;'>อ้อยปลายฝน</td></tr><tr><td style='padding:3px 6px; font-weight:bold; background-color:#f2f2f2;'>พื้นที่ปลูก</td><td style='padding:3px 6px;'>6.04</td></tr><tr><td style='padding:3px 6px; font-weight:bold; background-color:#f2f2f2;'>ศูนย์</td><td style='padding:3px 6px;'>K2-31</td></tr><tr><td style='padding:3px 6px; font-weight:bold; background-color:#f2f2f2;'>นักเกษตร</td><td style='padding:3px 6px;'>3104</td></tr><tr><td style='padding:3px 6px; font-weight:bold; background-color:#f2f2f2;'>กลุ่ม</td><td style='padding:3px 6px;'>กลุ่ม_31</td></tr></table></div>]]></description>
      <styleUrl>#style_31_004</styleUrl>
      <MultiGeometry><Polygon><outerBoundaryIs><LinearRing><coordinates>103.9324261,14.6433187,0 103.9328111,14.6433106,0 103.9328057,14.6416058,0 103.9322749,14.6414840,0 103.9324261,14.6433187,0</coordinates></LinearRing></outerBoundaryIs></Polygon></MultiGeometry>
    </Placemark>
    <Placemark>
      <name>321001101531</name>
      <description><![CDATA[<div style='font-family:Tahoma,sans-serif; font-size:13px;'><h3 style='color:#1565C0; margin:4px 0;'>รหัส: 321001101531</h3><p style='margin:2px 0;'><b>กลุ่มรถไถ:</b> 31_004</p><table border='1' style='border-collapse:collapse; border-color:#ccc; width:100%;'><tr><td style='padding:3px 6px; font-weight:bold; background-color:#f2f2f2;'>ปีการผลิต</td><td style='padding:3px 6px;'>257071</td></tr><tr><td style='padding:3px 6px; font-weight:bold; background-color:#f2f2f2;'>รหัสกลุ่มรถไถ</td><td style='padding:3px 6px;'>31/004</td></tr><tr><td style='padding:3px 6px; font-weight:bold; background-color:#f2f2f2;'>โควตาชาวไร่</td><td style='padding:3px 6px;'>731535</td></tr><tr><td style='padding:3px 6px; font-weight:bold; background-color:#f2f2f2;'>ชื่อ-นามสกุล</td><td style='padding:3px 6px;'>นาย จันดี สาธร</td></tr><tr><td style='padding:3px 6px; font-weight:bold; background-color:#f2f2f2;'>111</td><td style='padding:3px 6px;'>321001101531</td></tr><tr><td style='padding:3px 6px; font-weight:bold; background-color:#f2f2f2;'>ประเภทอ้อย</td><td style='padding:3px 6px;'>อ้อยปลายฝน</td></tr><tr><td style='padding:3px 6px; font-weight:bold; background-color:#f2f2f2;'>พื้นที่ปลูก</td><td style='padding:3px 6px;'>10.44</td></tr><tr><td style='padding:3px 6px; font-weight:bold; background-color:#f2f2f2;'>ศูนย์</td><td style='padding:3px 6px;'>K2-31</td></tr><tr><td style='padding:3px 6px; font-weight:bold; background-color:#f2f2f2;'>นักเกษตร</td><td style='padding:3px 6px;'>3104</td></tr><tr><td style='padding:3px 6px; font-weight:bold; background-color:#f2f2f2;'>กลุ่ม</td><td style='padding:3px 6px;'>กลุ่ม_31</td></tr></table></div>]]></description>
      <styleUrl>#style_31_004</styleUrl>
      <MultiGeometry><Polygon><outerBoundaryIs><LinearRing><coordinates>103.9273601,14.6514907,0 103.9273352,14.6523134,0 103.9273010,14.6530067,0 103.9280049,14.6528649,0 103.9282400,14.6528098,0 103.9283161,14.6527959,0 103.9283202,14.6521275,0 103.9283611,14.6516727,0 103.9281741,14.6516014,0 103.9280849,14.6515821,0 103.9278577,14.6514551,0 103.9275481,14.6513312,0 103.9275273,14.6514954,0 103.9273601,14.6514907,0</coordinates></LinearRing></outerBoundaryIs></Polygon></MultiGeometry>
    </Placemark>
    <Placemark>
      <name>321001100136</name>
      <description><![CDATA[<div style='font-family:Tahoma,sans-serif; font-size:13px;'><h3 style='color:#1565C0; margin:4px 0;'>รหัส: 321001100136</h3><p style='margin:2px 0;'><b>กลุ่มรถไถ:</b> 31_004</p><table border='1' style='border-collapse:collapse; border-color:#ccc; width:100%;'><tr><td style='padding:3px 6px; font-weight:bold; background-color:#f2f2f2;'>ปีการผลิต</td><td style='padding:3px 6px;'>257071</td></tr><tr><td style='padding:3px 6px; font-weight:bold; background-color:#f2f2f2;'>รหัสกลุ่มรถไถ</td><td style='padding:3px 6px;'>31/004</td></tr><tr><td style='padding:3px 6px; font-weight:bold; background-color:#f2f2f2;'>โควตาชาวไร่</td><td style='padding:3px 6px;'>732033</td></tr><tr><td style='padding:3px 6px; font-weight:bold; background-color:#f2f2f2;'>ชื่อ-นามสกุล</td><td style='padding:3px 6px;'>นาย สมพงษ์ สายสินจน์</td></tr><tr><td style='padding:3px 6px; font-weight:bold; background-color:#f2f2f2;'>111</td><td style='padding:3px 6px;'>321001100136</td></tr><tr><td style='padding:3px 6px; font-weight:bold; background-color:#f2f2f2;'>ประเภทอ้อย</td><td style='padding:3px 6px;'>อ้อยปลายฝน</td></tr><tr><td style='padding:3px 6px; font-weight:bold; background-color:#f2f2f2;'>พื้นที่ปลูก</td><td style='padding:3px 6px;'>11.5</td></tr><tr><td style='padding:3px 6px; font-weight:bold; background-color:#f2f2f2;'>ศูนย์</td><td style='padding:3px 6px;'>K2-31</td></tr><tr><td style='padding:3px 6px; font-weight:bold; background-color:#f2f2f2;'>นักเกษตร</td><td style='padding:3px 6px;'>3104</td></tr><tr><td style='padding:3px 6px; font-weight:bold; background-color:#f2f2f2;'>กลุ่ม</td><td style='padding:3px 6px;'>กลุ่ม_31</td></tr></table></div>]]></description>
      <styleUrl>#style_31_004</styleUrl>
      <MultiGeometry><Polygon><outerBoundaryIs><LinearRing><coordinates>103.9324349,14.6539893,0 103.9330530,14.6543853,0 103.9339981,14.6516805,0 103.9336528,14.6515371,0 103.9324349,14.6539893,0</coordinates></LinearRing></outerBoundaryIs></Polygon></MultiGeometry>
    </Placemark>
    <Placemark>
      <name>321002070012</name>
      <description><![CDATA[<div style='font-family:Tahoma,sans-serif; font-size:13px;'><h3 style='color:#1565C0; margin:4px 0;'>รหัส: 321002070012</h3><p style='margin:2px 0;'><b>กลุ่มรถไถ:</b> 31_004</p><table border='1' style='border-collapse:collapse; border-color:#ccc; width:100%;'><tr><td style='padding:3px 6px; font-weight:bold; background-color:#f2f2f2;'>ปีการผลิต</td><td style='padding:3px 6px;'>257071</td></tr><tr><td style='padding:3px 6px; font-weight:bold; background-color:#f2f2f2;'>รหัสกลุ่มรถไถ</td><td style='padding:3px 6px;'>31/004</td></tr><tr><td style='padding:3px 6px; font-weight:bold; background-color:#f2f2f2;'>โควตาชาวไร่</td><td style='padding:3px 6px;'>732078</td></tr><tr><td style='padding:3px 6px; font-weight:bold; background-color:#f2f2f2;'>ชื่อ-นามสกุล</td><td style='padding:3px 6px;'>นาย เชื่อม บุญเจาะ</td></tr><tr><td style='padding:3px 6px; font-weight:bold; background-color:#f2f2f2;'>111</td><td style='padding:3px 6px;'>321002070012</td></tr><tr><td style='padding:3px 6px; font-weight:bold; background-color:#f2f2f2;'>ประเภทอ้อย</td><td style='padding:3px 6px;'>อ้อยปลายฝน</td></tr><tr><td style='padding:3px 6px; font-weight:bold; background-color:#f2f2f2;'>พื้นที่ปลูก</td><td style='padding:3px 6px;'>9.87</td></tr><tr><td style='padding:3px 6px; font-weight:bold; background-color:#f2f2f2;'>ศูนย์</td><td style='padding:3px 6px;'>K2-31</td></tr><tr><td style='padding:3px 6px; font-weight:bold; background-color:#f2f2f2;'>นักเกษตร</td><td style='padding:3px 6px;'>3104</td></tr><tr><td style='padding:3px 6px; font-weight:bold; background-color:#f2f2f2;'>กลุ่ม</td><td style='padding:3px 6px;'>กลุ่ม_31</td></tr></table></div>]]></description>
      <styleUrl>#style_31_004</styleUrl>
      <MultiGeometry><Polygon><outerBoundaryIs><LinearRing><coordinates>103.8762594,14.6786024,0 103.8763155,14.6775797,0 103.8765221,14.6772274,0 103.8755904,14.6770279,0 103.8754877,14.6775544,0 103.8754109,14.6787070,0 103.8758358,14.6786844,0 103.8758748,14.6786337,0 103.8762594,14.6786024,0</coordinates></LinearRing></outerBoundaryIs></Polygon></MultiGeometry>
    </Placemark>
    <Placemark>
      <name>321001100080</name>
      <description><![CDATA[<div style='font-family:Tahoma,sans-serif; font-size:13px;'><h3 style='color:#1565C0; margin:4px 0;'>รหัส: 321001100080</h3><p style='margin:2px 0;'><b>กลุ่มรถไถ:</b> 31_004</p><table border='1' style='border-collapse:collapse; border-color:#ccc; width:100%;'><tr><td style='padding:3px 6px; font-weight:bold; background-color:#f2f2f2;'>ปีการผลิต</td><td style='padding:3px 6px;'>257071</td></tr><tr><td style='padding:3px 6px; font-weight:bold; background-color:#f2f2f2;'>รหัสกลุ่มรถไถ</td><td style='padding:3px 6px;'>31/004</td></tr><tr><td style='padding:3px 6px; font-weight:bold; background-color:#f2f2f2;'>โควตาชาวไร่</td><td style='padding:3px 6px;'>732176</td></tr><tr><td style='padding:3px 6px; font-weight:bold; background-color:#f2f2f2;'>ชื่อ-นามสกุล</td><td style='padding:3px 6px;'>นาง จิตอารีย์ ทองลาย</td></tr><tr><td style='padding:3px 6px; font-weight:bold; background-color:#f2f2f2;'>111</td><td style='padding:3px 6px;'>321001100080</td></tr><tr><td style='padding:3px 6px; font-weight:bold; background-color:#f2f2f2;'>ประเภทอ้อย</td><td style='padding:3px 6px;'>อ้อยปลายฝน</td></tr><tr><td style='padding:3px 6px; font-weight:bold; background-color:#f2f2f2;'>พื้นที่ปลูก</td><td style='padding:3px 6px;'>4.41</td></tr><tr><td style='padding:3px 6px; font-weight:bold; background-color:#f2f2f2;'>ศูนย์</td><td style='padding:3px 6px;'>K2-31</td></tr><tr><td style='padding:3px 6px; font-weight:bold; background-color:#f2f2f2;'>นักเกษตร</td><td style='padding:3px 6px;'>3104</td></tr><tr><td style='padding:3px 6px; font-weight:bold; background-color:#f2f2f2;'>กลุ่ม</td><td style='padding:3px 6px;'>กลุ่ม_31</td></tr></table></div>]]></description>
      <styleUrl>#style_31_004</styleUrl>
      <MultiGeometry><Polygon><outerBoundaryIs><LinearRing><coordinates>103.9248415,14.6500334,0 103.9249376,14.6524273,0 103.9251613,14.6524097,0 103.9251209,14.6501150,0 103.9248415,14.6500334,0</coordinates></LinearRing></outerBoundaryIs></Polygon></MultiGeometry>
    </Placemark>
    <Placemark>
      <name>321001100113</name>
      <description><![CDATA[<div style='font-family:Tahoma,sans-serif; font-size:13px;'><h3 style='color:#1565C0; margin:4px 0;'>รหัส: 321001100113</h3><p style='margin:2px 0;'><b>กลุ่มรถไถ:</b> 31_004</p><table border='1' style='border-collapse:collapse; border-color:#ccc; width:100%;'><tr><td style='padding:3px 6px; font-weight:bold; background-color:#f2f2f2;'>ปีการผลิต</td><td style='padding:3px 6px;'>257071</td></tr><tr><td style='padding:3px 6px; font-weight:bold; background-color:#f2f2f2;'>รหัสกลุ่มรถไถ</td><td style='padding:3px 6px;'>31/004</td></tr><tr><td style='padding:3px 6px; font-weight:bold; background-color:#f2f2f2;'>โควตาชาวไร่</td><td style='padding:3px 6px;'>732176</td></tr><tr><td style='padding:3px 6px; font-weight:bold; background-color:#f2f2f2;'>ชื่อ-นามสกุล</td><td style='padding:3px 6px;'>นาง จิตอารีย์ ทองลาย</td></tr><tr><td style='padding:3px 6px; font-weight:bold; background-color:#f2f2f2;'>111</td><td style='padding:3px 6px;'>321001100113</td></tr><tr><td style='padding:3px 6px; font-weight:bold; background-color:#f2f2f2;'>ประเภทอ้อย</td><td style='padding:3px 6px;'>อ้อยปลายฝน</td></tr><tr><td style='padding:3px 6px; font-weight:bold; background-color:#f2f2f2;'>พื้นที่ปลูก</td><td style='padding:3px 6px;'>4.22</td></tr><tr><td style='padding:3px 6px; font-weight:bold; background-color:#f2f2f2;'>ศูนย์</td><td style='padding:3px 6px;'>K2-31</td></tr><tr><td style='padding:3px 6px; font-weight:bold; background-color:#f2f2f2;'>นักเกษตร</td><td style='padding:3px 6px;'>3104</td></tr><tr><td style='padding:3px 6px; font-weight:bold; background-color:#f2f2f2;'>กลุ่ม</td><td style='padding:3px 6px;'>กลุ่ม_31</td></tr></table></div>]]></description>
      <styleUrl>#style_31_004</styleUrl>
      <MultiGeometry><Polygon><outerBoundaryIs><LinearRing><coordinates>103.9248355,14.6501654,0 103.9246539,14.6501841,0 103.9246206,14.6510669,0 103.9246111,14.6516395,0 103.9246108,14.6519194,0 103.9246786,14.6524158,0 103.9249361,14.6523812,0 103.9248616,14.6509464,0 103.9248548,14.6504830,0 103.9248355,14.6501654,0</coordinates></LinearRing></outerBoundaryIs></Polygon></MultiGeometry>
    </Placemark>
    <Placemark>
      <name>321001100108</name>
      <description><![CDATA[<div style='font-family:Tahoma,sans-serif; font-size:13px;'><h3 style='color:#1565C0; margin:4px 0;'>รหัส: 321001100108</h3><p style='margin:2px 0;'><b>กลุ่มรถไถ:</b> 31_004</p><table border='1' style='border-collapse:collapse; border-color:#ccc; width:100%;'><tr><td style='padding:3px 6px; font-weight:bold; background-color:#f2f2f2;'>ปีการผลิต</td><td style='padding:3px 6px;'>257071</td></tr><tr><td style='padding:3px 6px; font-weight:bold; background-color:#f2f2f2;'>รหัสกลุ่มรถไถ</td><td style='padding:3px 6px;'>31/004</td></tr><tr><td style='padding:3px 6px; font-weight:bold; background-color:#f2f2f2;'>โควตาชาวไร่</td><td style='padding:3px 6px;'>732302</td></tr><tr><td style='padding:3px 6px; font-weight:bold; background-color:#f2f2f2;'>ชื่อ-นามสกุล</td><td style='padding:3px 6px;'>นาย สุชาติ สาธร</td></tr><tr><td style='padding:3px 6px; font-weight:bold; background-color:#f2f2f2;'>111</td><td style='padding:3px 6px;'>321001100108</td></tr><tr><td style='padding:3px 6px; font-weight:bold; background-color:#f2f2f2;'>ประเภทอ้อย</td><td style='padding:3px 6px;'>อ้อยปลายฝน</td></tr><tr><td style='padding:3px 6px; font-weight:bold; background-color:#f2f2f2;'>พื้นที่ปลูก</td><td style='padding:3px 6px;'>4.08</td></tr><tr><td style='padding:3px 6px; font-weight:bold; background-color:#f2f2f2;'>ศูนย์</td><td style='padding:3px 6px;'>K2-31</td></tr><tr><td style='padding:3px 6px; font-weight:bold; background-color:#f2f2f2;'>นักเกษตร</td><td style='padding:3px 6px;'>3104</td></tr><tr><td style='padding:3px 6px; font-weight:bold; background-color:#f2f2f2;'>กลุ่ม</td><td style='padding:3px 6px;'>กลุ่ม_31</td></tr></table></div>]]></description>
      <styleUrl>#style_31_004</styleUrl>
      <MultiGeometry><Polygon><outerBoundaryIs><LinearRing><coordinates>103.9294933,14.6544500,0 103.9290100,14.6543750,0 103.9287683,14.6552117,0 103.9287167,14.6555650,0 103.9291383,14.6555367,0 103.9294933,14.6544500,0</coordinates></LinearRing></outerBoundaryIs></Polygon></MultiGeometry>
    </Placemark>
    <Placemark>
      <name>321001071506</name>
      <description><![CDATA[<div style='font-family:Tahoma,sans-serif; font-size:13px;'><h3 style='color:#1565C0; margin:4px 0;'>รหัส: 321001071506</h3><p style='margin:2px 0;'><b>กลุ่มรถไถ:</b> 31_004</p><table border='1' style='border-collapse:collapse; border-color:#ccc; width:100%;'><tr><td style='padding:3px 6px; font-weight:bold; background-color:#f2f2f2;'>ปีการผลิต</td><td style='padding:3px 6px;'>257071</td></tr><tr><td style='padding:3px 6px; font-weight:bold; background-color:#f2f2f2;'>รหัสกลุ่มรถไถ</td><td style='padding:3px 6px;'>31/004</td></tr><tr><td style='padding:3px 6px; font-weight:bold; background-color:#f2f2f2;'>โควตาชาวไร่</td><td style='padding:3px 6px;'>732334</td></tr><tr><td style='padding:3px 6px; font-weight:bold; background-color:#f2f2f2;'>ชื่อ-นามสกุล</td><td style='padding:3px 6px;'>นาย สมาน สดใส</td></tr><tr><td style='padding:3px 6px; font-weight:bold; background-color:#f2f2f2;'>111</td><td style='padding:3px 6px;'>321001071506</td></tr><tr><td style='padding:3px 6px; font-weight:bold; background-color:#f2f2f2;'>ประเภทอ้อย</td><td style='padding:3px 6px;'>อ้อยปลายฝน</td></tr><tr><td style='padding:3px 6px; font-weight:bold; background-color:#f2f2f2;'>พื้นที่ปลูก</td><td style='padding:3px 6px;'>3.41</td></tr><tr><td style='padding:3px 6px; font-weight:bold; background-color:#f2f2f2;'>ศูนย์</td><td style='padding:3px 6px;'>K2-31</td></tr><tr><td style='padding:3px 6px; font-weight:bold; background-color:#f2f2f2;'>นักเกษตร</td><td style='padding:3px 6px;'>3104</td></tr><tr><td style='padding:3px 6px; font-weight:bold; background-color:#f2f2f2;'>กลุ่ม</td><td style='padding:3px 6px;'>กลุ่ม_31</td></tr></table></div>]]></description>
      <styleUrl>#style_31_004</styleUrl>
      <MultiGeometry><Polygon><outerBoundaryIs><LinearRing><coordinates>103.8924538,14.6444377,0 103.8924312,14.6443645,0 103.8922993,14.6443112,0 103.8919206,14.6445021,0 103.8916211,14.6446177,0 103.8913155,14.6447297,0 103.8904666,14.6449976,0 103.8905607,14.6453161,0 103.8924538,14.6444377,0</coordinates></LinearRing></outerBoundaryIs></Polygon></MultiGeometry>
    </Placemark>
    <Placemark>
      <name>321001071526</name>
      <description><![CDATA[<div style='font-family:Tahoma,sans-serif; font-size:13px;'><h3 style='color:#1565C0; margin:4px 0;'>รหัส: 321001071526</h3><p style='margin:2px 0;'><b>กลุ่มรถไถ:</b> 31_004</p><table border='1' style='border-collapse:collapse; border-color:#ccc; width:100%;'><tr><td style='padding:3px 6px; font-weight:bold; background-color:#f2f2f2;'>ปีการผลิต</td><td style='padding:3px 6px;'>257071</td></tr><tr><td style='padding:3px 6px; font-weight:bold; background-color:#f2f2f2;'>รหัสกลุ่มรถไถ</td><td style='padding:3px 6px;'>31/004</td></tr><tr><td style='padding:3px 6px; font-weight:bold; background-color:#f2f2f2;'>โควตาชาวไร่</td><td style='padding:3px 6px;'>732334</td></tr><tr><td style='padding:3px 6px; font-weight:bold; background-color:#f2f2f2;'>ชื่อ-นามสกุล</td><td style='padding:3px 6px;'>นาย สมาน สดใส</td></tr><tr><td style='padding:3px 6px; font-weight:bold; background-color:#f2f2f2;'>111</td><td style='padding:3px 6px;'>321001071526</td></tr><tr><td style='padding:3px 6px; font-weight:bold; background-color:#f2f2f2;'>ประเภทอ้อย</td><td style='padding:3px 6px;'>อ้อยปลายฝน</td></tr><tr><td style='padding:3px 6px; font-weight:bold; background-color:#f2f2f2;'>พื้นที่ปลูก</td><td style='padding:3px 6px;'>2.84</td></tr><tr><td style='padding:3px 6px; font-weight:bold; background-color:#f2f2f2;'>ศูนย์</td><td style='padding:3px 6px;'>K2-31</td></tr><tr><td style='padding:3px 6px; font-weight:bold; background-color:#f2f2f2;'>นักเกษตร</td><td style='padding:3px 6px;'>3104</td></tr><tr><td style='padding:3px 6px; font-weight:bold; background-color:#f2f2f2;'>กลุ่ม</td><td style='padding:3px 6px;'>กลุ่ม_31</td></tr></table></div>]]></description>
      <styleUrl>#style_31_004</styleUrl>
      <MultiGeometry><Polygon><outerBoundaryIs><LinearRing><coordinates>103.8926304,14.6443948,0 103.8925189,14.6440783,0 103.8912611,14.6445818,0 103.8904403,14.6448789,0 103.8904564,14.6450132,0 103.8913095,14.6447256,0 103.8916754,14.6446051,0 103.8919692,14.6444748,0 103.8923342,14.6443081,0 103.8924588,14.6443711,0 103.8924916,14.6444848,0 103.8926304,14.6443948,0</coordinates></LinearRing></outerBoundaryIs></Polygon></MultiGeometry>
    </Placemark>
    <Placemark>
      <name>321007121512</name>
      <description><![CDATA[<div style='font-family:Tahoma,sans-serif; font-size:13px;'><h3 style='color:#1565C0; margin:4px 0;'>รหัส: 321007121512</h3><p style='margin:2px 0;'><b>กลุ่มรถไถ:</b> 31_004</p><table border='1' style='border-collapse:collapse; border-color:#ccc; width:100%;'><tr><td style='padding:3px 6px; font-weight:bold; background-color:#f2f2f2;'>ปีการผลิต</td><td style='padding:3px 6px;'>257071</td></tr><tr><td style='padding:3px 6px; font-weight:bold; background-color:#f2f2f2;'>รหัสกลุ่มรถไถ</td><td style='padding:3px 6px;'>31/004</td></tr><tr><td style='padding:3px 6px; font-weight:bold; background-color:#f2f2f2;'>โควตาชาวไร่</td><td style='padding:3px 6px;'>732342</td></tr><tr><td style='padding:3px 6px; font-weight:bold; background-color:#f2f2f2;'>ชื่อ-นามสกุล</td><td style='padding:3px 6px;'>นาย นวน จุมพิศ</td></tr><tr><td style='padding:3px 6px; font-weight:bold; background-color:#f2f2f2;'>111</td><td style='padding:3px 6px;'>321007121512</td></tr><tr><td style='padding:3px 6px; font-weight:bold; background-color:#f2f2f2;'>ประเภทอ้อย</td><td style='padding:3px 6px;'>อ้อยปลายฝน</td></tr><tr><td style='padding:3px 6px; font-weight:bold; background-color:#f2f2f2;'>พื้นที่ปลูก</td><td style='padding:3px 6px;'>4.73</td></tr><tr><td style='padding:3px 6px; font-weight:bold; background-color:#f2f2f2;'>ศูนย์</td><td style='padding:3px 6px;'>K2-31</td></tr><tr><td style='padding:3px 6px; font-weight:bold; background-color:#f2f2f2;'>นักเกษตร</td><td style='padding:3px 6px;'>3104</td></tr><tr><td style='padding:3px 6px; font-weight:bold; background-color:#f2f2f2;'>กลุ่ม</td><td style='padding:3px 6px;'>กลุ่ม_31</td></tr></table></div>]]></description>
      <styleUrl>#style_31_004</styleUrl>
      <MultiGeometry><Polygon><outerBoundaryIs><LinearRing><coordinates>103.9549800,14.6098283,0 103.9551950,14.6108300,0 103.9552600,14.6109150,0 103.9552267,14.6110033,0 103.9553667,14.6114117,0 103.9555967,14.6113433,0 103.9552500,14.6094067,0 103.9549683,14.6094550,0 103.9548700,14.6095017,0 103.9549800,14.6098283,0</coordinates></LinearRing></outerBoundaryIs></Polygon></MultiGeometry>
    </Placemark>
    <Placemark>
      <name>321007011517</name>
      <description><![CDATA[<div style='font-family:Tahoma,sans-serif; font-size:13px;'><h3 style='color:#1565C0; margin:4px 0;'>รหัส: 321007011517</h3><p style='margin:2px 0;'><b>กลุ่มรถไถ:</b> 31_004</p><table border='1' style='border-collapse:collapse; border-color:#ccc; width:100%;'><tr><td style='padding:3px 6px; font-weight:bold; background-color:#f2f2f2;'>ปีการผลิต</td><td style='padding:3px 6px;'>257071</td></tr><tr><td style='padding:3px 6px; font-weight:bold; background-color:#f2f2f2;'>รหัสกลุ่มรถไถ</td><td style='padding:3px 6px;'>31/004</td></tr><tr><td style='padding:3px 6px; font-weight:bold; background-color:#f2f2f2;'>โควตาชาวไร่</td><td style='padding:3px 6px;'>732666</td></tr><tr><td style='padding:3px 6px; font-weight:bold; background-color:#f2f2f2;'>ชื่อ-นามสกุล</td><td style='padding:3px 6px;'>นางสาว ณิชกานต์ ล้ำเลิศ</td></tr><tr><td style='padding:3px 6px; font-weight:bold; background-color:#f2f2f2;'>111</td><td style='padding:3px 6px;'>321007011517</td></tr><tr><td style='padding:3px 6px; font-weight:bold; background-color:#f2f2f2;'>ประเภทอ้อย</td><td style='padding:3px 6px;'>อ้อยปลายฝน</td></tr><tr><td style='padding:3px 6px; font-weight:bold; background-color:#f2f2f2;'>พื้นที่ปลูก</td><td style='padding:3px 6px;'>3.69</td></tr><tr><td style='padding:3px 6px; font-weight:bold; background-color:#f2f2f2;'>ศูนย์</td><td style='padding:3px 6px;'>K2-31</td></tr><tr><td style='padding:3px 6px; font-weight:bold; background-color:#f2f2f2;'>นักเกษตร</td><td style='padding:3px 6px;'>3104</td></tr><tr><td style='padding:3px 6px; font-weight:bold; background-color:#f2f2f2;'>กลุ่ม</td><td style='padding:3px 6px;'>กลุ่ม_31</td></tr></table></div>]]></description>
      <styleUrl>#style_31_004</styleUrl>
      <MultiGeometry><Polygon><outerBoundaryIs><LinearRing><coordinates>103.9447600,14.6678883,0 103.9450011,14.6689007,0 103.9455080,14.6688289,0 103.9452883,14.6680100,0 103.9451883,14.6680100,0 103.9451300,14.6678500,0 103.9447600,14.6678883,0</coordinates></LinearRing></outerBoundaryIs></Polygon></MultiGeometry>
    </Placemark>
    <Placemark>
      <name>321001101652</name>
      <description><![CDATA[<div style='font-family:Tahoma,sans-serif; font-size:13px;'><h3 style='color:#1565C0; margin:4px 0;'>รหัส: 321001101652</h3><p style='margin:2px 0;'><b>กลุ่มรถไถ:</b> 31_004</p><table border='1' style='border-collapse:collapse; border-color:#ccc; width:100%;'><tr><td style='padding:3px 6px; font-weight:bold; background-color:#f2f2f2;'>ปีการผลิต</td><td style='padding:3px 6px;'>257071</td></tr><tr><td style='padding:3px 6px; font-weight:bold; background-color:#f2f2f2;'>รหัสกลุ่มรถไถ</td><td style='padding:3px 6px;'>31/004</td></tr><tr><td style='padding:3px 6px; font-weight:bold; background-color:#f2f2f2;'>โควตาชาวไร่</td><td style='padding:3px 6px;'>732729</td></tr><tr><td style='padding:3px 6px; font-weight:bold; background-color:#f2f2f2;'>ชื่อ-นามสกุล</td><td style='padding:3px 6px;'>นาย เดช สาธร</td></tr><tr><td style='padding:3px 6px; font-weight:bold; background-color:#f2f2f2;'>111</td><td style='padding:3px 6px;'>321001101652</td></tr><tr><td style='padding:3px 6px; font-weight:bold; background-color:#f2f2f2;'>ประเภทอ้อย</td><td style='padding:3px 6px;'>อ้อยปลายฝน</td></tr><tr><td style='padding:3px 6px; font-weight:bold; background-color:#f2f2f2;'>พื้นที่ปลูก</td><td style='padding:3px 6px;'>3.38</td></tr><tr><td style='padding:3px 6px; font-weight:bold; background-color:#f2f2f2;'>ศูนย์</td><td style='padding:3px 6px;'>K2-31</td></tr><tr><td style='padding:3px 6px; font-weight:bold; background-color:#f2f2f2;'>นักเกษตร</td><td style='padding:3px 6px;'>3104</td></tr><tr><td style='padding:3px 6px; font-weight:bold; background-color:#f2f2f2;'>กลุ่ม</td><td style='padding:3px 6px;'>กลุ่ม_31</td></tr></table></div>]]></description>
      <styleUrl>#style_31_004</styleUrl>
      <MultiGeometry><Polygon><outerBoundaryIs><LinearRing><coordinates>103.9419713,14.6439355,0 103.9417121,14.6438943,0 103.9422487,14.6455320,0 103.9425499,14.6454617,0 103.9419713,14.6439355,0</coordinates></LinearRing></outerBoundaryIs></Polygon></MultiGeometry>
    </Placemark>
    <Placemark>
      <name>321002031518</name>
      <description><![CDATA[<div style='font-family:Tahoma,sans-serif; font-size:13px;'><h3 style='color:#1565C0; margin:4px 0;'>รหัส: 321002031518</h3><p style='margin:2px 0;'><b>กลุ่มรถไถ:</b> 31_004</p><table border='1' style='border-collapse:collapse; border-color:#ccc; width:100%;'><tr><td style='padding:3px 6px; font-weight:bold; background-color:#f2f2f2;'>ปีการผลิต</td><td style='padding:3px 6px;'>257071</td></tr><tr><td style='padding:3px 6px; font-weight:bold; background-color:#f2f2f2;'>รหัสกลุ่มรถไถ</td><td style='padding:3px 6px;'>31/004</td></tr><tr><td style='padding:3px 6px; font-weight:bold; background-color:#f2f2f2;'>โควตาชาวไร่</td><td style='padding:3px 6px;'>732737</td></tr><tr><td style='padding:3px 6px; font-weight:bold; background-color:#f2f2f2;'>ชื่อ-นามสกุล</td><td style='padding:3px 6px;'>นาย รังสรรค์ สีสอาด</td></tr><tr><td style='padding:3px 6px; font-weight:bold; background-color:#f2f2f2;'>111</td><td style='padding:3px 6px;'>321002031518</td></tr><tr><td style='padding:3px 6px; font-weight:bold; background-color:#f2f2f2;'>ประเภทอ้อย</td><td style='padding:3px 6px;'>อ้อยปลายฝน</td></tr><tr><td style='padding:3px 6px; font-weight:bold; background-color:#f2f2f2;'>พื้นที่ปลูก</td><td style='padding:3px 6px;'>14.76</td></tr><tr><td style='padding:3px 6px; font-weight:bold; background-color:#f2f2f2;'>ศูนย์</td><td style='padding:3px 6px;'>K2-31</td></tr><tr><td style='padding:3px 6px; font-weight:bold; background-color:#f2f2f2;'>นักเกษตร</td><td style='padding:3px 6px;'>3104</td></tr><tr><td style='padding:3px 6px; font-weight:bold; background-color:#f2f2f2;'>กลุ่ม</td><td style='padding:3px 6px;'>กลุ่ม_31</td></tr></table></div>]]></description>
      <styleUrl>#style_31_004</styleUrl>
      <MultiGeometry><Polygon><outerBoundaryIs><LinearRing><coordinates>103.9046617,14.7073800,0 103.9046233,14.7069783,0 103.9041833,14.7070050,0 103.9041750,14.7064317,0 103.9034867,14.7068217,0 103.9028083,14.7072350,0 103.9019050,14.7077717,0 103.9018983,14.7078067,0 103.9020033,14.7080550,0 103.9021150,14.7080717,0 103.9023500,14.7080200,0 103.9024000,14.7081033,0 103.9046617,14.7073800,0</coordinates></LinearRing></outerBoundaryIs></Polygon></MultiGeometry>
    </Placemark>
    <Placemark>
      <name>321002131513</name>
      <description><![CDATA[<div style='font-family:Tahoma,sans-serif; font-size:13px;'><h3 style='color:#1565C0; margin:4px 0;'>รหัส: 321002131513</h3><p style='margin:2px 0;'><b>กลุ่มรถไถ:</b> 31_004</p><table border='1' style='border-collapse:collapse; border-color:#ccc; width:100%;'><tr><td style='padding:3px 6px; font-weight:bold; background-color:#f2f2f2;'>ปีการผลิต</td><td style='padding:3px 6px;'>257071</td></tr><tr><td style='padding:3px 6px; font-weight:bold; background-color:#f2f2f2;'>รหัสกลุ่มรถไถ</td><td style='padding:3px 6px;'>31/004</td></tr><tr><td style='padding:3px 6px; font-weight:bold; background-color:#f2f2f2;'>โควตาชาวไร่</td><td style='padding:3px 6px;'>732741</td></tr><tr><td style='padding:3px 6px; font-weight:bold; background-color:#f2f2f2;'>ชื่อ-นามสกุล</td><td style='padding:3px 6px;'>นางสาว กัญญา วัดถุมา</td></tr><tr><td style='padding:3px 6px; font-weight:bold; background-color:#f2f2f2;'>111</td><td style='padding:3px 6px;'>321002131513</td></tr><tr><td style='padding:3px 6px; font-weight:bold; background-color:#f2f2f2;'>ประเภทอ้อย</td><td style='padding:3px 6px;'>อ้อยปลายฝน</td></tr><tr><td style='padding:3px 6px; font-weight:bold; background-color:#f2f2f2;'>พื้นที่ปลูก</td><td style='padding:3px 6px;'>13.54</td></tr><tr><td style='padding:3px 6px; font-weight:bold; background-color:#f2f2f2;'>ศูนย์</td><td style='padding:3px 6px;'>K2-31</td></tr><tr><td style='padding:3px 6px; font-weight:bold; background-color:#f2f2f2;'>นักเกษตร</td><td style='padding:3px 6px;'>3104</td></tr><tr><td style='padding:3px 6px; font-weight:bold; background-color:#f2f2f2;'>กลุ่ม</td><td style='padding:3px 6px;'>กลุ่ม_31</td></tr></table></div>]]></description>
      <styleUrl>#style_31_004</styleUrl>
      <MultiGeometry><Polygon><outerBoundaryIs><LinearRing><coordinates>103.9409683,14.7091717,0 103.9411400,14.7091317,0 103.9411650,14.7087367,0 103.9416383,14.7071667,0 103.9413767,14.7062550,0 103.9405333,14.7064500,0 103.9405533,14.7066317,0 103.9408000,14.7065567,0 103.9408300,14.7066250,0 103.9408917,14.7069983,0 103.9405767,14.7070933,0 103.9406733,14.7076767,0 103.9407183,14.7077700,0 103.9407433,14.7079733,0 103.9407767,14.7082067,0 103.9408067,14.7083317,0 103.9408683,14.7087033,0 103.9409067,14.7091150,0 103.9409683,14.7091717,0</coordinates></LinearRing></outerBoundaryIs></Polygon></MultiGeometry>
    </Placemark>
    <Placemark>
      <name>321002140002</name>
      <description><![CDATA[<div style='font-family:Tahoma,sans-serif; font-size:13px;'><h3 style='color:#1565C0; margin:4px 0;'>รหัส: 321002140002</h3><p style='margin:2px 0;'><b>กลุ่มรถไถ:</b> 31_004</p><table border='1' style='border-collapse:collapse; border-color:#ccc; width:100%;'><tr><td style='padding:3px 6px; font-weight:bold; background-color:#f2f2f2;'>ปีการผลิต</td><td style='padding:3px 6px;'>257071</td></tr><tr><td style='padding:3px 6px; font-weight:bold; background-color:#f2f2f2;'>รหัสกลุ่มรถไถ</td><td style='padding:3px 6px;'>31/004</td></tr><tr><td style='padding:3px 6px; font-weight:bold; background-color:#f2f2f2;'>โควตาชาวไร่</td><td style='padding:3px 6px;'>732985</td></tr><tr><td style='padding:3px 6px; font-weight:bold; background-color:#f2f2f2;'>ชื่อ-นามสกุล</td><td style='padding:3px 6px;'>นาย บุญทอง กะเสาทอง</td></tr><tr><td style='padding:3px 6px; font-weight:bold; background-color:#f2f2f2;'>111</td><td style='padding:3px 6px;'>321002140002</td></tr><tr><td style='padding:3px 6px; font-weight:bold; background-color:#f2f2f2;'>ประเภทอ้อย</td><td style='padding:3px 6px;'>อ้อยปลายฝน</td></tr><tr><td style='padding:3px 6px; font-weight:bold; background-color:#f2f2f2;'>พื้นที่ปลูก</td><td style='padding:3px 6px;'>6.51</td></tr><tr><td style='padding:3px 6px; font-weight:bold; background-color:#f2f2f2;'>ศูนย์</td><td style='padding:3px 6px;'>K2-31</td></tr><tr><td style='padding:3px 6px; font-weight:bold; background-color:#f2f2f2;'>นักเกษตร</td><td style='padding:3px 6px;'>3104</td></tr><tr><td style='padding:3px 6px; font-weight:bold; background-color:#f2f2f2;'>กลุ่ม</td><td style='padding:3px 6px;'>กลุ่ม_31</td></tr></table></div>]]></description>
      <styleUrl>#style_31_004</styleUrl>
      <MultiGeometry><Polygon><outerBoundaryIs><LinearRing><coordinates>103.8872132,14.7215106,0 103.8874579,14.7224140,0 103.8885457,14.7220972,0 103.8883440,14.7214994,0 103.8872132,14.7215106,0</coordinates></LinearRing></outerBoundaryIs></Polygon></MultiGeometry>
    </Placemark>
    <Placemark>
      <name>321002171507</name>
      <description><![CDATA[<div style='font-family:Tahoma,sans-serif; font-size:13px;'><h3 style='color:#1565C0; margin:4px 0;'>รหัส: 321002171507</h3><p style='margin:2px 0;'><b>กลุ่มรถไถ:</b> 31_004</p><table border='1' style='border-collapse:collapse; border-color:#ccc; width:100%;'><tr><td style='padding:3px 6px; font-weight:bold; background-color:#f2f2f2;'>ปีการผลิต</td><td style='padding:3px 6px;'>257071</td></tr><tr><td style='padding:3px 6px; font-weight:bold; background-color:#f2f2f2;'>รหัสกลุ่มรถไถ</td><td style='padding:3px 6px;'>31/004</td></tr><tr><td style='padding:3px 6px; font-weight:bold; background-color:#f2f2f2;'>โควตาชาวไร่</td><td style='padding:3px 6px;'>732985</td></tr><tr><td style='padding:3px 6px; font-weight:bold; background-color:#f2f2f2;'>ชื่อ-นามสกุล</td><td style='padding:3px 6px;'>นาย บุญทอง กะเสาทอง</td></tr><tr><td style='padding:3px 6px; font-weight:bold; background-color:#f2f2f2;'>111</td><td style='padding:3px 6px;'>321002171507</td></tr><tr><td style='padding:3px 6px; font-weight:bold; background-color:#f2f2f2;'>ประเภทอ้อย</td><td style='padding:3px 6px;'>อ้อยปลายฝน</td></tr><tr><td style='padding:3px 6px; font-weight:bold; background-color:#f2f2f2;'>พื้นที่ปลูก</td><td style='padding:3px 6px;'>7.18</td></tr><tr><td style='padding:3px 6px; font-weight:bold; background-color:#f2f2f2;'>ศูนย์</td><td style='padding:3px 6px;'>K2-31</td></tr><tr><td style='padding:3px 6px; font-weight:bold; background-color:#f2f2f2;'>นักเกษตร</td><td style='padding:3px 6px;'>3104</td></tr><tr><td style='padding:3px 6px; font-weight:bold; background-color:#f2f2f2;'>กลุ่ม</td><td style='padding:3px 6px;'>กลุ่ม_31</td></tr></table></div>]]></description>
      <styleUrl>#style_31_004</styleUrl>
      <MultiGeometry><Polygon><outerBoundaryIs><LinearRing><coordinates>103.8863749,14.7215240,0 103.8863287,14.7218461,0 103.8863334,14.7219728,0 103.8863531,14.7221890,0 103.8864217,14.7222993,0 103.8864509,14.7223856,0 103.8864571,14.7225697,0 103.8863826,14.7226412,0 103.8864394,14.7227153,0 103.8873801,14.7224407,0 103.8872090,14.7215723,0 103.8863749,14.7215240,0</coordinates></LinearRing></outerBoundaryIs></Polygon></MultiGeometry>
    </Placemark>
    <Placemark>
      <name>321010011551</name>
      <description><![CDATA[<div style='font-family:Tahoma,sans-serif; font-size:13px;'><h3 style='color:#1565C0; margin:4px 0;'>รหัส: 321010011551</h3><p style='margin:2px 0;'><b>กลุ่มรถไถ:</b> 31_004</p><table border='1' style='border-collapse:collapse; border-color:#ccc; width:100%;'><tr><td style='padding:3px 6px; font-weight:bold; background-color:#f2f2f2;'>ปีการผลิต</td><td style='padding:3px 6px;'>257071</td></tr><tr><td style='padding:3px 6px; font-weight:bold; background-color:#f2f2f2;'>รหัสกลุ่มรถไถ</td><td style='padding:3px 6px;'>31/004</td></tr><tr><td style='padding:3px 6px; font-weight:bold; background-color:#f2f2f2;'>โควตาชาวไร่</td><td style='padding:3px 6px;'>734843</td></tr><tr><td style='padding:3px 6px; font-weight:bold; background-color:#f2f2f2;'>ชื่อ-นามสกุล</td><td style='padding:3px 6px;'>น.ส. ปทุมวัน แว่นลด</td></tr><tr><td style='padding:3px 6px; font-weight:bold; background-color:#f2f2f2;'>111</td><td style='padding:3px 6px;'>321010011551</td></tr><tr><td style='padding:3px 6px; font-weight:bold; background-color:#f2f2f2;'>ประเภทอ้อย</td><td style='padding:3px 6px;'>อ้อยปลายฝน</td></tr><tr><td style='padding:3px 6px; font-weight:bold; background-color:#f2f2f2;'>พื้นที่ปลูก</td><td style='padding:3px 6px;'>9.04</td></tr><tr><td style='padding:3px 6px; font-weight:bold; background-color:#f2f2f2;'>ศูนย์</td><td style='padding:3px 6px;'>K2-31</td></tr><tr><td style='padding:3px 6px; font-weight:bold; background-color:#f2f2f2;'>นักเกษตร</td><td style='padding:3px 6px;'>3101</td></tr><tr><td style='padding:3px 6px; font-weight:bold; background-color:#f2f2f2;'>กลุ่ม</td><td style='padding:3px 6px;'>กลุ่ม_31</td></tr></table></div>]]></description>
      <styleUrl>#style_31_004</styleUrl>
      <MultiGeometry><Polygon><outerBoundaryIs><LinearRing><coordinates>103.7647800,14.6299683,0 103.7649517,14.6303367,0 103.7674300,14.6293700,0 103.7673833,14.6290950,0 103.7673283,14.6290950,0 103.7673283,14.6291650,0 103.7669633,14.6292933,0 103.7669133,14.6291117,0 103.7672850,14.6289683,0 103.7673283,14.6290900,0 103.7673700,14.6290700,0 103.7673200,14.6288333,0 103.7647800,14.6299683,0</coordinates></LinearRing></outerBoundaryIs></Polygon></MultiGeometry>
    </Placemark>
    <Placemark>
      <name>321002011556</name>
      <description><![CDATA[<div style='font-family:Tahoma,sans-serif; font-size:13px;'><h3 style='color:#1565C0; margin:4px 0;'>รหัส: 321002011556</h3><p style='margin:2px 0;'><b>กลุ่มรถไถ:</b> 31_004</p><table border='1' style='border-collapse:collapse; border-color:#ccc; width:100%;'><tr><td style='padding:3px 6px; font-weight:bold; background-color:#f2f2f2;'>ปีการผลิต</td><td style='padding:3px 6px;'>257071</td></tr><tr><td style='padding:3px 6px; font-weight:bold; background-color:#f2f2f2;'>รหัสกลุ่มรถไถ</td><td style='padding:3px 6px;'>31/004</td></tr><tr><td style='padding:3px 6px; font-weight:bold; background-color:#f2f2f2;'>โควตาชาวไร่</td><td style='padding:3px 6px;'>735007</td></tr><tr><td style='padding:3px 6px; font-weight:bold; background-color:#f2f2f2;'>ชื่อ-นามสกุล</td><td style='padding:3px 6px;'>นาย เพ็ชร โพธิ์เงิน</td></tr><tr><td style='padding:3px 6px; font-weight:bold; background-color:#f2f2f2;'>111</td><td style='padding:3px 6px;'>321002011556</td></tr><tr><td style='padding:3px 6px; font-weight:bold; background-color:#f2f2f2;'>ประเภทอ้อย</td><td style='padding:3px 6px;'>อ้อยปลายฝน</td></tr><tr><td style='padding:3px 6px; font-weight:bold; background-color:#f2f2f2;'>พื้นที่ปลูก</td><td style='padding:3px 6px;'>2.56</td></tr><tr><td style='padding:3px 6px; font-weight:bold; background-color:#f2f2f2;'>ศูนย์</td><td style='padding:3px 6px;'>K2-31</td></tr><tr><td style='padding:3px 6px; font-weight:bold; background-color:#f2f2f2;'>นักเกษตร</td><td style='padding:3px 6px;'>3104</td></tr><tr><td style='padding:3px 6px; font-weight:bold; background-color:#f2f2f2;'>กลุ่ม</td><td style='padding:3px 6px;'>กลุ่ม_31</td></tr></table></div>]]></description>
      <styleUrl>#style_31_004</styleUrl>
      <MultiGeometry><Polygon><outerBoundaryIs><LinearRing><coordinates>103.9041833,14.7344867,0 103.9041750,14.7343033,0 103.9024767,14.7343850,0 103.9024733,14.7346017,0 103.9041833,14.7344867,0</coordinates></LinearRing></outerBoundaryIs></Polygon></MultiGeometry>
    </Placemark>
    <Placemark>
      <name>321002091549</name>
      <description><![CDATA[<div style='font-family:Tahoma,sans-serif; font-size:13px;'><h3 style='color:#1565C0; margin:4px 0;'>รหัส: 321002091549</h3><p style='margin:2px 0;'><b>กลุ่มรถไถ:</b> 31_004</p><table border='1' style='border-collapse:collapse; border-color:#ccc; width:100%;'><tr><td style='padding:3px 6px; font-weight:bold; background-color:#f2f2f2;'>ปีการผลิต</td><td style='padding:3px 6px;'>257071</td></tr><tr><td style='padding:3px 6px; font-weight:bold; background-color:#f2f2f2;'>รหัสกลุ่มรถไถ</td><td style='padding:3px 6px;'>31/004</td></tr><tr><td style='padding:3px 6px; font-weight:bold; background-color:#f2f2f2;'>โควตาชาวไร่</td><td style='padding:3px 6px;'>735010</td></tr><tr><td style='padding:3px 6px; font-weight:bold; background-color:#f2f2f2;'>ชื่อ-นามสกุล</td><td style='padding:3px 6px;'>น.ส. สุภาพร ไชยสุวรรณ</td></tr><tr><td style='padding:3px 6px; font-weight:bold; background-color:#f2f2f2;'>111</td><td style='padding:3px 6px;'>321002091549</td></tr><tr><td style='padding:3px 6px; font-weight:bold; background-color:#f2f2f2;'>ประเภทอ้อย</td><td style='padding:3px 6px;'>อ้อยปลายฝน</td></tr><tr><td style='padding:3px 6px; font-weight:bold; background-color:#f2f2f2;'>พื้นที่ปลูก</td><td style='padding:3px 6px;'>5.49</td></tr><tr><td style='padding:3px 6px; font-weight:bold; background-color:#f2f2f2;'>ศูนย์</td><td style='padding:3px 6px;'>K2-31</td></tr><tr><td style='padding:3px 6px; font-weight:bold; background-color:#f2f2f2;'>นักเกษตร</td><td style='padding:3px 6px;'>3104</td></tr><tr><td style='padding:3px 6px; font-weight:bold; background-color:#f2f2f2;'>กลุ่ม</td><td style='padding:3px 6px;'>กลุ่ม_31</td></tr></table></div>]]></description>
      <styleUrl>#style_31_004</styleUrl>
      <MultiGeometry><Polygon><outerBoundaryIs><LinearRing><coordinates>103.8748517,14.6761100,0 103.8756717,14.6761467,0 103.8757367,14.6753867,0 103.8757483,14.6753017,0 103.8750250,14.6753083,0 103.8747717,14.6753600,0 103.8748517,14.6761100,0</coordinates></LinearRing></outerBoundaryIs></Polygon></MultiGeometry>
    </Placemark>
    <Placemark>
      <name>321002161528</name>
      <description><![CDATA[<div style='font-family:Tahoma,sans-serif; font-size:13px;'><h3 style='color:#1565C0; margin:4px 0;'>รหัส: 321002161528</h3><p style='margin:2px 0;'><b>กลุ่มรถไถ:</b> 31_004</p><table border='1' style='border-collapse:collapse; border-color:#ccc; width:100%;'><tr><td style='padding:3px 6px; font-weight:bold; background-color:#f2f2f2;'>ปีการผลิต</td><td style='padding:3px 6px;'>257071</td></tr><tr><td style='padding:3px 6px; font-weight:bold; background-color:#f2f2f2;'>รหัสกลุ่มรถไถ</td><td style='padding:3px 6px;'>31/004</td></tr><tr><td style='padding:3px 6px; font-weight:bold; background-color:#f2f2f2;'>โควตาชาวไร่</td><td style='padding:3px 6px;'>735014</td></tr><tr><td style='padding:3px 6px; font-weight:bold; background-color:#f2f2f2;'>ชื่อ-นามสกุล</td><td style='padding:3px 6px;'>น.ส. วิระดา พูนทอง</td></tr><tr><td style='padding:3px 6px; font-weight:bold; background-color:#f2f2f2;'>111</td><td style='padding:3px 6px;'>321002161528</td></tr><tr><td style='padding:3px 6px; font-weight:bold; background-color:#f2f2f2;'>ประเภทอ้อย</td><td style='padding:3px 6px;'>อ้อยปลายฝน</td></tr><tr><td style='padding:3px 6px; font-weight:bold; background-color:#f2f2f2;'>พื้นที่ปลูก</td><td style='padding:3px 6px;'>1.92</td></tr><tr><td style='padding:3px 6px; font-weight:bold; background-color:#f2f2f2;'>ศูนย์</td><td style='padding:3px 6px;'>K2-31</td></tr><tr><td style='padding:3px 6px; font-weight:bold; background-color:#f2f2f2;'>นักเกษตร</td><td style='padding:3px 6px;'>3104</td></tr><tr><td style='padding:3px 6px; font-weight:bold; background-color:#f2f2f2;'>กลุ่ม</td><td style='padding:3px 6px;'>กลุ่ม_31</td></tr></table></div>]]></description>
      <styleUrl>#style_31_004</styleUrl>
      <MultiGeometry><Polygon><outerBoundaryIs><LinearRing><coordinates>103.8830867,14.6616517,0 103.8830517,14.6616267,0 103.8826983,14.6617183,0 103.8828517,14.6622767,0 103.8833267,14.6621800,0 103.8830867,14.6616517,0</coordinates></LinearRing></outerBoundaryIs></Polygon></MultiGeometry>
    </Placemark>
    <Placemark>
      <name>321001101696</name>
      <description><![CDATA[<div style='font-family:Tahoma,sans-serif; font-size:13px;'><h3 style='color:#1565C0; margin:4px 0;'>รหัส: 321001101696</h3><p style='margin:2px 0;'><b>กลุ่มรถไถ:</b> 31_004</p><table border='1' style='border-collapse:collapse; border-color:#ccc; width:100%;'><tr><td style='padding:3px 6px; font-weight:bold; background-color:#f2f2f2;'>ปีการผลิต</td><td style='padding:3px 6px;'>257071</td></tr><tr><td style='padding:3px 6px; font-weight:bold; background-color:#f2f2f2;'>รหัสกลุ่มรถไถ</td><td style='padding:3px 6px;'>31/004</td></tr><tr><td style='padding:3px 6px; font-weight:bold; background-color:#f2f2f2;'>โควตาชาวไร่</td><td style='padding:3px 6px;'>735015</td></tr><tr><td style='padding:3px 6px; font-weight:bold; background-color:#f2f2f2;'>ชื่อ-นามสกุล</td><td style='padding:3px 6px;'>น.ส. ชรินดา ไชยศรีษะ</td></tr><tr><td style='padding:3px 6px; font-weight:bold; background-color:#f2f2f2;'>111</td><td style='padding:3px 6px;'>321001101696</td></tr><tr><td style='padding:3px 6px; font-weight:bold; background-color:#f2f2f2;'>ประเภทอ้อย</td><td style='padding:3px 6px;'>อ้อยปลายฝน</td></tr><tr><td style='padding:3px 6px; font-weight:bold; background-color:#f2f2f2;'>พื้นที่ปลูก</td><td style='padding:3px 6px;'>5.2</td></tr><tr><td style='padding:3px 6px; font-weight:bold; background-color:#f2f2f2;'>ศูนย์</td><td style='padding:3px 6px;'>K2-31</td></tr><tr><td style='padding:3px 6px; font-weight:bold; background-color:#f2f2f2;'>นักเกษตร</td><td style='padding:3px 6px;'>3104</td></tr><tr><td style='padding:3px 6px; font-weight:bold; background-color:#f2f2f2;'>กลุ่ม</td><td style='padding:3px 6px;'>กลุ่ม_31</td></tr></table></div>]]></description>
      <styleUrl>#style_31_004</styleUrl>
      <MultiGeometry><Polygon><outerBoundaryIs><LinearRing><coordinates>103.9386133,14.6541417,0 103.9383067,14.6549200,0 103.9385933,14.6550000,0 103.9390950,14.6552100,0 103.9394050,14.6544367,0 103.9386133,14.6541417,0</coordinates></LinearRing></outerBoundaryIs></Polygon></MultiGeometry>
    </Placemark>
  </Folder>
</Document>
</kml>