<?xml version="1.0" encoding="UTF-8"?>
<kml xmlns="http://www.opengis.net/kml/2.2">
<Document>
  <name>กลุ่มคิว 11</name>
  <Style id="style_11_001">
    <LineStyle>
      <color>ff3539E5</color>
      <width>2.0</width>
    </LineStyle>
    <PolyStyle>
      <color>b33539E5</color>
    </PolyStyle>
  </Style>
  <Folder>
    <name>11_001</name>
    <Placemark>
      <name>320504080273</name>
      <description><![CDATA[<div style='font-family:Tahoma,sans-serif; font-size:13px;'><h3 style='color:#1565C0; margin:4px 0;'>รหัส: 320504080273</h3><p style='margin:2px 0;'><b>กลุ่มรถไถ:</b> 11_001</p><table border='1' style='border-collapse:collapse; border-color:#ccc; width:100%;'><tr><td style='padding:3px 6px; font-weight:bold; background-color:#f2f2f2;'>ปีการผลิต</td><td style='padding:3px 6px;'>257071</td></tr><tr><td style='padding:3px 6px; font-weight:bold; background-color:#f2f2f2;'>รหัสกลุ่มรถไถ</td><td style='padding:3px 6px;'>11/001</td></tr><tr><td style='padding:3px 6px; font-weight:bold; background-color:#f2f2f2;'>โควตาชาวไร่</td><td style='padding:3px 6px;'>710179</td></tr><tr><td style='padding:3px 6px; font-weight:bold; background-color:#f2f2f2;'>ชื่อ-นามสกุล</td><td style='padding:3px 6px;'>นาง สุลัย สติภา</td></tr><tr><td style='padding:3px 6px; font-weight:bold; background-color:#f2f2f2;'>111</td><td style='padding:3px 6px;'>320504080273</td></tr><tr><td style='padding:3px 6px; font-weight:bold; background-color:#f2f2f2;'>ประเภทอ้อย</td><td style='padding:3px 6px;'>อ้อยปลายฝน</td></tr><tr><td style='padding:3px 6px; font-weight:bold; background-color:#f2f2f2;'>พื้นที่ปลูก</td><td style='padding:3px 6px;'>7.17</td></tr><tr><td style='padding:3px 6px; font-weight:bold; background-color:#f2f2f2;'>ศูนย์</td><td style='padding:3px 6px;'>K2-11</td></tr><tr><td style='padding:3px 6px; font-weight:bold; background-color:#f2f2f2;'>นักเกษตร</td><td style='padding:3px 6px;'>1101</td></tr><tr><td style='padding:3px 6px; font-weight:bold; background-color:#f2f2f2;'>กลุ่ม</td><td style='padding:3px 6px;'>กลุ่ม_11</td></tr></table></div>]]></description>
      <styleUrl>#style_11_001</styleUrl>
      <MultiGeometry><Polygon><outerBoundaryIs><LinearRing><coordinates>103.2853233,14.6426367,0 103.2880567,14.6430050,0 103.2881103,14.6426753,0 103.2872783,14.6425417,0 103.2854300,14.6423017,0 103.2853667,14.6424167,0 103.2853233,14.6426367,0</coordinates></LinearRing></outerBoundaryIs></Polygon></MultiGeometry>
    </Placemark>
    <Placemark>
      <name>320504081703</name>
      <description><![CDATA[<div style='font-family:Tahoma,sans-serif; font-size:13px;'><h3 style='color:#1565C0; margin:4px 0;'>รหัส: 320504081703</h3><p style='margin:2px 0;'><b>กลุ่มรถไถ:</b> 11_001</p><table border='1' style='border-collapse:collapse; border-color:#ccc; width:100%;'><tr><td style='padding:3px 6px; font-weight:bold; background-color:#f2f2f2;'>ปีการผลิต</td><td style='padding:3px 6px;'>257071</td></tr><tr><td style='padding:3px 6px; font-weight:bold; background-color:#f2f2f2;'>รหัสกลุ่มรถไถ</td><td style='padding:3px 6px;'>11/001</td></tr><tr><td style='padding:3px 6px; font-weight:bold; background-color:#f2f2f2;'>โควตาชาวไร่</td><td style='padding:3px 6px;'>710179</td></tr><tr><td style='padding:3px 6px; font-weight:bold; background-color:#f2f2f2;'>ชื่อ-นามสกุล</td><td style='padding:3px 6px;'>นาง สุลัย สติภา</td></tr><tr><td style='padding:3px 6px; font-weight:bold; background-color:#f2f2f2;'>111</td><td style='padding:3px 6px;'>320504081703</td></tr><tr><td style='padding:3px 6px; font-weight:bold; background-color:#f2f2f2;'>ประเภทอ้อย</td><td style='padding:3px 6px;'>อ้อยปลายฝน</td></tr><tr><td style='padding:3px 6px; font-weight:bold; background-color:#f2f2f2;'>พื้นที่ปลูก</td><td style='padding:3px 6px;'>2.79</td></tr><tr><td style='padding:3px 6px; font-weight:bold; background-color:#f2f2f2;'>ศูนย์</td><td style='padding:3px 6px;'>K2-11</td></tr><tr><td style='padding:3px 6px; font-weight:bold; background-color:#f2f2f2;'>นักเกษตร</td><td style='padding:3px 6px;'>1101</td></tr><tr><td style='padding:3px 6px; font-weight:bold; background-color:#f2f2f2;'>กลุ่ม</td><td style='padding:3px 6px;'>กลุ่ม_11</td></tr></table></div>]]></description>
      <styleUrl>#style_11_001</styleUrl>
      <MultiGeometry><Polygon><outerBoundaryIs><LinearRing><coordinates>103.2842687,14.6483417,0 103.2842849,14.6480424,0 103.2831517,14.6478492,0 103.2831113,14.6481921,0 103.2842687,14.6483417,0</coordinates></LinearRing></outerBoundaryIs></Polygon></MultiGeometry>
    </Placemark>
    <Placemark>
      <name>320504060016</name>
      <description><![CDATA[<div style='font-family:Tahoma,sans-serif; font-size:13px;'><h3 style='color:#1565C0; margin:4px 0;'>รหัส: 320504060016</h3><p style='margin:2px 0;'><b>กลุ่มรถไถ:</b> 11_001</p><table border='1' style='border-collapse:collapse; border-color:#ccc; width:100%;'><tr><td style='padding:3px 6px; font-weight:bold; background-color:#f2f2f2;'>ปีการผลิต</td><td style='padding:3px 6px;'>257071</td></tr><tr><td style='padding:3px 6px; font-weight:bold; background-color:#f2f2f2;'>รหัสกลุ่มรถไถ</td><td style='padding:3px 6px;'>11/001</td></tr><tr><td style='padding:3px 6px; font-weight:bold; background-color:#f2f2f2;'>โควตาชาวไร่</td><td style='padding:3px 6px;'>710206</td></tr><tr><td style='padding:3px 6px; font-weight:bold; background-color:#f2f2f2;'>ชื่อ-นามสกุล</td><td style='padding:3px 6px;'>นาย จำเริญ มุตุมาจันทร์</td></tr><tr><td style='padding:3px 6px; font-weight:bold; background-color:#f2f2f2;'>111</td><td style='padding:3px 6px;'>320504060016</td></tr><tr><td style='padding:3px 6px; font-weight:bold; background-color:#f2f2f2;'>ประเภทอ้อย</td><td style='padding:3px 6px;'>อ้อยปลายฝน</td></tr><tr><td style='padding:3px 6px; font-weight:bold; background-color:#f2f2f2;'>พื้นที่ปลูก</td><td style='padding:3px 6px;'>11.93</td></tr><tr><td style='padding:3px 6px; font-weight:bold; background-color:#f2f2f2;'>ศูนย์</td><td style='padding:3px 6px;'>K2-11</td></tr><tr><td style='padding:3px 6px; font-weight:bold; background-color:#f2f2f2;'>นักเกษตร</td><td style='padding:3px 6px;'>1101</td></tr><tr><td style='padding:3px 6px; font-weight:bold; background-color:#f2f2f2;'>กลุ่ม</td><td style='padding:3px 6px;'>กลุ่ม_11</td></tr></table></div>]]></description>
      <styleUrl>#style_11_001</styleUrl>
      <MultiGeometry><Polygon><outerBoundaryIs><LinearRing><coordinates>103.3179367,14.6267550,0 103.3180750,14.6260800,0 103.3158183,14.6256200,0 103.3156550,14.6262883,0 103.3179367,14.6267550,0</coordinates></LinearRing></outerBoundaryIs></Polygon></MultiGeometry>
    </Placemark>
    <Placemark>
      <name>320504031636</name>
      <description><![CDATA[<div style='font-family:Tahoma,sans-serif; font-size:13px;'><h3 style='color:#1565C0; margin:4px 0;'>รหัส: 320504031636</h3><p style='margin:2px 0;'><b>กลุ่มรถไถ:</b> 11_001</p><table border='1' style='border-collapse:collapse; border-color:#ccc; width:100%;'><tr><td style='padding:3px 6px; font-weight:bold; background-color:#f2f2f2;'>ปีการผลิต</td><td style='padding:3px 6px;'>257071</td></tr><tr><td style='padding:3px 6px; font-weight:bold; background-color:#f2f2f2;'>รหัสกลุ่มรถไถ</td><td style='padding:3px 6px;'>11/001</td></tr><tr><td style='padding:3px 6px; font-weight:bold; background-color:#f2f2f2;'>โควตาชาวไร่</td><td style='padding:3px 6px;'>710235</td></tr><tr><td style='padding:3px 6px; font-weight:bold; background-color:#f2f2f2;'>ชื่อ-นามสกุล</td><td style='padding:3px 6px;'>นาง รัศมี พูนล้น</td></tr><tr><td style='padding:3px 6px; font-weight:bold; background-color:#f2f2f2;'>111</td><td style='padding:3px 6px;'>320504031636</td></tr><tr><td style='padding:3px 6px; font-weight:bold; background-color:#f2f2f2;'>ประเภทอ้อย</td><td style='padding:3px 6px;'>อ้อยปลายฝน</td></tr><tr><td style='padding:3px 6px; font-weight:bold; background-color:#f2f2f2;'>พื้นที่ปลูก</td><td style='padding:3px 6px;'>5.69</td></tr><tr><td style='padding:3px 6px; font-weight:bold; background-color:#f2f2f2;'>ศูนย์</td><td style='padding:3px 6px;'>K2-11</td></tr><tr><td style='padding:3px 6px; font-weight:bold; background-color:#f2f2f2;'>นักเกษตร</td><td style='padding:3px 6px;'>1101</td></tr><tr><td style='padding:3px 6px; font-weight:bold; background-color:#f2f2f2;'>กลุ่ม</td><td style='padding:3px 6px;'>กลุ่ม_11</td></tr></table></div>]]></description>
      <styleUrl>#style_11_001</styleUrl>
      <MultiGeometry><Polygon><outerBoundaryIs><LinearRing><coordinates>103.2890589,14.6330407,0 103.2890588,14.6328897,0 103.2883300,14.6328845,0 103.2870740,14.6329361,0 103.2862092,14.6329675,0 103.2852708,14.6330072,0 103.2846020,14.6329830,0 103.2845650,14.6331991,0 103.2851517,14.6331575,0 103.2858665,14.6331575,0 103.2868856,14.6331099,0 103.2877194,14.6330717,0 103.2881783,14.6330718,0 103.2890589,14.6330407,0</coordinates></LinearRing></outerBoundaryIs></Polygon></MultiGeometry>
    </Placemark>
    <Placemark>
      <name>320517081667</name>
      <description><![CDATA[<div style='font-family:Tahoma,sans-serif; font-size:13px;'><h3 style='color:#1565C0; margin:4px 0;'>รหัส: 320517081667</h3><p style='margin:2px 0;'><b>กลุ่มรถไถ:</b> 11_001</p><table border='1' style='border-collapse:collapse; border-color:#ccc; width:100%;'><tr><td style='padding:3px 6px; font-weight:bold; background-color:#f2f2f2;'>ปีการผลิต</td><td style='padding:3px 6px;'>257071</td></tr><tr><td style='padding:3px 6px; font-weight:bold; background-color:#f2f2f2;'>รหัสกลุ่มรถไถ</td><td style='padding:3px 6px;'>11/001</td></tr><tr><td style='padding:3px 6px; font-weight:bold; background-color:#f2f2f2;'>โควตาชาวไร่</td><td style='padding:3px 6px;'>710242</td></tr><tr><td style='padding:3px 6px; font-weight:bold; background-color:#f2f2f2;'>ชื่อ-นามสกุล</td><td style='padding:3px 6px;'>นาย ทวน ตินานพ</td></tr><tr><td style='padding:3px 6px; font-weight:bold; background-color:#f2f2f2;'>111</td><td style='padding:3px 6px;'>320517081667</td></tr><tr><td style='padding:3px 6px; font-weight:bold; background-color:#f2f2f2;'>ประเภทอ้อย</td><td style='padding:3px 6px;'>อ้อยปลายฝน</td></tr><tr><td style='padding:3px 6px; font-weight:bold; background-color:#f2f2f2;'>พื้นที่ปลูก</td><td style='padding:3px 6px;'>5.54</td></tr><tr><td style='padding:3px 6px; font-weight:bold; background-color:#f2f2f2;'>ศูนย์</td><td style='padding:3px 6px;'>K2-11</td></tr><tr><td style='padding:3px 6px; font-weight:bold; background-color:#f2f2f2;'>นักเกษตร</td><td style='padding:3px 6px;'>1107</td></tr><tr><td style='padding:3px 6px; font-weight:bold; background-color:#f2f2f2;'>กลุ่ม</td><td style='padding:3px 6px;'>กลุ่ม_11</td></tr></table></div>]]></description>
      <styleUrl>#style_11_001</styleUrl>
      <MultiGeometry><Polygon><outerBoundaryIs><LinearRing><coordinates>103.3488712,14.6855310,0 103.3490714,14.6871671,0 103.3495365,14.6870577,0 103.3493206,14.6855129,0 103.3488712,14.6855310,0</coordinates></LinearRing></outerBoundaryIs></Polygon></MultiGeometry>
    </Placemark>
    <Placemark>
      <name>320517071528</name>
      <description><![CDATA[<div style='font-family:Tahoma,sans-serif; font-size:13px;'><h3 style='color:#1565C0; margin:4px 0;'>รหัส: 320517071528</h3><p style='margin:2px 0;'><b>กลุ่มรถไถ:</b> 11_001</p><table border='1' style='border-collapse:collapse; border-color:#ccc; width:100%;'><tr><td style='padding:3px 6px; font-weight:bold; background-color:#f2f2f2;'>ปีการผลิต</td><td style='padding:3px 6px;'>257071</td></tr><tr><td style='padding:3px 6px; font-weight:bold; background-color:#f2f2f2;'>รหัสกลุ่มรถไถ</td><td style='padding:3px 6px;'>11/001</td></tr><tr><td style='padding:3px 6px; font-weight:bold; background-color:#f2f2f2;'>โควตาชาวไร่</td><td style='padding:3px 6px;'>710323</td></tr><tr><td style='padding:3px 6px; font-weight:bold; background-color:#f2f2f2;'>ชื่อ-นามสกุล</td><td style='padding:3px 6px;'>นาย เหลา ถือชัย</td></tr><tr><td style='padding:3px 6px; font-weight:bold; background-color:#f2f2f2;'>111</td><td style='padding:3px 6px;'>320517071528</td></tr><tr><td style='padding:3px 6px; font-weight:bold; background-color:#f2f2f2;'>ประเภทอ้อย</td><td style='padding:3px 6px;'>อ้อยปลายฝน</td></tr><tr><td style='padding:3px 6px; font-weight:bold; background-color:#f2f2f2;'>พื้นที่ปลูก</td><td style='padding:3px 6px;'>5.49</td></tr><tr><td style='padding:3px 6px; font-weight:bold; background-color:#f2f2f2;'>ศูนย์</td><td style='padding:3px 6px;'>K2-11</td></tr><tr><td style='padding:3px 6px; font-weight:bold; background-color:#f2f2f2;'>นักเกษตร</td><td style='padding:3px 6px;'>1106</td></tr><tr><td style='padding:3px 6px; font-weight:bold; background-color:#f2f2f2;'>กลุ่ม</td><td style='padding:3px 6px;'>กลุ่ม_11</td></tr></table></div>]]></description>
      <styleUrl>#style_11_001</styleUrl>
      <MultiGeometry><Polygon><outerBoundaryIs><LinearRing><coordinates>103.3357779,14.6984166,0 103.3364156,14.6984147,0 103.3360054,14.6971766,0 103.3355257,14.6973493,0 103.3356619,14.6984021,0 103.3357779,14.6984166,0</coordinates></LinearRing></outerBoundaryIs></Polygon></MultiGeometry>
    </Placemark>
    <Placemark>
      <name>310713061714</name>
      <description><![CDATA[<div style='font-family:Tahoma,sans-serif; font-size:13px;'><h3 style='color:#1565C0; margin:4px 0;'>รหัส: 310713061714</h3><p style='margin:2px 0;'><b>กลุ่มรถไถ:</b> 11_001</p><table border='1' style='border-collapse:collapse; border-color:#ccc; width:100%;'><tr><td style='padding:3px 6px; font-weight:bold; background-color:#f2f2f2;'>ปีการผลิต</td><td style='padding:3px 6px;'>257071</td></tr><tr><td style='padding:3px 6px; font-weight:bold; background-color:#f2f2f2;'>รหัสกลุ่มรถไถ</td><td style='padding:3px 6px;'>11/001</td></tr><tr><td style='padding:3px 6px; font-weight:bold; background-color:#f2f2f2;'>โควตาชาวไร่</td><td style='padding:3px 6px;'>710501</td></tr><tr><td style='padding:3px 6px; font-weight:bold; background-color:#f2f2f2;'>ชื่อ-นามสกุล</td><td style='padding:3px 6px;'>นาย เรียบ ชื่นชมยิ่ง</td></tr><tr><td style='padding:3px 6px; font-weight:bold; background-color:#f2f2f2;'>111</td><td style='padding:3px 6px;'>310713061714</td></tr><tr><td style='padding:3px 6px; font-weight:bold; background-color:#f2f2f2;'>ประเภทอ้อย</td><td style='padding:3px 6px;'>อ้อยปลายฝน</td></tr><tr><td style='padding:3px 6px; font-weight:bold; background-color:#f2f2f2;'>พื้นที่ปลูก</td><td style='padding:3px 6px;'>4.29</td></tr><tr><td style='padding:3px 6px; font-weight:bold; background-color:#f2f2f2;'>ศูนย์</td><td style='padding:3px 6px;'>K2-11</td></tr><tr><td style='padding:3px 6px; font-weight:bold; background-color:#f2f2f2;'>นักเกษตร</td><td style='padding:3px 6px;'>1106</td></tr><tr><td style='padding:3px 6px; font-weight:bold; background-color:#f2f2f2;'>กลุ่ม</td><td style='padding:3px 6px;'>กลุ่ม_11</td></tr></table></div>]]></description>
      <styleUrl>#style_11_001</styleUrl>
      <MultiGeometry><Polygon><outerBoundaryIs><LinearRing><coordinates>103.2483920,14.6627496,0 103.2483920,14.6627496,0 103.2492251,14.6626753,0 103.2489993,14.6619251,0 103.2481361,14.6622663,0 103.2483920,14.6627496,0</coordinates></LinearRing></outerBoundaryIs></Polygon></MultiGeometry>
    </Placemark>
    <Placemark>
      <name>320505071713</name>
      <description><![CDATA[<div style='font-family:Tahoma,sans-serif; font-size:13px;'><h3 style='color:#1565C0; margin:4px 0;'>รหัส: 320505071713</h3><p style='margin:2px 0;'><b>กลุ่มรถไถ:</b> 11_001</p><table border='1' style='border-collapse:collapse; border-color:#ccc; width:100%;'><tr><td style='padding:3px 6px; font-weight:bold; background-color:#f2f2f2;'>ปีการผลิต</td><td style='padding:3px 6px;'>257071</td></tr><tr><td style='padding:3px 6px; font-weight:bold; background-color:#f2f2f2;'>รหัสกลุ่มรถไถ</td><td style='padding:3px 6px;'>11/001</td></tr><tr><td style='padding:3px 6px; font-weight:bold; background-color:#f2f2f2;'>โควตาชาวไร่</td><td style='padding:3px 6px;'>710501</td></tr><tr><td style='padding:3px 6px; font-weight:bold; background-color:#f2f2f2;'>ชื่อ-นามสกุล</td><td style='padding:3px 6px;'>นาย เรียบ ชื่นชมยิ่ง</td></tr><tr><td style='padding:3px 6px; font-weight:bold; background-color:#f2f2f2;'>111</td><td style='padding:3px 6px;'>320505071713</td></tr><tr><td style='padding:3px 6px; font-weight:bold; background-color:#f2f2f2;'>ประเภทอ้อย</td><td style='padding:3px 6px;'>อ้อยปลายฝน</td></tr><tr><td style='padding:3px 6px; font-weight:bold; background-color:#f2f2f2;'>พื้นที่ปลูก</td><td style='padding:3px 6px;'>4.45</td></tr><tr><td style='padding:3px 6px; font-weight:bold; background-color:#f2f2f2;'>ศูนย์</td><td style='padding:3px 6px;'>K2-11</td></tr><tr><td style='padding:3px 6px; font-weight:bold; background-color:#f2f2f2;'>นักเกษตร</td><td style='padding:3px 6px;'>1106</td></tr><tr><td style='padding:3px 6px; font-weight:bold; background-color:#f2f2f2;'>กลุ่ม</td><td style='padding:3px 6px;'>กลุ่ม_11</td></tr></table></div>]]></description>
      <styleUrl>#style_11_001</styleUrl>
      <MultiGeometry><Polygon><outerBoundaryIs><LinearRing><coordinates>103.2481033,14.6633917,0 103.2493417,14.6632433,0 103.2493367,14.6631817,0 103.2492200,14.6628383,0 103.2492550,14.6627917,0 103.2492283,14.6627117,0 103.2483617,14.6627550,0 103.2481983,14.6632233,0 103.2481033,14.6633917,0</coordinates></LinearRing></outerBoundaryIs></Polygon></MultiGeometry>
    </Placemark>
    <Placemark>
      <name>320504031550</name>
      <description><![CDATA[<div style='font-family:Tahoma,sans-serif; font-size:13px;'><h3 style='color:#1565C0; margin:4px 0;'>รหัส: 320504031550</h3><p style='margin:2px 0;'><b>กลุ่มรถไถ:</b> 11_001</p><table border='1' style='border-collapse:collapse; border-color:#ccc; width:100%;'><tr><td style='padding:3px 6px; font-weight:bold; background-color:#f2f2f2;'>ปีการผลิต</td><td style='padding:3px 6px;'>257071</td></tr><tr><td style='padding:3px 6px; font-weight:bold; background-color:#f2f2f2;'>รหัสกลุ่มรถไถ</td><td style='padding:3px 6px;'>11/001</td></tr><tr><td style='padding:3px 6px; font-weight:bold; background-color:#f2f2f2;'>โควตาชาวไร่</td><td style='padding:3px 6px;'>710731</td></tr><tr><td style='padding:3px 6px; font-weight:bold; background-color:#f2f2f2;'>ชื่อ-นามสกุล</td><td style='padding:3px 6px;'>นาย สุรพงษ์ อนุทูล</td></tr><tr><td style='padding:3px 6px; font-weight:bold; background-color:#f2f2f2;'>111</td><td style='padding:3px 6px;'>320504031550</td></tr><tr><td style='padding:3px 6px; font-weight:bold; background-color:#f2f2f2;'>ประเภทอ้อย</td><td style='padding:3px 6px;'>อ้อยปลายฝน</td></tr><tr><td style='padding:3px 6px; font-weight:bold; background-color:#f2f2f2;'>พื้นที่ปลูก</td><td style='padding:3px 6px;'>10.43</td></tr><tr><td style='padding:3px 6px; font-weight:bold; background-color:#f2f2f2;'>ศูนย์</td><td style='padding:3px 6px;'>K2-11</td></tr><tr><td style='padding:3px 6px; font-weight:bold; background-color:#f2f2f2;'>นักเกษตร</td><td style='padding:3px 6px;'>1101</td></tr><tr><td style='padding:3px 6px; font-weight:bold; background-color:#f2f2f2;'>กลุ่ม</td><td style='padding:3px 6px;'>กลุ่ม_11</td></tr></table></div>]]></description>
      <styleUrl>#style_11_001</styleUrl>
      <MultiGeometry><Polygon><outerBoundaryIs><LinearRing><coordinates>103.2711892,14.6366434,0 103.2704858,14.6369127,0 103.2706111,14.6371215,0 103.2707055,14.6373668,0 103.2708107,14.6380792,0 103.2708845,14.6381860,0 103.2711435,14.6381446,0 103.2711880,14.6382309,0 103.2712458,14.6382233,0 103.2713561,14.6384925,0 103.2715197,14.6384219,0 103.2715281,14.6383973,0 103.2719557,14.6382286,0 103.2711892,14.6366434,0</coordinates></LinearRing></outerBoundaryIs></Polygon></MultiGeometry>
    </Placemark>
    <Placemark>
      <name>320504030071</name>
      <description><![CDATA[<div style='font-family:Tahoma,sans-serif; font-size:13px;'><h3 style='color:#1565C0; margin:4px 0;'>รหัส: 320504030071</h3><p style='margin:2px 0;'><b>กลุ่มรถไถ:</b> 11_001</p><table border='1' style='border-collapse:collapse; border-color:#ccc; width:100%;'><tr><td style='padding:3px 6px; font-weight:bold; background-color:#f2f2f2;'>ปีการผลิต</td><td style='padding:3px 6px;'>257071</td></tr><tr><td style='padding:3px 6px; font-weight:bold; background-color:#f2f2f2;'>รหัสกลุ่มรถไถ</td><td style='padding:3px 6px;'>11/001</td></tr><tr><td style='padding:3px 6px; font-weight:bold; background-color:#f2f2f2;'>โควตาชาวไร่</td><td style='padding:3px 6px;'>710893</td></tr><tr><td style='padding:3px 6px; font-weight:bold; background-color:#f2f2f2;'>ชื่อ-นามสกุล</td><td style='padding:3px 6px;'>นาย คอบ วงค์กนก</td></tr><tr><td style='padding:3px 6px; font-weight:bold; background-color:#f2f2f2;'>111</td><td style='padding:3px 6px;'>320504030071</td></tr><tr><td style='padding:3px 6px; font-weight:bold; background-color:#f2f2f2;'>ประเภทอ้อย</td><td style='padding:3px 6px;'>อ้อยปลายฝน</td></tr><tr><td style='padding:3px 6px; font-weight:bold; background-color:#f2f2f2;'>พื้นที่ปลูก</td><td style='padding:3px 6px;'>11.61</td></tr><tr><td style='padding:3px 6px; font-weight:bold; background-color:#f2f2f2;'>ศูนย์</td><td style='padding:3px 6px;'>K2-11</td></tr><tr><td style='padding:3px 6px; font-weight:bold; background-color:#f2f2f2;'>นักเกษตร</td><td style='padding:3px 6px;'>1101</td></tr><tr><td style='padding:3px 6px; font-weight:bold; background-color:#f2f2f2;'>กลุ่ม</td><td style='padding:3px 6px;'>กลุ่ม_11</td></tr></table></div>]]></description>
      <styleUrl>#style_11_001</styleUrl>
      <MultiGeometry><Polygon><outerBoundaryIs><LinearRing><coordinates>103.2784993,14.6360604,0 103.2783417,14.6360467,0 103.2782600,14.6363333,0 103.2781167,14.6363233,0 103.2780950,14.6363210,0 103.2778511,14.6380153,0 103.2782064,14.6381204,0 103.2783222,14.6374393,0 103.2784993,14.6360604,0</coordinates></LinearRing></outerBoundaryIs></Polygon></MultiGeometry>
    </Placemark>
    <Placemark>
      <name>320504080120</name>
      <description><![CDATA[<div style='font-family:Tahoma,sans-serif; font-size:13px;'><h3 style='color:#1565C0; margin:4px 0;'>รหัส: 320504080120</h3><p style='margin:2px 0;'><b>กลุ่มรถไถ:</b> 11_001</p><table border='1' style='border-collapse:collapse; border-color:#ccc; width:100%;'><tr><td style='padding:3px 6px; font-weight:bold; background-color:#f2f2f2;'>ปีการผลิต</td><td style='padding:3px 6px;'>257071</td></tr><tr><td style='padding:3px 6px; font-weight:bold; background-color:#f2f2f2;'>รหัสกลุ่มรถไถ</td><td style='padding:3px 6px;'>11/001</td></tr><tr><td style='padding:3px 6px; font-weight:bold; background-color:#f2f2f2;'>โควตาชาวไร่</td><td style='padding:3px 6px;'>711027</td></tr><tr><td style='padding:3px 6px; font-weight:bold; background-color:#f2f2f2;'>ชื่อ-นามสกุล</td><td style='padding:3px 6px;'>นาย ยวน เสาะสนธิ์</td></tr><tr><td style='padding:3px 6px; font-weight:bold; background-color:#f2f2f2;'>111</td><td style='padding:3px 6px;'>320504080120</td></tr><tr><td style='padding:3px 6px; font-weight:bold; background-color:#f2f2f2;'>ประเภทอ้อย</td><td style='padding:3px 6px;'>อ้อยปลายฝน</td></tr><tr><td style='padding:3px 6px; font-weight:bold; background-color:#f2f2f2;'>พื้นที่ปลูก</td><td style='padding:3px 6px;'>5.19</td></tr><tr><td style='padding:3px 6px; font-weight:bold; background-color:#f2f2f2;'>ศูนย์</td><td style='padding:3px 6px;'>K2-11</td></tr><tr><td style='padding:3px 6px; font-weight:bold; background-color:#f2f2f2;'>นักเกษตร</td><td style='padding:3px 6px;'>1106</td></tr><tr><td style='padding:3px 6px; font-weight:bold; background-color:#f2f2f2;'>กลุ่ม</td><td style='padding:3px 6px;'>กลุ่ม_11</td></tr></table></div>]]></description>
      <styleUrl>#style_11_001</styleUrl>
      <MultiGeometry><Polygon><outerBoundaryIs><LinearRing><coordinates>103.2878406,14.6390002,0 103.2882192,14.6400599,0 103.2882555,14.6401299,0 103.2883963,14.6401202,0 103.2883731,14.6398487,0 103.2883058,14.6396587,0 103.2881182,14.6391135,0 103.2877482,14.6381642,0 103.2874307,14.6371197,0 103.2871805,14.6372329,0 103.2874645,14.6380003,0 103.2878406,14.6390002,0</coordinates></LinearRing></outerBoundaryIs></Polygon></MultiGeometry>
    </Placemark>
    <Placemark>
      <name>320504111684</name>
      <description><![CDATA[<div style='font-family:Tahoma,sans-serif; font-size:13px;'><h3 style='color:#1565C0; margin:4px 0;'>รหัส: 320504111684</h3><p style='margin:2px 0;'><b>กลุ่มรถไถ:</b> 11_001</p><table border='1' style='border-collapse:collapse; border-color:#ccc; width:100%;'><tr><td style='padding:3px 6px; font-weight:bold; background-color:#f2f2f2;'>ปีการผลิต</td><td style='padding:3px 6px;'>257071</td></tr><tr><td style='padding:3px 6px; font-weight:bold; background-color:#f2f2f2;'>รหัสกลุ่มรถไถ</td><td style='padding:3px 6px;'>11/001</td></tr><tr><td style='padding:3px 6px; font-weight:bold; background-color:#f2f2f2;'>โควตาชาวไร่</td><td style='padding:3px 6px;'>711104</td></tr><tr><td style='padding:3px 6px; font-weight:bold; background-color:#f2f2f2;'>ชื่อ-นามสกุล</td><td style='padding:3px 6px;'>นาย เชิด โพธิ์แก้ว</td></tr><tr><td style='padding:3px 6px; font-weight:bold; background-color:#f2f2f2;'>111</td><td style='padding:3px 6px;'>320504111684</td></tr><tr><td style='padding:3px 6px; font-weight:bold; background-color:#f2f2f2;'>ประเภทอ้อย</td><td style='padding:3px 6px;'>อ้อยปลายฝน</td></tr><tr><td style='padding:3px 6px; font-weight:bold; background-color:#f2f2f2;'>พื้นที่ปลูก</td><td style='padding:3px 6px;'>2.92</td></tr><tr><td style='padding:3px 6px; font-weight:bold; background-color:#f2f2f2;'>ศูนย์</td><td style='padding:3px 6px;'>K2-11</td></tr><tr><td style='padding:3px 6px; font-weight:bold; background-color:#f2f2f2;'>นักเกษตร</td><td style='padding:3px 6px;'>1101</td></tr><tr><td style='padding:3px 6px; font-weight:bold; background-color:#f2f2f2;'>กลุ่ม</td><td style='padding:3px 6px;'>กลุ่ม_11</td></tr></table></div>]]></description>
      <styleUrl>#style_11_001</styleUrl>
      <MultiGeometry><Polygon><outerBoundaryIs><LinearRing><coordinates>103.2862100,14.6588883,0 103.2862283,14.6586750,0 103.2844350,14.6584167,0 103.2843550,14.6586167,0 103.2862100,14.6588883,0</coordinates></LinearRing></outerBoundaryIs></Polygon></MultiGeometry>
    </Placemark>
    <Placemark>
      <name>320513031510</name>
      <description><![CDATA[<div style='font-family:Tahoma,sans-serif; font-size:13px;'><h3 style='color:#1565C0; margin:4px 0;'>รหัส: 320513031510</h3><p style='margin:2px 0;'><b>กลุ่มรถไถ:</b> 11_001</p><table border='1' style='border-collapse:collapse; border-color:#ccc; width:100%;'><tr><td style='padding:3px 6px; font-weight:bold; background-color:#f2f2f2;'>ปีการผลิต</td><td style='padding:3px 6px;'>257071</td></tr><tr><td style='padding:3px 6px; font-weight:bold; background-color:#f2f2f2;'>รหัสกลุ่มรถไถ</td><td style='padding:3px 6px;'>11/001</td></tr><tr><td style='padding:3px 6px; font-weight:bold; background-color:#f2f2f2;'>โควตาชาวไร่</td><td style='padding:3px 6px;'>711201</td></tr><tr><td style='padding:3px 6px; font-weight:bold; background-color:#f2f2f2;'>ชื่อ-นามสกุล</td><td style='padding:3px 6px;'>นาย เดือก ชัยเชิดชู</td></tr><tr><td style='padding:3px 6px; font-weight:bold; background-color:#f2f2f2;'>111</td><td style='padding:3px 6px;'>320513031510</td></tr><tr><td style='padding:3px 6px; font-weight:bold; background-color:#f2f2f2;'>ประเภทอ้อย</td><td style='padding:3px 6px;'>อ้อยปลายฝน</td></tr><tr><td style='padding:3px 6px; font-weight:bold; background-color:#f2f2f2;'>พื้นที่ปลูก</td><td style='padding:3px 6px;'>2.55</td></tr><tr><td style='padding:3px 6px; font-weight:bold; background-color:#f2f2f2;'>ศูนย์</td><td style='padding:3px 6px;'>K2-11</td></tr><tr><td style='padding:3px 6px; font-weight:bold; background-color:#f2f2f2;'>นักเกษตร</td><td style='padding:3px 6px;'>1107</td></tr><tr><td style='padding:3px 6px; font-weight:bold; background-color:#f2f2f2;'>กลุ่ม</td><td style='padding:3px 6px;'>กลุ่ม_11</td></tr></table></div>]]></description>
      <styleUrl>#style_11_001</styleUrl>
      <MultiGeometry><Polygon><outerBoundaryIs><LinearRing><coordinates>103.3352432,14.6667179,0 103.3352210,14.6656989,0 103.3348729,14.6657090,0 103.3349468,14.6667892,0 103.3352432,14.6667179,0</coordinates></LinearRing></outerBoundaryIs></Polygon></MultiGeometry>
    </Placemark>
    <Placemark>
      <name>320513031653</name>
      <description><![CDATA[<div style='font-family:Tahoma,sans-serif; font-size:13px;'><h3 style='color:#1565C0; margin:4px 0;'>รหัส: 320513031653</h3><p style='margin:2px 0;'><b>กลุ่มรถไถ:</b> 11_001</p><table border='1' style='border-collapse:collapse; border-color:#ccc; width:100%;'><tr><td style='padding:3px 6px; font-weight:bold; background-color:#f2f2f2;'>ปีการผลิต</td><td style='padding:3px 6px;'>257071</td></tr><tr><td style='padding:3px 6px; font-weight:bold; background-color:#f2f2f2;'>รหัสกลุ่มรถไถ</td><td style='padding:3px 6px;'>11/001</td></tr><tr><td style='padding:3px 6px; font-weight:bold; background-color:#f2f2f2;'>โควตาชาวไร่</td><td style='padding:3px 6px;'>711201</td></tr><tr><td style='padding:3px 6px; font-weight:bold; background-color:#f2f2f2;'>ชื่อ-นามสกุล</td><td style='padding:3px 6px;'>นาย เดือก ชัยเชิดชู</td></tr><tr><td style='padding:3px 6px; font-weight:bold; background-color:#f2f2f2;'>111</td><td style='padding:3px 6px;'>320513031653</td></tr><tr><td style='padding:3px 6px; font-weight:bold; background-color:#f2f2f2;'>ประเภทอ้อย</td><td style='padding:3px 6px;'>อ้อยปลายฝน</td></tr><tr><td style='padding:3px 6px; font-weight:bold; background-color:#f2f2f2;'>พื้นที่ปลูก</td><td style='padding:3px 6px;'>4.46</td></tr><tr><td style='padding:3px 6px; font-weight:bold; background-color:#f2f2f2;'>ศูนย์</td><td style='padding:3px 6px;'>K2-11</td></tr><tr><td style='padding:3px 6px; font-weight:bold; background-color:#f2f2f2;'>นักเกษตร</td><td style='padding:3px 6px;'>1107</td></tr><tr><td style='padding:3px 6px; font-weight:bold; background-color:#f2f2f2;'>กลุ่ม</td><td style='padding:3px 6px;'>กลุ่ม_11</td></tr></table></div>]]></description>
      <styleUrl>#style_11_001</styleUrl>
      <MultiGeometry><Polygon><outerBoundaryIs><LinearRing><coordinates>103.3352996,14.6667122,0 103.3359801,14.6666458,0 103.3359241,14.6659403,0 103.3357457,14.6658353,0 103.3356821,14.6657584,0 103.3355285,14.6657276,0 103.3352716,14.6657060,0 103.3352996,14.6667122,0</coordinates></LinearRing></outerBoundaryIs></Polygon></MultiGeometry>
    </Placemark>
    <Placemark>
      <name>320513031662</name>
      <description><![CDATA[<div style='font-family:Tahoma,sans-serif; font-size:13px;'><h3 style='color:#1565C0; margin:4px 0;'>รหัส: 320513031662</h3><p style='margin:2px 0;'><b>กลุ่มรถไถ:</b> 11_001</p><table border='1' style='border-collapse:collapse; border-color:#ccc; width:100%;'><tr><td style='padding:3px 6px; font-weight:bold; background-color:#f2f2f2;'>ปีการผลิต</td><td style='padding:3px 6px;'>257071</td></tr><tr><td style='padding:3px 6px; font-weight:bold; background-color:#f2f2f2;'>รหัสกลุ่มรถไถ</td><td style='padding:3px 6px;'>11/001</td></tr><tr><td style='padding:3px 6px; font-weight:bold; background-color:#f2f2f2;'>โควตาชาวไร่</td><td style='padding:3px 6px;'>711201</td></tr><tr><td style='padding:3px 6px; font-weight:bold; background-color:#f2f2f2;'>ชื่อ-นามสกุล</td><td style='padding:3px 6px;'>นาย เดือก ชัยเชิดชู</td></tr><tr><td style='padding:3px 6px; font-weight:bold; background-color:#f2f2f2;'>111</td><td style='padding:3px 6px;'>320513031662</td></tr><tr><td style='padding:3px 6px; font-weight:bold; background-color:#f2f2f2;'>ประเภทอ้อย</td><td style='padding:3px 6px;'>อ้อยปลายฝน</td></tr><tr><td style='padding:3px 6px; font-weight:bold; background-color:#f2f2f2;'>พื้นที่ปลูก</td><td style='padding:3px 6px;'>8.85</td></tr><tr><td style='padding:3px 6px; font-weight:bold; background-color:#f2f2f2;'>ศูนย์</td><td style='padding:3px 6px;'>K2-11</td></tr><tr><td style='padding:3px 6px; font-weight:bold; background-color:#f2f2f2;'>นักเกษตร</td><td style='padding:3px 6px;'>1107</td></tr><tr><td style='padding:3px 6px; font-weight:bold; background-color:#f2f2f2;'>กลุ่ม</td><td style='padding:3px 6px;'>กลุ่ม_11</td></tr></table></div>]]></description>
      <styleUrl>#style_11_001</styleUrl>
      <MultiGeometry><Polygon><outerBoundaryIs><LinearRing><coordinates>103.3359917,14.6666333,0 103.3371167,14.6665433,0 103.3371017,14.6663050,0 103.3372550,14.6661250,0 103.3372617,14.6659100,0 103.3371833,14.6655950,0 103.3359200,14.6656700,0 103.3359917,14.6666333,0</coordinates></LinearRing></outerBoundaryIs></Polygon></MultiGeometry>
    </Placemark>
    <Placemark>
      <name>320517081673</name>
      <description><![CDATA[<div style='font-family:Tahoma,sans-serif; font-size:13px;'><h3 style='color:#1565C0; margin:4px 0;'>รหัส: 320517081673</h3><p style='margin:2px 0;'><b>กลุ่มรถไถ:</b> 11_001</p><table border='1' style='border-collapse:collapse; border-color:#ccc; width:100%;'><tr><td style='padding:3px 6px; font-weight:bold; background-color:#f2f2f2;'>ปีการผลิต</td><td style='padding:3px 6px;'>257071</td></tr><tr><td style='padding:3px 6px; font-weight:bold; background-color:#f2f2f2;'>รหัสกลุ่มรถไถ</td><td style='padding:3px 6px;'>11/001</td></tr><tr><td style='padding:3px 6px; font-weight:bold; background-color:#f2f2f2;'>โควตาชาวไร่</td><td style='padding:3px 6px;'>711201</td></tr><tr><td style='padding:3px 6px; font-weight:bold; background-color:#f2f2f2;'>ชื่อ-นามสกุล</td><td style='padding:3px 6px;'>นาย เดือก ชัยเชิดชู</td></tr><tr><td style='padding:3px 6px; font-weight:bold; background-color:#f2f2f2;'>111</td><td style='padding:3px 6px;'>320517081673</td></tr><tr><td style='padding:3px 6px; font-weight:bold; background-color:#f2f2f2;'>ประเภทอ้อย</td><td style='padding:3px 6px;'>อ้อยปลายฝน</td></tr><tr><td style='padding:3px 6px; font-weight:bold; background-color:#f2f2f2;'>พื้นที่ปลูก</td><td style='padding:3px 6px;'>2.72</td></tr><tr><td style='padding:3px 6px; font-weight:bold; background-color:#f2f2f2;'>ศูนย์</td><td style='padding:3px 6px;'>K2-11</td></tr><tr><td style='padding:3px 6px; font-weight:bold; background-color:#f2f2f2;'>นักเกษตร</td><td style='padding:3px 6px;'>1107</td></tr><tr><td style='padding:3px 6px; font-weight:bold; background-color:#f2f2f2;'>กลุ่ม</td><td style='padding:3px 6px;'>กลุ่ม_11</td></tr></table></div>]]></description>
      <styleUrl>#style_11_001</styleUrl>
      <MultiGeometry><Polygon><outerBoundaryIs><LinearRing><coordinates>103.3391987,14.6696562,0 103.3402679,14.6697107,0 103.3403981,14.6695832,0 103.3401617,14.6694303,0 103.3399727,14.6693591,0 103.3392157,14.6692992,0 103.3391987,14.6696562,0</coordinates></LinearRing></outerBoundaryIs></Polygon></MultiGeometry>
    </Placemark>
    <Placemark>
      <name>320517081678</name>
      <description><![CDATA[<div style='font-family:Tahoma,sans-serif; font-size:13px;'><h3 style='color:#1565C0; margin:4px 0;'>รหัส: 320517081678</h3><p style='margin:2px 0;'><b>กลุ่มรถไถ:</b> 11_001</p><table border='1' style='border-collapse:collapse; border-color:#ccc; width:100%;'><tr><td style='padding:3px 6px; font-weight:bold; background-color:#f2f2f2;'>ปีการผลิต</td><td style='padding:3px 6px;'>257071</td></tr><tr><td style='padding:3px 6px; font-weight:bold; background-color:#f2f2f2;'>รหัสกลุ่มรถไถ</td><td style='padding:3px 6px;'>11/001</td></tr><tr><td style='padding:3px 6px; font-weight:bold; background-color:#f2f2f2;'>โควตาชาวไร่</td><td style='padding:3px 6px;'>711201</td></tr><tr><td style='padding:3px 6px; font-weight:bold; background-color:#f2f2f2;'>ชื่อ-นามสกุล</td><td style='padding:3px 6px;'>นาย เดือก ชัยเชิดชู</td></tr><tr><td style='padding:3px 6px; font-weight:bold; background-color:#f2f2f2;'>111</td><td style='padding:3px 6px;'>320517081678</td></tr><tr><td style='padding:3px 6px; font-weight:bold; background-color:#f2f2f2;'>ประเภทอ้อย</td><td style='padding:3px 6px;'>อ้อยปลายฝน</td></tr><tr><td style='padding:3px 6px; font-weight:bold; background-color:#f2f2f2;'>พื้นที่ปลูก</td><td style='padding:3px 6px;'>6.57</td></tr><tr><td style='padding:3px 6px; font-weight:bold; background-color:#f2f2f2;'>ศูนย์</td><td style='padding:3px 6px;'>K2-11</td></tr><tr><td style='padding:3px 6px; font-weight:bold; background-color:#f2f2f2;'>นักเกษตร</td><td style='padding:3px 6px;'>1107</td></tr><tr><td style='padding:3px 6px; font-weight:bold; background-color:#f2f2f2;'>กลุ่ม</td><td style='padding:3px 6px;'>กลุ่ม_11</td></tr></table></div>]]></description>
      <styleUrl>#style_11_001</styleUrl>
      <MultiGeometry><Polygon><outerBoundaryIs><LinearRing><coordinates>103.3401497,14.6698664,0 103.3402482,14.6697358,0 103.3398102,14.6696840,0 103.3390928,14.6696687,0 103.3392289,14.6708719,0 103.3396136,14.6705353,0 103.3403620,14.6700625,0 103.3401497,14.6698664,0</coordinates></LinearRing></outerBoundaryIs></Polygon></MultiGeometry>
    </Placemark>
    <Placemark>
      <name>320517081706</name>
      <description><![CDATA[<div style='font-family:Tahoma,sans-serif; font-size:13px;'><h3 style='color:#1565C0; margin:4px 0;'>รหัส: 320517081706</h3><p style='margin:2px 0;'><b>กลุ่มรถไถ:</b> 11_001</p><table border='1' style='border-collapse:collapse; border-color:#ccc; width:100%;'><tr><td style='padding:3px 6px; font-weight:bold; background-color:#f2f2f2;'>ปีการผลิต</td><td style='padding:3px 6px;'>257071</td></tr><tr><td style='padding:3px 6px; font-weight:bold; background-color:#f2f2f2;'>รหัสกลุ่มรถไถ</td><td style='padding:3px 6px;'>11/001</td></tr><tr><td style='padding:3px 6px; font-weight:bold; background-color:#f2f2f2;'>โควตาชาวไร่</td><td style='padding:3px 6px;'>711201</td></tr><tr><td style='padding:3px 6px; font-weight:bold; background-color:#f2f2f2;'>ชื่อ-นามสกุล</td><td style='padding:3px 6px;'>นาย เดือก ชัยเชิดชู</td></tr><tr><td style='padding:3px 6px; font-weight:bold; background-color:#f2f2f2;'>111</td><td style='padding:3px 6px;'>320517081706</td></tr><tr><td style='padding:3px 6px; font-weight:bold; background-color:#f2f2f2;'>ประเภทอ้อย</td><td style='padding:3px 6px;'>อ้อยปลายฝน</td></tr><tr><td style='padding:3px 6px; font-weight:bold; background-color:#f2f2f2;'>พื้นที่ปลูก</td><td style='padding:3px 6px;'>9.08</td></tr><tr><td style='padding:3px 6px; font-weight:bold; background-color:#f2f2f2;'>ศูนย์</td><td style='padding:3px 6px;'>K2-11</td></tr><tr><td style='padding:3px 6px; font-weight:bold; background-color:#f2f2f2;'>นักเกษตร</td><td style='padding:3px 6px;'>1107</td></tr><tr><td style='padding:3px 6px; font-weight:bold; background-color:#f2f2f2;'>กลุ่ม</td><td style='padding:3px 6px;'>กลุ่ม_11</td></tr></table></div>]]></description>
      <styleUrl>#style_11_001</styleUrl>
      <MultiGeometry><Polygon><outerBoundaryIs><LinearRing><coordinates>103.3391067,14.6700217,0 103.3390717,14.6696850,0 103.3384950,14.6697050,0 103.3380550,14.6697467,0 103.3377200,14.6697633,0 103.3373883,14.6697767,0 103.3371817,14.6697783,0 103.3368667,14.6698200,0 103.3366700,14.6702950,0 103.3366767,14.6704333,0 103.3369167,14.6704200,0 103.3372417,14.6703650,0 103.3378600,14.6702833,0 103.3382650,14.6702283,0 103.3386517,14.6701650,0 103.3391067,14.6700217,0</coordinates></LinearRing></outerBoundaryIs></Polygon></MultiGeometry>
    </Placemark>
    <Placemark>
      <name>320504080193</name>
      <description><![CDATA[<div style='font-family:Tahoma,sans-serif; font-size:13px;'><h3 style='color:#1565C0; margin:4px 0;'>รหัส: 320504080193</h3><p style='margin:2px 0;'><b>กลุ่มรถไถ:</b> 11_001</p><table border='1' style='border-collapse:collapse; border-color:#ccc; width:100%;'><tr><td style='padding:3px 6px; font-weight:bold; background-color:#f2f2f2;'>ปีการผลิต</td><td style='padding:3px 6px;'>257071</td></tr><tr><td style='padding:3px 6px; font-weight:bold; background-color:#f2f2f2;'>รหัสกลุ่มรถไถ</td><td style='padding:3px 6px;'>11/001</td></tr><tr><td style='padding:3px 6px; font-weight:bold; background-color:#f2f2f2;'>โควตาชาวไร่</td><td style='padding:3px 6px;'>711246</td></tr><tr><td style='padding:3px 6px; font-weight:bold; background-color:#f2f2f2;'>ชื่อ-นามสกุล</td><td style='padding:3px 6px;'>นาย บุญ เสียงวังเวง</td></tr><tr><td style='padding:3px 6px; font-weight:bold; background-color:#f2f2f2;'>111</td><td style='padding:3px 6px;'>320504080193</td></tr><tr><td style='padding:3px 6px; font-weight:bold; background-color:#f2f2f2;'>ประเภทอ้อย</td><td style='padding:3px 6px;'>อ้อยปลายฝน</td></tr><tr><td style='padding:3px 6px; font-weight:bold; background-color:#f2f2f2;'>พื้นที่ปลูก</td><td style='padding:3px 6px;'>1.96</td></tr><tr><td style='padding:3px 6px; font-weight:bold; background-color:#f2f2f2;'>ศูนย์</td><td style='padding:3px 6px;'>K2-11</td></tr><tr><td style='padding:3px 6px; font-weight:bold; background-color:#f2f2f2;'>นักเกษตร</td><td style='padding:3px 6px;'>1101</td></tr><tr><td style='padding:3px 6px; font-weight:bold; background-color:#f2f2f2;'>กลุ่ม</td><td style='padding:3px 6px;'>กลุ่ม_11</td></tr></table></div>]]></description>
      <styleUrl>#style_11_001</styleUrl>
      <MultiGeometry><Polygon><outerBoundaryIs><LinearRing><coordinates>103.2767050,14.6449650,0 103.2765117,14.6450333,0 103.2766183,14.6462333,0 103.2768433,14.6462367,0 103.2767050,14.6449650,0</coordinates></LinearRing></outerBoundaryIs></Polygon></MultiGeometry>
    </Placemark>
    <Placemark>
      <name>320504080194</name>
      <description><![CDATA[<div style='font-family:Tahoma,sans-serif; font-size:13px;'><h3 style='color:#1565C0; margin:4px 0;'>รหัส: 320504080194</h3><p style='margin:2px 0;'><b>กลุ่มรถไถ:</b> 11_001</p><table border='1' style='border-collapse:collapse; border-color:#ccc; width:100%;'><tr><td style='padding:3px 6px; font-weight:bold; background-color:#f2f2f2;'>ปีการผลิต</td><td style='padding:3px 6px;'>257071</td></tr><tr><td style='padding:3px 6px; font-weight:bold; background-color:#f2f2f2;'>รหัสกลุ่มรถไถ</td><td style='padding:3px 6px;'>11/001</td></tr><tr><td style='padding:3px 6px; font-weight:bold; background-color:#f2f2f2;'>โควตาชาวไร่</td><td style='padding:3px 6px;'>711246</td></tr><tr><td style='padding:3px 6px; font-weight:bold; background-color:#f2f2f2;'>ชื่อ-นามสกุล</td><td style='padding:3px 6px;'>นาย บุญ เสียงวังเวง</td></tr><tr><td style='padding:3px 6px; font-weight:bold; background-color:#f2f2f2;'>111</td><td style='padding:3px 6px;'>320504080194</td></tr><tr><td style='padding:3px 6px; font-weight:bold; background-color:#f2f2f2;'>ประเภทอ้อย</td><td style='padding:3px 6px;'>อ้อยปลายฝน</td></tr><tr><td style='padding:3px 6px; font-weight:bold; background-color:#f2f2f2;'>พื้นที่ปลูก</td><td style='padding:3px 6px;'>4.11</td></tr><tr><td style='padding:3px 6px; font-weight:bold; background-color:#f2f2f2;'>ศูนย์</td><td style='padding:3px 6px;'>K2-11</td></tr><tr><td style='padding:3px 6px; font-weight:bold; background-color:#f2f2f2;'>นักเกษตร</td><td style='padding:3px 6px;'>1101</td></tr><tr><td style='padding:3px 6px; font-weight:bold; background-color:#f2f2f2;'>กลุ่ม</td><td style='padding:3px 6px;'>กลุ่ม_11</td></tr></table></div>]]></description>
      <styleUrl>#style_11_001</styleUrl>
      <MultiGeometry><Polygon><outerBoundaryIs><LinearRing><coordinates>103.2769483,14.6450383,0 103.2770667,14.6459600,0 103.2772950,14.6459350,0 103.2773683,14.6464467,0 103.2775950,14.6464567,0 103.2774083,14.6449950,0 103.2771817,14.6450517,0 103.2771850,14.6449800,0 103.2769483,14.6450383,0</coordinates></LinearRing></outerBoundaryIs></Polygon></MultiGeometry>
    </Placemark>
    <Placemark>
      <name>320505030038</name>
      <description><![CDATA[<div style='font-family:Tahoma,sans-serif; font-size:13px;'><h3 style='color:#1565C0; margin:4px 0;'>รหัส: 320505030038</h3><p style='margin:2px 0;'><b>กลุ่มรถไถ:</b> 11_001</p><table border='1' style='border-collapse:collapse; border-color:#ccc; width:100%;'><tr><td style='padding:3px 6px; font-weight:bold; background-color:#f2f2f2;'>ปีการผลิต</td><td style='padding:3px 6px;'>257071</td></tr><tr><td style='padding:3px 6px; font-weight:bold; background-color:#f2f2f2;'>รหัสกลุ่มรถไถ</td><td style='padding:3px 6px;'>11/001</td></tr><tr><td style='padding:3px 6px; font-weight:bold; background-color:#f2f2f2;'>โควตาชาวไร่</td><td style='padding:3px 6px;'>711284</td></tr><tr><td style='padding:3px 6px; font-weight:bold; background-color:#f2f2f2;'>ชื่อ-นามสกุล</td><td style='padding:3px 6px;'>นางสาว กนกพร บุญสวัสดิ์</td></tr><tr><td style='padding:3px 6px; font-weight:bold; background-color:#f2f2f2;'>111</td><td style='padding:3px 6px;'>320505030038</td></tr><tr><td style='padding:3px 6px; font-weight:bold; background-color:#f2f2f2;'>ประเภทอ้อย</td><td style='padding:3px 6px;'>อ้อยปลายฝน</td></tr><tr><td style='padding:3px 6px; font-weight:bold; background-color:#f2f2f2;'>พื้นที่ปลูก</td><td style='padding:3px 6px;'>7.02</td></tr><tr><td style='padding:3px 6px; font-weight:bold; background-color:#f2f2f2;'>ศูนย์</td><td style='padding:3px 6px;'>K2-11</td></tr><tr><td style='padding:3px 6px; font-weight:bold; background-color:#f2f2f2;'>นักเกษตร</td><td style='padding:3px 6px;'>1106</td></tr><tr><td style='padding:3px 6px; font-weight:bold; background-color:#f2f2f2;'>กลุ่ม</td><td style='padding:3px 6px;'>กลุ่ม_11</td></tr></table></div>]]></description>
      <styleUrl>#style_11_001</styleUrl>
      <MultiGeometry><Polygon><outerBoundaryIs><LinearRing><coordinates>103.2812067,14.7031183,0 103.2812400,14.7043183,0 103.2820600,14.7042883,0 103.2819500,14.7030917,0 103.2812067,14.7031183,0</coordinates></LinearRing></outerBoundaryIs></Polygon></MultiGeometry>
    </Placemark>
    <Placemark>
      <name>320514021532</name>
      <description><![CDATA[<div style='font-family:Tahoma,sans-serif; font-size:13px;'><h3 style='color:#1565C0; margin:4px 0;'>รหัส: 320514021532</h3><p style='margin:2px 0;'><b>กลุ่มรถไถ:</b> 11_001</p><table border='1' style='border-collapse:collapse; border-color:#ccc; width:100%;'><tr><td style='padding:3px 6px; font-weight:bold; background-color:#f2f2f2;'>ปีการผลิต</td><td style='padding:3px 6px;'>257071</td></tr><tr><td style='padding:3px 6px; font-weight:bold; background-color:#f2f2f2;'>รหัสกลุ่มรถไถ</td><td style='padding:3px 6px;'>11/001</td></tr><tr><td style='padding:3px 6px; font-weight:bold; background-color:#f2f2f2;'>โควตาชาวไร่</td><td style='padding:3px 6px;'>711330</td></tr><tr><td style='padding:3px 6px; font-weight:bold; background-color:#f2f2f2;'>ชื่อ-นามสกุล</td><td style='padding:3px 6px;'>นาง รัญญา สืบดี</td></tr><tr><td style='padding:3px 6px; font-weight:bold; background-color:#f2f2f2;'>111</td><td style='padding:3px 6px;'>320514021532</td></tr><tr><td style='padding:3px 6px; font-weight:bold; background-color:#f2f2f2;'>ประเภทอ้อย</td><td style='padding:3px 6px;'>อ้อยปลายฝน</td></tr><tr><td style='padding:3px 6px; font-weight:bold; background-color:#f2f2f2;'>พื้นที่ปลูก</td><td style='padding:3px 6px;'>8.46</td></tr><tr><td style='padding:3px 6px; font-weight:bold; background-color:#f2f2f2;'>ศูนย์</td><td style='padding:3px 6px;'>K2-11</td></tr><tr><td style='padding:3px 6px; font-weight:bold; background-color:#f2f2f2;'>นักเกษตร</td><td style='padding:3px 6px;'>1106</td></tr><tr><td style='padding:3px 6px; font-weight:bold; background-color:#f2f2f2;'>กลุ่ม</td><td style='padding:3px 6px;'>กลุ่ม_11</td></tr></table></div>]]></description>
      <styleUrl>#style_11_001</styleUrl>
      <MultiGeometry><Polygon><outerBoundaryIs><LinearRing><coordinates>103.2450512,14.6432638,0 103.2450464,14.6432663,0 103.2449473,14.6428029,0 103.2448986,14.6424518,0 103.2445080,14.6424019,0 103.2438756,14.6423023,0 103.2437823,14.6424888,0 103.2437451,14.6425384,0 103.2436905,14.6433328,0 103.2450512,14.6432638,0</coordinates></LinearRing></outerBoundaryIs></Polygon></MultiGeometry>
    </Placemark>
    <Placemark>
      <name>320514021796</name>
      <description><![CDATA[<div style='font-family:Tahoma,sans-serif; font-size:13px;'><h3 style='color:#1565C0; margin:4px 0;'>รหัส: 320514021796</h3><p style='margin:2px 0;'><b>กลุ่มรถไถ:</b> 11_001</p><table border='1' style='border-collapse:collapse; border-color:#ccc; width:100%;'><tr><td style='padding:3px 6px; font-weight:bold; background-color:#f2f2f2;'>ปีการผลิต</td><td style='padding:3px 6px;'>257071</td></tr><tr><td style='padding:3px 6px; font-weight:bold; background-color:#f2f2f2;'>รหัสกลุ่มรถไถ</td><td style='padding:3px 6px;'>11/001</td></tr><tr><td style='padding:3px 6px; font-weight:bold; background-color:#f2f2f2;'>โควตาชาวไร่</td><td style='padding:3px 6px;'>711330</td></tr><tr><td style='padding:3px 6px; font-weight:bold; background-color:#f2f2f2;'>ชื่อ-นามสกุล</td><td style='padding:3px 6px;'>นาง รัญญา สืบดี</td></tr><tr><td style='padding:3px 6px; font-weight:bold; background-color:#f2f2f2;'>111</td><td style='padding:3px 6px;'>320514021796</td></tr><tr><td style='padding:3px 6px; font-weight:bold; background-color:#f2f2f2;'>ประเภทอ้อย</td><td style='padding:3px 6px;'>อ้อยปลายฝน</td></tr><tr><td style='padding:3px 6px; font-weight:bold; background-color:#f2f2f2;'>พื้นที่ปลูก</td><td style='padding:3px 6px;'>7.81</td></tr><tr><td style='padding:3px 6px; font-weight:bold; background-color:#f2f2f2;'>ศูนย์</td><td style='padding:3px 6px;'>K2-11</td></tr><tr><td style='padding:3px 6px; font-weight:bold; background-color:#f2f2f2;'>นักเกษตร</td><td style='padding:3px 6px;'>1106</td></tr><tr><td style='padding:3px 6px; font-weight:bold; background-color:#f2f2f2;'>กลุ่ม</td><td style='padding:3px 6px;'>กลุ่ม_11</td></tr></table></div>]]></description>
      <styleUrl>#style_11_001</styleUrl>
      <MultiGeometry><Polygon><outerBoundaryIs><LinearRing><coordinates>103.2417333,14.6458067,0 103.2415700,14.6450283,0 103.2402750,14.6452867,0 103.2404483,14.6459050,0 103.2406867,14.6458600,0 103.2407483,14.6461083,0 103.2417333,14.6458067,0</coordinates></LinearRing></outerBoundaryIs></Polygon></MultiGeometry>
    </Placemark>
    <Placemark>
      <name>320504121826</name>
      <description><![CDATA[<div style='font-family:Tahoma,sans-serif; font-size:13px;'><h3 style='color:#1565C0; margin:4px 0;'>รหัส: 320504121826</h3><p style='margin:2px 0;'><b>กลุ่มรถไถ:</b> 11_001</p><table border='1' style='border-collapse:collapse; border-color:#ccc; width:100%;'><tr><td style='padding:3px 6px; font-weight:bold; background-color:#f2f2f2;'>ปีการผลิต</td><td style='padding:3px 6px;'>257071</td></tr><tr><td style='padding:3px 6px; font-weight:bold; background-color:#f2f2f2;'>รหัสกลุ่มรถไถ</td><td style='padding:3px 6px;'>11/001</td></tr><tr><td style='padding:3px 6px; font-weight:bold; background-color:#f2f2f2;'>โควตาชาวไร่</td><td style='padding:3px 6px;'>711557</td></tr><tr><td style='padding:3px 6px; font-weight:bold; background-color:#f2f2f2;'>ชื่อ-นามสกุล</td><td style='padding:3px 6px;'>นาง อุ่น เสาะสนธิ์</td></tr><tr><td style='padding:3px 6px; font-weight:bold; background-color:#f2f2f2;'>111</td><td style='padding:3px 6px;'>320504121826</td></tr><tr><td style='padding:3px 6px; font-weight:bold; background-color:#f2f2f2;'>ประเภทอ้อย</td><td style='padding:3px 6px;'>อ้อยปลายฝน</td></tr><tr><td style='padding:3px 6px; font-weight:bold; background-color:#f2f2f2;'>พื้นที่ปลูก</td><td style='padding:3px 6px;'>4.13</td></tr><tr><td style='padding:3px 6px; font-weight:bold; background-color:#f2f2f2;'>ศูนย์</td><td style='padding:3px 6px;'>K2-11</td></tr><tr><td style='padding:3px 6px; font-weight:bold; background-color:#f2f2f2;'>นักเกษตร</td><td style='padding:3px 6px;'>1101</td></tr><tr><td style='padding:3px 6px; font-weight:bold; background-color:#f2f2f2;'>กลุ่ม</td><td style='padding:3px 6px;'>กลุ่ม_11</td></tr></table></div>]]></description>
      <styleUrl>#style_11_001</styleUrl>
      <MultiGeometry><Polygon><outerBoundaryIs><LinearRing><coordinates>103.3191135,14.6453089,0 103.3193575,14.6465741,0 103.3196562,14.6465915,0 103.3196827,14.6459996,0 103.3196441,14.6452942,0 103.3191251,14.6453076,0 103.3191135,14.6453089,0</coordinates></LinearRing></outerBoundaryIs></Polygon></MultiGeometry>
    </Placemark>
    <Placemark>
      <name>311503051605</name>
      <description><![CDATA[<div style='font-family:Tahoma,sans-serif; font-size:13px;'><h3 style='color:#1565C0; margin:4px 0;'>รหัส: 311503051605</h3><p style='margin:2px 0;'><b>กลุ่มรถไถ:</b> 11_001</p><table border='1' style='border-collapse:collapse; border-color:#ccc; width:100%;'><tr><td style='padding:3px 6px; font-weight:bold; background-color:#f2f2f2;'>ปีการผลิต</td><td style='padding:3px 6px;'>257071</td></tr><tr><td style='padding:3px 6px; font-weight:bold; background-color:#f2f2f2;'>รหัสกลุ่มรถไถ</td><td style='padding:3px 6px;'>11/001</td></tr><tr><td style='padding:3px 6px; font-weight:bold; background-color:#f2f2f2;'>โควตาชาวไร่</td><td style='padding:3px 6px;'>711595</td></tr><tr><td style='padding:3px 6px; font-weight:bold; background-color:#f2f2f2;'>ชื่อ-นามสกุล</td><td style='padding:3px 6px;'>นาย อำนาจ จามิกรณ์</td></tr><tr><td style='padding:3px 6px; font-weight:bold; background-color:#f2f2f2;'>111</td><td style='padding:3px 6px;'>311503051605</td></tr><tr><td style='padding:3px 6px; font-weight:bold; background-color:#f2f2f2;'>ประเภทอ้อย</td><td style='padding:3px 6px;'>อ้อยปลายฝน</td></tr><tr><td style='padding:3px 6px; font-weight:bold; background-color:#f2f2f2;'>พื้นที่ปลูก</td><td style='padding:3px 6px;'>7.67</td></tr><tr><td style='padding:3px 6px; font-weight:bold; background-color:#f2f2f2;'>ศูนย์</td><td style='padding:3px 6px;'>K2-11</td></tr><tr><td style='padding:3px 6px; font-weight:bold; background-color:#f2f2f2;'>นักเกษตร</td><td style='padding:3px 6px;'>1106</td></tr><tr><td style='padding:3px 6px; font-weight:bold; background-color:#f2f2f2;'>กลุ่ม</td><td style='padding:3px 6px;'>กลุ่ม_11</td></tr></table></div>]]></description>
      <styleUrl>#style_11_001</styleUrl>
      <MultiGeometry><Polygon><outerBoundaryIs><LinearRing><coordinates>103.2249867,14.7209067,0 103.2253550,14.7209367,0 103.2253733,14.7206683,0 103.2253883,14.7203183,0 103.2254050,14.7200650,0 103.2254333,14.7198367,0 103.2254283,14.7195367,0 103.2253400,14.7191383,0 103.2250717,14.7190400,0 103.2249883,14.7187850,0 103.2247400,14.7189050,0 103.2247517,14.7191033,0 103.2248100,14.7195617,0 103.2248450,14.7197917,0 103.2249033,14.7201600,0 103.2249367,14.7204467,0 103.2249683,14.7207233,0 103.2249867,14.7209067,0</coordinates></LinearRing></outerBoundaryIs></Polygon></MultiGeometry>
    </Placemark>
    <Placemark>
      <name>320505111763</name>
      <description><![CDATA[<div style='font-family:Tahoma,sans-serif; font-size:13px;'><h3 style='color:#1565C0; margin:4px 0;'>รหัส: 320505111763</h3><p style='margin:2px 0;'><b>กลุ่มรถไถ:</b> 11_001</p><table border='1' style='border-collapse:collapse; border-color:#ccc; width:100%;'><tr><td style='padding:3px 6px; font-weight:bold; background-color:#f2f2f2;'>ปีการผลิต</td><td style='padding:3px 6px;'>257071</td></tr><tr><td style='padding:3px 6px; font-weight:bold; background-color:#f2f2f2;'>รหัสกลุ่มรถไถ</td><td style='padding:3px 6px;'>11/001</td></tr><tr><td style='padding:3px 6px; font-weight:bold; background-color:#f2f2f2;'>โควตาชาวไร่</td><td style='padding:3px 6px;'>711595</td></tr><tr><td style='padding:3px 6px; font-weight:bold; background-color:#f2f2f2;'>ชื่อ-นามสกุล</td><td style='padding:3px 6px;'>นาย อำนาจ จามิกรณ์</td></tr><tr><td style='padding:3px 6px; font-weight:bold; background-color:#f2f2f2;'>111</td><td style='padding:3px 6px;'>320505111763</td></tr><tr><td style='padding:3px 6px; font-weight:bold; background-color:#f2f2f2;'>ประเภทอ้อย</td><td style='padding:3px 6px;'>อ้อยปลายฝน</td></tr><tr><td style='padding:3px 6px; font-weight:bold; background-color:#f2f2f2;'>พื้นที่ปลูก</td><td style='padding:3px 6px;'>5.25</td></tr><tr><td style='padding:3px 6px; font-weight:bold; background-color:#f2f2f2;'>ศูนย์</td><td style='padding:3px 6px;'>K2-11</td></tr><tr><td style='padding:3px 6px; font-weight:bold; background-color:#f2f2f2;'>นักเกษตร</td><td style='padding:3px 6px;'>1106</td></tr><tr><td style='padding:3px 6px; font-weight:bold; background-color:#f2f2f2;'>กลุ่ม</td><td style='padding:3px 6px;'>กลุ่ม_11</td></tr></table></div>]]></description>
      <styleUrl>#style_11_001</styleUrl>
      <MultiGeometry><Polygon><outerBoundaryIs><LinearRing><coordinates>103.2797200,14.6708267,0 103.2797917,14.6704833,0 103.2795633,14.6704017,0 103.2792400,14.6703167,0 103.2786600,14.6702583,0 103.2776183,14.6703633,0 103.2776867,14.6704850,0 103.2797200,14.6708267,0</coordinates></LinearRing></outerBoundaryIs></Polygon></MultiGeometry>
    </Placemark>
    <Placemark>
      <name>320505061701</name>
      <description><![CDATA[<div style='font-family:Tahoma,sans-serif; font-size:13px;'><h3 style='color:#1565C0; margin:4px 0;'>รหัส: 320505061701</h3><p style='margin:2px 0;'><b>กลุ่มรถไถ:</b> 11_001</p><table border='1' style='border-collapse:collapse; border-color:#ccc; width:100%;'><tr><td style='padding:3px 6px; font-weight:bold; background-color:#f2f2f2;'>ปีการผลิต</td><td style='padding:3px 6px;'>257071</td></tr><tr><td style='padding:3px 6px; font-weight:bold; background-color:#f2f2f2;'>รหัสกลุ่มรถไถ</td><td style='padding:3px 6px;'>11/001</td></tr><tr><td style='padding:3px 6px; font-weight:bold; background-color:#f2f2f2;'>โควตาชาวไร่</td><td style='padding:3px 6px;'>712051</td></tr><tr><td style='padding:3px 6px; font-weight:bold; background-color:#f2f2f2;'>ชื่อ-นามสกุล</td><td style='padding:3px 6px;'>นาย สมศักดิ์ เรืองชาญ</td></tr><tr><td style='padding:3px 6px; font-weight:bold; background-color:#f2f2f2;'>111</td><td style='padding:3px 6px;'>320505061701</td></tr><tr><td style='padding:3px 6px; font-weight:bold; background-color:#f2f2f2;'>ประเภทอ้อย</td><td style='padding:3px 6px;'>อ้อยปลายฝน</td></tr><tr><td style='padding:3px 6px; font-weight:bold; background-color:#f2f2f2;'>พื้นที่ปลูก</td><td style='padding:3px 6px;'>6.26</td></tr><tr><td style='padding:3px 6px; font-weight:bold; background-color:#f2f2f2;'>ศูนย์</td><td style='padding:3px 6px;'>K2-11</td></tr><tr><td style='padding:3px 6px; font-weight:bold; background-color:#f2f2f2;'>นักเกษตร</td><td style='padding:3px 6px;'>1106</td></tr><tr><td style='padding:3px 6px; font-weight:bold; background-color:#f2f2f2;'>กลุ่ม</td><td style='padding:3px 6px;'>กลุ่ม_11</td></tr></table></div>]]></description>
      <styleUrl>#style_11_001</styleUrl>
      <MultiGeometry><Polygon><outerBoundaryIs><LinearRing><coordinates>103.2759433,14.6800050,0 103.2760383,14.6804050,0 103.2760000,14.6805367,0 103.2768483,14.6804900,0 103.2774767,14.6803083,0 103.2772233,14.6797500,0 103.2759433,14.6800050,0</coordinates></LinearRing></outerBoundaryIs></Polygon></MultiGeometry>
    </Placemark>
    <Placemark>
      <name>320504121791</name>
      <description><![CDATA[<div style='font-family:Tahoma,sans-serif; font-size:13px;'><h3 style='color:#1565C0; margin:4px 0;'>รหัส: 320504121791</h3><p style='margin:2px 0;'><b>กลุ่มรถไถ:</b> 11_001</p><table border='1' style='border-collapse:collapse; border-color:#ccc; width:100%;'><tr><td style='padding:3px 6px; font-weight:bold; background-color:#f2f2f2;'>ปีการผลิต</td><td style='padding:3px 6px;'>257071</td></tr><tr><td style='padding:3px 6px; font-weight:bold; background-color:#f2f2f2;'>รหัสกลุ่มรถไถ</td><td style='padding:3px 6px;'>11/001</td></tr><tr><td style='padding:3px 6px; font-weight:bold; background-color:#f2f2f2;'>โควตาชาวไร่</td><td style='padding:3px 6px;'>712063</td></tr><tr><td style='padding:3px 6px; font-weight:bold; background-color:#f2f2f2;'>ชื่อ-นามสกุล</td><td style='padding:3px 6px;'>นาง กรม ตินานพ</td></tr><tr><td style='padding:3px 6px; font-weight:bold; background-color:#f2f2f2;'>111</td><td style='padding:3px 6px;'>320504121791</td></tr><tr><td style='padding:3px 6px; font-weight:bold; background-color:#f2f2f2;'>ประเภทอ้อย</td><td style='padding:3px 6px;'>อ้อยปลายฝน</td></tr><tr><td style='padding:3px 6px; font-weight:bold; background-color:#f2f2f2;'>พื้นที่ปลูก</td><td style='padding:3px 6px;'>2.5</td></tr><tr><td style='padding:3px 6px; font-weight:bold; background-color:#f2f2f2;'>ศูนย์</td><td style='padding:3px 6px;'>K2-11</td></tr><tr><td style='padding:3px 6px; font-weight:bold; background-color:#f2f2f2;'>นักเกษตร</td><td style='padding:3px 6px;'>1101</td></tr><tr><td style='padding:3px 6px; font-weight:bold; background-color:#f2f2f2;'>กลุ่ม</td><td style='padding:3px 6px;'>กลุ่ม_11</td></tr></table></div>]]></description>
      <styleUrl>#style_11_001</styleUrl>
      <MultiGeometry><Polygon><outerBoundaryIs><LinearRing><coordinates>103.3125100,14.6429100,0 103.3125950,14.6418717,0 103.3124550,14.6418367,0 103.3123800,14.6418383,0 103.3122600,14.6431867,0 103.3125200,14.6432250,0 103.3125883,14.6431883,0 103.3126617,14.6429367,0 103.3125100,14.6429100,0</coordinates></LinearRing></outerBoundaryIs></Polygon></MultiGeometry>
    </Placemark>
    <Placemark>
      <name>320504121663</name>
      <description><![CDATA[<div style='font-family:Tahoma,sans-serif; font-size:13px;'><h3 style='color:#1565C0; margin:4px 0;'>รหัส: 320504121663</h3><p style='margin:2px 0;'><b>กลุ่มรถไถ:</b> 11_001</p><table border='1' style='border-collapse:collapse; border-color:#ccc; width:100%;'><tr><td style='padding:3px 6px; font-weight:bold; background-color:#f2f2f2;'>ปีการผลิต</td><td style='padding:3px 6px;'>257071</td></tr><tr><td style='padding:3px 6px; font-weight:bold; background-color:#f2f2f2;'>รหัสกลุ่มรถไถ</td><td style='padding:3px 6px;'>11/001</td></tr><tr><td style='padding:3px 6px; font-weight:bold; background-color:#f2f2f2;'>โควตาชาวไร่</td><td style='padding:3px 6px;'>712138</td></tr><tr><td style='padding:3px 6px; font-weight:bold; background-color:#f2f2f2;'>ชื่อ-นามสกุล</td><td style='padding:3px 6px;'>นาย เดียม กำจัดภัย</td></tr><tr><td style='padding:3px 6px; font-weight:bold; background-color:#f2f2f2;'>111</td><td style='padding:3px 6px;'>320504121663</td></tr><tr><td style='padding:3px 6px; font-weight:bold; background-color:#f2f2f2;'>ประเภทอ้อย</td><td style='padding:3px 6px;'>อ้อยปลายฝน</td></tr><tr><td style='padding:3px 6px; font-weight:bold; background-color:#f2f2f2;'>พื้นที่ปลูก</td><td style='padding:3px 6px;'>9.26</td></tr><tr><td style='padding:3px 6px; font-weight:bold; background-color:#f2f2f2;'>ศูนย์</td><td style='padding:3px 6px;'>K2-11</td></tr><tr><td style='padding:3px 6px; font-weight:bold; background-color:#f2f2f2;'>นักเกษตร</td><td style='padding:3px 6px;'>1101</td></tr><tr><td style='padding:3px 6px; font-weight:bold; background-color:#f2f2f2;'>กลุ่ม</td><td style='padding:3px 6px;'>กลุ่ม_11</td></tr></table></div>]]></description>
      <styleUrl>#style_11_001</styleUrl>
      <MultiGeometry><Polygon><outerBoundaryIs><LinearRing><coordinates>103.3357633,14.6585833,0 103.3375517,14.6581750,0 103.3375867,14.6581933,0 103.3376833,14.6586583,0 103.3387600,14.6584267,0 103.3386883,14.6579617,0 103.3375800,14.6581583,0 103.3375300,14.6578133,0 103.3356867,14.6582117,0 103.3357633,14.6585833,0</coordinates></LinearRing></outerBoundaryIs></Polygon></MultiGeometry>
    </Placemark>
    <Placemark>
      <name>320505041518</name>
      <description><![CDATA[<div style='font-family:Tahoma,sans-serif; font-size:13px;'><h3 style='color:#1565C0; margin:4px 0;'>รหัส: 320505041518</h3><p style='margin:2px 0;'><b>กลุ่มรถไถ:</b> 11_001</p><table border='1' style='border-collapse:collapse; border-color:#ccc; width:100%;'><tr><td style='padding:3px 6px; font-weight:bold; background-color:#f2f2f2;'>ปีการผลิต</td><td style='padding:3px 6px;'>257071</td></tr><tr><td style='padding:3px 6px; font-weight:bold; background-color:#f2f2f2;'>รหัสกลุ่มรถไถ</td><td style='padding:3px 6px;'>11/001</td></tr><tr><td style='padding:3px 6px; font-weight:bold; background-color:#f2f2f2;'>โควตาชาวไร่</td><td style='padding:3px 6px;'>712184</td></tr><tr><td style='padding:3px 6px; font-weight:bold; background-color:#f2f2f2;'>ชื่อ-นามสกุล</td><td style='padding:3px 6px;'>นาย สังคม เอ็นมาก</td></tr><tr><td style='padding:3px 6px; font-weight:bold; background-color:#f2f2f2;'>111</td><td style='padding:3px 6px;'>320505041518</td></tr><tr><td style='padding:3px 6px; font-weight:bold; background-color:#f2f2f2;'>ประเภทอ้อย</td><td style='padding:3px 6px;'>อ้อยปลายฝน</td></tr><tr><td style='padding:3px 6px; font-weight:bold; background-color:#f2f2f2;'>พื้นที่ปลูก</td><td style='padding:3px 6px;'>5.35</td></tr><tr><td style='padding:3px 6px; font-weight:bold; background-color:#f2f2f2;'>ศูนย์</td><td style='padding:3px 6px;'>K2-11</td></tr><tr><td style='padding:3px 6px; font-weight:bold; background-color:#f2f2f2;'>นักเกษตร</td><td style='padding:3px 6px;'>1106</td></tr><tr><td style='padding:3px 6px; font-weight:bold; background-color:#f2f2f2;'>กลุ่ม</td><td style='padding:3px 6px;'>กลุ่ม_11</td></tr></table></div>]]></description>
      <styleUrl>#style_11_001</styleUrl>
      <MultiGeometry><Polygon><outerBoundaryIs><LinearRing><coordinates>103.2537707,14.7547587,0 103.2538228,14.7547569,0 103.2549738,14.7547299,0 103.2549975,14.7547017,0 103.2550486,14.7542453,0 103.2538792,14.7540565,0 103.2537707,14.7547587,0</coordinates></LinearRing></outerBoundaryIs></Polygon></MultiGeometry>
    </Placemark>
    <Placemark>
      <name>320505091501</name>
      <description><![CDATA[<div style='font-family:Tahoma,sans-serif; font-size:13px;'><h3 style='color:#1565C0; margin:4px 0;'>รหัส: 320505091501</h3><p style='margin:2px 0;'><b>กลุ่มรถไถ:</b> 11_001</p><table border='1' style='border-collapse:collapse; border-color:#ccc; width:100%;'><tr><td style='padding:3px 6px; font-weight:bold; background-color:#f2f2f2;'>ปีการผลิต</td><td style='padding:3px 6px;'>257071</td></tr><tr><td style='padding:3px 6px; font-weight:bold; background-color:#f2f2f2;'>รหัสกลุ่มรถไถ</td><td style='padding:3px 6px;'>11/001</td></tr><tr><td style='padding:3px 6px; font-weight:bold; background-color:#f2f2f2;'>โควตาชาวไร่</td><td style='padding:3px 6px;'>712450</td></tr><tr><td style='padding:3px 6px; font-weight:bold; background-color:#f2f2f2;'>ชื่อ-นามสกุล</td><td style='padding:3px 6px;'>นาง สารภี วิชาหาร</td></tr><tr><td style='padding:3px 6px; font-weight:bold; background-color:#f2f2f2;'>111</td><td style='padding:3px 6px;'>320505091501</td></tr><tr><td style='padding:3px 6px; font-weight:bold; background-color:#f2f2f2;'>ประเภทอ้อย</td><td style='padding:3px 6px;'>อ้อยปลายฝน</td></tr><tr><td style='padding:3px 6px; font-weight:bold; background-color:#f2f2f2;'>พื้นที่ปลูก</td><td style='padding:3px 6px;'>5.13</td></tr><tr><td style='padding:3px 6px; font-weight:bold; background-color:#f2f2f2;'>ศูนย์</td><td style='padding:3px 6px;'>K2-11</td></tr><tr><td style='padding:3px 6px; font-weight:bold; background-color:#f2f2f2;'>นักเกษตร</td><td style='padding:3px 6px;'>1106</td></tr><tr><td style='padding:3px 6px; font-weight:bold; background-color:#f2f2f2;'>กลุ่ม</td><td style='padding:3px 6px;'>กลุ่ม_11</td></tr></table></div>]]></description>
      <styleUrl>#style_11_001</styleUrl>
      <MultiGeometry><Polygon><outerBoundaryIs><LinearRing><coordinates>103.3046939,14.6997532,0 103.3046281,14.6995450,0 103.3044411,14.6991378,0 103.3045480,14.6990404,0 103.3043840,14.6988343,0 103.3043436,14.6988474,0 103.3042135,14.6985102,0 103.3041507,14.6982797,0 103.3039586,14.6977474,0 103.3039406,14.6976609,0 103.3038719,14.6974976,0 103.3036296,14.6975599,0 103.3037171,14.6979269,0 103.3037206,14.6981745,0 103.3036623,14.6981894,0 103.3037127,14.6983263,0 103.3037512,14.6984199,0 103.3038052,14.6985064,0 103.3038748,14.6985599,0 103.3039394,14.6986455,0 103.3039401,14.6986890,0 103.3039010,14.6987338,0 103.3040843,14.6990157,0 103.3041647,14.6989929,0 103.3043362,14.6992122,0 103.3044041,14.6993764,0 103.3043965,14.6994233,0 103.3043690,14.6994572,0 103.3044676,14.6995924,0 103.3044950,14.6997136,0 103.3045441,14.6997980,0 103.3046939,14.6997532,0</coordinates></LinearRing></outerBoundaryIs></Polygon></MultiGeometry>
    </Placemark>
    <Placemark>
      <name>320504030207</name>
      <description><![CDATA[<div style='font-family:Tahoma,sans-serif; font-size:13px;'><h3 style='color:#1565C0; margin:4px 0;'>รหัส: 320504030207</h3><p style='margin:2px 0;'><b>กลุ่มรถไถ:</b> 11_001</p><table border='1' style='border-collapse:collapse; border-color:#ccc; width:100%;'><tr><td style='padding:3px 6px; font-weight:bold; background-color:#f2f2f2;'>ปีการผลิต</td><td style='padding:3px 6px;'>257071</td></tr><tr><td style='padding:3px 6px; font-weight:bold; background-color:#f2f2f2;'>รหัสกลุ่มรถไถ</td><td style='padding:3px 6px;'>11/001</td></tr><tr><td style='padding:3px 6px; font-weight:bold; background-color:#f2f2f2;'>โควตาชาวไร่</td><td style='padding:3px 6px;'>712474</td></tr><tr><td style='padding:3px 6px; font-weight:bold; background-color:#f2f2f2;'>ชื่อ-นามสกุล</td><td style='padding:3px 6px;'>นาย ดาว เขาไตร</td></tr><tr><td style='padding:3px 6px; font-weight:bold; background-color:#f2f2f2;'>111</td><td style='padding:3px 6px;'>320504030207</td></tr><tr><td style='padding:3px 6px; font-weight:bold; background-color:#f2f2f2;'>ประเภทอ้อย</td><td style='padding:3px 6px;'>อ้อยปลายฝน</td></tr><tr><td style='padding:3px 6px; font-weight:bold; background-color:#f2f2f2;'>พื้นที่ปลูก</td><td style='padding:3px 6px;'>3.19</td></tr><tr><td style='padding:3px 6px; font-weight:bold; background-color:#f2f2f2;'>ศูนย์</td><td style='padding:3px 6px;'>K2-11</td></tr><tr><td style='padding:3px 6px; font-weight:bold; background-color:#f2f2f2;'>นักเกษตร</td><td style='padding:3px 6px;'>1101</td></tr><tr><td style='padding:3px 6px; font-weight:bold; background-color:#f2f2f2;'>กลุ่ม</td><td style='padding:3px 6px;'>กลุ่ม_11</td></tr></table></div>]]></description>
      <styleUrl>#style_11_001</styleUrl>
      <MultiGeometry><Polygon><outerBoundaryIs><LinearRing><coordinates>103.2864072,14.6346126,0 103.2868589,14.6356300,0 103.2871129,14.6355181,0 103.2871431,14.6354825,0 103.2870767,14.6351736,0 103.2870449,14.6349511,0 103.2869667,14.6346108,0 103.2864072,14.6346126,0</coordinates></LinearRing></outerBoundaryIs></Polygon></MultiGeometry>
    </Placemark>
    <Placemark>
      <name>320504031832</name>
      <description><![CDATA[<div style='font-family:Tahoma,sans-serif; font-size:13px;'><h3 style='color:#1565C0; margin:4px 0;'>รหัส: 320504031832</h3><p style='margin:2px 0;'><b>กลุ่มรถไถ:</b> 11_001</p><table border='1' style='border-collapse:collapse; border-color:#ccc; width:100%;'><tr><td style='padding:3px 6px; font-weight:bold; background-color:#f2f2f2;'>ปีการผลิต</td><td style='padding:3px 6px;'>257071</td></tr><tr><td style='padding:3px 6px; font-weight:bold; background-color:#f2f2f2;'>รหัสกลุ่มรถไถ</td><td style='padding:3px 6px;'>11/001</td></tr><tr><td style='padding:3px 6px; font-weight:bold; background-color:#f2f2f2;'>โควตาชาวไร่</td><td style='padding:3px 6px;'>712474</td></tr><tr><td style='padding:3px 6px; font-weight:bold; background-color:#f2f2f2;'>ชื่อ-นามสกุล</td><td style='padding:3px 6px;'>นาย ดาว เขาไตร</td></tr><tr><td style='padding:3px 6px; font-weight:bold; background-color:#f2f2f2;'>111</td><td style='padding:3px 6px;'>320504031832</td></tr><tr><td style='padding:3px 6px; font-weight:bold; background-color:#f2f2f2;'>ประเภทอ้อย</td><td style='padding:3px 6px;'>อ้อยปลายฝน</td></tr><tr><td style='padding:3px 6px; font-weight:bold; background-color:#f2f2f2;'>พื้นที่ปลูก</td><td style='padding:3px 6px;'>4.28</td></tr><tr><td style='padding:3px 6px; font-weight:bold; background-color:#f2f2f2;'>ศูนย์</td><td style='padding:3px 6px;'>K2-11</td></tr><tr><td style='padding:3px 6px; font-weight:bold; background-color:#f2f2f2;'>นักเกษตร</td><td style='padding:3px 6px;'>1101</td></tr><tr><td style='padding:3px 6px; font-weight:bold; background-color:#f2f2f2;'>กลุ่ม</td><td style='padding:3px 6px;'>กลุ่ม_11</td></tr></table></div>]]></description>
      <styleUrl>#style_11_001</styleUrl>
      <MultiGeometry><Polygon><outerBoundaryIs><LinearRing><coordinates>103.2871309,14.6355143,0 103.2866317,14.6356817,0 103.2864251,14.6357442,0 103.2860181,14.6359151,0 103.2862219,14.6363814,0 103.2872804,14.6359432,0 103.2871309,14.6355143,0</coordinates></LinearRing></outerBoundaryIs></Polygon></MultiGeometry>
    </Placemark>
    <Placemark>
      <name>320504141753</name>
      <description><![CDATA[<div style='font-family:Tahoma,sans-serif; font-size:13px;'><h3 style='color:#1565C0; margin:4px 0;'>รหัส: 320504141753</h3><p style='margin:2px 0;'><b>กลุ่มรถไถ:</b> 11_001</p><table border='1' style='border-collapse:collapse; border-color:#ccc; width:100%;'><tr><td style='padding:3px 6px; font-weight:bold; background-color:#f2f2f2;'>ปีการผลิต</td><td style='padding:3px 6px;'>257071</td></tr><tr><td style='padding:3px 6px; font-weight:bold; background-color:#f2f2f2;'>รหัสกลุ่มรถไถ</td><td style='padding:3px 6px;'>11/001</td></tr><tr><td style='padding:3px 6px; font-weight:bold; background-color:#f2f2f2;'>โควตาชาวไร่</td><td style='padding:3px 6px;'>712474</td></tr><tr><td style='padding:3px 6px; font-weight:bold; background-color:#f2f2f2;'>ชื่อ-นามสกุล</td><td style='padding:3px 6px;'>นาย ดาว เขาไตร</td></tr><tr><td style='padding:3px 6px; font-weight:bold; background-color:#f2f2f2;'>111</td><td style='padding:3px 6px;'>320504141753</td></tr><tr><td style='padding:3px 6px; font-weight:bold; background-color:#f2f2f2;'>ประเภทอ้อย</td><td style='padding:3px 6px;'>อ้อยปลายฝน</td></tr><tr><td style='padding:3px 6px; font-weight:bold; background-color:#f2f2f2;'>พื้นที่ปลูก</td><td style='padding:3px 6px;'>6.12</td></tr><tr><td style='padding:3px 6px; font-weight:bold; background-color:#f2f2f2;'>ศูนย์</td><td style='padding:3px 6px;'>K2-11</td></tr><tr><td style='padding:3px 6px; font-weight:bold; background-color:#f2f2f2;'>นักเกษตร</td><td style='padding:3px 6px;'>1101</td></tr><tr><td style='padding:3px 6px; font-weight:bold; background-color:#f2f2f2;'>กลุ่ม</td><td style='padding:3px 6px;'>กลุ่ม_11</td></tr></table></div>]]></description>
      <styleUrl>#style_11_001</styleUrl>
      <MultiGeometry><Polygon><outerBoundaryIs><LinearRing><coordinates>103.3347683,14.6219267,0 103.3343883,14.6218350,0 103.3341017,14.6239650,0 103.3344750,14.6240233,0 103.3347683,14.6219267,0</coordinates></LinearRing></outerBoundaryIs></Polygon></MultiGeometry>
    </Placemark>
    <Placemark>
      <name>320505061712</name>
      <description><![CDATA[<div style='font-family:Tahoma,sans-serif; font-size:13px;'><h3 style='color:#1565C0; margin:4px 0;'>รหัส: 320505061712</h3><p style='margin:2px 0;'><b>กลุ่มรถไถ:</b> 11_001</p><table border='1' style='border-collapse:collapse; border-color:#ccc; width:100%;'><tr><td style='padding:3px 6px; font-weight:bold; background-color:#f2f2f2;'>ปีการผลิต</td><td style='padding:3px 6px;'>257071</td></tr><tr><td style='padding:3px 6px; font-weight:bold; background-color:#f2f2f2;'>รหัสกลุ่มรถไถ</td><td style='padding:3px 6px;'>11/001</td></tr><tr><td style='padding:3px 6px; font-weight:bold; background-color:#f2f2f2;'>โควตาชาวไร่</td><td style='padding:3px 6px;'>712509</td></tr><tr><td style='padding:3px 6px; font-weight:bold; background-color:#f2f2f2;'>ชื่อ-นามสกุล</td><td style='padding:3px 6px;'>นาย นิรันต์ มุติมาลย์</td></tr><tr><td style='padding:3px 6px; font-weight:bold; background-color:#f2f2f2;'>111</td><td style='padding:3px 6px;'>320505061712</td></tr><tr><td style='padding:3px 6px; font-weight:bold; background-color:#f2f2f2;'>ประเภทอ้อย</td><td style='padding:3px 6px;'>อ้อยปลายฝน</td></tr><tr><td style='padding:3px 6px; font-weight:bold; background-color:#f2f2f2;'>พื้นที่ปลูก</td><td style='padding:3px 6px;'>2.74</td></tr><tr><td style='padding:3px 6px; font-weight:bold; background-color:#f2f2f2;'>ศูนย์</td><td style='padding:3px 6px;'>K2-11</td></tr><tr><td style='padding:3px 6px; font-weight:bold; background-color:#f2f2f2;'>นักเกษตร</td><td style='padding:3px 6px;'>1106</td></tr><tr><td style='padding:3px 6px; font-weight:bold; background-color:#f2f2f2;'>กลุ่ม</td><td style='padding:3px 6px;'>กลุ่ม_11</td></tr></table></div>]]></description>
      <styleUrl>#style_11_001</styleUrl>
      <MultiGeometry><Polygon><outerBoundaryIs><LinearRing><coordinates>103.2717806,14.6799936,0 103.2717826,14.6803165,0 103.2729760,14.6804040,0 103.2729770,14.6801153,0 103.2717806,14.6799936,0</coordinates></LinearRing></outerBoundaryIs></Polygon></MultiGeometry>
    </Placemark>
    <Placemark>
      <name>310713061760</name>
      <description><![CDATA[<div style='font-family:Tahoma,sans-serif; font-size:13px;'><h3 style='color:#1565C0; margin:4px 0;'>รหัส: 310713061760</h3><p style='margin:2px 0;'><b>กลุ่มรถไถ:</b> 11_001</p><table border='1' style='border-collapse:collapse; border-color:#ccc; width:100%;'><tr><td style='padding:3px 6px; font-weight:bold; background-color:#f2f2f2;'>ปีการผลิต</td><td style='padding:3px 6px;'>257071</td></tr><tr><td style='padding:3px 6px; font-weight:bold; background-color:#f2f2f2;'>รหัสกลุ่มรถไถ</td><td style='padding:3px 6px;'>11/001</td></tr><tr><td style='padding:3px 6px; font-weight:bold; background-color:#f2f2f2;'>โควตาชาวไร่</td><td style='padding:3px 6px;'>712595</td></tr><tr><td style='padding:3px 6px; font-weight:bold; background-color:#f2f2f2;'>ชื่อ-นามสกุล</td><td style='padding:3px 6px;'>นาย วิชาญ แสงทอง</td></tr><tr><td style='padding:3px 6px; font-weight:bold; background-color:#f2f2f2;'>111</td><td style='padding:3px 6px;'>310713061760</td></tr><tr><td style='padding:3px 6px; font-weight:bold; background-color:#f2f2f2;'>ประเภทอ้อย</td><td style='padding:3px 6px;'>อ้อยปลายฝน</td></tr><tr><td style='padding:3px 6px; font-weight:bold; background-color:#f2f2f2;'>พื้นที่ปลูก</td><td style='padding:3px 6px;'>11.53</td></tr><tr><td style='padding:3px 6px; font-weight:bold; background-color:#f2f2f2;'>ศูนย์</td><td style='padding:3px 6px;'>K2-11</td></tr><tr><td style='padding:3px 6px; font-weight:bold; background-color:#f2f2f2;'>นักเกษตร</td><td style='padding:3px 6px;'>1106</td></tr><tr><td style='padding:3px 6px; font-weight:bold; background-color:#f2f2f2;'>กลุ่ม</td><td style='padding:3px 6px;'>กลุ่ม_11</td></tr></table></div>]]></description>
      <styleUrl>#style_11_001</styleUrl>
      <MultiGeometry><Polygon><outerBoundaryIs><LinearRing><coordinates>103.2498367,14.6801167,0 103.2521783,14.6791133,0 103.2519100,14.6785933,0 103.2495567,14.6795533,0 103.2498367,14.6801167,0</coordinates></LinearRing></outerBoundaryIs></Polygon></MultiGeometry>
    </Placemark>
    <Placemark>
      <name>320504121626</name>
      <description><![CDATA[<div style='font-family:Tahoma,sans-serif; font-size:13px;'><h3 style='color:#1565C0; margin:4px 0;'>รหัส: 320504121626</h3><p style='margin:2px 0;'><b>กลุ่มรถไถ:</b> 11_001</p><table border='1' style='border-collapse:collapse; border-color:#ccc; width:100%;'><tr><td style='padding:3px 6px; font-weight:bold; background-color:#f2f2f2;'>ปีการผลิต</td><td style='padding:3px 6px;'>257071</td></tr><tr><td style='padding:3px 6px; font-weight:bold; background-color:#f2f2f2;'>รหัสกลุ่มรถไถ</td><td style='padding:3px 6px;'>11/001</td></tr><tr><td style='padding:3px 6px; font-weight:bold; background-color:#f2f2f2;'>โควตาชาวไร่</td><td style='padding:3px 6px;'>712744</td></tr><tr><td style='padding:3px 6px; font-weight:bold; background-color:#f2f2f2;'>ชื่อ-นามสกุล</td><td style='padding:3px 6px;'>นาย วิเชียร สุระศร</td></tr><tr><td style='padding:3px 6px; font-weight:bold; background-color:#f2f2f2;'>111</td><td style='padding:3px 6px;'>320504121626</td></tr><tr><td style='padding:3px 6px; font-weight:bold; background-color:#f2f2f2;'>ประเภทอ้อย</td><td style='padding:3px 6px;'>อ้อยปลายฝน</td></tr><tr><td style='padding:3px 6px; font-weight:bold; background-color:#f2f2f2;'>พื้นที่ปลูก</td><td style='padding:3px 6px;'>2.64</td></tr><tr><td style='padding:3px 6px; font-weight:bold; background-color:#f2f2f2;'>ศูนย์</td><td style='padding:3px 6px;'>K2-11</td></tr><tr><td style='padding:3px 6px; font-weight:bold; background-color:#f2f2f2;'>นักเกษตร</td><td style='padding:3px 6px;'>1101</td></tr><tr><td style='padding:3px 6px; font-weight:bold; background-color:#f2f2f2;'>กลุ่ม</td><td style='padding:3px 6px;'>กลุ่ม_11</td></tr></table></div>]]></description>
      <styleUrl>#style_11_001</styleUrl>
      <MultiGeometry><Polygon><outerBoundaryIs><LinearRing><coordinates>103.2997434,14.6406697,0 103.3000785,14.6406204,0 103.3000175,14.6400315,0 103.2999283,14.6400295,0 103.2998998,14.6399283,0 103.3000055,14.6399278,0 103.3000238,14.6396264,0 103.2996787,14.6395951,0 103.2996324,14.6396290,0 103.2997434,14.6406697,0</coordinates></LinearRing></outerBoundaryIs></Polygon></MultiGeometry>
    </Placemark>
    <Placemark>
      <name>320504121889</name>
      <description><![CDATA[<div style='font-family:Tahoma,sans-serif; font-size:13px;'><h3 style='color:#1565C0; margin:4px 0;'>รหัส: 320504121889</h3><p style='margin:2px 0;'><b>กลุ่มรถไถ:</b> 11_001</p><table border='1' style='border-collapse:collapse; border-color:#ccc; width:100%;'><tr><td style='padding:3px 6px; font-weight:bold; background-color:#f2f2f2;'>ปีการผลิต</td><td style='padding:3px 6px;'>257071</td></tr><tr><td style='padding:3px 6px; font-weight:bold; background-color:#f2f2f2;'>รหัสกลุ่มรถไถ</td><td style='padding:3px 6px;'>11/001</td></tr><tr><td style='padding:3px 6px; font-weight:bold; background-color:#f2f2f2;'>โควตาชาวไร่</td><td style='padding:3px 6px;'>712744</td></tr><tr><td style='padding:3px 6px; font-weight:bold; background-color:#f2f2f2;'>ชื่อ-นามสกุล</td><td style='padding:3px 6px;'>นาย วิเชียร สุระศร</td></tr><tr><td style='padding:3px 6px; font-weight:bold; background-color:#f2f2f2;'>111</td><td style='padding:3px 6px;'>320504121889</td></tr><tr><td style='padding:3px 6px; font-weight:bold; background-color:#f2f2f2;'>ประเภทอ้อย</td><td style='padding:3px 6px;'>อ้อยปลายฝน</td></tr><tr><td style='padding:3px 6px; font-weight:bold; background-color:#f2f2f2;'>พื้นที่ปลูก</td><td style='padding:3px 6px;'>2.36</td></tr><tr><td style='padding:3px 6px; font-weight:bold; background-color:#f2f2f2;'>ศูนย์</td><td style='padding:3px 6px;'>K2-11</td></tr><tr><td style='padding:3px 6px; font-weight:bold; background-color:#f2f2f2;'>นักเกษตร</td><td style='padding:3px 6px;'>1101</td></tr><tr><td style='padding:3px 6px; font-weight:bold; background-color:#f2f2f2;'>กลุ่ม</td><td style='padding:3px 6px;'>กลุ่ม_11</td></tr></table></div>]]></description>
      <styleUrl>#style_11_001</styleUrl>
      <MultiGeometry><Polygon><outerBoundaryIs><LinearRing><coordinates>103.3002850,14.6416083,0 103.3000833,14.6406317,0 103.2997950,14.6406700,0 103.2998883,14.6414400,0 103.2999567,14.6415233,0 103.3000250,14.6415650,0 103.3000567,14.6416467,0 103.3002850,14.6416083,0</coordinates></LinearRing></outerBoundaryIs></Polygon></MultiGeometry>
    </Placemark>
    <Placemark>
      <name>320514041723</name>
      <description><![CDATA[<div style='font-family:Tahoma,sans-serif; font-size:13px;'><h3 style='color:#1565C0; margin:4px 0;'>รหัส: 320514041723</h3><p style='margin:2px 0;'><b>กลุ่มรถไถ:</b> 11_001</p><table border='1' style='border-collapse:collapse; border-color:#ccc; width:100%;'><tr><td style='padding:3px 6px; font-weight:bold; background-color:#f2f2f2;'>ปีการผลิต</td><td style='padding:3px 6px;'>257071</td></tr><tr><td style='padding:3px 6px; font-weight:bold; background-color:#f2f2f2;'>รหัสกลุ่มรถไถ</td><td style='padding:3px 6px;'>11/001</td></tr><tr><td style='padding:3px 6px; font-weight:bold; background-color:#f2f2f2;'>โควตาชาวไร่</td><td style='padding:3px 6px;'>712929</td></tr><tr><td style='padding:3px 6px; font-weight:bold; background-color:#f2f2f2;'>ชื่อ-นามสกุล</td><td style='padding:3px 6px;'>นาย ธีรพงษ์ อดทน</td></tr><tr><td style='padding:3px 6px; font-weight:bold; background-color:#f2f2f2;'>111</td><td style='padding:3px 6px;'>320514041723</td></tr><tr><td style='padding:3px 6px; font-weight:bold; background-color:#f2f2f2;'>ประเภทอ้อย</td><td style='padding:3px 6px;'>อ้อยปลายฝน</td></tr><tr><td style='padding:3px 6px; font-weight:bold; background-color:#f2f2f2;'>พื้นที่ปลูก</td><td style='padding:3px 6px;'>5.09</td></tr><tr><td style='padding:3px 6px; font-weight:bold; background-color:#f2f2f2;'>ศูนย์</td><td style='padding:3px 6px;'>K2-11</td></tr><tr><td style='padding:3px 6px; font-weight:bold; background-color:#f2f2f2;'>นักเกษตร</td><td style='padding:3px 6px;'>1101</td></tr><tr><td style='padding:3px 6px; font-weight:bold; background-color:#f2f2f2;'>กลุ่ม</td><td style='padding:3px 6px;'>กลุ่ม_11</td></tr></table></div>]]></description>
      <styleUrl>#style_11_001</styleUrl>
      <MultiGeometry><Polygon><outerBoundaryIs><LinearRing><coordinates>103.2887850,14.6004250,0 103.2887450,14.6001417,0 103.2858817,14.6005983,0 103.2859350,14.6007783,0 103.2887850,14.6004250,0</coordinates></LinearRing></outerBoundaryIs></Polygon></MultiGeometry>
    </Placemark>
    <Placemark>
      <name>320107051510</name>
      <description><![CDATA[<div style='font-family:Tahoma,sans-serif; font-size:13px;'><h3 style='color:#1565C0; margin:4px 0;'>รหัส: 320107051510</h3><p style='margin:2px 0;'><b>กลุ่มรถไถ:</b> 11_001</p><table border='1' style='border-collapse:collapse; border-color:#ccc; width:100%;'><tr><td style='padding:3px 6px; font-weight:bold; background-color:#f2f2f2;'>ปีการผลิต</td><td style='padding:3px 6px;'>257071</td></tr><tr><td style='padding:3px 6px; font-weight:bold; background-color:#f2f2f2;'>รหัสกลุ่มรถไถ</td><td style='padding:3px 6px;'>11/001</td></tr><tr><td style='padding:3px 6px; font-weight:bold; background-color:#f2f2f2;'>โควตาชาวไร่</td><td style='padding:3px 6px;'>713000</td></tr><tr><td style='padding:3px 6px; font-weight:bold; background-color:#f2f2f2;'>ชื่อ-นามสกุล</td><td style='padding:3px 6px;'>นาย ยิ่งยง หวังทางมี</td></tr><tr><td style='padding:3px 6px; font-weight:bold; background-color:#f2f2f2;'>111</td><td style='padding:3px 6px;'>320107051510</td></tr><tr><td style='padding:3px 6px; font-weight:bold; background-color:#f2f2f2;'>ประเภทอ้อย</td><td style='padding:3px 6px;'>อ้อยปลายฝน</td></tr><tr><td style='padding:3px 6px; font-weight:bold; background-color:#f2f2f2;'>พื้นที่ปลูก</td><td style='padding:3px 6px;'>84.06</td></tr><tr><td style='padding:3px 6px; font-weight:bold; background-color:#f2f2f2;'>ศูนย์</td><td style='padding:3px 6px;'>K2-11</td></tr><tr><td style='padding:3px 6px; font-weight:bold; background-color:#f2f2f2;'>นักเกษตร</td><td style='padding:3px 6px;'>1106</td></tr><tr><td style='padding:3px 6px; font-weight:bold; background-color:#f2f2f2;'>กลุ่ม</td><td style='padding:3px 6px;'>กลุ่ม_11</td></tr></table></div>]]></description>
      <styleUrl>#style_11_001</styleUrl>
      <MultiGeometry><Polygon><outerBoundaryIs><LinearRing><coordinates>103.5883822,14.7980101,0 103.5873187,14.7967570,0 103.5859369,14.7973311,0 103.5860592,14.7975949,0 103.5858270,14.7976884,0 103.5857101,14.7974062,0 103.5849995,14.7976546,0 103.5849706,14.7975980,0 103.5846601,14.7977100,0 103.5843357,14.7978357,0 103.5836643,14.7980916,0 103.5838351,14.7984832,0 103.5838963,14.7986248,0 103.5839357,14.7987346,0 103.5840447,14.7990312,0 103.5841966,14.7994012,0 103.5843049,14.7997057,0 103.5845543,14.8003763,0 103.5853218,14.7999054,0 103.5865942,14.8024836,0 103.5866765,14.8024449,0 103.5868699,14.8023324,0 103.5869772,14.8022281,0 103.5871328,14.8021456,0 103.5873571,14.8020197,0 103.5877936,14.8017803,0 103.5866017,14.7999154,0 103.5860221,14.8002517,0 103.5856889,14.7996856,0 103.5862429,14.7993577,0 103.5860865,14.7990864,0 103.5863908,14.7989343,0 103.5865436,14.7991506,0 103.5867878,14.7990231,0 103.5870198,14.7988812,0 103.5871177,14.7988329,0 103.5874930,14.7985989,0 103.5874208,14.7984587,0 103.5877619,14.7982775,0 103.5878145,14.7983672,0 103.5878281,14.7983710,0 103.5883822,14.7980101,0</coordinates></LinearRing></outerBoundaryIs></Polygon></MultiGeometry>
    </Placemark>
    <Placemark>
      <name>320504091675</name>
      <description><![CDATA[<div style='font-family:Tahoma,sans-serif; font-size:13px;'><h3 style='color:#1565C0; margin:4px 0;'>รหัส: 320504091675</h3><p style='margin:2px 0;'><b>กลุ่มรถไถ:</b> 11_001</p><table border='1' style='border-collapse:collapse; border-color:#ccc; width:100%;'><tr><td style='padding:3px 6px; font-weight:bold; background-color:#f2f2f2;'>ปีการผลิต</td><td style='padding:3px 6px;'>257071</td></tr><tr><td style='padding:3px 6px; font-weight:bold; background-color:#f2f2f2;'>รหัสกลุ่มรถไถ</td><td style='padding:3px 6px;'>11/001</td></tr><tr><td style='padding:3px 6px; font-weight:bold; background-color:#f2f2f2;'>โควตาชาวไร่</td><td style='padding:3px 6px;'>713038</td></tr><tr><td style='padding:3px 6px; font-weight:bold; background-color:#f2f2f2;'>ชื่อ-นามสกุล</td><td style='padding:3px 6px;'>นาย ประเสริฐ ผดุงเมือง</td></tr><tr><td style='padding:3px 6px; font-weight:bold; background-color:#f2f2f2;'>111</td><td style='padding:3px 6px;'>320504091675</td></tr><tr><td style='padding:3px 6px; font-weight:bold; background-color:#f2f2f2;'>ประเภทอ้อย</td><td style='padding:3px 6px;'>อ้อยปลายฝน</td></tr><tr><td style='padding:3px 6px; font-weight:bold; background-color:#f2f2f2;'>พื้นที่ปลูก</td><td style='padding:3px 6px;'>7.71</td></tr><tr><td style='padding:3px 6px; font-weight:bold; background-color:#f2f2f2;'>ศูนย์</td><td style='padding:3px 6px;'>K2-11</td></tr><tr><td style='padding:3px 6px; font-weight:bold; background-color:#f2f2f2;'>นักเกษตร</td><td style='padding:3px 6px;'>1101</td></tr><tr><td style='padding:3px 6px; font-weight:bold; background-color:#f2f2f2;'>กลุ่ม</td><td style='padding:3px 6px;'>กลุ่ม_11</td></tr></table></div>]]></description>
      <styleUrl>#style_11_001</styleUrl>
      <MultiGeometry><Polygon><outerBoundaryIs><LinearRing><coordinates>103.2977300,14.6293450,0 103.2981000,14.6293783,0 103.2980600,14.6283167,0 103.2979967,14.6271700,0 103.2974183,14.6272933,0 103.2977300,14.6293450,0</coordinates></LinearRing></outerBoundaryIs></Polygon></MultiGeometry>
    </Placemark>
    <Placemark>
      <name>320505061713</name>
      <description><![CDATA[<div style='font-family:Tahoma,sans-serif; font-size:13px;'><h3 style='color:#1565C0; margin:4px 0;'>รหัส: 320505061713</h3><p style='margin:2px 0;'><b>กลุ่มรถไถ:</b> 11_001</p><table border='1' style='border-collapse:collapse; border-color:#ccc; width:100%;'><tr><td style='padding:3px 6px; font-weight:bold; background-color:#f2f2f2;'>ปีการผลิต</td><td style='padding:3px 6px;'>257071</td></tr><tr><td style='padding:3px 6px; font-weight:bold; background-color:#f2f2f2;'>รหัสกลุ่มรถไถ</td><td style='padding:3px 6px;'>11/001</td></tr><tr><td style='padding:3px 6px; font-weight:bold; background-color:#f2f2f2;'>โควตาชาวไร่</td><td style='padding:3px 6px;'>713090</td></tr><tr><td style='padding:3px 6px; font-weight:bold; background-color:#f2f2f2;'>ชื่อ-นามสกุล</td><td style='padding:3px 6px;'>นาย สุระทิน บุติมาลย์</td></tr><tr><td style='padding:3px 6px; font-weight:bold; background-color:#f2f2f2;'>111</td><td style='padding:3px 6px;'>320505061713</td></tr><tr><td style='padding:3px 6px; font-weight:bold; background-color:#f2f2f2;'>ประเภทอ้อย</td><td style='padding:3px 6px;'>อ้อยปลายฝน</td></tr><tr><td style='padding:3px 6px; font-weight:bold; background-color:#f2f2f2;'>พื้นที่ปลูก</td><td style='padding:3px 6px;'>1.89</td></tr><tr><td style='padding:3px 6px; font-weight:bold; background-color:#f2f2f2;'>ศูนย์</td><td style='padding:3px 6px;'>K2-11</td></tr><tr><td style='padding:3px 6px; font-weight:bold; background-color:#f2f2f2;'>นักเกษตร</td><td style='padding:3px 6px;'>1106</td></tr><tr><td style='padding:3px 6px; font-weight:bold; background-color:#f2f2f2;'>กลุ่ม</td><td style='padding:3px 6px;'>กลุ่ม_11</td></tr></table></div>]]></description>
      <styleUrl>#style_11_001</styleUrl>
      <MultiGeometry><Polygon><outerBoundaryIs><LinearRing><coordinates>103.2750917,14.6772717,0 103.2746300,14.6770683,0 103.2745333,14.6770767,0 103.2745967,14.6772650,0 103.2747750,14.6777133,0 103.2750800,14.6775983,0 103.2752383,14.6776117,0 103.2752050,14.6774067,0 103.2750917,14.6772717,0</coordinates></LinearRing></outerBoundaryIs></Polygon></MultiGeometry>
    </Placemark>
    <Placemark>
      <name>320504021540</name>
      <description><![CDATA[<div style='font-family:Tahoma,sans-serif; font-size:13px;'><h3 style='color:#1565C0; margin:4px 0;'>รหัส: 320504021540</h3><p style='margin:2px 0;'><b>กลุ่มรถไถ:</b> 11_001</p><table border='1' style='border-collapse:collapse; border-color:#ccc; width:100%;'><tr><td style='padding:3px 6px; font-weight:bold; background-color:#f2f2f2;'>ปีการผลิต</td><td style='padding:3px 6px;'>257071</td></tr><tr><td style='padding:3px 6px; font-weight:bold; background-color:#f2f2f2;'>รหัสกลุ่มรถไถ</td><td style='padding:3px 6px;'>11/001</td></tr><tr><td style='padding:3px 6px; font-weight:bold; background-color:#f2f2f2;'>โควตาชาวไร่</td><td style='padding:3px 6px;'>713146</td></tr><tr><td style='padding:3px 6px; font-weight:bold; background-color:#f2f2f2;'>ชื่อ-นามสกุล</td><td style='padding:3px 6px;'>นาย ไทยรัตน์ สุขใส</td></tr><tr><td style='padding:3px 6px; font-weight:bold; background-color:#f2f2f2;'>111</td><td style='padding:3px 6px;'>320504021540</td></tr><tr><td style='padding:3px 6px; font-weight:bold; background-color:#f2f2f2;'>ประเภทอ้อย</td><td style='padding:3px 6px;'>อ้อยปลายฝน</td></tr><tr><td style='padding:3px 6px; font-weight:bold; background-color:#f2f2f2;'>พื้นที่ปลูก</td><td style='padding:3px 6px;'>5.66</td></tr><tr><td style='padding:3px 6px; font-weight:bold; background-color:#f2f2f2;'>ศูนย์</td><td style='padding:3px 6px;'>K2-11</td></tr><tr><td style='padding:3px 6px; font-weight:bold; background-color:#f2f2f2;'>นักเกษตร</td><td style='padding:3px 6px;'>1101</td></tr><tr><td style='padding:3px 6px; font-weight:bold; background-color:#f2f2f2;'>กลุ่ม</td><td style='padding:3px 6px;'>กลุ่ม_11</td></tr></table></div>]]></description>
      <styleUrl>#style_11_001</styleUrl>
      <MultiGeometry><Polygon><outerBoundaryIs><LinearRing><coordinates>103.2749367,14.6386417,0 103.2752300,14.6397100,0 103.2756200,14.6397950,0 103.2757567,14.6392017,0 103.2756967,14.6384817,0 103.2749367,14.6386417,0</coordinates></LinearRing></outerBoundaryIs></Polygon></MultiGeometry>
    </Placemark>
    <Placemark>
      <name>320504031557</name>
      <description><![CDATA[<div style='font-family:Tahoma,sans-serif; font-size:13px;'><h3 style='color:#1565C0; margin:4px 0;'>รหัส: 320504031557</h3><p style='margin:2px 0;'><b>กลุ่มรถไถ:</b> 11_001</p><table border='1' style='border-collapse:collapse; border-color:#ccc; width:100%;'><tr><td style='padding:3px 6px; font-weight:bold; background-color:#f2f2f2;'>ปีการผลิต</td><td style='padding:3px 6px;'>257071</td></tr><tr><td style='padding:3px 6px; font-weight:bold; background-color:#f2f2f2;'>รหัสกลุ่มรถไถ</td><td style='padding:3px 6px;'>11/001</td></tr><tr><td style='padding:3px 6px; font-weight:bold; background-color:#f2f2f2;'>โควตาชาวไร่</td><td style='padding:3px 6px;'>713146</td></tr><tr><td style='padding:3px 6px; font-weight:bold; background-color:#f2f2f2;'>ชื่อ-นามสกุล</td><td style='padding:3px 6px;'>นาย ไทยรัตน์ สุขใส</td></tr><tr><td style='padding:3px 6px; font-weight:bold; background-color:#f2f2f2;'>111</td><td style='padding:3px 6px;'>320504031557</td></tr><tr><td style='padding:3px 6px; font-weight:bold; background-color:#f2f2f2;'>ประเภทอ้อย</td><td style='padding:3px 6px;'>อ้อยปลายฝน</td></tr><tr><td style='padding:3px 6px; font-weight:bold; background-color:#f2f2f2;'>พื้นที่ปลูก</td><td style='padding:3px 6px;'>6.15</td></tr><tr><td style='padding:3px 6px; font-weight:bold; background-color:#f2f2f2;'>ศูนย์</td><td style='padding:3px 6px;'>K2-11</td></tr><tr><td style='padding:3px 6px; font-weight:bold; background-color:#f2f2f2;'>นักเกษตร</td><td style='padding:3px 6px;'>1101</td></tr><tr><td style='padding:3px 6px; font-weight:bold; background-color:#f2f2f2;'>กลุ่ม</td><td style='padding:3px 6px;'>กลุ่ม_11</td></tr></table></div>]]></description>
      <styleUrl>#style_11_001</styleUrl>
      <MultiGeometry><Polygon><outerBoundaryIs><LinearRing><coordinates>103.2723267,14.6345317,0 103.2735433,14.6353850,0 103.2736300,14.6345200,0 103.2726550,14.6341317,0 103.2723267,14.6345317,0</coordinates></LinearRing></outerBoundaryIs></Polygon></MultiGeometry>
    </Placemark>
    <Placemark>
      <name>320504030161</name>
      <description><![CDATA[<div style='font-family:Tahoma,sans-serif; font-size:13px;'><h3 style='color:#1565C0; margin:4px 0;'>รหัส: 320504030161</h3><p style='margin:2px 0;'><b>กลุ่มรถไถ:</b> 11_001</p><table border='1' style='border-collapse:collapse; border-color:#ccc; width:100%;'><tr><td style='padding:3px 6px; font-weight:bold; background-color:#f2f2f2;'>ปีการผลิต</td><td style='padding:3px 6px;'>257071</td></tr><tr><td style='padding:3px 6px; font-weight:bold; background-color:#f2f2f2;'>รหัสกลุ่มรถไถ</td><td style='padding:3px 6px;'>11/001</td></tr><tr><td style='padding:3px 6px; font-weight:bold; background-color:#f2f2f2;'>โควตาชาวไร่</td><td style='padding:3px 6px;'>713147</td></tr><tr><td style='padding:3px 6px; font-weight:bold; background-color:#f2f2f2;'>ชื่อ-นามสกุล</td><td style='padding:3px 6px;'>นาย รุ่ง เรืองรัมย์</td></tr><tr><td style='padding:3px 6px; font-weight:bold; background-color:#f2f2f2;'>111</td><td style='padding:3px 6px;'>320504030161</td></tr><tr><td style='padding:3px 6px; font-weight:bold; background-color:#f2f2f2;'>ประเภทอ้อย</td><td style='padding:3px 6px;'>อ้อยปลายฝน</td></tr><tr><td style='padding:3px 6px; font-weight:bold; background-color:#f2f2f2;'>พื้นที่ปลูก</td><td style='padding:3px 6px;'>3.98</td></tr><tr><td style='padding:3px 6px; font-weight:bold; background-color:#f2f2f2;'>ศูนย์</td><td style='padding:3px 6px;'>K2-11</td></tr><tr><td style='padding:3px 6px; font-weight:bold; background-color:#f2f2f2;'>นักเกษตร</td><td style='padding:3px 6px;'>1101</td></tr><tr><td style='padding:3px 6px; font-weight:bold; background-color:#f2f2f2;'>กลุ่ม</td><td style='padding:3px 6px;'>กลุ่ม_11</td></tr></table></div>]]></description>
      <styleUrl>#style_11_001</styleUrl>
      <MultiGeometry><Polygon><outerBoundaryIs><LinearRing><coordinates>103.2723577,14.6442128,0 103.2723648,14.6439520,0 103.2723567,14.6439100,0 103.2723350,14.6436350,0 103.2714160,14.6435187,0 103.2713932,14.6440611,0 103.2723577,14.6442128,0</coordinates></LinearRing></outerBoundaryIs></Polygon></MultiGeometry>
    </Placemark>
    <Placemark>
      <name>320504031670</name>
      <description><![CDATA[<div style='font-family:Tahoma,sans-serif; font-size:13px;'><h3 style='color:#1565C0; margin:4px 0;'>รหัส: 320504031670</h3><p style='margin:2px 0;'><b>กลุ่มรถไถ:</b> 11_001</p><table border='1' style='border-collapse:collapse; border-color:#ccc; width:100%;'><tr><td style='padding:3px 6px; font-weight:bold; background-color:#f2f2f2;'>ปีการผลิต</td><td style='padding:3px 6px;'>257071</td></tr><tr><td style='padding:3px 6px; font-weight:bold; background-color:#f2f2f2;'>รหัสกลุ่มรถไถ</td><td style='padding:3px 6px;'>11/001</td></tr><tr><td style='padding:3px 6px; font-weight:bold; background-color:#f2f2f2;'>โควตาชาวไร่</td><td style='padding:3px 6px;'>713147</td></tr><tr><td style='padding:3px 6px; font-weight:bold; background-color:#f2f2f2;'>ชื่อ-นามสกุล</td><td style='padding:3px 6px;'>นาย รุ่ง เรืองรัมย์</td></tr><tr><td style='padding:3px 6px; font-weight:bold; background-color:#f2f2f2;'>111</td><td style='padding:3px 6px;'>320504031670</td></tr><tr><td style='padding:3px 6px; font-weight:bold; background-color:#f2f2f2;'>ประเภทอ้อย</td><td style='padding:3px 6px;'>อ้อยปลายฝน</td></tr><tr><td style='padding:3px 6px; font-weight:bold; background-color:#f2f2f2;'>พื้นที่ปลูก</td><td style='padding:3px 6px;'>3.58</td></tr><tr><td style='padding:3px 6px; font-weight:bold; background-color:#f2f2f2;'>ศูนย์</td><td style='padding:3px 6px;'>K2-11</td></tr><tr><td style='padding:3px 6px; font-weight:bold; background-color:#f2f2f2;'>นักเกษตร</td><td style='padding:3px 6px;'>1101</td></tr><tr><td style='padding:3px 6px; font-weight:bold; background-color:#f2f2f2;'>กลุ่ม</td><td style='padding:3px 6px;'>กลุ่ม_11</td></tr></table></div>]]></description>
      <styleUrl>#style_11_001</styleUrl>
      <MultiGeometry><Polygon><outerBoundaryIs><LinearRing><coordinates>103.2708100,14.6437617,0 103.2709833,14.6439117,0 103.2713833,14.6439683,0 103.2714583,14.6439417,0 103.2714733,14.6434683,0 103.2704517,14.6433683,0 103.2702783,14.6434650,0 103.2704017,14.6436117,0 103.2705083,14.6437367,0 103.2705833,14.6438333,0 103.2706450,14.6438250,0 103.2707133,14.6437467,0 103.2708100,14.6437617,0</coordinates></LinearRing></outerBoundaryIs></Polygon></MultiGeometry>
    </Placemark>
    <Placemark>
      <name>320514021602</name>
      <description><![CDATA[<div style='font-family:Tahoma,sans-serif; font-size:13px;'><h3 style='color:#1565C0; margin:4px 0;'>รหัส: 320514021602</h3><p style='margin:2px 0;'><b>กลุ่มรถไถ:</b> 11_001</p><table border='1' style='border-collapse:collapse; border-color:#ccc; width:100%;'><tr><td style='padding:3px 6px; font-weight:bold; background-color:#f2f2f2;'>ปีการผลิต</td><td style='padding:3px 6px;'>257071</td></tr><tr><td style='padding:3px 6px; font-weight:bold; background-color:#f2f2f2;'>รหัสกลุ่มรถไถ</td><td style='padding:3px 6px;'>11/001</td></tr><tr><td style='padding:3px 6px; font-weight:bold; background-color:#f2f2f2;'>โควตาชาวไร่</td><td style='padding:3px 6px;'>713183</td></tr><tr><td style='padding:3px 6px; font-weight:bold; background-color:#f2f2f2;'>ชื่อ-นามสกุล</td><td style='padding:3px 6px;'>นาง ธิติมา เงียบสุข</td></tr><tr><td style='padding:3px 6px; font-weight:bold; background-color:#f2f2f2;'>111</td><td style='padding:3px 6px;'>320514021602</td></tr><tr><td style='padding:3px 6px; font-weight:bold; background-color:#f2f2f2;'>ประเภทอ้อย</td><td style='padding:3px 6px;'>อ้อยปลายฝน</td></tr><tr><td style='padding:3px 6px; font-weight:bold; background-color:#f2f2f2;'>พื้นที่ปลูก</td><td style='padding:3px 6px;'>8.73</td></tr><tr><td style='padding:3px 6px; font-weight:bold; background-color:#f2f2f2;'>ศูนย์</td><td style='padding:3px 6px;'>K2-11</td></tr><tr><td style='padding:3px 6px; font-weight:bold; background-color:#f2f2f2;'>นักเกษตร</td><td style='padding:3px 6px;'>1106</td></tr><tr><td style='padding:3px 6px; font-weight:bold; background-color:#f2f2f2;'>กลุ่ม</td><td style='padding:3px 6px;'>กลุ่ม_11</td></tr></table></div>]]></description>
      <styleUrl>#style_11_001</styleUrl>
      <MultiGeometry><Polygon><outerBoundaryIs><LinearRing><coordinates>103.2524557,14.6537710,0 103.2513777,14.6538576,0 103.2515752,14.6549430,0 103.2525041,14.6550078,0 103.2524557,14.6537710,0</coordinates></LinearRing></outerBoundaryIs></Polygon></MultiGeometry>
    </Placemark>
    <Placemark>
      <name>320514021656</name>
      <description><![CDATA[<div style='font-family:Tahoma,sans-serif; font-size:13px;'><h3 style='color:#1565C0; margin:4px 0;'>รหัส: 320514021656</h3><p style='margin:2px 0;'><b>กลุ่มรถไถ:</b> 11_001</p><table border='1' style='border-collapse:collapse; border-color:#ccc; width:100%;'><tr><td style='padding:3px 6px; font-weight:bold; background-color:#f2f2f2;'>ปีการผลิต</td><td style='padding:3px 6px;'>257071</td></tr><tr><td style='padding:3px 6px; font-weight:bold; background-color:#f2f2f2;'>รหัสกลุ่มรถไถ</td><td style='padding:3px 6px;'>11/001</td></tr><tr><td style='padding:3px 6px; font-weight:bold; background-color:#f2f2f2;'>โควตาชาวไร่</td><td style='padding:3px 6px;'>713183</td></tr><tr><td style='padding:3px 6px; font-weight:bold; background-color:#f2f2f2;'>ชื่อ-นามสกุล</td><td style='padding:3px 6px;'>นาง ธิติมา เงียบสุข</td></tr><tr><td style='padding:3px 6px; font-weight:bold; background-color:#f2f2f2;'>111</td><td style='padding:3px 6px;'>320514021656</td></tr><tr><td style='padding:3px 6px; font-weight:bold; background-color:#f2f2f2;'>ประเภทอ้อย</td><td style='padding:3px 6px;'>อ้อยปลายฝน</td></tr><tr><td style='padding:3px 6px; font-weight:bold; background-color:#f2f2f2;'>พื้นที่ปลูก</td><td style='padding:3px 6px;'>14.72</td></tr><tr><td style='padding:3px 6px; font-weight:bold; background-color:#f2f2f2;'>ศูนย์</td><td style='padding:3px 6px;'>K2-11</td></tr><tr><td style='padding:3px 6px; font-weight:bold; background-color:#f2f2f2;'>นักเกษตร</td><td style='padding:3px 6px;'>1106</td></tr><tr><td style='padding:3px 6px; font-weight:bold; background-color:#f2f2f2;'>กลุ่ม</td><td style='padding:3px 6px;'>กลุ่ม_11</td></tr></table></div>]]></description>
      <styleUrl>#style_11_001</styleUrl>
      <MultiGeometry><Polygon><outerBoundaryIs><LinearRing><coordinates>103.2464800,14.6464817,0 103.2462283,14.6453750,0 103.2446145,14.6455706,0 103.2449036,14.6468377,0 103.2464800,14.6464817,0</coordinates></LinearRing></outerBoundaryIs></Polygon></MultiGeometry>
    </Placemark>
    <Placemark>
      <name>320514021838</name>
      <description><![CDATA[<div style='font-family:Tahoma,sans-serif; font-size:13px;'><h3 style='color:#1565C0; margin:4px 0;'>รหัส: 320514021838</h3><p style='margin:2px 0;'><b>กลุ่มรถไถ:</b> 11_001</p><table border='1' style='border-collapse:collapse; border-color:#ccc; width:100%;'><tr><td style='padding:3px 6px; font-weight:bold; background-color:#f2f2f2;'>ปีการผลิต</td><td style='padding:3px 6px;'>257071</td></tr><tr><td style='padding:3px 6px; font-weight:bold; background-color:#f2f2f2;'>รหัสกลุ่มรถไถ</td><td style='padding:3px 6px;'>11/001</td></tr><tr><td style='padding:3px 6px; font-weight:bold; background-color:#f2f2f2;'>โควตาชาวไร่</td><td style='padding:3px 6px;'>713183</td></tr><tr><td style='padding:3px 6px; font-weight:bold; background-color:#f2f2f2;'>ชื่อ-นามสกุล</td><td style='padding:3px 6px;'>นาง ธิติมา เงียบสุข</td></tr><tr><td style='padding:3px 6px; font-weight:bold; background-color:#f2f2f2;'>111</td><td style='padding:3px 6px;'>320514021838</td></tr><tr><td style='padding:3px 6px; font-weight:bold; background-color:#f2f2f2;'>ประเภทอ้อย</td><td style='padding:3px 6px;'>อ้อยปลายฝน</td></tr><tr><td style='padding:3px 6px; font-weight:bold; background-color:#f2f2f2;'>พื้นที่ปลูก</td><td style='padding:3px 6px;'>21.18</td></tr><tr><td style='padding:3px 6px; font-weight:bold; background-color:#f2f2f2;'>ศูนย์</td><td style='padding:3px 6px;'>K2-11</td></tr><tr><td style='padding:3px 6px; font-weight:bold; background-color:#f2f2f2;'>นักเกษตร</td><td style='padding:3px 6px;'>1106</td></tr><tr><td style='padding:3px 6px; font-weight:bold; background-color:#f2f2f2;'>กลุ่ม</td><td style='padding:3px 6px;'>กลุ่ม_11</td></tr></table></div>]]></description>
      <styleUrl>#style_11_001</styleUrl>
      <MultiGeometry><Polygon><outerBoundaryIs><LinearRing><coordinates>103.2490570,14.6433426,0 103.2505449,14.6429544,0 103.2504283,14.6426558,0 103.2503729,14.6424032,0 103.2503044,14.6422165,0 103.2503229,14.6422026,0 103.2501236,14.6411897,0 103.2497762,14.6411813,0 103.2495425,14.6411685,0 103.2492093,14.6411667,0 103.2487637,14.6411288,0 103.2490570,14.6433426,0</coordinates></LinearRing></outerBoundaryIs></Polygon></MultiGeometry>
    </Placemark>
    <Placemark>
      <name>320504081585</name>
      <description><![CDATA[<div style='font-family:Tahoma,sans-serif; font-size:13px;'><h3 style='color:#1565C0; margin:4px 0;'>รหัส: 320504081585</h3><p style='margin:2px 0;'><b>กลุ่มรถไถ:</b> 11_001</p><table border='1' style='border-collapse:collapse; border-color:#ccc; width:100%;'><tr><td style='padding:3px 6px; font-weight:bold; background-color:#f2f2f2;'>ปีการผลิต</td><td style='padding:3px 6px;'>257071</td></tr><tr><td style='padding:3px 6px; font-weight:bold; background-color:#f2f2f2;'>รหัสกลุ่มรถไถ</td><td style='padding:3px 6px;'>11/001</td></tr><tr><td style='padding:3px 6px; font-weight:bold; background-color:#f2f2f2;'>โควตาชาวไร่</td><td style='padding:3px 6px;'>713190</td></tr><tr><td style='padding:3px 6px; font-weight:bold; background-color:#f2f2f2;'>ชื่อ-นามสกุล</td><td style='padding:3px 6px;'>นาย บรรลือ อุ่นศรี</td></tr><tr><td style='padding:3px 6px; font-weight:bold; background-color:#f2f2f2;'>111</td><td style='padding:3px 6px;'>320504081585</td></tr><tr><td style='padding:3px 6px; font-weight:bold; background-color:#f2f2f2;'>ประเภทอ้อย</td><td style='padding:3px 6px;'>อ้อยปลายฝน</td></tr><tr><td style='padding:3px 6px; font-weight:bold; background-color:#f2f2f2;'>พื้นที่ปลูก</td><td style='padding:3px 6px;'>2.81</td></tr><tr><td style='padding:3px 6px; font-weight:bold; background-color:#f2f2f2;'>ศูนย์</td><td style='padding:3px 6px;'>K2-11</td></tr><tr><td style='padding:3px 6px; font-weight:bold; background-color:#f2f2f2;'>นักเกษตร</td><td style='padding:3px 6px;'>1101</td></tr><tr><td style='padding:3px 6px; font-weight:bold; background-color:#f2f2f2;'>กลุ่ม</td><td style='padding:3px 6px;'>กลุ่ม_11</td></tr></table></div>]]></description>
      <styleUrl>#style_11_001</styleUrl>
      <MultiGeometry><Polygon><outerBoundaryIs><LinearRing><coordinates>103.2866100,14.6450783,0 103.2866433,14.6449000,0 103.2863917,14.6448317,0 103.2864000,14.6447350,0 103.2854450,14.6445717,0 103.2853633,14.6449083,0 103.2866100,14.6450783,0</coordinates></LinearRing></outerBoundaryIs></Polygon></MultiGeometry>
    </Placemark>
    <Placemark>
      <name>320504031524</name>
      <description><![CDATA[<div style='font-family:Tahoma,sans-serif; font-size:13px;'><h3 style='color:#1565C0; margin:4px 0;'>รหัส: 320504031524</h3><p style='margin:2px 0;'><b>กลุ่มรถไถ:</b> 11_001</p><table border='1' style='border-collapse:collapse; border-color:#ccc; width:100%;'><tr><td style='padding:3px 6px; font-weight:bold; background-color:#f2f2f2;'>ปีการผลิต</td><td style='padding:3px 6px;'>257071</td></tr><tr><td style='padding:3px 6px; font-weight:bold; background-color:#f2f2f2;'>รหัสกลุ่มรถไถ</td><td style='padding:3px 6px;'>11/001</td></tr><tr><td style='padding:3px 6px; font-weight:bold; background-color:#f2f2f2;'>โควตาชาวไร่</td><td style='padding:3px 6px;'>713245</td></tr><tr><td style='padding:3px 6px; font-weight:bold; background-color:#f2f2f2;'>ชื่อ-นามสกุล</td><td style='padding:3px 6px;'>นางสาว พิศวงค์ วงศ์ศรี</td></tr><tr><td style='padding:3px 6px; font-weight:bold; background-color:#f2f2f2;'>111</td><td style='padding:3px 6px;'>320504031524</td></tr><tr><td style='padding:3px 6px; font-weight:bold; background-color:#f2f2f2;'>ประเภทอ้อย</td><td style='padding:3px 6px;'>อ้อยปลายฝน</td></tr><tr><td style='padding:3px 6px; font-weight:bold; background-color:#f2f2f2;'>พื้นที่ปลูก</td><td style='padding:3px 6px;'>5.79</td></tr><tr><td style='padding:3px 6px; font-weight:bold; background-color:#f2f2f2;'>ศูนย์</td><td style='padding:3px 6px;'>K2-11</td></tr><tr><td style='padding:3px 6px; font-weight:bold; background-color:#f2f2f2;'>นักเกษตร</td><td style='padding:3px 6px;'>1101</td></tr><tr><td style='padding:3px 6px; font-weight:bold; background-color:#f2f2f2;'>กลุ่ม</td><td style='padding:3px 6px;'>กลุ่ม_11</td></tr></table></div>]]></description>
      <styleUrl>#style_11_001</styleUrl>
      <MultiGeometry><Polygon><outerBoundaryIs><LinearRing><coordinates>103.2884267,14.6320921,0 103.2876690,14.6321275,0 103.2875745,14.6321152,0 103.2874829,14.6321328,0 103.2874867,14.6322951,0 103.2872232,14.6323071,0 103.2872235,14.6321472,0 103.2862862,14.6321706,0 103.2854671,14.6322102,0 103.2853690,14.6324575,0 103.2868523,14.6324528,0 103.2878210,14.6324185,0 103.2878313,14.6323647,0 103.2883857,14.6323101,0 103.2884267,14.6320921,0</coordinates></LinearRing></outerBoundaryIs></Polygon></MultiGeometry>
    </Placemark>
    <Placemark>
      <name>320505111718</name>
      <description><![CDATA[<div style='font-family:Tahoma,sans-serif; font-size:13px;'><h3 style='color:#1565C0; margin:4px 0;'>รหัส: 320505111718</h3><p style='margin:2px 0;'><b>กลุ่มรถไถ:</b> 11_001</p><table border='1' style='border-collapse:collapse; border-color:#ccc; width:100%;'><tr><td style='padding:3px 6px; font-weight:bold; background-color:#f2f2f2;'>ปีการผลิต</td><td style='padding:3px 6px;'>257071</td></tr><tr><td style='padding:3px 6px; font-weight:bold; background-color:#f2f2f2;'>รหัสกลุ่มรถไถ</td><td style='padding:3px 6px;'>11/001</td></tr><tr><td style='padding:3px 6px; font-weight:bold; background-color:#f2f2f2;'>โควตาชาวไร่</td><td style='padding:3px 6px;'>713600</td></tr><tr><td style='padding:3px 6px; font-weight:bold; background-color:#f2f2f2;'>ชื่อ-นามสกุล</td><td style='padding:3px 6px;'>นาย สุชัย เหลือสุข</td></tr><tr><td style='padding:3px 6px; font-weight:bold; background-color:#f2f2f2;'>111</td><td style='padding:3px 6px;'>320505111718</td></tr><tr><td style='padding:3px 6px; font-weight:bold; background-color:#f2f2f2;'>ประเภทอ้อย</td><td style='padding:3px 6px;'>อ้อยปลายฝน</td></tr><tr><td style='padding:3px 6px; font-weight:bold; background-color:#f2f2f2;'>พื้นที่ปลูก</td><td style='padding:3px 6px;'>6.6</td></tr><tr><td style='padding:3px 6px; font-weight:bold; background-color:#f2f2f2;'>ศูนย์</td><td style='padding:3px 6px;'>K2-11</td></tr><tr><td style='padding:3px 6px; font-weight:bold; background-color:#f2f2f2;'>นักเกษตร</td><td style='padding:3px 6px;'>1101</td></tr><tr><td style='padding:3px 6px; font-weight:bold; background-color:#f2f2f2;'>กลุ่ม</td><td style='padding:3px 6px;'>กลุ่ม_11</td></tr></table></div>]]></description>
      <styleUrl>#style_11_001</styleUrl>
      <MultiGeometry><Polygon><outerBoundaryIs><LinearRing><coordinates>103.2773267,14.6606233,0 103.2748600,14.6613383,0 103.2749983,14.6616583,0 103.2776117,14.6608733,0 103.2773267,14.6606233,0</coordinates></LinearRing></outerBoundaryIs></Polygon></MultiGeometry>
    </Placemark>
    <Placemark>
      <name>321401161516</name>
      <description><![CDATA[<div style='font-family:Tahoma,sans-serif; font-size:13px;'><h3 style='color:#1565C0; margin:4px 0;'>รหัส: 321401161516</h3><p style='margin:2px 0;'><b>กลุ่มรถไถ:</b> 11_001</p><table border='1' style='border-collapse:collapse; border-color:#ccc; width:100%;'><tr><td style='padding:3px 6px; font-weight:bold; background-color:#f2f2f2;'>ปีการผลิต</td><td style='padding:3px 6px;'>257071</td></tr><tr><td style='padding:3px 6px; font-weight:bold; background-color:#f2f2f2;'>รหัสกลุ่มรถไถ</td><td style='padding:3px 6px;'>11/001</td></tr><tr><td style='padding:3px 6px; font-weight:bold; background-color:#f2f2f2;'>โควตาชาวไร่</td><td style='padding:3px 6px;'>713964</td></tr><tr><td style='padding:3px 6px; font-weight:bold; background-color:#f2f2f2;'>ชื่อ-นามสกุล</td><td style='padding:3px 6px;'>นาย สมภาพ ทะวงค์ดี</td></tr><tr><td style='padding:3px 6px; font-weight:bold; background-color:#f2f2f2;'>111</td><td style='padding:3px 6px;'>321401161516</td></tr><tr><td style='padding:3px 6px; font-weight:bold; background-color:#f2f2f2;'>ประเภทอ้อย</td><td style='padding:3px 6px;'>อ้อยปลายฝน</td></tr><tr><td style='padding:3px 6px; font-weight:bold; background-color:#f2f2f2;'>พื้นที่ปลูก</td><td style='padding:3px 6px;'>2.95</td></tr><tr><td style='padding:3px 6px; font-weight:bold; background-color:#f2f2f2;'>ศูนย์</td><td style='padding:3px 6px;'>K2-11</td></tr><tr><td style='padding:3px 6px; font-weight:bold; background-color:#f2f2f2;'>นักเกษตร</td><td style='padding:3px 6px;'>1101</td></tr><tr><td style='padding:3px 6px; font-weight:bold; background-color:#f2f2f2;'>กลุ่ม</td><td style='padding:3px 6px;'>กลุ่ม_11</td></tr></table></div>]]></description>
      <styleUrl>#style_11_001</styleUrl>
      <MultiGeometry><Polygon><outerBoundaryIs><LinearRing><coordinates>103.3622703,14.3911468,0 103.3622400,14.3918250,0 103.3628083,14.3918567,0 103.3628367,14.3911500,0 103.3622703,14.3911468,0</coordinates></LinearRing></outerBoundaryIs></Polygon></MultiGeometry>
    </Placemark>
    <Placemark>
      <name>320504081745</name>
      <description><![CDATA[<div style='font-family:Tahoma,sans-serif; font-size:13px;'><h3 style='color:#1565C0; margin:4px 0;'>รหัส: 320504081745</h3><p style='margin:2px 0;'><b>กลุ่มรถไถ:</b> 11_001</p><table border='1' style='border-collapse:collapse; border-color:#ccc; width:100%;'><tr><td style='padding:3px 6px; font-weight:bold; background-color:#f2f2f2;'>ปีการผลิต</td><td style='padding:3px 6px;'>257071</td></tr><tr><td style='padding:3px 6px; font-weight:bold; background-color:#f2f2f2;'>รหัสกลุ่มรถไถ</td><td style='padding:3px 6px;'>11/001</td></tr><tr><td style='padding:3px 6px; font-weight:bold; background-color:#f2f2f2;'>โควตาชาวไร่</td><td style='padding:3px 6px;'>714037</td></tr><tr><td style='padding:3px 6px; font-weight:bold; background-color:#f2f2f2;'>ชื่อ-นามสกุล</td><td style='padding:3px 6px;'>นาย สมพร ปิยะไพร</td></tr><tr><td style='padding:3px 6px; font-weight:bold; background-color:#f2f2f2;'>111</td><td style='padding:3px 6px;'>320504081745</td></tr><tr><td style='padding:3px 6px; font-weight:bold; background-color:#f2f2f2;'>ประเภทอ้อย</td><td style='padding:3px 6px;'>อ้อยปลายฝน</td></tr><tr><td style='padding:3px 6px; font-weight:bold; background-color:#f2f2f2;'>พื้นที่ปลูก</td><td style='padding:3px 6px;'>3.01</td></tr><tr><td style='padding:3px 6px; font-weight:bold; background-color:#f2f2f2;'>ศูนย์</td><td style='padding:3px 6px;'>K2-11</td></tr><tr><td style='padding:3px 6px; font-weight:bold; background-color:#f2f2f2;'>นักเกษตร</td><td style='padding:3px 6px;'>1107</td></tr><tr><td style='padding:3px 6px; font-weight:bold; background-color:#f2f2f2;'>กลุ่ม</td><td style='padding:3px 6px;'>กลุ่ม_11</td></tr></table></div>]]></description>
      <styleUrl>#style_11_001</styleUrl>
      <MultiGeometry><Polygon><outerBoundaryIs><LinearRing><coordinates>103.2895668,14.6418312,0 103.2895003,14.6421367,0 103.2907692,14.6423173,0 103.2908361,14.6420077,0 103.2895668,14.6418312,0</coordinates></LinearRing></outerBoundaryIs></Polygon></MultiGeometry>
    </Placemark>
    <Placemark>
      <name>320517041526</name>
      <description><![CDATA[<div style='font-family:Tahoma,sans-serif; font-size:13px;'><h3 style='color:#1565C0; margin:4px 0;'>รหัส: 320517041526</h3><p style='margin:2px 0;'><b>กลุ่มรถไถ:</b> 11_001</p><table border='1' style='border-collapse:collapse; border-color:#ccc; width:100%;'><tr><td style='padding:3px 6px; font-weight:bold; background-color:#f2f2f2;'>ปีการผลิต</td><td style='padding:3px 6px;'>257071</td></tr><tr><td style='padding:3px 6px; font-weight:bold; background-color:#f2f2f2;'>รหัสกลุ่มรถไถ</td><td style='padding:3px 6px;'>11/001</td></tr><tr><td style='padding:3px 6px; font-weight:bold; background-color:#f2f2f2;'>โควตาชาวไร่</td><td style='padding:3px 6px;'>714168</td></tr><tr><td style='padding:3px 6px; font-weight:bold; background-color:#f2f2f2;'>ชื่อ-นามสกุล</td><td style='padding:3px 6px;'>นาย วสุร์กมล วนมา</td></tr><tr><td style='padding:3px 6px; font-weight:bold; background-color:#f2f2f2;'>111</td><td style='padding:3px 6px;'>320517041526</td></tr><tr><td style='padding:3px 6px; font-weight:bold; background-color:#f2f2f2;'>ประเภทอ้อย</td><td style='padding:3px 6px;'>อ้อยปลายฝน</td></tr><tr><td style='padding:3px 6px; font-weight:bold; background-color:#f2f2f2;'>พื้นที่ปลูก</td><td style='padding:3px 6px;'>5.17</td></tr><tr><td style='padding:3px 6px; font-weight:bold; background-color:#f2f2f2;'>ศูนย์</td><td style='padding:3px 6px;'>K2-11</td></tr><tr><td style='padding:3px 6px; font-weight:bold; background-color:#f2f2f2;'>นักเกษตร</td><td style='padding:3px 6px;'>1107</td></tr><tr><td style='padding:3px 6px; font-weight:bold; background-color:#f2f2f2;'>กลุ่ม</td><td style='padding:3px 6px;'>กลุ่ม_11</td></tr></table></div>]]></description>
      <styleUrl>#style_11_001</styleUrl>
      <MultiGeometry><Polygon><outerBoundaryIs><LinearRing><coordinates>103.2971500,14.6768267,0 103.2957900,14.6767817,0 103.2958583,14.6771983,0 103.2974883,14.6772417,0 103.2975400,14.6768433,0 103.2971500,14.6768267,0</coordinates></LinearRing></outerBoundaryIs></Polygon></MultiGeometry>
    </Placemark>
    <Placemark>
      <name>320513040038</name>
      <description><![CDATA[<div style='font-family:Tahoma,sans-serif; font-size:13px;'><h3 style='color:#1565C0; margin:4px 0;'>รหัส: 320513040038</h3><p style='margin:2px 0;'><b>กลุ่มรถไถ:</b> 11_001</p><table border='1' style='border-collapse:collapse; border-color:#ccc; width:100%;'><tr><td style='padding:3px 6px; font-weight:bold; background-color:#f2f2f2;'>ปีการผลิต</td><td style='padding:3px 6px;'>257071</td></tr><tr><td style='padding:3px 6px; font-weight:bold; background-color:#f2f2f2;'>รหัสกลุ่มรถไถ</td><td style='padding:3px 6px;'>11/001</td></tr><tr><td style='padding:3px 6px; font-weight:bold; background-color:#f2f2f2;'>โควตาชาวไร่</td><td style='padding:3px 6px;'>714175</td></tr><tr><td style='padding:3px 6px; font-weight:bold; background-color:#f2f2f2;'>ชื่อ-นามสกุล</td><td style='padding:3px 6px;'>นาย อดิศร โสนาพูน</td></tr><tr><td style='padding:3px 6px; font-weight:bold; background-color:#f2f2f2;'>111</td><td style='padding:3px 6px;'>320513040038</td></tr><tr><td style='padding:3px 6px; font-weight:bold; background-color:#f2f2f2;'>ประเภทอ้อย</td><td style='padding:3px 6px;'>อ้อยปลายฝน</td></tr><tr><td style='padding:3px 6px; font-weight:bold; background-color:#f2f2f2;'>พื้นที่ปลูก</td><td style='padding:3px 6px;'>1.99</td></tr><tr><td style='padding:3px 6px; font-weight:bold; background-color:#f2f2f2;'>ศูนย์</td><td style='padding:3px 6px;'>K2-11</td></tr><tr><td style='padding:3px 6px; font-weight:bold; background-color:#f2f2f2;'>นักเกษตร</td><td style='padding:3px 6px;'>1106</td></tr><tr><td style='padding:3px 6px; font-weight:bold; background-color:#f2f2f2;'>กลุ่ม</td><td style='padding:3px 6px;'>กลุ่ม_11</td></tr></table></div>]]></description>
      <styleUrl>#style_11_001</styleUrl>
      <MultiGeometry><Polygon><outerBoundaryIs><LinearRing><coordinates>103.3549550,14.6826833,0 103.3538167,14.6829700,0 103.3538683,14.6831550,0 103.3548900,14.6829917,0 103.3549550,14.6826833,0</coordinates></LinearRing></outerBoundaryIs></Polygon></MultiGeometry>
    </Placemark>
    <Placemark>
      <name>320505031680</name>
      <description><![CDATA[<div style='font-family:Tahoma,sans-serif; font-size:13px;'><h3 style='color:#1565C0; margin:4px 0;'>รหัส: 320505031680</h3><p style='margin:2px 0;'><b>กลุ่มรถไถ:</b> 11_001</p><table border='1' style='border-collapse:collapse; border-color:#ccc; width:100%;'><tr><td style='padding:3px 6px; font-weight:bold; background-color:#f2f2f2;'>ปีการผลิต</td><td style='padding:3px 6px;'>257071</td></tr><tr><td style='padding:3px 6px; font-weight:bold; background-color:#f2f2f2;'>รหัสกลุ่มรถไถ</td><td style='padding:3px 6px;'>11/001</td></tr><tr><td style='padding:3px 6px; font-weight:bold; background-color:#f2f2f2;'>โควตาชาวไร่</td><td style='padding:3px 6px;'>714274</td></tr><tr><td style='padding:3px 6px; font-weight:bold; background-color:#f2f2f2;'>ชื่อ-นามสกุล</td><td style='padding:3px 6px;'>นาย พุฒ สายสู่</td></tr><tr><td style='padding:3px 6px; font-weight:bold; background-color:#f2f2f2;'>111</td><td style='padding:3px 6px;'>320505031680</td></tr><tr><td style='padding:3px 6px; font-weight:bold; background-color:#f2f2f2;'>ประเภทอ้อย</td><td style='padding:3px 6px;'>อ้อยปลายฝน</td></tr><tr><td style='padding:3px 6px; font-weight:bold; background-color:#f2f2f2;'>พื้นที่ปลูก</td><td style='padding:3px 6px;'>0.74</td></tr><tr><td style='padding:3px 6px; font-weight:bold; background-color:#f2f2f2;'>ศูนย์</td><td style='padding:3px 6px;'>K2-11</td></tr><tr><td style='padding:3px 6px; font-weight:bold; background-color:#f2f2f2;'>นักเกษตร</td><td style='padding:3px 6px;'>1106</td></tr><tr><td style='padding:3px 6px; font-weight:bold; background-color:#f2f2f2;'>กลุ่ม</td><td style='padding:3px 6px;'>กลุ่ม_11</td></tr></table></div>]]></description>
      <styleUrl>#style_11_001</styleUrl>
      <MultiGeometry><Polygon><outerBoundaryIs><LinearRing><coordinates>103.2938167,14.7084800,0 103.2943333,14.7084050,0 103.2944683,14.7083050,0 103.2937850,14.7082483,0 103.2938167,14.7084800,0</coordinates></LinearRing></outerBoundaryIs></Polygon></MultiGeometry>
    </Placemark>
    <Placemark>
      <name>320504140038</name>
      <description><![CDATA[<div style='font-family:Tahoma,sans-serif; font-size:13px;'><h3 style='color:#1565C0; margin:4px 0;'>รหัส: 320504140038</h3><p style='margin:2px 0;'><b>กลุ่มรถไถ:</b> 11_001</p><table border='1' style='border-collapse:collapse; border-color:#ccc; width:100%;'><tr><td style='padding:3px 6px; font-weight:bold; background-color:#f2f2f2;'>ปีการผลิต</td><td style='padding:3px 6px;'>257071</td></tr><tr><td style='padding:3px 6px; font-weight:bold; background-color:#f2f2f2;'>รหัสกลุ่มรถไถ</td><td style='padding:3px 6px;'>11/001</td></tr><tr><td style='padding:3px 6px; font-weight:bold; background-color:#f2f2f2;'>โควตาชาวไร่</td><td style='padding:3px 6px;'>714310</td></tr><tr><td style='padding:3px 6px; font-weight:bold; background-color:#f2f2f2;'>ชื่อ-นามสกุล</td><td style='padding:3px 6px;'>นางสาว รุ่งนภา เสาะสนธิ์</td></tr><tr><td style='padding:3px 6px; font-weight:bold; background-color:#f2f2f2;'>111</td><td style='padding:3px 6px;'>320504140038</td></tr><tr><td style='padding:3px 6px; font-weight:bold; background-color:#f2f2f2;'>ประเภทอ้อย</td><td style='padding:3px 6px;'>อ้อยปลายฝน</td></tr><tr><td style='padding:3px 6px; font-weight:bold; background-color:#f2f2f2;'>พื้นที่ปลูก</td><td style='padding:3px 6px;'>20.39</td></tr><tr><td style='padding:3px 6px; font-weight:bold; background-color:#f2f2f2;'>ศูนย์</td><td style='padding:3px 6px;'>K2-11</td></tr><tr><td style='padding:3px 6px; font-weight:bold; background-color:#f2f2f2;'>นักเกษตร</td><td style='padding:3px 6px;'>1101</td></tr><tr><td style='padding:3px 6px; font-weight:bold; background-color:#f2f2f2;'>กลุ่ม</td><td style='padding:3px 6px;'>กลุ่ม_11</td></tr></table></div>]]></description>
      <styleUrl>#style_11_001</styleUrl>
      <MultiGeometry><Polygon><outerBoundaryIs><LinearRing><coordinates>103.3417613,14.6127796,0 103.3423735,14.6129391,0 103.3435480,14.6088048,0 103.3433901,14.6087010,0 103.3429738,14.6085670,0 103.3417613,14.6127796,0</coordinates></LinearRing></outerBoundaryIs></Polygon></MultiGeometry>
    </Placemark>
    <Placemark>
      <name>320514051549</name>
      <description><![CDATA[<div style='font-family:Tahoma,sans-serif; font-size:13px;'><h3 style='color:#1565C0; margin:4px 0;'>รหัส: 320514051549</h3><p style='margin:2px 0;'><b>กลุ่มรถไถ:</b> 11_001</p><table border='1' style='border-collapse:collapse; border-color:#ccc; width:100%;'><tr><td style='padding:3px 6px; font-weight:bold; background-color:#f2f2f2;'>ปีการผลิต</td><td style='padding:3px 6px;'>257071</td></tr><tr><td style='padding:3px 6px; font-weight:bold; background-color:#f2f2f2;'>รหัสกลุ่มรถไถ</td><td style='padding:3px 6px;'>11/001</td></tr><tr><td style='padding:3px 6px; font-weight:bold; background-color:#f2f2f2;'>โควตาชาวไร่</td><td style='padding:3px 6px;'>714357</td></tr><tr><td style='padding:3px 6px; font-weight:bold; background-color:#f2f2f2;'>ชื่อ-นามสกุล</td><td style='padding:3px 6px;'>นาย ชัยนันท์ โสนาพูน</td></tr><tr><td style='padding:3px 6px; font-weight:bold; background-color:#f2f2f2;'>111</td><td style='padding:3px 6px;'>320514051549</td></tr><tr><td style='padding:3px 6px; font-weight:bold; background-color:#f2f2f2;'>ประเภทอ้อย</td><td style='padding:3px 6px;'>อ้อยปลายฝน</td></tr><tr><td style='padding:3px 6px; font-weight:bold; background-color:#f2f2f2;'>พื้นที่ปลูก</td><td style='padding:3px 6px;'>7.17</td></tr><tr><td style='padding:3px 6px; font-weight:bold; background-color:#f2f2f2;'>ศูนย์</td><td style='padding:3px 6px;'>K2-11</td></tr><tr><td style='padding:3px 6px; font-weight:bold; background-color:#f2f2f2;'>นักเกษตร</td><td style='padding:3px 6px;'>1101</td></tr><tr><td style='padding:3px 6px; font-weight:bold; background-color:#f2f2f2;'>กลุ่ม</td><td style='padding:3px 6px;'>กลุ่ม_11</td></tr></table></div>]]></description>
      <styleUrl>#style_11_001</styleUrl>
      <MultiGeometry><Polygon><outerBoundaryIs><LinearRing><coordinates>103.2491917,14.5860583,0 103.2491833,14.5862550,0 103.2510967,14.5862000,0 103.2510733,14.5861017,0 103.2511733,14.5861217,0 103.2511850,14.5863617,0 103.2512283,14.5863783,0 103.2527917,14.5863417,0 103.2528133,14.5859800,0 103.2491917,14.5860583,0</coordinates></LinearRing></outerBoundaryIs></Polygon></MultiGeometry>
    </Placemark>
    <Placemark>
      <name>320514051756</name>
      <description><![CDATA[<div style='font-family:Tahoma,sans-serif; font-size:13px;'><h3 style='color:#1565C0; margin:4px 0;'>รหัส: 320514051756</h3><p style='margin:2px 0;'><b>กลุ่มรถไถ:</b> 11_001</p><table border='1' style='border-collapse:collapse; border-color:#ccc; width:100%;'><tr><td style='padding:3px 6px; font-weight:bold; background-color:#f2f2f2;'>ปีการผลิต</td><td style='padding:3px 6px;'>257071</td></tr><tr><td style='padding:3px 6px; font-weight:bold; background-color:#f2f2f2;'>รหัสกลุ่มรถไถ</td><td style='padding:3px 6px;'>11/001</td></tr><tr><td style='padding:3px 6px; font-weight:bold; background-color:#f2f2f2;'>โควตาชาวไร่</td><td style='padding:3px 6px;'>714357</td></tr><tr><td style='padding:3px 6px; font-weight:bold; background-color:#f2f2f2;'>ชื่อ-นามสกุล</td><td style='padding:3px 6px;'>นาย ชัยนันท์ โสนาพูน</td></tr><tr><td style='padding:3px 6px; font-weight:bold; background-color:#f2f2f2;'>111</td><td style='padding:3px 6px;'>320514051756</td></tr><tr><td style='padding:3px 6px; font-weight:bold; background-color:#f2f2f2;'>ประเภทอ้อย</td><td style='padding:3px 6px;'>อ้อยปลายฝน</td></tr><tr><td style='padding:3px 6px; font-weight:bold; background-color:#f2f2f2;'>พื้นที่ปลูก</td><td style='padding:3px 6px;'>10.47</td></tr><tr><td style='padding:3px 6px; font-weight:bold; background-color:#f2f2f2;'>ศูนย์</td><td style='padding:3px 6px;'>K2-11</td></tr><tr><td style='padding:3px 6px; font-weight:bold; background-color:#f2f2f2;'>นักเกษตร</td><td style='padding:3px 6px;'>1101</td></tr><tr><td style='padding:3px 6px; font-weight:bold; background-color:#f2f2f2;'>กลุ่ม</td><td style='padding:3px 6px;'>กลุ่ม_11</td></tr></table></div>]]></description>
      <styleUrl>#style_11_001</styleUrl>
      <MultiGeometry><Polygon><outerBoundaryIs><LinearRing><coordinates>103.2491981,14.5864740,0 103.2491966,14.5868224,0 103.2492443,14.5868789,0 103.2502350,14.5868342,0 103.2511822,14.5868052,0 103.2528274,14.5867423,0 103.2528304,14.5865570,0 103.2526930,14.5865511,0 103.2526176,14.5863627,0 103.2491981,14.5864740,0</coordinates></LinearRing></outerBoundaryIs></Polygon></MultiGeometry>
    </Placemark>
    <Placemark>
      <name>320513041733</name>
      <description><![CDATA[<div style='font-family:Tahoma,sans-serif; font-size:13px;'><h3 style='color:#1565C0; margin:4px 0;'>รหัส: 320513041733</h3><p style='margin:2px 0;'><b>กลุ่มรถไถ:</b> 11_001</p><table border='1' style='border-collapse:collapse; border-color:#ccc; width:100%;'><tr><td style='padding:3px 6px; font-weight:bold; background-color:#f2f2f2;'>ปีการผลิต</td><td style='padding:3px 6px;'>257071</td></tr><tr><td style='padding:3px 6px; font-weight:bold; background-color:#f2f2f2;'>รหัสกลุ่มรถไถ</td><td style='padding:3px 6px;'>11/001</td></tr><tr><td style='padding:3px 6px; font-weight:bold; background-color:#f2f2f2;'>โควตาชาวไร่</td><td style='padding:3px 6px;'>726114</td></tr><tr><td style='padding:3px 6px; font-weight:bold; background-color:#f2f2f2;'>ชื่อ-นามสกุล</td><td style='padding:3px 6px;'>นาย บุญจันทร์ แจ่มฟ้า</td></tr><tr><td style='padding:3px 6px; font-weight:bold; background-color:#f2f2f2;'>111</td><td style='padding:3px 6px;'>320513041733</td></tr><tr><td style='padding:3px 6px; font-weight:bold; background-color:#f2f2f2;'>ประเภทอ้อย</td><td style='padding:3px 6px;'>อ้อยปลายฝน</td></tr><tr><td style='padding:3px 6px; font-weight:bold; background-color:#f2f2f2;'>พื้นที่ปลูก</td><td style='padding:3px 6px;'>5.73</td></tr><tr><td style='padding:3px 6px; font-weight:bold; background-color:#f2f2f2;'>ศูนย์</td><td style='padding:3px 6px;'>K2-11</td></tr><tr><td style='padding:3px 6px; font-weight:bold; background-color:#f2f2f2;'>นักเกษตร</td><td style='padding:3px 6px;'>1107</td></tr><tr><td style='padding:3px 6px; font-weight:bold; background-color:#f2f2f2;'>กลุ่ม</td><td style='padding:3px 6px;'>กลุ่ม_11</td></tr></table></div>]]></description>
      <styleUrl>#style_11_001</styleUrl>
      <MultiGeometry><Polygon><outerBoundaryIs><LinearRing><coordinates>103.3394492,14.6685616,0 103.3394433,14.6686662,0 103.3393077,14.6692756,0 103.3402614,14.6693905,0 103.3405133,14.6686069,0 103.3394492,14.6685616,0</coordinates></LinearRing></outerBoundaryIs></Polygon></MultiGeometry>
    </Placemark>
    <Placemark>
      <name>320517081506</name>
      <description><![CDATA[<div style='font-family:Tahoma,sans-serif; font-size:13px;'><h3 style='color:#1565C0; margin:4px 0;'>รหัส: 320517081506</h3><p style='margin:2px 0;'><b>กลุ่มรถไถ:</b> 11_001</p><table border='1' style='border-collapse:collapse; border-color:#ccc; width:100%;'><tr><td style='padding:3px 6px; font-weight:bold; background-color:#f2f2f2;'>ปีการผลิต</td><td style='padding:3px 6px;'>257071</td></tr><tr><td style='padding:3px 6px; font-weight:bold; background-color:#f2f2f2;'>รหัสกลุ่มรถไถ</td><td style='padding:3px 6px;'>11/001</td></tr><tr><td style='padding:3px 6px; font-weight:bold; background-color:#f2f2f2;'>โควตาชาวไร่</td><td style='padding:3px 6px;'>726114</td></tr><tr><td style='padding:3px 6px; font-weight:bold; background-color:#f2f2f2;'>ชื่อ-นามสกุล</td><td style='padding:3px 6px;'>นาย บุญจันทร์ แจ่มฟ้า</td></tr><tr><td style='padding:3px 6px; font-weight:bold; background-color:#f2f2f2;'>111</td><td style='padding:3px 6px;'>320517081506</td></tr><tr><td style='padding:3px 6px; font-weight:bold; background-color:#f2f2f2;'>ประเภทอ้อย</td><td style='padding:3px 6px;'>อ้อยปลายฝน</td></tr><tr><td style='padding:3px 6px; font-weight:bold; background-color:#f2f2f2;'>พื้นที่ปลูก</td><td style='padding:3px 6px;'>5.4</td></tr><tr><td style='padding:3px 6px; font-weight:bold; background-color:#f2f2f2;'>ศูนย์</td><td style='padding:3px 6px;'>K2-11</td></tr><tr><td style='padding:3px 6px; font-weight:bold; background-color:#f2f2f2;'>นักเกษตร</td><td style='padding:3px 6px;'>1107</td></tr><tr><td style='padding:3px 6px; font-weight:bold; background-color:#f2f2f2;'>กลุ่ม</td><td style='padding:3px 6px;'>กลุ่ม_11</td></tr></table></div>]]></description>
      <styleUrl>#style_11_001</styleUrl>
      <MultiGeometry><Polygon><outerBoundaryIs><LinearRing><coordinates>103.3407195,14.6680031,0 103.3402495,14.6678520,0 103.3400539,14.6678404,0 103.3399712,14.6678548,0 103.3398104,14.6679111,0 103.3397222,14.6679796,0 103.3395564,14.6680015,0 103.3394692,14.6685470,0 103.3405054,14.6685749,0 103.3407195,14.6680031,0</coordinates></LinearRing></outerBoundaryIs></Polygon></MultiGeometry>
    </Placemark>
  </Folder>
  <Style id="style_11_002">
    <LineStyle>
      <color>ffAA248E</color>
      <width>2.0</width>
    </LineStyle>
    <PolyStyle>
      <color>b3AA248E</color>
    </PolyStyle>
  </Style>
  <Folder>
    <name>11_002</name>
    <Placemark>
      <name>320504131751</name>
      <description><![CDATA[<div style='font-family:Tahoma,sans-serif; font-size:13px;'><h3 style='color:#1565C0; margin:4px 0;'>รหัส: 320504131751</h3><p style='margin:2px 0;'><b>กลุ่มรถไถ:</b> 11_002</p><table border='1' style='border-collapse:collapse; border-color:#ccc; width:100%;'><tr><td style='padding:3px 6px; font-weight:bold; background-color:#f2f2f2;'>ปีการผลิต</td><td style='padding:3px 6px;'>257071</td></tr><tr><td style='padding:3px 6px; font-weight:bold; background-color:#f2f2f2;'>รหัสกลุ่มรถไถ</td><td style='padding:3px 6px;'>11/002</td></tr><tr><td style='padding:3px 6px; font-weight:bold; background-color:#f2f2f2;'>โควตาชาวไร่</td><td style='padding:3px 6px;'>710170</td></tr><tr><td style='padding:3px 6px; font-weight:bold; background-color:#f2f2f2;'>ชื่อ-นามสกุล</td><td style='padding:3px 6px;'>นาง สนวน แพงประโคน</td></tr><tr><td style='padding:3px 6px; font-weight:bold; background-color:#f2f2f2;'>111</td><td style='padding:3px 6px;'>320504131751</td></tr><tr><td style='padding:3px 6px; font-weight:bold; background-color:#f2f2f2;'>ประเภทอ้อย</td><td style='padding:3px 6px;'>อ้อยปลายฝน</td></tr><tr><td style='padding:3px 6px; font-weight:bold; background-color:#f2f2f2;'>พื้นที่ปลูก</td><td style='padding:3px 6px;'>4.03</td></tr><tr><td style='padding:3px 6px; font-weight:bold; background-color:#f2f2f2;'>ศูนย์</td><td style='padding:3px 6px;'>K2-11</td></tr><tr><td style='padding:3px 6px; font-weight:bold; background-color:#f2f2f2;'>นักเกษตร</td><td style='padding:3px 6px;'>1102</td></tr><tr><td style='padding:3px 6px; font-weight:bold; background-color:#f2f2f2;'>กลุ่ม</td><td style='padding:3px 6px;'>กลุ่ม_11</td></tr></table></div>]]></description>
      <styleUrl>#style_11_002</styleUrl>
      <MultiGeometry><Polygon><outerBoundaryIs><LinearRing><coordinates>103.3405813,14.5855351,0 103.3410206,14.5840161,0 103.3407482,14.5839131,0 103.3402135,14.5854177,0 103.3405813,14.5855351,0</coordinates></LinearRing></outerBoundaryIs></Polygon></MultiGeometry>
    </Placemark>
    <Placemark>
      <name>320504130003</name>
      <description><![CDATA[<div style='font-family:Tahoma,sans-serif; font-size:13px;'><h3 style='color:#1565C0; margin:4px 0;'>รหัส: 320504130003</h3><p style='margin:2px 0;'><b>กลุ่มรถไถ:</b> 11_002</p><table border='1' style='border-collapse:collapse; border-color:#ccc; width:100%;'><tr><td style='padding:3px 6px; font-weight:bold; background-color:#f2f2f2;'>ปีการผลิต</td><td style='padding:3px 6px;'>257071</td></tr><tr><td style='padding:3px 6px; font-weight:bold; background-color:#f2f2f2;'>รหัสกลุ่มรถไถ</td><td style='padding:3px 6px;'>11/002</td></tr><tr><td style='padding:3px 6px; font-weight:bold; background-color:#f2f2f2;'>โควตาชาวไร่</td><td style='padding:3px 6px;'>710319</td></tr><tr><td style='padding:3px 6px; font-weight:bold; background-color:#f2f2f2;'>ชื่อ-นามสกุล</td><td style='padding:3px 6px;'>นาย ทวี พริ้งเพราะ</td></tr><tr><td style='padding:3px 6px; font-weight:bold; background-color:#f2f2f2;'>111</td><td style='padding:3px 6px;'>320504130003</td></tr><tr><td style='padding:3px 6px; font-weight:bold; background-color:#f2f2f2;'>ประเภทอ้อย</td><td style='padding:3px 6px;'>อ้อยปลายฝน</td></tr><tr><td style='padding:3px 6px; font-weight:bold; background-color:#f2f2f2;'>พื้นที่ปลูก</td><td style='padding:3px 6px;'>21.57</td></tr><tr><td style='padding:3px 6px; font-weight:bold; background-color:#f2f2f2;'>ศูนย์</td><td style='padding:3px 6px;'>K2-11</td></tr><tr><td style='padding:3px 6px; font-weight:bold; background-color:#f2f2f2;'>นักเกษตร</td><td style='padding:3px 6px;'>1102</td></tr><tr><td style='padding:3px 6px; font-weight:bold; background-color:#f2f2f2;'>กลุ่ม</td><td style='padding:3px 6px;'>กลุ่ม_11</td></tr></table></div>]]></description>
      <styleUrl>#style_11_002</styleUrl>
      <MultiGeometry><Polygon><outerBoundaryIs><LinearRing><coordinates>103.3602854,14.5963973,0 103.3596499,14.5962158,0 103.3595709,14.5965224,0 103.3596526,14.5965157,0 103.3596262,14.5966186,0 103.3595307,14.5965926,0 103.3595638,14.5965249,0 103.3596436,14.5962140,0 103.3565449,14.5953291,0 103.3565141,14.5954713,0 103.3561443,14.5955342,0 103.3560923,14.5955531,0 103.3558103,14.5955228,0 103.3557088,14.5958373,0 103.3600843,14.5970080,0 103.3602854,14.5963973,0</coordinates></LinearRing></outerBoundaryIs></Polygon></MultiGeometry>
    </Placemark>
    <Placemark>
      <name>320514051777</name>
      <description><![CDATA[<div style='font-family:Tahoma,sans-serif; font-size:13px;'><h3 style='color:#1565C0; margin:4px 0;'>รหัส: 320514051777</h3><p style='margin:2px 0;'><b>กลุ่มรถไถ:</b> 11_002</p><table border='1' style='border-collapse:collapse; border-color:#ccc; width:100%;'><tr><td style='padding:3px 6px; font-weight:bold; background-color:#f2f2f2;'>ปีการผลิต</td><td style='padding:3px 6px;'>257071</td></tr><tr><td style='padding:3px 6px; font-weight:bold; background-color:#f2f2f2;'>รหัสกลุ่มรถไถ</td><td style='padding:3px 6px;'>11/002</td></tr><tr><td style='padding:3px 6px; font-weight:bold; background-color:#f2f2f2;'>โควตาชาวไร่</td><td style='padding:3px 6px;'>710397</td></tr><tr><td style='padding:3px 6px; font-weight:bold; background-color:#f2f2f2;'>ชื่อ-นามสกุล</td><td style='padding:3px 6px;'>นาย หมาย สุวาสุนะ</td></tr><tr><td style='padding:3px 6px; font-weight:bold; background-color:#f2f2f2;'>111</td><td style='padding:3px 6px;'>320514051777</td></tr><tr><td style='padding:3px 6px; font-weight:bold; background-color:#f2f2f2;'>ประเภทอ้อย</td><td style='padding:3px 6px;'>อ้อยปลายฝน</td></tr><tr><td style='padding:3px 6px; font-weight:bold; background-color:#f2f2f2;'>พื้นที่ปลูก</td><td style='padding:3px 6px;'>11.68</td></tr><tr><td style='padding:3px 6px; font-weight:bold; background-color:#f2f2f2;'>ศูนย์</td><td style='padding:3px 6px;'>K2-11</td></tr><tr><td style='padding:3px 6px; font-weight:bold; background-color:#f2f2f2;'>นักเกษตร</td><td style='padding:3px 6px;'>1102</td></tr><tr><td style='padding:3px 6px; font-weight:bold; background-color:#f2f2f2;'>กลุ่ม</td><td style='padding:3px 6px;'>กลุ่ม_11</td></tr></table></div>]]></description>
      <styleUrl>#style_11_002</styleUrl>
      <MultiGeometry><Polygon><outerBoundaryIs><LinearRing><coordinates>103.2506932,14.5890513,0 103.2506921,14.5901783,0 103.2514604,14.5901612,0 103.2514663,14.5894650,0 103.2514307,14.5885662,0 103.2514223,14.5882361,0 103.2514309,14.5881375,0 103.2510988,14.5881229,0 103.2506775,14.5880992,0 103.2506782,14.5886641,0 103.2506932,14.5890513,0</coordinates></LinearRing></outerBoundaryIs></Polygon></MultiGeometry>
    </Placemark>
    <Placemark>
      <name>320504161667</name>
      <description><![CDATA[<div style='font-family:Tahoma,sans-serif; font-size:13px;'><h3 style='color:#1565C0; margin:4px 0;'>รหัส: 320504161667</h3><p style='margin:2px 0;'><b>กลุ่มรถไถ:</b> 11_002</p><table border='1' style='border-collapse:collapse; border-color:#ccc; width:100%;'><tr><td style='padding:3px 6px; font-weight:bold; background-color:#f2f2f2;'>ปีการผลิต</td><td style='padding:3px 6px;'>257071</td></tr><tr><td style='padding:3px 6px; font-weight:bold; background-color:#f2f2f2;'>รหัสกลุ่มรถไถ</td><td style='padding:3px 6px;'>11/002</td></tr><tr><td style='padding:3px 6px; font-weight:bold; background-color:#f2f2f2;'>โควตาชาวไร่</td><td style='padding:3px 6px;'>710508</td></tr><tr><td style='padding:3px 6px; font-weight:bold; background-color:#f2f2f2;'>ชื่อ-นามสกุล</td><td style='padding:3px 6px;'>นาง เครือวัลลิ์ ค้าหมาก</td></tr><tr><td style='padding:3px 6px; font-weight:bold; background-color:#f2f2f2;'>111</td><td style='padding:3px 6px;'>320504161667</td></tr><tr><td style='padding:3px 6px; font-weight:bold; background-color:#f2f2f2;'>ประเภทอ้อย</td><td style='padding:3px 6px;'>อ้อยปลายฝน</td></tr><tr><td style='padding:3px 6px; font-weight:bold; background-color:#f2f2f2;'>พื้นที่ปลูก</td><td style='padding:3px 6px;'>4.42</td></tr><tr><td style='padding:3px 6px; font-weight:bold; background-color:#f2f2f2;'>ศูนย์</td><td style='padding:3px 6px;'>K2-11</td></tr><tr><td style='padding:3px 6px; font-weight:bold; background-color:#f2f2f2;'>นักเกษตร</td><td style='padding:3px 6px;'>1102</td></tr><tr><td style='padding:3px 6px; font-weight:bold; background-color:#f2f2f2;'>กลุ่ม</td><td style='padding:3px 6px;'>กลุ่ม_11</td></tr></table></div>]]></description>
      <styleUrl>#style_11_002</styleUrl>
      <MultiGeometry><Polygon><outerBoundaryIs><LinearRing><coordinates>103.3055132,14.5971761,0 103.3033609,14.5974174,0 103.3033664,14.5974722,0 103.3043500,14.5973652,0 103.3045497,14.5977769,0 103.3055520,14.5976417,0 103.3055370,14.5971705,0 103.3055132,14.5971761,0</coordinates></LinearRing></outerBoundaryIs></Polygon></MultiGeometry>
    </Placemark>
    <Placemark>
      <name>320504161825</name>
      <description><![CDATA[<div style='font-family:Tahoma,sans-serif; font-size:13px;'><h3 style='color:#1565C0; margin:4px 0;'>รหัส: 320504161825</h3><p style='margin:2px 0;'><b>กลุ่มรถไถ:</b> 11_002</p><table border='1' style='border-collapse:collapse; border-color:#ccc; width:100%;'><tr><td style='padding:3px 6px; font-weight:bold; background-color:#f2f2f2;'>ปีการผลิต</td><td style='padding:3px 6px;'>257071</td></tr><tr><td style='padding:3px 6px; font-weight:bold; background-color:#f2f2f2;'>รหัสกลุ่มรถไถ</td><td style='padding:3px 6px;'>11/002</td></tr><tr><td style='padding:3px 6px; font-weight:bold; background-color:#f2f2f2;'>โควตาชาวไร่</td><td style='padding:3px 6px;'>710508</td></tr><tr><td style='padding:3px 6px; font-weight:bold; background-color:#f2f2f2;'>ชื่อ-นามสกุล</td><td style='padding:3px 6px;'>นาง เครือวัลลิ์ ค้าหมาก</td></tr><tr><td style='padding:3px 6px; font-weight:bold; background-color:#f2f2f2;'>111</td><td style='padding:3px 6px;'>320504161825</td></tr><tr><td style='padding:3px 6px; font-weight:bold; background-color:#f2f2f2;'>ประเภทอ้อย</td><td style='padding:3px 6px;'>อ้อยปลายฝน</td></tr><tr><td style='padding:3px 6px; font-weight:bold; background-color:#f2f2f2;'>พื้นที่ปลูก</td><td style='padding:3px 6px;'>2.06</td></tr><tr><td style='padding:3px 6px; font-weight:bold; background-color:#f2f2f2;'>ศูนย์</td><td style='padding:3px 6px;'>K2-11</td></tr><tr><td style='padding:3px 6px; font-weight:bold; background-color:#f2f2f2;'>นักเกษตร</td><td style='padding:3px 6px;'>1102</td></tr><tr><td style='padding:3px 6px; font-weight:bold; background-color:#f2f2f2;'>กลุ่ม</td><td style='padding:3px 6px;'>กลุ่ม_11</td></tr></table></div>]]></description>
      <styleUrl>#style_11_002</styleUrl>
      <MultiGeometry><Polygon><outerBoundaryIs><LinearRing><coordinates>103.3043627,14.5973919,0 103.3033617,14.5975034,0 103.3033678,14.5978059,0 103.3039351,14.5977756,0 103.3043083,14.5975398,0 103.3043627,14.5973919,0</coordinates></LinearRing></outerBoundaryIs></Polygon></MultiGeometry>
    </Placemark>
    <Placemark>
      <name>320504151541</name>
      <description><![CDATA[<div style='font-family:Tahoma,sans-serif; font-size:13px;'><h3 style='color:#1565C0; margin:4px 0;'>รหัส: 320504151541</h3><p style='margin:2px 0;'><b>กลุ่มรถไถ:</b> 11_002</p><table border='1' style='border-collapse:collapse; border-color:#ccc; width:100%;'><tr><td style='padding:3px 6px; font-weight:bold; background-color:#f2f2f2;'>ปีการผลิต</td><td style='padding:3px 6px;'>257071</td></tr><tr><td style='padding:3px 6px; font-weight:bold; background-color:#f2f2f2;'>รหัสกลุ่มรถไถ</td><td style='padding:3px 6px;'>11/002</td></tr><tr><td style='padding:3px 6px; font-weight:bold; background-color:#f2f2f2;'>โควตาชาวไร่</td><td style='padding:3px 6px;'>710528</td></tr><tr><td style='padding:3px 6px; font-weight:bold; background-color:#f2f2f2;'>ชื่อ-นามสกุล</td><td style='padding:3px 6px;'>นาย อภิสิทธิ์ จันทร์ดี</td></tr><tr><td style='padding:3px 6px; font-weight:bold; background-color:#f2f2f2;'>111</td><td style='padding:3px 6px;'>320504151541</td></tr><tr><td style='padding:3px 6px; font-weight:bold; background-color:#f2f2f2;'>ประเภทอ้อย</td><td style='padding:3px 6px;'>อ้อยปลายฝน</td></tr><tr><td style='padding:3px 6px; font-weight:bold; background-color:#f2f2f2;'>พื้นที่ปลูก</td><td style='padding:3px 6px;'>3.18</td></tr><tr><td style='padding:3px 6px; font-weight:bold; background-color:#f2f2f2;'>ศูนย์</td><td style='padding:3px 6px;'>K2-11</td></tr><tr><td style='padding:3px 6px; font-weight:bold; background-color:#f2f2f2;'>นักเกษตร</td><td style='padding:3px 6px;'>1102</td></tr><tr><td style='padding:3px 6px; font-weight:bold; background-color:#f2f2f2;'>กลุ่ม</td><td style='padding:3px 6px;'>กลุ่ม_11</td></tr></table></div>]]></description>
      <styleUrl>#style_11_002</styleUrl>
      <MultiGeometry><Polygon><outerBoundaryIs><LinearRing><coordinates>103.3178076,14.6157568,0 103.3173923,14.6157744,0 103.3173605,14.6159259,0 103.3172338,14.6165871,0 103.3178043,14.6166522,0 103.3178076,14.6157568,0</coordinates></LinearRing></outerBoundaryIs></Polygon></MultiGeometry>
    </Placemark>
    <Placemark>
      <name>320504131743</name>
      <description><![CDATA[<div style='font-family:Tahoma,sans-serif; font-size:13px;'><h3 style='color:#1565C0; margin:4px 0;'>รหัส: 320504131743</h3><p style='margin:2px 0;'><b>กลุ่มรถไถ:</b> 11_002</p><table border='1' style='border-collapse:collapse; border-color:#ccc; width:100%;'><tr><td style='padding:3px 6px; font-weight:bold; background-color:#f2f2f2;'>ปีการผลิต</td><td style='padding:3px 6px;'>257071</td></tr><tr><td style='padding:3px 6px; font-weight:bold; background-color:#f2f2f2;'>รหัสกลุ่มรถไถ</td><td style='padding:3px 6px;'>11/002</td></tr><tr><td style='padding:3px 6px; font-weight:bold; background-color:#f2f2f2;'>โควตาชาวไร่</td><td style='padding:3px 6px;'>710627</td></tr><tr><td style='padding:3px 6px; font-weight:bold; background-color:#f2f2f2;'>ชื่อ-นามสกุล</td><td style='padding:3px 6px;'>นาง นารี เพ็ชรใสดี</td></tr><tr><td style='padding:3px 6px; font-weight:bold; background-color:#f2f2f2;'>111</td><td style='padding:3px 6px;'>320504131743</td></tr><tr><td style='padding:3px 6px; font-weight:bold; background-color:#f2f2f2;'>ประเภทอ้อย</td><td style='padding:3px 6px;'>อ้อยปลายฝน</td></tr><tr><td style='padding:3px 6px; font-weight:bold; background-color:#f2f2f2;'>พื้นที่ปลูก</td><td style='padding:3px 6px;'>7.94</td></tr><tr><td style='padding:3px 6px; font-weight:bold; background-color:#f2f2f2;'>ศูนย์</td><td style='padding:3px 6px;'>K2-11</td></tr><tr><td style='padding:3px 6px; font-weight:bold; background-color:#f2f2f2;'>นักเกษตร</td><td style='padding:3px 6px;'>1102</td></tr><tr><td style='padding:3px 6px; font-weight:bold; background-color:#f2f2f2;'>กลุ่ม</td><td style='padding:3px 6px;'>กลุ่ม_11</td></tr></table></div>]]></description>
      <styleUrl>#style_11_002</styleUrl>
      <MultiGeometry><Polygon><outerBoundaryIs><LinearRing><coordinates>103.3379633,14.5812633,0 103.3383633,14.5812967,0 103.3390206,14.5786436,0 103.3387328,14.5785259,0 103.3387041,14.5785245,0 103.3386848,14.5785282,0 103.3381517,14.5805067,0 103.3379633,14.5812633,0</coordinates></LinearRing></outerBoundaryIs></Polygon></MultiGeometry>
    </Placemark>
    <Placemark>
      <name>320504181743</name>
      <description><![CDATA[<div style='font-family:Tahoma,sans-serif; font-size:13px;'><h3 style='color:#1565C0; margin:4px 0;'>รหัส: 320504181743</h3><p style='margin:2px 0;'><b>กลุ่มรถไถ:</b> 11_002</p><table border='1' style='border-collapse:collapse; border-color:#ccc; width:100%;'><tr><td style='padding:3px 6px; font-weight:bold; background-color:#f2f2f2;'>ปีการผลิต</td><td style='padding:3px 6px;'>257071</td></tr><tr><td style='padding:3px 6px; font-weight:bold; background-color:#f2f2f2;'>รหัสกลุ่มรถไถ</td><td style='padding:3px 6px;'>11/002</td></tr><tr><td style='padding:3px 6px; font-weight:bold; background-color:#f2f2f2;'>โควตาชาวไร่</td><td style='padding:3px 6px;'>710657</td></tr><tr><td style='padding:3px 6px; font-weight:bold; background-color:#f2f2f2;'>ชื่อ-นามสกุล</td><td style='padding:3px 6px;'>นาย ตุ๋ย จารุณะ</td></tr><tr><td style='padding:3px 6px; font-weight:bold; background-color:#f2f2f2;'>111</td><td style='padding:3px 6px;'>320504181743</td></tr><tr><td style='padding:3px 6px; font-weight:bold; background-color:#f2f2f2;'>ประเภทอ้อย</td><td style='padding:3px 6px;'>อ้อยปลายฝน</td></tr><tr><td style='padding:3px 6px; font-weight:bold; background-color:#f2f2f2;'>พื้นที่ปลูก</td><td style='padding:3px 6px;'>2.95</td></tr><tr><td style='padding:3px 6px; font-weight:bold; background-color:#f2f2f2;'>ศูนย์</td><td style='padding:3px 6px;'>K2-11</td></tr><tr><td style='padding:3px 6px; font-weight:bold; background-color:#f2f2f2;'>นักเกษตร</td><td style='padding:3px 6px;'>1102</td></tr><tr><td style='padding:3px 6px; font-weight:bold; background-color:#f2f2f2;'>กลุ่ม</td><td style='padding:3px 6px;'>กลุ่ม_11</td></tr></table></div>]]></description>
      <styleUrl>#style_11_002</styleUrl>
      <MultiGeometry><Polygon><outerBoundaryIs><LinearRing><coordinates>103.3239259,14.5900056,0 103.3235916,14.5900094,0 103.3236688,14.5913611,0 103.3239118,14.5913726,0 103.3239259,14.5900056,0</coordinates></LinearRing></outerBoundaryIs></Polygon></MultiGeometry>
    </Placemark>
    <Placemark>
      <name>320504161823</name>
      <description><![CDATA[<div style='font-family:Tahoma,sans-serif; font-size:13px;'><h3 style='color:#1565C0; margin:4px 0;'>รหัส: 320504161823</h3><p style='margin:2px 0;'><b>กลุ่มรถไถ:</b> 11_002</p><table border='1' style='border-collapse:collapse; border-color:#ccc; width:100%;'><tr><td style='padding:3px 6px; font-weight:bold; background-color:#f2f2f2;'>ปีการผลิต</td><td style='padding:3px 6px;'>257071</td></tr><tr><td style='padding:3px 6px; font-weight:bold; background-color:#f2f2f2;'>รหัสกลุ่มรถไถ</td><td style='padding:3px 6px;'>11/002</td></tr><tr><td style='padding:3px 6px; font-weight:bold; background-color:#f2f2f2;'>โควตาชาวไร่</td><td style='padding:3px 6px;'>711084</td></tr><tr><td style='padding:3px 6px; font-weight:bold; background-color:#f2f2f2;'>ชื่อ-นามสกุล</td><td style='padding:3px 6px;'>นาย ย็วน ทรงราษี</td></tr><tr><td style='padding:3px 6px; font-weight:bold; background-color:#f2f2f2;'>111</td><td style='padding:3px 6px;'>320504161823</td></tr><tr><td style='padding:3px 6px; font-weight:bold; background-color:#f2f2f2;'>ประเภทอ้อย</td><td style='padding:3px 6px;'>อ้อยปลายฝน</td></tr><tr><td style='padding:3px 6px; font-weight:bold; background-color:#f2f2f2;'>พื้นที่ปลูก</td><td style='padding:3px 6px;'>3.02</td></tr><tr><td style='padding:3px 6px; font-weight:bold; background-color:#f2f2f2;'>ศูนย์</td><td style='padding:3px 6px;'>K2-11</td></tr><tr><td style='padding:3px 6px; font-weight:bold; background-color:#f2f2f2;'>นักเกษตร</td><td style='padding:3px 6px;'>1101</td></tr><tr><td style='padding:3px 6px; font-weight:bold; background-color:#f2f2f2;'>กลุ่ม</td><td style='padding:3px 6px;'>กลุ่ม_11</td></tr></table></div>]]></description>
      <styleUrl>#style_11_002</styleUrl>
      <MultiGeometry><Polygon><outerBoundaryIs><LinearRing><coordinates>103.3074433,14.5939833,0 103.3074600,14.5937050,0 103.3060783,14.5938083,0 103.3060933,14.5941217,0 103.3074433,14.5939833,0</coordinates></LinearRing></outerBoundaryIs></Polygon></MultiGeometry>
    </Placemark>
    <Placemark>
      <name>320504161608</name>
      <description><![CDATA[<div style='font-family:Tahoma,sans-serif; font-size:13px;'><h3 style='color:#1565C0; margin:4px 0;'>รหัส: 320504161608</h3><p style='margin:2px 0;'><b>กลุ่มรถไถ:</b> 11_002</p><table border='1' style='border-collapse:collapse; border-color:#ccc; width:100%;'><tr><td style='padding:3px 6px; font-weight:bold; background-color:#f2f2f2;'>ปีการผลิต</td><td style='padding:3px 6px;'>257071</td></tr><tr><td style='padding:3px 6px; font-weight:bold; background-color:#f2f2f2;'>รหัสกลุ่มรถไถ</td><td style='padding:3px 6px;'>11/002</td></tr><tr><td style='padding:3px 6px; font-weight:bold; background-color:#f2f2f2;'>โควตาชาวไร่</td><td style='padding:3px 6px;'>711197</td></tr><tr><td style='padding:3px 6px; font-weight:bold; background-color:#f2f2f2;'>ชื่อ-นามสกุล</td><td style='padding:3px 6px;'>นาง บุญดี ออมสิน</td></tr><tr><td style='padding:3px 6px; font-weight:bold; background-color:#f2f2f2;'>111</td><td style='padding:3px 6px;'>320504161608</td></tr><tr><td style='padding:3px 6px; font-weight:bold; background-color:#f2f2f2;'>ประเภทอ้อย</td><td style='padding:3px 6px;'>อ้อยปลายฝน</td></tr><tr><td style='padding:3px 6px; font-weight:bold; background-color:#f2f2f2;'>พื้นที่ปลูก</td><td style='padding:3px 6px;'>5.85</td></tr><tr><td style='padding:3px 6px; font-weight:bold; background-color:#f2f2f2;'>ศูนย์</td><td style='padding:3px 6px;'>K2-11</td></tr><tr><td style='padding:3px 6px; font-weight:bold; background-color:#f2f2f2;'>นักเกษตร</td><td style='padding:3px 6px;'>1102</td></tr><tr><td style='padding:3px 6px; font-weight:bold; background-color:#f2f2f2;'>กลุ่ม</td><td style='padding:3px 6px;'>กลุ่ม_11</td></tr></table></div>]]></description>
      <styleUrl>#style_11_002</styleUrl>
      <MultiGeometry><Polygon><outerBoundaryIs><LinearRing><coordinates>103.3084950,14.5694983,0 103.3091650,14.5694683,0 103.3093783,14.5688900,0 103.3094400,14.5684700,0 103.3085300,14.5685600,0 103.3084950,14.5694983,0</coordinates></LinearRing></outerBoundaryIs></Polygon></MultiGeometry>
    </Placemark>
    <Placemark>
      <name>320504011510</name>
      <description><![CDATA[<div style='font-family:Tahoma,sans-serif; font-size:13px;'><h3 style='color:#1565C0; margin:4px 0;'>รหัส: 320504011510</h3><p style='margin:2px 0;'><b>กลุ่มรถไถ:</b> 11_002</p><table border='1' style='border-collapse:collapse; border-color:#ccc; width:100%;'><tr><td style='padding:3px 6px; font-weight:bold; background-color:#f2f2f2;'>ปีการผลิต</td><td style='padding:3px 6px;'>257071</td></tr><tr><td style='padding:3px 6px; font-weight:bold; background-color:#f2f2f2;'>รหัสกลุ่มรถไถ</td><td style='padding:3px 6px;'>11/002</td></tr><tr><td style='padding:3px 6px; font-weight:bold; background-color:#f2f2f2;'>โควตาชาวไร่</td><td style='padding:3px 6px;'>711229</td></tr><tr><td style='padding:3px 6px; font-weight:bold; background-color:#f2f2f2;'>ชื่อ-นามสกุล</td><td style='padding:3px 6px;'>นาย ดำริห์ เพ็งสว่าง</td></tr><tr><td style='padding:3px 6px; font-weight:bold; background-color:#f2f2f2;'>111</td><td style='padding:3px 6px;'>320504011510</td></tr><tr><td style='padding:3px 6px; font-weight:bold; background-color:#f2f2f2;'>ประเภทอ้อย</td><td style='padding:3px 6px;'>อ้อยปลายฝน</td></tr><tr><td style='padding:3px 6px; font-weight:bold; background-color:#f2f2f2;'>พื้นที่ปลูก</td><td style='padding:3px 6px;'>11.11</td></tr><tr><td style='padding:3px 6px; font-weight:bold; background-color:#f2f2f2;'>ศูนย์</td><td style='padding:3px 6px;'>K2-11</td></tr><tr><td style='padding:3px 6px; font-weight:bold; background-color:#f2f2f2;'>นักเกษตร</td><td style='padding:3px 6px;'>1102</td></tr><tr><td style='padding:3px 6px; font-weight:bold; background-color:#f2f2f2;'>กลุ่ม</td><td style='padding:3px 6px;'>กลุ่ม_11</td></tr></table></div>]]></description>
      <styleUrl>#style_11_002</styleUrl>
      <MultiGeometry><Polygon><outerBoundaryIs><LinearRing><coordinates>103.3122567,14.6586067,0 103.3112433,14.6585000,0 103.3108233,14.6591050,0 103.3106067,14.6594800,0 103.3109483,14.6595100,0 103.3109450,14.6592717,0 103.3107783,14.6592100,0 103.3108500,14.6591400,0 103.3109833,14.6591517,0 103.3110700,14.6591250,0 103.3113817,14.6591133,0 103.3114100,14.6595767,0 103.3127767,14.6597033,0 103.3122567,14.6586067,0</coordinates></LinearRing></outerBoundaryIs></Polygon></MultiGeometry>
    </Placemark>
    <Placemark>
      <name>320504041769</name>
      <description><![CDATA[<div style='font-family:Tahoma,sans-serif; font-size:13px;'><h3 style='color:#1565C0; margin:4px 0;'>รหัส: 320504041769</h3><p style='margin:2px 0;'><b>กลุ่มรถไถ:</b> 11_002</p><table border='1' style='border-collapse:collapse; border-color:#ccc; width:100%;'><tr><td style='padding:3px 6px; font-weight:bold; background-color:#f2f2f2;'>ปีการผลิต</td><td style='padding:3px 6px;'>257071</td></tr><tr><td style='padding:3px 6px; font-weight:bold; background-color:#f2f2f2;'>รหัสกลุ่มรถไถ</td><td style='padding:3px 6px;'>11/002</td></tr><tr><td style='padding:3px 6px; font-weight:bold; background-color:#f2f2f2;'>โควตาชาวไร่</td><td style='padding:3px 6px;'>711256</td></tr><tr><td style='padding:3px 6px; font-weight:bold; background-color:#f2f2f2;'>ชื่อ-นามสกุล</td><td style='padding:3px 6px;'>นาง จิรภักดิ์ มั่นยืน</td></tr><tr><td style='padding:3px 6px; font-weight:bold; background-color:#f2f2f2;'>111</td><td style='padding:3px 6px;'>320504041769</td></tr><tr><td style='padding:3px 6px; font-weight:bold; background-color:#f2f2f2;'>ประเภทอ้อย</td><td style='padding:3px 6px;'>อ้อยปลายฝน</td></tr><tr><td style='padding:3px 6px; font-weight:bold; background-color:#f2f2f2;'>พื้นที่ปลูก</td><td style='padding:3px 6px;'>9.71</td></tr><tr><td style='padding:3px 6px; font-weight:bold; background-color:#f2f2f2;'>ศูนย์</td><td style='padding:3px 6px;'>K2-11</td></tr><tr><td style='padding:3px 6px; font-weight:bold; background-color:#f2f2f2;'>นักเกษตร</td><td style='padding:3px 6px;'>1102</td></tr><tr><td style='padding:3px 6px; font-weight:bold; background-color:#f2f2f2;'>กลุ่ม</td><td style='padding:3px 6px;'>กลุ่ม_11</td></tr></table></div>]]></description>
      <styleUrl>#style_11_002</styleUrl>
      <MultiGeometry><Polygon><outerBoundaryIs><LinearRing><coordinates>103.3192592,14.5903440,0 103.3195924,14.5884981,0 103.3188432,14.5882844,0 103.3185813,14.5901214,0 103.3186230,14.5901802,0 103.3189118,14.5902569,0 103.3191860,14.5884218,0 103.3192243,14.5884260,0 103.3189827,14.5902215,0 103.3190107,14.5902866,0 103.3192592,14.5903440,0</coordinates></LinearRing></outerBoundaryIs></Polygon></MultiGeometry>
    </Placemark>
    <Placemark>
      <name>320511041788</name>
      <description><![CDATA[<div style='font-family:Tahoma,sans-serif; font-size:13px;'><h3 style='color:#1565C0; margin:4px 0;'>รหัส: 320511041788</h3><p style='margin:2px 0;'><b>กลุ่มรถไถ:</b> 11_002</p><table border='1' style='border-collapse:collapse; border-color:#ccc; width:100%;'><tr><td style='padding:3px 6px; font-weight:bold; background-color:#f2f2f2;'>ปีการผลิต</td><td style='padding:3px 6px;'>257071</td></tr><tr><td style='padding:3px 6px; font-weight:bold; background-color:#f2f2f2;'>รหัสกลุ่มรถไถ</td><td style='padding:3px 6px;'>11/002</td></tr><tr><td style='padding:3px 6px; font-weight:bold; background-color:#f2f2f2;'>โควตาชาวไร่</td><td style='padding:3px 6px;'>711256</td></tr><tr><td style='padding:3px 6px; font-weight:bold; background-color:#f2f2f2;'>ชื่อ-นามสกุล</td><td style='padding:3px 6px;'>นาง จิรภักดิ์ มั่นยืน</td></tr><tr><td style='padding:3px 6px; font-weight:bold; background-color:#f2f2f2;'>111</td><td style='padding:3px 6px;'>320511041788</td></tr><tr><td style='padding:3px 6px; font-weight:bold; background-color:#f2f2f2;'>ประเภทอ้อย</td><td style='padding:3px 6px;'>อ้อยปลายฝน</td></tr><tr><td style='padding:3px 6px; font-weight:bold; background-color:#f2f2f2;'>พื้นที่ปลูก</td><td style='padding:3px 6px;'>4.68</td></tr><tr><td style='padding:3px 6px; font-weight:bold; background-color:#f2f2f2;'>ศูนย์</td><td style='padding:3px 6px;'>K2-11</td></tr><tr><td style='padding:3px 6px; font-weight:bold; background-color:#f2f2f2;'>นักเกษตร</td><td style='padding:3px 6px;'>1102</td></tr><tr><td style='padding:3px 6px; font-weight:bold; background-color:#f2f2f2;'>กลุ่ม</td><td style='padding:3px 6px;'>กลุ่ม_11</td></tr></table></div>]]></description>
      <styleUrl>#style_11_002</styleUrl>
      <MultiGeometry><Polygon><outerBoundaryIs><LinearRing><coordinates>103.3130664,14.5613846,0 103.3125595,14.5626352,0 103.3127236,14.5626715,0 103.3132068,14.5614059,0 103.3130664,14.5613846,0</coordinates></LinearRing></outerBoundaryIs></Polygon></MultiGeometry>
    </Placemark>
    <Placemark>
      <name>320504160085</name>
      <description><![CDATA[<div style='font-family:Tahoma,sans-serif; font-size:13px;'><h3 style='color:#1565C0; margin:4px 0;'>รหัส: 320504160085</h3><p style='margin:2px 0;'><b>กลุ่มรถไถ:</b> 11_002</p><table border='1' style='border-collapse:collapse; border-color:#ccc; width:100%;'><tr><td style='padding:3px 6px; font-weight:bold; background-color:#f2f2f2;'>ปีการผลิต</td><td style='padding:3px 6px;'>257071</td></tr><tr><td style='padding:3px 6px; font-weight:bold; background-color:#f2f2f2;'>รหัสกลุ่มรถไถ</td><td style='padding:3px 6px;'>11/002</td></tr><tr><td style='padding:3px 6px; font-weight:bold; background-color:#f2f2f2;'>โควตาชาวไร่</td><td style='padding:3px 6px;'>711305</td></tr><tr><td style='padding:3px 6px; font-weight:bold; background-color:#f2f2f2;'>ชื่อ-นามสกุล</td><td style='padding:3px 6px;'>นาง ทัน แสงตา</td></tr><tr><td style='padding:3px 6px; font-weight:bold; background-color:#f2f2f2;'>111</td><td style='padding:3px 6px;'>320504160085</td></tr><tr><td style='padding:3px 6px; font-weight:bold; background-color:#f2f2f2;'>ประเภทอ้อย</td><td style='padding:3px 6px;'>อ้อยปลายฝน</td></tr><tr><td style='padding:3px 6px; font-weight:bold; background-color:#f2f2f2;'>พื้นที่ปลูก</td><td style='padding:3px 6px;'>1.23</td></tr><tr><td style='padding:3px 6px; font-weight:bold; background-color:#f2f2f2;'>ศูนย์</td><td style='padding:3px 6px;'>K2-11</td></tr><tr><td style='padding:3px 6px; font-weight:bold; background-color:#f2f2f2;'>นักเกษตร</td><td style='padding:3px 6px;'>1102</td></tr><tr><td style='padding:3px 6px; font-weight:bold; background-color:#f2f2f2;'>กลุ่ม</td><td style='padding:3px 6px;'>กลุ่ม_11</td></tr></table></div>]]></description>
      <styleUrl>#style_11_002</styleUrl>
      <MultiGeometry><Polygon><outerBoundaryIs><LinearRing><coordinates>103.3061953,14.5989646,0 103.3060527,14.5989638,0 103.3060766,14.6001224,0 103.3062178,14.6001167,0 103.3061953,14.5989646,0</coordinates></LinearRing></outerBoundaryIs></Polygon></MultiGeometry>
    </Placemark>
    <Placemark>
      <name>320504161571</name>
      <description><![CDATA[<div style='font-family:Tahoma,sans-serif; font-size:13px;'><h3 style='color:#1565C0; margin:4px 0;'>รหัส: 320504161571</h3><p style='margin:2px 0;'><b>กลุ่มรถไถ:</b> 11_002</p><table border='1' style='border-collapse:collapse; border-color:#ccc; width:100%;'><tr><td style='padding:3px 6px; font-weight:bold; background-color:#f2f2f2;'>ปีการผลิต</td><td style='padding:3px 6px;'>257071</td></tr><tr><td style='padding:3px 6px; font-weight:bold; background-color:#f2f2f2;'>รหัสกลุ่มรถไถ</td><td style='padding:3px 6px;'>11/002</td></tr><tr><td style='padding:3px 6px; font-weight:bold; background-color:#f2f2f2;'>โควตาชาวไร่</td><td style='padding:3px 6px;'>711366</td></tr><tr><td style='padding:3px 6px; font-weight:bold; background-color:#f2f2f2;'>ชื่อ-นามสกุล</td><td style='padding:3px 6px;'>นาง แตะ คลองงาม</td></tr><tr><td style='padding:3px 6px; font-weight:bold; background-color:#f2f2f2;'>111</td><td style='padding:3px 6px;'>320504161571</td></tr><tr><td style='padding:3px 6px; font-weight:bold; background-color:#f2f2f2;'>ประเภทอ้อย</td><td style='padding:3px 6px;'>อ้อยปลายฝน</td></tr><tr><td style='padding:3px 6px; font-weight:bold; background-color:#f2f2f2;'>พื้นที่ปลูก</td><td style='padding:3px 6px;'>3.52</td></tr><tr><td style='padding:3px 6px; font-weight:bold; background-color:#f2f2f2;'>ศูนย์</td><td style='padding:3px 6px;'>K2-11</td></tr><tr><td style='padding:3px 6px; font-weight:bold; background-color:#f2f2f2;'>นักเกษตร</td><td style='padding:3px 6px;'>1102</td></tr><tr><td style='padding:3px 6px; font-weight:bold; background-color:#f2f2f2;'>กลุ่ม</td><td style='padding:3px 6px;'>กลุ่ม_11</td></tr></table></div>]]></description>
      <styleUrl>#style_11_002</styleUrl>
      <MultiGeometry><Polygon><outerBoundaryIs><LinearRing><coordinates>103.3152016,14.5862235,0 103.3159943,14.5864721,0 103.3161116,14.5858794,0 103.3153891,14.5856667,0 103.3152016,14.5862235,0</coordinates></LinearRing></outerBoundaryIs></Polygon></MultiGeometry>
    </Placemark>
    <Placemark>
      <name>320504161785</name>
      <description><![CDATA[<div style='font-family:Tahoma,sans-serif; font-size:13px;'><h3 style='color:#1565C0; margin:4px 0;'>รหัส: 320504161785</h3><p style='margin:2px 0;'><b>กลุ่มรถไถ:</b> 11_002</p><table border='1' style='border-collapse:collapse; border-color:#ccc; width:100%;'><tr><td style='padding:3px 6px; font-weight:bold; background-color:#f2f2f2;'>ปีการผลิต</td><td style='padding:3px 6px;'>257071</td></tr><tr><td style='padding:3px 6px; font-weight:bold; background-color:#f2f2f2;'>รหัสกลุ่มรถไถ</td><td style='padding:3px 6px;'>11/002</td></tr><tr><td style='padding:3px 6px; font-weight:bold; background-color:#f2f2f2;'>โควตาชาวไร่</td><td style='padding:3px 6px;'>711366</td></tr><tr><td style='padding:3px 6px; font-weight:bold; background-color:#f2f2f2;'>ชื่อ-นามสกุล</td><td style='padding:3px 6px;'>นาง แตะ คลองงาม</td></tr><tr><td style='padding:3px 6px; font-weight:bold; background-color:#f2f2f2;'>111</td><td style='padding:3px 6px;'>320504161785</td></tr><tr><td style='padding:3px 6px; font-weight:bold; background-color:#f2f2f2;'>ประเภทอ้อย</td><td style='padding:3px 6px;'>อ้อยปลายฝน</td></tr><tr><td style='padding:3px 6px; font-weight:bold; background-color:#f2f2f2;'>พื้นที่ปลูก</td><td style='padding:3px 6px;'>2.08</td></tr><tr><td style='padding:3px 6px; font-weight:bold; background-color:#f2f2f2;'>ศูนย์</td><td style='padding:3px 6px;'>K2-11</td></tr><tr><td style='padding:3px 6px; font-weight:bold; background-color:#f2f2f2;'>นักเกษตร</td><td style='padding:3px 6px;'>1102</td></tr><tr><td style='padding:3px 6px; font-weight:bold; background-color:#f2f2f2;'>กลุ่ม</td><td style='padding:3px 6px;'>กลุ่ม_11</td></tr></table></div>]]></description>
      <styleUrl>#style_11_002</styleUrl>
      <MultiGeometry><Polygon><outerBoundaryIs><LinearRing><coordinates>103.3060358,14.5957458,0 103.3060939,14.5961489,0 103.3068382,14.5960184,0 103.3067636,14.5956823,0 103.3060358,14.5957458,0</coordinates></LinearRing></outerBoundaryIs></Polygon></MultiGeometry>
    </Placemark>
    <Placemark>
      <name>320504161814</name>
      <description><![CDATA[<div style='font-family:Tahoma,sans-serif; font-size:13px;'><h3 style='color:#1565C0; margin:4px 0;'>รหัส: 320504161814</h3><p style='margin:2px 0;'><b>กลุ่มรถไถ:</b> 11_002</p><table border='1' style='border-collapse:collapse; border-color:#ccc; width:100%;'><tr><td style='padding:3px 6px; font-weight:bold; background-color:#f2f2f2;'>ปีการผลิต</td><td style='padding:3px 6px;'>257071</td></tr><tr><td style='padding:3px 6px; font-weight:bold; background-color:#f2f2f2;'>รหัสกลุ่มรถไถ</td><td style='padding:3px 6px;'>11/002</td></tr><tr><td style='padding:3px 6px; font-weight:bold; background-color:#f2f2f2;'>โควตาชาวไร่</td><td style='padding:3px 6px;'>711366</td></tr><tr><td style='padding:3px 6px; font-weight:bold; background-color:#f2f2f2;'>ชื่อ-นามสกุล</td><td style='padding:3px 6px;'>นาง แตะ คลองงาม</td></tr><tr><td style='padding:3px 6px; font-weight:bold; background-color:#f2f2f2;'>111</td><td style='padding:3px 6px;'>320504161814</td></tr><tr><td style='padding:3px 6px; font-weight:bold; background-color:#f2f2f2;'>ประเภทอ้อย</td><td style='padding:3px 6px;'>อ้อยปลายฝน</td></tr><tr><td style='padding:3px 6px; font-weight:bold; background-color:#f2f2f2;'>พื้นที่ปลูก</td><td style='padding:3px 6px;'>2.66</td></tr><tr><td style='padding:3px 6px; font-weight:bold; background-color:#f2f2f2;'>ศูนย์</td><td style='padding:3px 6px;'>K2-11</td></tr><tr><td style='padding:3px 6px; font-weight:bold; background-color:#f2f2f2;'>นักเกษตร</td><td style='padding:3px 6px;'>1102</td></tr><tr><td style='padding:3px 6px; font-weight:bold; background-color:#f2f2f2;'>กลุ่ม</td><td style='padding:3px 6px;'>กลุ่ม_11</td></tr></table></div>]]></description>
      <styleUrl>#style_11_002</styleUrl>
      <MultiGeometry><Polygon><outerBoundaryIs><LinearRing><coordinates>103.3158831,14.5868585,0 103.3159836,14.5864821,0 103.3151760,14.5862328,0 103.3150742,14.5866807,0 103.3158831,14.5868585,0</coordinates></LinearRing></outerBoundaryIs></Polygon></MultiGeometry>
    </Placemark>
    <Placemark>
      <name>320511071830</name>
      <description><![CDATA[<div style='font-family:Tahoma,sans-serif; font-size:13px;'><h3 style='color:#1565C0; margin:4px 0;'>รหัส: 320511071830</h3><p style='margin:2px 0;'><b>กลุ่มรถไถ:</b> 11_002</p><table border='1' style='border-collapse:collapse; border-color:#ccc; width:100%;'><tr><td style='padding:3px 6px; font-weight:bold; background-color:#f2f2f2;'>ปีการผลิต</td><td style='padding:3px 6px;'>257071</td></tr><tr><td style='padding:3px 6px; font-weight:bold; background-color:#f2f2f2;'>รหัสกลุ่มรถไถ</td><td style='padding:3px 6px;'>11/002</td></tr><tr><td style='padding:3px 6px; font-weight:bold; background-color:#f2f2f2;'>โควตาชาวไร่</td><td style='padding:3px 6px;'>711508</td></tr><tr><td style='padding:3px 6px; font-weight:bold; background-color:#f2f2f2;'>ชื่อ-นามสกุล</td><td style='padding:3px 6px;'>นาย ธวัชชัย สุวาสุนะ</td></tr><tr><td style='padding:3px 6px; font-weight:bold; background-color:#f2f2f2;'>111</td><td style='padding:3px 6px;'>320511071830</td></tr><tr><td style='padding:3px 6px; font-weight:bold; background-color:#f2f2f2;'>ประเภทอ้อย</td><td style='padding:3px 6px;'>อ้อยปลายฝน</td></tr><tr><td style='padding:3px 6px; font-weight:bold; background-color:#f2f2f2;'>พื้นที่ปลูก</td><td style='padding:3px 6px;'>4.36</td></tr><tr><td style='padding:3px 6px; font-weight:bold; background-color:#f2f2f2;'>ศูนย์</td><td style='padding:3px 6px;'>K2-11</td></tr><tr><td style='padding:3px 6px; font-weight:bold; background-color:#f2f2f2;'>นักเกษตร</td><td style='padding:3px 6px;'>1102</td></tr><tr><td style='padding:3px 6px; font-weight:bold; background-color:#f2f2f2;'>กลุ่ม</td><td style='padding:3px 6px;'>กลุ่ม_11</td></tr></table></div>]]></description>
      <styleUrl>#style_11_002</styleUrl>
      <MultiGeometry><Polygon><outerBoundaryIs><LinearRing><coordinates>103.3022935,14.5673502,0 103.2990472,14.5676968,0 103.2990795,14.5678845,0 103.3022438,14.5675281,0 103.3022935,14.5673502,0</coordinates></LinearRing></outerBoundaryIs></Polygon></MultiGeometry>
    </Placemark>
    <Placemark>
      <name>320509131851</name>
      <description><![CDATA[<div style='font-family:Tahoma,sans-serif; font-size:13px;'><h3 style='color:#1565C0; margin:4px 0;'>รหัส: 320509131851</h3><p style='margin:2px 0;'><b>กลุ่มรถไถ:</b> 11_002</p><table border='1' style='border-collapse:collapse; border-color:#ccc; width:100%;'><tr><td style='padding:3px 6px; font-weight:bold; background-color:#f2f2f2;'>ปีการผลิต</td><td style='padding:3px 6px;'>257071</td></tr><tr><td style='padding:3px 6px; font-weight:bold; background-color:#f2f2f2;'>รหัสกลุ่มรถไถ</td><td style='padding:3px 6px;'>11/002</td></tr><tr><td style='padding:3px 6px; font-weight:bold; background-color:#f2f2f2;'>โควตาชาวไร่</td><td style='padding:3px 6px;'>711641</td></tr><tr><td style='padding:3px 6px; font-weight:bold; background-color:#f2f2f2;'>ชื่อ-นามสกุล</td><td style='padding:3px 6px;'>นาย สถิตย์ อินทร์แป้น</td></tr><tr><td style='padding:3px 6px; font-weight:bold; background-color:#f2f2f2;'>111</td><td style='padding:3px 6px;'>320509131851</td></tr><tr><td style='padding:3px 6px; font-weight:bold; background-color:#f2f2f2;'>ประเภทอ้อย</td><td style='padding:3px 6px;'>อ้อยปลายฝน</td></tr><tr><td style='padding:3px 6px; font-weight:bold; background-color:#f2f2f2;'>พื้นที่ปลูก</td><td style='padding:3px 6px;'>13.06</td></tr><tr><td style='padding:3px 6px; font-weight:bold; background-color:#f2f2f2;'>ศูนย์</td><td style='padding:3px 6px;'>K2-11</td></tr><tr><td style='padding:3px 6px; font-weight:bold; background-color:#f2f2f2;'>นักเกษตร</td><td style='padding:3px 6px;'>1102</td></tr><tr><td style='padding:3px 6px; font-weight:bold; background-color:#f2f2f2;'>กลุ่ม</td><td style='padding:3px 6px;'>กลุ่ม_11</td></tr></table></div>]]></description>
      <styleUrl>#style_11_002</styleUrl>
      <MultiGeometry><Polygon><outerBoundaryIs><LinearRing><coordinates>103.3683547,14.4877416,0 103.3696782,14.4832050,0 103.3696718,14.4832064,0 103.3695229,14.4831614,0 103.3693096,14.4831032,0 103.3680151,14.4876322,0 103.3683547,14.4877416,0</coordinates></LinearRing></outerBoundaryIs></Polygon></MultiGeometry>
    </Placemark>
    <Placemark>
      <name>320504051510</name>
      <description><![CDATA[<div style='font-family:Tahoma,sans-serif; font-size:13px;'><h3 style='color:#1565C0; margin:4px 0;'>รหัส: 320504051510</h3><p style='margin:2px 0;'><b>กลุ่มรถไถ:</b> 11_002</p><table border='1' style='border-collapse:collapse; border-color:#ccc; width:100%;'><tr><td style='padding:3px 6px; font-weight:bold; background-color:#f2f2f2;'>ปีการผลิต</td><td style='padding:3px 6px;'>257071</td></tr><tr><td style='padding:3px 6px; font-weight:bold; background-color:#f2f2f2;'>รหัสกลุ่มรถไถ</td><td style='padding:3px 6px;'>11/002</td></tr><tr><td style='padding:3px 6px; font-weight:bold; background-color:#f2f2f2;'>โควตาชาวไร่</td><td style='padding:3px 6px;'>711642</td></tr><tr><td style='padding:3px 6px; font-weight:bold; background-color:#f2f2f2;'>ชื่อ-นามสกุล</td><td style='padding:3px 6px;'>นาง ชฎาภรณ์ รุ่งเรือง</td></tr><tr><td style='padding:3px 6px; font-weight:bold; background-color:#f2f2f2;'>111</td><td style='padding:3px 6px;'>320504051510</td></tr><tr><td style='padding:3px 6px; font-weight:bold; background-color:#f2f2f2;'>ประเภทอ้อย</td><td style='padding:3px 6px;'>อ้อยปลายฝน</td></tr><tr><td style='padding:3px 6px; font-weight:bold; background-color:#f2f2f2;'>พื้นที่ปลูก</td><td style='padding:3px 6px;'>6.03</td></tr><tr><td style='padding:3px 6px; font-weight:bold; background-color:#f2f2f2;'>ศูนย์</td><td style='padding:3px 6px;'>K2-11</td></tr><tr><td style='padding:3px 6px; font-weight:bold; background-color:#f2f2f2;'>นักเกษตร</td><td style='padding:3px 6px;'>1102</td></tr><tr><td style='padding:3px 6px; font-weight:bold; background-color:#f2f2f2;'>กลุ่ม</td><td style='padding:3px 6px;'>กลุ่ม_11</td></tr></table></div>]]></description>
      <styleUrl>#style_11_002</styleUrl>
      <MultiGeometry><Polygon><outerBoundaryIs><LinearRing><coordinates>103.3538637,14.5960482,0 103.3539345,14.5957367,0 103.3535695,14.5956391,0 103.3535557,14.5957000,0 103.3525859,14.5954041,0 103.3526013,14.5953802,0 103.3514722,14.5950646,0 103.3513682,14.5954000,0 103.3538637,14.5960482,0</coordinates></LinearRing></outerBoundaryIs></Polygon></MultiGeometry>
    </Placemark>
    <Placemark>
      <name>320509091589</name>
      <description><![CDATA[<div style='font-family:Tahoma,sans-serif; font-size:13px;'><h3 style='color:#1565C0; margin:4px 0;'>รหัส: 320509091589</h3><p style='margin:2px 0;'><b>กลุ่มรถไถ:</b> 11_002</p><table border='1' style='border-collapse:collapse; border-color:#ccc; width:100%;'><tr><td style='padding:3px 6px; font-weight:bold; background-color:#f2f2f2;'>ปีการผลิต</td><td style='padding:3px 6px;'>257071</td></tr><tr><td style='padding:3px 6px; font-weight:bold; background-color:#f2f2f2;'>รหัสกลุ่มรถไถ</td><td style='padding:3px 6px;'>11/002</td></tr><tr><td style='padding:3px 6px; font-weight:bold; background-color:#f2f2f2;'>โควตาชาวไร่</td><td style='padding:3px 6px;'>711642</td></tr><tr><td style='padding:3px 6px; font-weight:bold; background-color:#f2f2f2;'>ชื่อ-นามสกุล</td><td style='padding:3px 6px;'>นาง ชฎาภรณ์ รุ่งเรือง</td></tr><tr><td style='padding:3px 6px; font-weight:bold; background-color:#f2f2f2;'>111</td><td style='padding:3px 6px;'>320509091589</td></tr><tr><td style='padding:3px 6px; font-weight:bold; background-color:#f2f2f2;'>ประเภทอ้อย</td><td style='padding:3px 6px;'>อ้อยปลายฝน</td></tr><tr><td style='padding:3px 6px; font-weight:bold; background-color:#f2f2f2;'>พื้นที่ปลูก</td><td style='padding:3px 6px;'>10.09</td></tr><tr><td style='padding:3px 6px; font-weight:bold; background-color:#f2f2f2;'>ศูนย์</td><td style='padding:3px 6px;'>K2-11</td></tr><tr><td style='padding:3px 6px; font-weight:bold; background-color:#f2f2f2;'>นักเกษตร</td><td style='padding:3px 6px;'>1102</td></tr><tr><td style='padding:3px 6px; font-weight:bold; background-color:#f2f2f2;'>กลุ่ม</td><td style='padding:3px 6px;'>กลุ่ม_11</td></tr></table></div>]]></description>
      <styleUrl>#style_11_002</styleUrl>
      <MultiGeometry><Polygon><outerBoundaryIs><LinearRing><coordinates>103.3880516,14.4903651,0 103.3879750,14.4906583,0 103.3900267,14.4912340,0 103.3900209,14.4912523,0 103.3882887,14.4907627,0 103.3881748,14.4911145,0 103.3900057,14.4915968,0 103.3901699,14.4909394,0 103.3880516,14.4903651,0</coordinates></LinearRing></outerBoundaryIs></Polygon></MultiGeometry>
    </Placemark>
    <Placemark>
      <name>320509091601</name>
      <description><![CDATA[<div style='font-family:Tahoma,sans-serif; font-size:13px;'><h3 style='color:#1565C0; margin:4px 0;'>รหัส: 320509091601</h3><p style='margin:2px 0;'><b>กลุ่มรถไถ:</b> 11_002</p><table border='1' style='border-collapse:collapse; border-color:#ccc; width:100%;'><tr><td style='padding:3px 6px; font-weight:bold; background-color:#f2f2f2;'>ปีการผลิต</td><td style='padding:3px 6px;'>257071</td></tr><tr><td style='padding:3px 6px; font-weight:bold; background-color:#f2f2f2;'>รหัสกลุ่มรถไถ</td><td style='padding:3px 6px;'>11/002</td></tr><tr><td style='padding:3px 6px; font-weight:bold; background-color:#f2f2f2;'>โควตาชาวไร่</td><td style='padding:3px 6px;'>711642</td></tr><tr><td style='padding:3px 6px; font-weight:bold; background-color:#f2f2f2;'>ชื่อ-นามสกุล</td><td style='padding:3px 6px;'>นาง ชฎาภรณ์ รุ่งเรือง</td></tr><tr><td style='padding:3px 6px; font-weight:bold; background-color:#f2f2f2;'>111</td><td style='padding:3px 6px;'>320509091601</td></tr><tr><td style='padding:3px 6px; font-weight:bold; background-color:#f2f2f2;'>ประเภทอ้อย</td><td style='padding:3px 6px;'>อ้อยปลายฝน</td></tr><tr><td style='padding:3px 6px; font-weight:bold; background-color:#f2f2f2;'>พื้นที่ปลูก</td><td style='padding:3px 6px;'>12.34</td></tr><tr><td style='padding:3px 6px; font-weight:bold; background-color:#f2f2f2;'>ศูนย์</td><td style='padding:3px 6px;'>K2-11</td></tr><tr><td style='padding:3px 6px; font-weight:bold; background-color:#f2f2f2;'>นักเกษตร</td><td style='padding:3px 6px;'>1102</td></tr><tr><td style='padding:3px 6px; font-weight:bold; background-color:#f2f2f2;'>กลุ่ม</td><td style='padding:3px 6px;'>กลุ่ม_11</td></tr></table></div>]]></description>
      <styleUrl>#style_11_002</styleUrl>
      <MultiGeometry><Polygon><outerBoundaryIs><LinearRing><coordinates>103.3828774,14.4866171,0 103.3825495,14.4867543,0 103.3826043,14.4869657,0 103.3826162,14.4870423,0 103.3826224,14.4871229,0 103.3826470,14.4872380,0 103.3826610,14.4873011,0 103.3827230,14.4875274,0 103.3827865,14.4877992,0 103.3829500,14.4884872,0 103.3832182,14.4884163,0 103.3832428,14.4885685,0 103.3837564,14.4883699,0 103.3837436,14.4882329,0 103.3836972,14.4878961,0 103.3836129,14.4877489,0 103.3835183,14.4873756,0 103.3834593,14.4870976,0 103.3834276,14.4869096,0 103.3834165,14.4867335,0 103.3834262,14.4865879,0 103.3834408,14.4863420,0 103.3834562,14.4860858,0 103.3833195,14.4861217,0 103.3832629,14.4864981,0 103.3832630,14.4865394,0 103.3830595,14.4865326,0 103.3828774,14.4866171,0</coordinates></LinearRing></outerBoundaryIs></Polygon></MultiGeometry>
    </Placemark>
    <Placemark>
      <name>320504161538</name>
      <description><![CDATA[<div style='font-family:Tahoma,sans-serif; font-size:13px;'><h3 style='color:#1565C0; margin:4px 0;'>รหัส: 320504161538</h3><p style='margin:2px 0;'><b>กลุ่มรถไถ:</b> 11_002</p><table border='1' style='border-collapse:collapse; border-color:#ccc; width:100%;'><tr><td style='padding:3px 6px; font-weight:bold; background-color:#f2f2f2;'>ปีการผลิต</td><td style='padding:3px 6px;'>257071</td></tr><tr><td style='padding:3px 6px; font-weight:bold; background-color:#f2f2f2;'>รหัสกลุ่มรถไถ</td><td style='padding:3px 6px;'>11/002</td></tr><tr><td style='padding:3px 6px; font-weight:bold; background-color:#f2f2f2;'>โควตาชาวไร่</td><td style='padding:3px 6px;'>711691</td></tr><tr><td style='padding:3px 6px; font-weight:bold; background-color:#f2f2f2;'>ชื่อ-นามสกุล</td><td style='padding:3px 6px;'>นาย ละออง งามเลิศ</td></tr><tr><td style='padding:3px 6px; font-weight:bold; background-color:#f2f2f2;'>111</td><td style='padding:3px 6px;'>320504161538</td></tr><tr><td style='padding:3px 6px; font-weight:bold; background-color:#f2f2f2;'>ประเภทอ้อย</td><td style='padding:3px 6px;'>อ้อยปลายฝน</td></tr><tr><td style='padding:3px 6px; font-weight:bold; background-color:#f2f2f2;'>พื้นที่ปลูก</td><td style='padding:3px 6px;'>6.36</td></tr><tr><td style='padding:3px 6px; font-weight:bold; background-color:#f2f2f2;'>ศูนย์</td><td style='padding:3px 6px;'>K2-11</td></tr><tr><td style='padding:3px 6px; font-weight:bold; background-color:#f2f2f2;'>นักเกษตร</td><td style='padding:3px 6px;'>1102</td></tr><tr><td style='padding:3px 6px; font-weight:bold; background-color:#f2f2f2;'>กลุ่ม</td><td style='padding:3px 6px;'>กลุ่ม_11</td></tr></table></div>]]></description>
      <styleUrl>#style_11_002</styleUrl>
      <MultiGeometry><Polygon><outerBoundaryIs><LinearRing><coordinates>103.3097609,14.5981839,0 103.3094785,14.5980817,0 103.3092596,14.5992141,0 103.3096129,14.5992069,0 103.3097609,14.5981839,0</coordinates></LinearRing></outerBoundaryIs></Polygon></MultiGeometry>
    </Placemark>
    <Placemark>
      <name>320504041710</name>
      <description><![CDATA[<div style='font-family:Tahoma,sans-serif; font-size:13px;'><h3 style='color:#1565C0; margin:4px 0;'>รหัส: 320504041710</h3><p style='margin:2px 0;'><b>กลุ่มรถไถ:</b> 11_002</p><table border='1' style='border-collapse:collapse; border-color:#ccc; width:100%;'><tr><td style='padding:3px 6px; font-weight:bold; background-color:#f2f2f2;'>ปีการผลิต</td><td style='padding:3px 6px;'>257071</td></tr><tr><td style='padding:3px 6px; font-weight:bold; background-color:#f2f2f2;'>รหัสกลุ่มรถไถ</td><td style='padding:3px 6px;'>11/002</td></tr><tr><td style='padding:3px 6px; font-weight:bold; background-color:#f2f2f2;'>โควตาชาวไร่</td><td style='padding:3px 6px;'>711745</td></tr><tr><td style='padding:3px 6px; font-weight:bold; background-color:#f2f2f2;'>ชื่อ-นามสกุล</td><td style='padding:3px 6px;'>นาย พานิด แสนดัง</td></tr><tr><td style='padding:3px 6px; font-weight:bold; background-color:#f2f2f2;'>111</td><td style='padding:3px 6px;'>320504041710</td></tr><tr><td style='padding:3px 6px; font-weight:bold; background-color:#f2f2f2;'>ประเภทอ้อย</td><td style='padding:3px 6px;'>อ้อยปลายฝน</td></tr><tr><td style='padding:3px 6px; font-weight:bold; background-color:#f2f2f2;'>พื้นที่ปลูก</td><td style='padding:3px 6px;'>8.99</td></tr><tr><td style='padding:3px 6px; font-weight:bold; background-color:#f2f2f2;'>ศูนย์</td><td style='padding:3px 6px;'>K2-11</td></tr><tr><td style='padding:3px 6px; font-weight:bold; background-color:#f2f2f2;'>นักเกษตร</td><td style='padding:3px 6px;'>1102</td></tr><tr><td style='padding:3px 6px; font-weight:bold; background-color:#f2f2f2;'>กลุ่ม</td><td style='padding:3px 6px;'>กลุ่ม_11</td></tr></table></div>]]></description>
      <styleUrl>#style_11_002</styleUrl>
      <MultiGeometry><Polygon><outerBoundaryIs><LinearRing><coordinates>103.3185683,14.5900465,0 103.3188176,14.5882817,0 103.3181703,14.5881183,0 103.3179255,14.5899954,0 103.3185683,14.5900465,0</coordinates></LinearRing></outerBoundaryIs></Polygon></MultiGeometry>
    </Placemark>
    <Placemark>
      <name>320504131549</name>
      <description><![CDATA[<div style='font-family:Tahoma,sans-serif; font-size:13px;'><h3 style='color:#1565C0; margin:4px 0;'>รหัส: 320504131549</h3><p style='margin:2px 0;'><b>กลุ่มรถไถ:</b> 11_002</p><table border='1' style='border-collapse:collapse; border-color:#ccc; width:100%;'><tr><td style='padding:3px 6px; font-weight:bold; background-color:#f2f2f2;'>ปีการผลิต</td><td style='padding:3px 6px;'>257071</td></tr><tr><td style='padding:3px 6px; font-weight:bold; background-color:#f2f2f2;'>รหัสกลุ่มรถไถ</td><td style='padding:3px 6px;'>11/002</td></tr><tr><td style='padding:3px 6px; font-weight:bold; background-color:#f2f2f2;'>โควตาชาวไร่</td><td style='padding:3px 6px;'>711745</td></tr><tr><td style='padding:3px 6px; font-weight:bold; background-color:#f2f2f2;'>ชื่อ-นามสกุล</td><td style='padding:3px 6px;'>นาย พานิด แสนดัง</td></tr><tr><td style='padding:3px 6px; font-weight:bold; background-color:#f2f2f2;'>111</td><td style='padding:3px 6px;'>320504131549</td></tr><tr><td style='padding:3px 6px; font-weight:bold; background-color:#f2f2f2;'>ประเภทอ้อย</td><td style='padding:3px 6px;'>อ้อยปลายฝน</td></tr><tr><td style='padding:3px 6px; font-weight:bold; background-color:#f2f2f2;'>พื้นที่ปลูก</td><td style='padding:3px 6px;'>8.92</td></tr><tr><td style='padding:3px 6px; font-weight:bold; background-color:#f2f2f2;'>ศูนย์</td><td style='padding:3px 6px;'>K2-11</td></tr><tr><td style='padding:3px 6px; font-weight:bold; background-color:#f2f2f2;'>นักเกษตร</td><td style='padding:3px 6px;'>1102</td></tr><tr><td style='padding:3px 6px; font-weight:bold; background-color:#f2f2f2;'>กลุ่ม</td><td style='padding:3px 6px;'>กลุ่ม_11</td></tr></table></div>]]></description>
      <styleUrl>#style_11_002</styleUrl>
      <MultiGeometry><Polygon><outerBoundaryIs><LinearRing><coordinates>103.3192617,14.5935017,0 103.3196767,14.5934483,0 103.3197317,14.5920583,0 103.3196850,14.5920383,0 103.3196833,14.5920367,0 103.3197333,14.5919350,0 103.3197700,14.5907967,0 103.3193183,14.5906817,0 103.3192617,14.5935017,0</coordinates></LinearRing></outerBoundaryIs></Polygon></MultiGeometry>
    </Placemark>
    <Placemark>
      <name>320606041578</name>
      <description><![CDATA[<div style='font-family:Tahoma,sans-serif; font-size:13px;'><h3 style='color:#1565C0; margin:4px 0;'>รหัส: 320606041578</h3><p style='margin:2px 0;'><b>กลุ่มรถไถ:</b> 11_002</p><table border='1' style='border-collapse:collapse; border-color:#ccc; width:100%;'><tr><td style='padding:3px 6px; font-weight:bold; background-color:#f2f2f2;'>ปีการผลิต</td><td style='padding:3px 6px;'>257071</td></tr><tr><td style='padding:3px 6px; font-weight:bold; background-color:#f2f2f2;'>รหัสกลุ่มรถไถ</td><td style='padding:3px 6px;'>11/002</td></tr><tr><td style='padding:3px 6px; font-weight:bold; background-color:#f2f2f2;'>โควตาชาวไร่</td><td style='padding:3px 6px;'>711745</td></tr><tr><td style='padding:3px 6px; font-weight:bold; background-color:#f2f2f2;'>ชื่อ-นามสกุล</td><td style='padding:3px 6px;'>นาย พานิด แสนดัง</td></tr><tr><td style='padding:3px 6px; font-weight:bold; background-color:#f2f2f2;'>111</td><td style='padding:3px 6px;'>320606041578</td></tr><tr><td style='padding:3px 6px; font-weight:bold; background-color:#f2f2f2;'>ประเภทอ้อย</td><td style='padding:3px 6px;'>อ้อยปลายฝน</td></tr><tr><td style='padding:3px 6px; font-weight:bold; background-color:#f2f2f2;'>พื้นที่ปลูก</td><td style='padding:3px 6px;'>4.08</td></tr><tr><td style='padding:3px 6px; font-weight:bold; background-color:#f2f2f2;'>ศูนย์</td><td style='padding:3px 6px;'>K2-11</td></tr><tr><td style='padding:3px 6px; font-weight:bold; background-color:#f2f2f2;'>นักเกษตร</td><td style='padding:3px 6px;'>1102</td></tr><tr><td style='padding:3px 6px; font-weight:bold; background-color:#f2f2f2;'>กลุ่ม</td><td style='padding:3px 6px;'>กลุ่ม_11</td></tr></table></div>]]></description>
      <styleUrl>#style_11_002</styleUrl>
      <MultiGeometry><Polygon><outerBoundaryIs><LinearRing><coordinates>103.4144567,14.5005717,0 103.4141617,14.5005967,0 103.4142250,14.5024650,0 103.4145150,14.5024133,0 103.4144567,14.5005717,0</coordinates></LinearRing></outerBoundaryIs></Polygon></MultiGeometry>
    </Placemark>
    <Placemark>
      <name>320504131516</name>
      <description><![CDATA[<div style='font-family:Tahoma,sans-serif; font-size:13px;'><h3 style='color:#1565C0; margin:4px 0;'>รหัส: 320504131516</h3><p style='margin:2px 0;'><b>กลุ่มรถไถ:</b> 11_002</p><table border='1' style='border-collapse:collapse; border-color:#ccc; width:100%;'><tr><td style='padding:3px 6px; font-weight:bold; background-color:#f2f2f2;'>ปีการผลิต</td><td style='padding:3px 6px;'>257071</td></tr><tr><td style='padding:3px 6px; font-weight:bold; background-color:#f2f2f2;'>รหัสกลุ่มรถไถ</td><td style='padding:3px 6px;'>11/002</td></tr><tr><td style='padding:3px 6px; font-weight:bold; background-color:#f2f2f2;'>โควตาชาวไร่</td><td style='padding:3px 6px;'>712581</td></tr><tr><td style='padding:3px 6px; font-weight:bold; background-color:#f2f2f2;'>ชื่อ-นามสกุล</td><td style='padding:3px 6px;'>นาย วิรัตน์ เรืองสุขสุด</td></tr><tr><td style='padding:3px 6px; font-weight:bold; background-color:#f2f2f2;'>111</td><td style='padding:3px 6px;'>320504131516</td></tr><tr><td style='padding:3px 6px; font-weight:bold; background-color:#f2f2f2;'>ประเภทอ้อย</td><td style='padding:3px 6px;'>อ้อยปลายฝน</td></tr><tr><td style='padding:3px 6px; font-weight:bold; background-color:#f2f2f2;'>พื้นที่ปลูก</td><td style='padding:3px 6px;'>2.97</td></tr><tr><td style='padding:3px 6px; font-weight:bold; background-color:#f2f2f2;'>ศูนย์</td><td style='padding:3px 6px;'>K2-11</td></tr><tr><td style='padding:3px 6px; font-weight:bold; background-color:#f2f2f2;'>นักเกษตร</td><td style='padding:3px 6px;'>1102</td></tr><tr><td style='padding:3px 6px; font-weight:bold; background-color:#f2f2f2;'>กลุ่ม</td><td style='padding:3px 6px;'>กลุ่ม_11</td></tr></table></div>]]></description>
      <styleUrl>#style_11_002</styleUrl>
      <MultiGeometry><Polygon><outerBoundaryIs><LinearRing><coordinates>103.3433903,14.5852159,0 103.3424390,14.5854697,0 103.3423661,14.5857528,0 103.3420817,14.5860174,0 103.3420849,14.5860481,0 103.3434882,14.5854465,0 103.3433903,14.5852159,0</coordinates></LinearRing></outerBoundaryIs></Polygon></MultiGeometry>
    </Placemark>
    <Placemark>
      <name>320509031642</name>
      <description><![CDATA[<div style='font-family:Tahoma,sans-serif; font-size:13px;'><h3 style='color:#1565C0; margin:4px 0;'>รหัส: 320509031642</h3><p style='margin:2px 0;'><b>กลุ่มรถไถ:</b> 11_002</p><table border='1' style='border-collapse:collapse; border-color:#ccc; width:100%;'><tr><td style='padding:3px 6px; font-weight:bold; background-color:#f2f2f2;'>ปีการผลิต</td><td style='padding:3px 6px;'>257071</td></tr><tr><td style='padding:3px 6px; font-weight:bold; background-color:#f2f2f2;'>รหัสกลุ่มรถไถ</td><td style='padding:3px 6px;'>11/002</td></tr><tr><td style='padding:3px 6px; font-weight:bold; background-color:#f2f2f2;'>โควตาชาวไร่</td><td style='padding:3px 6px;'>712839</td></tr><tr><td style='padding:3px 6px; font-weight:bold; background-color:#f2f2f2;'>ชื่อ-นามสกุล</td><td style='padding:3px 6px;'>นาย บุญสงค์ พวงนาค</td></tr><tr><td style='padding:3px 6px; font-weight:bold; background-color:#f2f2f2;'>111</td><td style='padding:3px 6px;'>320509031642</td></tr><tr><td style='padding:3px 6px; font-weight:bold; background-color:#f2f2f2;'>ประเภทอ้อย</td><td style='padding:3px 6px;'>อ้อยปลายฝน</td></tr><tr><td style='padding:3px 6px; font-weight:bold; background-color:#f2f2f2;'>พื้นที่ปลูก</td><td style='padding:3px 6px;'>12.05</td></tr><tr><td style='padding:3px 6px; font-weight:bold; background-color:#f2f2f2;'>ศูนย์</td><td style='padding:3px 6px;'>K2-11</td></tr><tr><td style='padding:3px 6px; font-weight:bold; background-color:#f2f2f2;'>นักเกษตร</td><td style='padding:3px 6px;'>1102</td></tr><tr><td style='padding:3px 6px; font-weight:bold; background-color:#f2f2f2;'>กลุ่ม</td><td style='padding:3px 6px;'>กลุ่ม_11</td></tr></table></div>]]></description>
      <styleUrl>#style_11_002</styleUrl>
      <MultiGeometry><Polygon><outerBoundaryIs><LinearRing><coordinates>103.3537169,14.5526059,0 103.3547534,14.5524151,0 103.3546301,14.5517832,0 103.3547323,14.5517529,0 103.3546757,14.5510863,0 103.3533937,14.5511659,0 103.3537169,14.5526059,0</coordinates></LinearRing></outerBoundaryIs></Polygon></MultiGeometry>
    </Placemark>
    <Placemark>
      <name>320504050029</name>
      <description><![CDATA[<div style='font-family:Tahoma,sans-serif; font-size:13px;'><h3 style='color:#1565C0; margin:4px 0;'>รหัส: 320504050029</h3><p style='margin:2px 0;'><b>กลุ่มรถไถ:</b> 11_002</p><table border='1' style='border-collapse:collapse; border-color:#ccc; width:100%;'><tr><td style='padding:3px 6px; font-weight:bold; background-color:#f2f2f2;'>ปีการผลิต</td><td style='padding:3px 6px;'>257071</td></tr><tr><td style='padding:3px 6px; font-weight:bold; background-color:#f2f2f2;'>รหัสกลุ่มรถไถ</td><td style='padding:3px 6px;'>11/002</td></tr><tr><td style='padding:3px 6px; font-weight:bold; background-color:#f2f2f2;'>โควตาชาวไร่</td><td style='padding:3px 6px;'>712865</td></tr><tr><td style='padding:3px 6px; font-weight:bold; background-color:#f2f2f2;'>ชื่อ-นามสกุล</td><td style='padding:3px 6px;'>นาย บุญสม พวงนาค</td></tr><tr><td style='padding:3px 6px; font-weight:bold; background-color:#f2f2f2;'>111</td><td style='padding:3px 6px;'>320504050029</td></tr><tr><td style='padding:3px 6px; font-weight:bold; background-color:#f2f2f2;'>ประเภทอ้อย</td><td style='padding:3px 6px;'>อ้อยปลายฝน</td></tr><tr><td style='padding:3px 6px; font-weight:bold; background-color:#f2f2f2;'>พื้นที่ปลูก</td><td style='padding:3px 6px;'>1.05</td></tr><tr><td style='padding:3px 6px; font-weight:bold; background-color:#f2f2f2;'>ศูนย์</td><td style='padding:3px 6px;'>K2-11</td></tr><tr><td style='padding:3px 6px; font-weight:bold; background-color:#f2f2f2;'>นักเกษตร</td><td style='padding:3px 6px;'>1102</td></tr><tr><td style='padding:3px 6px; font-weight:bold; background-color:#f2f2f2;'>กลุ่ม</td><td style='padding:3px 6px;'>กลุ่ม_11</td></tr></table></div>]]></description>
      <styleUrl>#style_11_002</styleUrl>
      <MultiGeometry><Polygon><outerBoundaryIs><LinearRing><coordinates>103.3531044,14.6129737,0 103.3536911,14.6131244,0 103.3537420,14.6129000,0 103.3531723,14.6127427,0 103.3531044,14.6129737,0</coordinates></LinearRing></outerBoundaryIs></Polygon></MultiGeometry>
    </Placemark>
    <Placemark>
      <name>320504041742</name>
      <description><![CDATA[<div style='font-family:Tahoma,sans-serif; font-size:13px;'><h3 style='color:#1565C0; margin:4px 0;'>รหัส: 320504041742</h3><p style='margin:2px 0;'><b>กลุ่มรถไถ:</b> 11_002</p><table border='1' style='border-collapse:collapse; border-color:#ccc; width:100%;'><tr><td style='padding:3px 6px; font-weight:bold; background-color:#f2f2f2;'>ปีการผลิต</td><td style='padding:3px 6px;'>257071</td></tr><tr><td style='padding:3px 6px; font-weight:bold; background-color:#f2f2f2;'>รหัสกลุ่มรถไถ</td><td style='padding:3px 6px;'>11/002</td></tr><tr><td style='padding:3px 6px; font-weight:bold; background-color:#f2f2f2;'>โควตาชาวไร่</td><td style='padding:3px 6px;'>712866</td></tr><tr><td style='padding:3px 6px; font-weight:bold; background-color:#f2f2f2;'>ชื่อ-นามสกุล</td><td style='padding:3px 6px;'>นาย จักพงษ์ สุวาสุนะ</td></tr><tr><td style='padding:3px 6px; font-weight:bold; background-color:#f2f2f2;'>111</td><td style='padding:3px 6px;'>320504041742</td></tr><tr><td style='padding:3px 6px; font-weight:bold; background-color:#f2f2f2;'>ประเภทอ้อย</td><td style='padding:3px 6px;'>อ้อยปลายฝน</td></tr><tr><td style='padding:3px 6px; font-weight:bold; background-color:#f2f2f2;'>พื้นที่ปลูก</td><td style='padding:3px 6px;'>25.69</td></tr><tr><td style='padding:3px 6px; font-weight:bold; background-color:#f2f2f2;'>ศูนย์</td><td style='padding:3px 6px;'>K2-11</td></tr><tr><td style='padding:3px 6px; font-weight:bold; background-color:#f2f2f2;'>นักเกษตร</td><td style='padding:3px 6px;'>1102</td></tr><tr><td style='padding:3px 6px; font-weight:bold; background-color:#f2f2f2;'>กลุ่ม</td><td style='padding:3px 6px;'>กลุ่ม_11</td></tr></table></div>]]></description>
      <styleUrl>#style_11_002</styleUrl>
      <MultiGeometry><Polygon><outerBoundaryIs><LinearRing><coordinates>103.3461350,14.5950333,0 103.3456638,14.5965671,0 103.3459847,14.5966324,0 103.3458500,14.5976640,0 103.3456500,14.5987790,0 103.3460137,14.5988763,0 103.3459972,14.5989582,0 103.3455230,14.5988385,0 103.3454902,14.5988159,0 103.3455060,14.5987677,0 103.3455440,14.5987670,0 103.3457034,14.5981684,0 103.3457675,14.5977205,0 103.3457548,14.5976890,0 103.3457359,14.5976725,0 103.3457297,14.5976422,0 103.3457755,14.5976304,0 103.3459072,14.5967805,0 103.3458936,14.5967379,0 103.3456048,14.5966709,0 103.3448983,14.5990617,0 103.3450167,14.5990983,0 103.3450467,14.5993650,0 103.3461867,14.5993867,0 103.3462700,14.5988783,0 103.3465783,14.5982050,0 103.3464500,14.5973667,0 103.3460867,14.5965883,0 103.3463000,14.5953433,0 103.3463217,14.5952533,0 103.3464700,14.5952267,0 103.3464367,14.5951250,0 103.3461350,14.5950333,0</coordinates></LinearRing></outerBoundaryIs></Polygon></MultiGeometry>
    </Placemark>
    <Placemark>
      <name>320504171625</name>
      <description><![CDATA[<div style='font-family:Tahoma,sans-serif; font-size:13px;'><h3 style='color:#1565C0; margin:4px 0;'>รหัส: 320504171625</h3><p style='margin:2px 0;'><b>กลุ่มรถไถ:</b> 11_002</p><table border='1' style='border-collapse:collapse; border-color:#ccc; width:100%;'><tr><td style='padding:3px 6px; font-weight:bold; background-color:#f2f2f2;'>ปีการผลิต</td><td style='padding:3px 6px;'>257071</td></tr><tr><td style='padding:3px 6px; font-weight:bold; background-color:#f2f2f2;'>รหัสกลุ่มรถไถ</td><td style='padding:3px 6px;'>11/002</td></tr><tr><td style='padding:3px 6px; font-weight:bold; background-color:#f2f2f2;'>โควตาชาวไร่</td><td style='padding:3px 6px;'>712866</td></tr><tr><td style='padding:3px 6px; font-weight:bold; background-color:#f2f2f2;'>ชื่อ-นามสกุล</td><td style='padding:3px 6px;'>นาย จักพงษ์ สุวาสุนะ</td></tr><tr><td style='padding:3px 6px; font-weight:bold; background-color:#f2f2f2;'>111</td><td style='padding:3px 6px;'>320504171625</td></tr><tr><td style='padding:3px 6px; font-weight:bold; background-color:#f2f2f2;'>ประเภทอ้อย</td><td style='padding:3px 6px;'>อ้อยปลายฝน</td></tr><tr><td style='padding:3px 6px; font-weight:bold; background-color:#f2f2f2;'>พื้นที่ปลูก</td><td style='padding:3px 6px;'>6.27</td></tr><tr><td style='padding:3px 6px; font-weight:bold; background-color:#f2f2f2;'>ศูนย์</td><td style='padding:3px 6px;'>K2-11</td></tr><tr><td style='padding:3px 6px; font-weight:bold; background-color:#f2f2f2;'>นักเกษตร</td><td style='padding:3px 6px;'>1102</td></tr><tr><td style='padding:3px 6px; font-weight:bold; background-color:#f2f2f2;'>กลุ่ม</td><td style='padding:3px 6px;'>กลุ่ม_11</td></tr></table></div>]]></description>
      <styleUrl>#style_11_002</styleUrl>
      <MultiGeometry><Polygon><outerBoundaryIs><LinearRing><coordinates>103.3122050,14.5744000,0 103.3138550,14.5744550,0 103.3139567,14.5739367,0 103.3121300,14.5739550,0 103.3122050,14.5744000,0</coordinates></LinearRing></outerBoundaryIs></Polygon></MultiGeometry>
    </Placemark>
    <Placemark>
      <name>320509091767</name>
      <description><![CDATA[<div style='font-family:Tahoma,sans-serif; font-size:13px;'><h3 style='color:#1565C0; margin:4px 0;'>รหัส: 320509091767</h3><p style='margin:2px 0;'><b>กลุ่มรถไถ:</b> 11_002</p><table border='1' style='border-collapse:collapse; border-color:#ccc; width:100%;'><tr><td style='padding:3px 6px; font-weight:bold; background-color:#f2f2f2;'>ปีการผลิต</td><td style='padding:3px 6px;'>257071</td></tr><tr><td style='padding:3px 6px; font-weight:bold; background-color:#f2f2f2;'>รหัสกลุ่มรถไถ</td><td style='padding:3px 6px;'>11/002</td></tr><tr><td style='padding:3px 6px; font-weight:bold; background-color:#f2f2f2;'>โควตาชาวไร่</td><td style='padding:3px 6px;'>712983</td></tr><tr><td style='padding:3px 6px; font-weight:bold; background-color:#f2f2f2;'>ชื่อ-นามสกุล</td><td style='padding:3px 6px;'>นาง ละมัย อินทร์แป้น</td></tr><tr><td style='padding:3px 6px; font-weight:bold; background-color:#f2f2f2;'>111</td><td style='padding:3px 6px;'>320509091767</td></tr><tr><td style='padding:3px 6px; font-weight:bold; background-color:#f2f2f2;'>ประเภทอ้อย</td><td style='padding:3px 6px;'>อ้อยปลายฝน</td></tr><tr><td style='padding:3px 6px; font-weight:bold; background-color:#f2f2f2;'>พื้นที่ปลูก</td><td style='padding:3px 6px;'>5.67</td></tr><tr><td style='padding:3px 6px; font-weight:bold; background-color:#f2f2f2;'>ศูนย์</td><td style='padding:3px 6px;'>K2-11</td></tr><tr><td style='padding:3px 6px; font-weight:bold; background-color:#f2f2f2;'>นักเกษตร</td><td style='padding:3px 6px;'>1102</td></tr><tr><td style='padding:3px 6px; font-weight:bold; background-color:#f2f2f2;'>กลุ่ม</td><td style='padding:3px 6px;'>กลุ่ม_11</td></tr></table></div>]]></description>
      <styleUrl>#style_11_002</styleUrl>
      <MultiGeometry><Polygon><outerBoundaryIs><LinearRing><coordinates>103.3582700,14.4861933,0 103.3580050,14.4860300,0 103.3573433,14.4883283,0 103.3577350,14.4883750,0 103.3577833,14.4881550,0 103.3577517,14.4881367,0 103.3582700,14.4861933,0</coordinates></LinearRing></outerBoundaryIs></Polygon></MultiGeometry>
    </Placemark>
    <Placemark>
      <name>321401151560</name>
      <description><![CDATA[<div style='font-family:Tahoma,sans-serif; font-size:13px;'><h3 style='color:#1565C0; margin:4px 0;'>รหัส: 321401151560</h3><p style='margin:2px 0;'><b>กลุ่มรถไถ:</b> 11_002</p><table border='1' style='border-collapse:collapse; border-color:#ccc; width:100%;'><tr><td style='padding:3px 6px; font-weight:bold; background-color:#f2f2f2;'>ปีการผลิต</td><td style='padding:3px 6px;'>257071</td></tr><tr><td style='padding:3px 6px; font-weight:bold; background-color:#f2f2f2;'>รหัสกลุ่มรถไถ</td><td style='padding:3px 6px;'>11/002</td></tr><tr><td style='padding:3px 6px; font-weight:bold; background-color:#f2f2f2;'>โควตาชาวไร่</td><td style='padding:3px 6px;'>712983</td></tr><tr><td style='padding:3px 6px; font-weight:bold; background-color:#f2f2f2;'>ชื่อ-นามสกุล</td><td style='padding:3px 6px;'>นาง ละมัย อินทร์แป้น</td></tr><tr><td style='padding:3px 6px; font-weight:bold; background-color:#f2f2f2;'>111</td><td style='padding:3px 6px;'>321401151560</td></tr><tr><td style='padding:3px 6px; font-weight:bold; background-color:#f2f2f2;'>ประเภทอ้อย</td><td style='padding:3px 6px;'>อ้อยปลายฝน</td></tr><tr><td style='padding:3px 6px; font-weight:bold; background-color:#f2f2f2;'>พื้นที่ปลูก</td><td style='padding:3px 6px;'>1.9</td></tr><tr><td style='padding:3px 6px; font-weight:bold; background-color:#f2f2f2;'>ศูนย์</td><td style='padding:3px 6px;'>K2-11</td></tr><tr><td style='padding:3px 6px; font-weight:bold; background-color:#f2f2f2;'>นักเกษตร</td><td style='padding:3px 6px;'>1102</td></tr><tr><td style='padding:3px 6px; font-weight:bold; background-color:#f2f2f2;'>กลุ่ม</td><td style='padding:3px 6px;'>กลุ่ม_11</td></tr></table></div>]]></description>
      <styleUrl>#style_11_002</styleUrl>
      <MultiGeometry><Polygon><outerBoundaryIs><LinearRing><coordinates>103.3582642,14.4861630,0 103.3584607,14.4855191,0 103.3581442,14.4854513,0 103.3580695,14.4856846,0 103.3578907,14.4856305,0 103.3578229,14.4858897,0 103.3582642,14.4861630,0</coordinates></LinearRing></outerBoundaryIs></Polygon></MultiGeometry>
    </Placemark>
    <Placemark>
      <name>320504160102</name>
      <description><![CDATA[<div style='font-family:Tahoma,sans-serif; font-size:13px;'><h3 style='color:#1565C0; margin:4px 0;'>รหัส: 320504160102</h3><p style='margin:2px 0;'><b>กลุ่มรถไถ:</b> 11_002</p><table border='1' style='border-collapse:collapse; border-color:#ccc; width:100%;'><tr><td style='padding:3px 6px; font-weight:bold; background-color:#f2f2f2;'>ปีการผลิต</td><td style='padding:3px 6px;'>257071</td></tr><tr><td style='padding:3px 6px; font-weight:bold; background-color:#f2f2f2;'>รหัสกลุ่มรถไถ</td><td style='padding:3px 6px;'>11/002</td></tr><tr><td style='padding:3px 6px; font-weight:bold; background-color:#f2f2f2;'>โควตาชาวไร่</td><td style='padding:3px 6px;'>713105</td></tr><tr><td style='padding:3px 6px; font-weight:bold; background-color:#f2f2f2;'>ชื่อ-นามสกุล</td><td style='padding:3px 6px;'>นาย ทองสมุด กัลสุมาโส</td></tr><tr><td style='padding:3px 6px; font-weight:bold; background-color:#f2f2f2;'>111</td><td style='padding:3px 6px;'>320504160102</td></tr><tr><td style='padding:3px 6px; font-weight:bold; background-color:#f2f2f2;'>ประเภทอ้อย</td><td style='padding:3px 6px;'>อ้อยปลายฝน</td></tr><tr><td style='padding:3px 6px; font-weight:bold; background-color:#f2f2f2;'>พื้นที่ปลูก</td><td style='padding:3px 6px;'>2.06</td></tr><tr><td style='padding:3px 6px; font-weight:bold; background-color:#f2f2f2;'>ศูนย์</td><td style='padding:3px 6px;'>K2-11</td></tr><tr><td style='padding:3px 6px; font-weight:bold; background-color:#f2f2f2;'>นักเกษตร</td><td style='padding:3px 6px;'>1102</td></tr><tr><td style='padding:3px 6px; font-weight:bold; background-color:#f2f2f2;'>กลุ่ม</td><td style='padding:3px 6px;'>กลุ่ม_11</td></tr></table></div>]]></description>
      <styleUrl>#style_11_002</styleUrl>
      <MultiGeometry><Polygon><outerBoundaryIs><LinearRing><coordinates>103.3150846,14.5779672,0 103.3151770,14.5787380,0 103.3155111,14.5788067,0 103.3154175,14.5779177,0 103.3150846,14.5779672,0</coordinates></LinearRing></outerBoundaryIs></Polygon></MultiGeometry>
    </Placemark>
    <Placemark>
      <name>320504181757</name>
      <description><![CDATA[<div style='font-family:Tahoma,sans-serif; font-size:13px;'><h3 style='color:#1565C0; margin:4px 0;'>รหัส: 320504181757</h3><p style='margin:2px 0;'><b>กลุ่มรถไถ:</b> 11_002</p><table border='1' style='border-collapse:collapse; border-color:#ccc; width:100%;'><tr><td style='padding:3px 6px; font-weight:bold; background-color:#f2f2f2;'>ปีการผลิต</td><td style='padding:3px 6px;'>257071</td></tr><tr><td style='padding:3px 6px; font-weight:bold; background-color:#f2f2f2;'>รหัสกลุ่มรถไถ</td><td style='padding:3px 6px;'>11/002</td></tr><tr><td style='padding:3px 6px; font-weight:bold; background-color:#f2f2f2;'>โควตาชาวไร่</td><td style='padding:3px 6px;'>713105</td></tr><tr><td style='padding:3px 6px; font-weight:bold; background-color:#f2f2f2;'>ชื่อ-นามสกุล</td><td style='padding:3px 6px;'>นาย ทองสมุด กัลสุมาโส</td></tr><tr><td style='padding:3px 6px; font-weight:bold; background-color:#f2f2f2;'>111</td><td style='padding:3px 6px;'>320504181757</td></tr><tr><td style='padding:3px 6px; font-weight:bold; background-color:#f2f2f2;'>ประเภทอ้อย</td><td style='padding:3px 6px;'>อ้อยปลายฝน</td></tr><tr><td style='padding:3px 6px; font-weight:bold; background-color:#f2f2f2;'>พื้นที่ปลูก</td><td style='padding:3px 6px;'>6.24</td></tr><tr><td style='padding:3px 6px; font-weight:bold; background-color:#f2f2f2;'>ศูนย์</td><td style='padding:3px 6px;'>K2-11</td></tr><tr><td style='padding:3px 6px; font-weight:bold; background-color:#f2f2f2;'>นักเกษตร</td><td style='padding:3px 6px;'>1102</td></tr><tr><td style='padding:3px 6px; font-weight:bold; background-color:#f2f2f2;'>กลุ่ม</td><td style='padding:3px 6px;'>กลุ่ม_11</td></tr></table></div>]]></description>
      <styleUrl>#style_11_002</styleUrl>
      <MultiGeometry><Polygon><outerBoundaryIs><LinearRing><coordinates>103.3165700,14.5781433,0 103.3168333,14.5781217,0 103.3167500,14.5777183,0 103.3159583,14.5778117,0 103.3159833,14.5780433,0 103.3159150,14.5780600,0 103.3160033,14.5789133,0 103.3160367,14.5789567,0 103.3166150,14.5789900,0 103.3165700,14.5781433,0</coordinates></LinearRing></outerBoundaryIs></Polygon></MultiGeometry>
    </Placemark>
    <Placemark>
      <name>320504051580</name>
      <description><![CDATA[<div style='font-family:Tahoma,sans-serif; font-size:13px;'><h3 style='color:#1565C0; margin:4px 0;'>รหัส: 320504051580</h3><p style='margin:2px 0;'><b>กลุ่มรถไถ:</b> 11_002</p><table border='1' style='border-collapse:collapse; border-color:#ccc; width:100%;'><tr><td style='padding:3px 6px; font-weight:bold; background-color:#f2f2f2;'>ปีการผลิต</td><td style='padding:3px 6px;'>257071</td></tr><tr><td style='padding:3px 6px; font-weight:bold; background-color:#f2f2f2;'>รหัสกลุ่มรถไถ</td><td style='padding:3px 6px;'>11/002</td></tr><tr><td style='padding:3px 6px; font-weight:bold; background-color:#f2f2f2;'>โควตาชาวไร่</td><td style='padding:3px 6px;'>714215</td></tr><tr><td style='padding:3px 6px; font-weight:bold; background-color:#f2f2f2;'>ชื่อ-นามสกุล</td><td style='padding:3px 6px;'>นาย วรพันธ์ เกษกล้า</td></tr><tr><td style='padding:3px 6px; font-weight:bold; background-color:#f2f2f2;'>111</td><td style='padding:3px 6px;'>320504051580</td></tr><tr><td style='padding:3px 6px; font-weight:bold; background-color:#f2f2f2;'>ประเภทอ้อย</td><td style='padding:3px 6px;'>อ้อยปลายฝน</td></tr><tr><td style='padding:3px 6px; font-weight:bold; background-color:#f2f2f2;'>พื้นที่ปลูก</td><td style='padding:3px 6px;'>6.71</td></tr><tr><td style='padding:3px 6px; font-weight:bold; background-color:#f2f2f2;'>ศูนย์</td><td style='padding:3px 6px;'>K2-11</td></tr><tr><td style='padding:3px 6px; font-weight:bold; background-color:#f2f2f2;'>นักเกษตร</td><td style='padding:3px 6px;'>1107</td></tr><tr><td style='padding:3px 6px; font-weight:bold; background-color:#f2f2f2;'>กลุ่ม</td><td style='padding:3px 6px;'>กลุ่ม_11</td></tr></table></div>]]></description>
      <styleUrl>#style_11_002</styleUrl>
      <MultiGeometry><Polygon><outerBoundaryIs><LinearRing><coordinates>103.3393939,14.6043230,0 103.3381812,14.6046746,0 103.3382135,14.6048272,0 103.3381205,14.6048327,0 103.3381672,14.6052510,0 103.3394100,14.6052146,0 103.3394107,14.6049839,0 103.3393660,14.6049505,0 103.3393939,14.6043230,0</coordinates></LinearRing></outerBoundaryIs></Polygon></MultiGeometry>
    </Placemark>
    <Placemark>
      <name>320504051555</name>
      <description><![CDATA[<div style='font-family:Tahoma,sans-serif; font-size:13px;'><h3 style='color:#1565C0; margin:4px 0;'>รหัส: 320504051555</h3><p style='margin:2px 0;'><b>กลุ่มรถไถ:</b> 11_002</p><table border='1' style='border-collapse:collapse; border-color:#ccc; width:100%;'><tr><td style='padding:3px 6px; font-weight:bold; background-color:#f2f2f2;'>ปีการผลิต</td><td style='padding:3px 6px;'>257071</td></tr><tr><td style='padding:3px 6px; font-weight:bold; background-color:#f2f2f2;'>รหัสกลุ่มรถไถ</td><td style='padding:3px 6px;'>11/002</td></tr><tr><td style='padding:3px 6px; font-weight:bold; background-color:#f2f2f2;'>โควตาชาวไร่</td><td style='padding:3px 6px;'>714223</td></tr><tr><td style='padding:3px 6px; font-weight:bold; background-color:#f2f2f2;'>ชื่อ-นามสกุล</td><td style='padding:3px 6px;'>นางสาว ทัศนียา ยินดีรัมย์</td></tr><tr><td style='padding:3px 6px; font-weight:bold; background-color:#f2f2f2;'>111</td><td style='padding:3px 6px;'>320504051555</td></tr><tr><td style='padding:3px 6px; font-weight:bold; background-color:#f2f2f2;'>ประเภทอ้อย</td><td style='padding:3px 6px;'>อ้อยปลายฝน</td></tr><tr><td style='padding:3px 6px; font-weight:bold; background-color:#f2f2f2;'>พื้นที่ปลูก</td><td style='padding:3px 6px;'>3.35</td></tr><tr><td style='padding:3px 6px; font-weight:bold; background-color:#f2f2f2;'>ศูนย์</td><td style='padding:3px 6px;'>K2-11</td></tr><tr><td style='padding:3px 6px; font-weight:bold; background-color:#f2f2f2;'>นักเกษตร</td><td style='padding:3px 6px;'>1102</td></tr><tr><td style='padding:3px 6px; font-weight:bold; background-color:#f2f2f2;'>กลุ่ม</td><td style='padding:3px 6px;'>กลุ่ม_11</td></tr></table></div>]]></description>
      <styleUrl>#style_11_002</styleUrl>
      <MultiGeometry><Polygon><outerBoundaryIs><LinearRing><coordinates>103.3521446,14.5948965,0 103.3508025,14.5945461,0 103.3507028,14.5948571,0 103.3520718,14.5952022,0 103.3521446,14.5948965,0</coordinates></LinearRing></outerBoundaryIs></Polygon></MultiGeometry>
    </Placemark>
    <Placemark>
      <name>320504051781</name>
      <description><![CDATA[<div style='font-family:Tahoma,sans-serif; font-size:13px;'><h3 style='color:#1565C0; margin:4px 0;'>รหัส: 320504051781</h3><p style='margin:2px 0;'><b>กลุ่มรถไถ:</b> 11_002</p><table border='1' style='border-collapse:collapse; border-color:#ccc; width:100%;'><tr><td style='padding:3px 6px; font-weight:bold; background-color:#f2f2f2;'>ปีการผลิต</td><td style='padding:3px 6px;'>257071</td></tr><tr><td style='padding:3px 6px; font-weight:bold; background-color:#f2f2f2;'>รหัสกลุ่มรถไถ</td><td style='padding:3px 6px;'>11/002</td></tr><tr><td style='padding:3px 6px; font-weight:bold; background-color:#f2f2f2;'>โควตาชาวไร่</td><td style='padding:3px 6px;'>714223</td></tr><tr><td style='padding:3px 6px; font-weight:bold; background-color:#f2f2f2;'>ชื่อ-นามสกุล</td><td style='padding:3px 6px;'>นางสาว ทัศนียา ยินดีรัมย์</td></tr><tr><td style='padding:3px 6px; font-weight:bold; background-color:#f2f2f2;'>111</td><td style='padding:3px 6px;'>320504051781</td></tr><tr><td style='padding:3px 6px; font-weight:bold; background-color:#f2f2f2;'>ประเภทอ้อย</td><td style='padding:3px 6px;'>อ้อยปลายฝน</td></tr><tr><td style='padding:3px 6px; font-weight:bold; background-color:#f2f2f2;'>พื้นที่ปลูก</td><td style='padding:3px 6px;'>1.95</td></tr><tr><td style='padding:3px 6px; font-weight:bold; background-color:#f2f2f2;'>ศูนย์</td><td style='padding:3px 6px;'>K2-11</td></tr><tr><td style='padding:3px 6px; font-weight:bold; background-color:#f2f2f2;'>นักเกษตร</td><td style='padding:3px 6px;'>1102</td></tr><tr><td style='padding:3px 6px; font-weight:bold; background-color:#f2f2f2;'>กลุ่ม</td><td style='padding:3px 6px;'>กลุ่ม_11</td></tr></table></div>]]></description>
      <styleUrl>#style_11_002</styleUrl>
      <MultiGeometry><Polygon><outerBoundaryIs><LinearRing><coordinates>103.3514576,14.5950833,0 103.3506957,14.5949194,0 103.3506295,14.5952451,0 103.3513311,14.5954227,0 103.3514576,14.5950833,0</coordinates></LinearRing></outerBoundaryIs></Polygon></MultiGeometry>
    </Placemark>
    <Placemark>
      <name>320504051806</name>
      <description><![CDATA[<div style='font-family:Tahoma,sans-serif; font-size:13px;'><h3 style='color:#1565C0; margin:4px 0;'>รหัส: 320504051806</h3><p style='margin:2px 0;'><b>กลุ่มรถไถ:</b> 11_002</p><table border='1' style='border-collapse:collapse; border-color:#ccc; width:100%;'><tr><td style='padding:3px 6px; font-weight:bold; background-color:#f2f2f2;'>ปีการผลิต</td><td style='padding:3px 6px;'>257071</td></tr><tr><td style='padding:3px 6px; font-weight:bold; background-color:#f2f2f2;'>รหัสกลุ่มรถไถ</td><td style='padding:3px 6px;'>11/002</td></tr><tr><td style='padding:3px 6px; font-weight:bold; background-color:#f2f2f2;'>โควตาชาวไร่</td><td style='padding:3px 6px;'>714243</td></tr><tr><td style='padding:3px 6px; font-weight:bold; background-color:#f2f2f2;'>ชื่อ-นามสกุล</td><td style='padding:3px 6px;'>นาง ปิยมน พลานุ</td></tr><tr><td style='padding:3px 6px; font-weight:bold; background-color:#f2f2f2;'>111</td><td style='padding:3px 6px;'>320504051806</td></tr><tr><td style='padding:3px 6px; font-weight:bold; background-color:#f2f2f2;'>ประเภทอ้อย</td><td style='padding:3px 6px;'>อ้อยปลายฝน</td></tr><tr><td style='padding:3px 6px; font-weight:bold; background-color:#f2f2f2;'>พื้นที่ปลูก</td><td style='padding:3px 6px;'>10.96</td></tr><tr><td style='padding:3px 6px; font-weight:bold; background-color:#f2f2f2;'>ศูนย์</td><td style='padding:3px 6px;'>K2-11</td></tr><tr><td style='padding:3px 6px; font-weight:bold; background-color:#f2f2f2;'>นักเกษตร</td><td style='padding:3px 6px;'>1102</td></tr><tr><td style='padding:3px 6px; font-weight:bold; background-color:#f2f2f2;'>กลุ่ม</td><td style='padding:3px 6px;'>กลุ่ม_11</td></tr></table></div>]]></description>
      <styleUrl>#style_11_002</styleUrl>
      <MultiGeometry><Polygon><outerBoundaryIs><LinearRing><coordinates>103.3338772,14.5777311,0 103.3339617,14.5772036,0 103.3339286,14.5771843,0 103.3339295,14.5771237,0 103.3339795,14.5771083,0 103.3340620,14.5766746,0 103.3328231,14.5764350,0 103.3324644,14.5775108,0 103.3338772,14.5777311,0</coordinates></LinearRing></outerBoundaryIs></Polygon></MultiGeometry>
    </Placemark>
    <Placemark>
      <name>320504131752</name>
      <description><![CDATA[<div style='font-family:Tahoma,sans-serif; font-size:13px;'><h3 style='color:#1565C0; margin:4px 0;'>รหัส: 320504131752</h3><p style='margin:2px 0;'><b>กลุ่มรถไถ:</b> 11_002</p><table border='1' style='border-collapse:collapse; border-color:#ccc; width:100%;'><tr><td style='padding:3px 6px; font-weight:bold; background-color:#f2f2f2;'>ปีการผลิต</td><td style='padding:3px 6px;'>257071</td></tr><tr><td style='padding:3px 6px; font-weight:bold; background-color:#f2f2f2;'>รหัสกลุ่มรถไถ</td><td style='padding:3px 6px;'>11/002</td></tr><tr><td style='padding:3px 6px; font-weight:bold; background-color:#f2f2f2;'>โควตาชาวไร่</td><td style='padding:3px 6px;'>714272</td></tr><tr><td style='padding:3px 6px; font-weight:bold; background-color:#f2f2f2;'>ชื่อ-นามสกุล</td><td style='padding:3px 6px;'>นาง ปุณยวีร์ ดนเสมอ</td></tr><tr><td style='padding:3px 6px; font-weight:bold; background-color:#f2f2f2;'>111</td><td style='padding:3px 6px;'>320504131752</td></tr><tr><td style='padding:3px 6px; font-weight:bold; background-color:#f2f2f2;'>ประเภทอ้อย</td><td style='padding:3px 6px;'>อ้อยปลายฝน</td></tr><tr><td style='padding:3px 6px; font-weight:bold; background-color:#f2f2f2;'>พื้นที่ปลูก</td><td style='padding:3px 6px;'>0.53</td></tr><tr><td style='padding:3px 6px; font-weight:bold; background-color:#f2f2f2;'>ศูนย์</td><td style='padding:3px 6px;'>K2-11</td></tr><tr><td style='padding:3px 6px; font-weight:bold; background-color:#f2f2f2;'>นักเกษตร</td><td style='padding:3px 6px;'>1102</td></tr><tr><td style='padding:3px 6px; font-weight:bold; background-color:#f2f2f2;'>กลุ่ม</td><td style='padding:3px 6px;'>กลุ่ม_11</td></tr></table></div>]]></description>
      <styleUrl>#style_11_002</styleUrl>
      <MultiGeometry><Polygon><outerBoundaryIs><LinearRing><coordinates>103.3531524,14.5888204,0 103.3532094,14.5886681,0 103.3527791,14.5885504,0 103.3527401,14.5887068,0 103.3531524,14.5888204,0</coordinates></LinearRing></outerBoundaryIs></Polygon></MultiGeometry>
    </Placemark>
    <Placemark>
      <name>320504131756</name>
      <description><![CDATA[<div style='font-family:Tahoma,sans-serif; font-size:13px;'><h3 style='color:#1565C0; margin:4px 0;'>รหัส: 320504131756</h3><p style='margin:2px 0;'><b>กลุ่มรถไถ:</b> 11_002</p><table border='1' style='border-collapse:collapse; border-color:#ccc; width:100%;'><tr><td style='padding:3px 6px; font-weight:bold; background-color:#f2f2f2;'>ปีการผลิต</td><td style='padding:3px 6px;'>257071</td></tr><tr><td style='padding:3px 6px; font-weight:bold; background-color:#f2f2f2;'>รหัสกลุ่มรถไถ</td><td style='padding:3px 6px;'>11/002</td></tr><tr><td style='padding:3px 6px; font-weight:bold; background-color:#f2f2f2;'>โควตาชาวไร่</td><td style='padding:3px 6px;'>714289</td></tr><tr><td style='padding:3px 6px; font-weight:bold; background-color:#f2f2f2;'>ชื่อ-นามสกุล</td><td style='padding:3px 6px;'>นาย สว่าง ผ่องแก้ว</td></tr><tr><td style='padding:3px 6px; font-weight:bold; background-color:#f2f2f2;'>111</td><td style='padding:3px 6px;'>320504131756</td></tr><tr><td style='padding:3px 6px; font-weight:bold; background-color:#f2f2f2;'>ประเภทอ้อย</td><td style='padding:3px 6px;'>อ้อยปลายฝน</td></tr><tr><td style='padding:3px 6px; font-weight:bold; background-color:#f2f2f2;'>พื้นที่ปลูก</td><td style='padding:3px 6px;'>3.27</td></tr><tr><td style='padding:3px 6px; font-weight:bold; background-color:#f2f2f2;'>ศูนย์</td><td style='padding:3px 6px;'>K2-11</td></tr><tr><td style='padding:3px 6px; font-weight:bold; background-color:#f2f2f2;'>นักเกษตร</td><td style='padding:3px 6px;'>1102</td></tr><tr><td style='padding:3px 6px; font-weight:bold; background-color:#f2f2f2;'>กลุ่ม</td><td style='padding:3px 6px;'>กลุ่ม_11</td></tr></table></div>]]></description>
      <styleUrl>#style_11_002</styleUrl>
      <MultiGeometry><Polygon><outerBoundaryIs><LinearRing><coordinates>103.3529400,14.5851267,0 103.3531950,14.5851417,0 103.3535050,14.5839517,0 103.3530333,14.5839267,0 103.3529400,14.5851267,0</coordinates></LinearRing></outerBoundaryIs></Polygon></MultiGeometry>
    </Placemark>
    <Placemark>
      <name>320504131760</name>
      <description><![CDATA[<div style='font-family:Tahoma,sans-serif; font-size:13px;'><h3 style='color:#1565C0; margin:4px 0;'>รหัส: 320504131760</h3><p style='margin:2px 0;'><b>กลุ่มรถไถ:</b> 11_002</p><table border='1' style='border-collapse:collapse; border-color:#ccc; width:100%;'><tr><td style='padding:3px 6px; font-weight:bold; background-color:#f2f2f2;'>ปีการผลิต</td><td style='padding:3px 6px;'>257071</td></tr><tr><td style='padding:3px 6px; font-weight:bold; background-color:#f2f2f2;'>รหัสกลุ่มรถไถ</td><td style='padding:3px 6px;'>11/002</td></tr><tr><td style='padding:3px 6px; font-weight:bold; background-color:#f2f2f2;'>โควตาชาวไร่</td><td style='padding:3px 6px;'>714289</td></tr><tr><td style='padding:3px 6px; font-weight:bold; background-color:#f2f2f2;'>ชื่อ-นามสกุล</td><td style='padding:3px 6px;'>นาย สว่าง ผ่องแก้ว</td></tr><tr><td style='padding:3px 6px; font-weight:bold; background-color:#f2f2f2;'>111</td><td style='padding:3px 6px;'>320504131760</td></tr><tr><td style='padding:3px 6px; font-weight:bold; background-color:#f2f2f2;'>ประเภทอ้อย</td><td style='padding:3px 6px;'>อ้อยปลายฝน</td></tr><tr><td style='padding:3px 6px; font-weight:bold; background-color:#f2f2f2;'>พื้นที่ปลูก</td><td style='padding:3px 6px;'>11.44</td></tr><tr><td style='padding:3px 6px; font-weight:bold; background-color:#f2f2f2;'>ศูนย์</td><td style='padding:3px 6px;'>K2-11</td></tr><tr><td style='padding:3px 6px; font-weight:bold; background-color:#f2f2f2;'>นักเกษตร</td><td style='padding:3px 6px;'>1102</td></tr><tr><td style='padding:3px 6px; font-weight:bold; background-color:#f2f2f2;'>กลุ่ม</td><td style='padding:3px 6px;'>กลุ่ม_11</td></tr></table></div>]]></description>
      <styleUrl>#style_11_002</styleUrl>
      <MultiGeometry><Polygon><outerBoundaryIs><LinearRing><coordinates>103.3526208,14.5863533,0 103.3527593,14.5857121,0 103.3528267,14.5853283,0 103.3530022,14.5838986,0 103.3530170,14.5830575,0 103.3529603,14.5830474,0 103.3529650,14.5829479,0 103.3530205,14.5829513,0 103.3528243,14.5819005,0 103.3524546,14.5819225,0 103.3526150,14.5831854,0 103.3526701,14.5840734,0 103.3526435,14.5845407,0 103.3523121,14.5866153,0 103.3523638,14.5866326,0 103.3524113,14.5866127,0 103.3524624,14.5863094,0 103.3526208,14.5863533,0</coordinates></LinearRing></outerBoundaryIs></Polygon></MultiGeometry>
    </Placemark>
    <Placemark>
      <name>320504131762</name>
      <description><![CDATA[<div style='font-family:Tahoma,sans-serif; font-size:13px;'><h3 style='color:#1565C0; margin:4px 0;'>รหัส: 320504131762</h3><p style='margin:2px 0;'><b>กลุ่มรถไถ:</b> 11_002</p><table border='1' style='border-collapse:collapse; border-color:#ccc; width:100%;'><tr><td style='padding:3px 6px; font-weight:bold; background-color:#f2f2f2;'>ปีการผลิต</td><td style='padding:3px 6px;'>257071</td></tr><tr><td style='padding:3px 6px; font-weight:bold; background-color:#f2f2f2;'>รหัสกลุ่มรถไถ</td><td style='padding:3px 6px;'>11/002</td></tr><tr><td style='padding:3px 6px; font-weight:bold; background-color:#f2f2f2;'>โควตาชาวไร่</td><td style='padding:3px 6px;'>714289</td></tr><tr><td style='padding:3px 6px; font-weight:bold; background-color:#f2f2f2;'>ชื่อ-นามสกุล</td><td style='padding:3px 6px;'>นาย สว่าง ผ่องแก้ว</td></tr><tr><td style='padding:3px 6px; font-weight:bold; background-color:#f2f2f2;'>111</td><td style='padding:3px 6px;'>320504131762</td></tr><tr><td style='padding:3px 6px; font-weight:bold; background-color:#f2f2f2;'>ประเภทอ้อย</td><td style='padding:3px 6px;'>อ้อยปลายฝน</td></tr><tr><td style='padding:3px 6px; font-weight:bold; background-color:#f2f2f2;'>พื้นที่ปลูก</td><td style='padding:3px 6px;'>5.46</td></tr><tr><td style='padding:3px 6px; font-weight:bold; background-color:#f2f2f2;'>ศูนย์</td><td style='padding:3px 6px;'>K2-11</td></tr><tr><td style='padding:3px 6px; font-weight:bold; background-color:#f2f2f2;'>นักเกษตร</td><td style='padding:3px 6px;'>1102</td></tr><tr><td style='padding:3px 6px; font-weight:bold; background-color:#f2f2f2;'>กลุ่ม</td><td style='padding:3px 6px;'>กลุ่ม_11</td></tr></table></div>]]></description>
      <styleUrl>#style_11_002</styleUrl>
      <MultiGeometry><Polygon><outerBoundaryIs><LinearRing><coordinates>103.3530283,14.5839067,0 103.3534867,14.5839317,0 103.3533800,14.5827933,0 103.3531667,14.5818433,0 103.3528617,14.5818717,0 103.3530717,14.5829383,0 103.3530283,14.5839067,0</coordinates></LinearRing></outerBoundaryIs></Polygon></MultiGeometry>
    </Placemark>
    <Placemark>
      <name>320504151711</name>
      <description><![CDATA[<div style='font-family:Tahoma,sans-serif; font-size:13px;'><h3 style='color:#1565C0; margin:4px 0;'>รหัส: 320504151711</h3><p style='margin:2px 0;'><b>กลุ่มรถไถ:</b> 11_002</p><table border='1' style='border-collapse:collapse; border-color:#ccc; width:100%;'><tr><td style='padding:3px 6px; font-weight:bold; background-color:#f2f2f2;'>ปีการผลิต</td><td style='padding:3px 6px;'>257071</td></tr><tr><td style='padding:3px 6px; font-weight:bold; background-color:#f2f2f2;'>รหัสกลุ่มรถไถ</td><td style='padding:3px 6px;'>11/002</td></tr><tr><td style='padding:3px 6px; font-weight:bold; background-color:#f2f2f2;'>โควตาชาวไร่</td><td style='padding:3px 6px;'>714302</td></tr><tr><td style='padding:3px 6px; font-weight:bold; background-color:#f2f2f2;'>ชื่อ-นามสกุล</td><td style='padding:3px 6px;'>นางสาว วิภาวรรณ สมานทรัพย์</td></tr><tr><td style='padding:3px 6px; font-weight:bold; background-color:#f2f2f2;'>111</td><td style='padding:3px 6px;'>320504151711</td></tr><tr><td style='padding:3px 6px; font-weight:bold; background-color:#f2f2f2;'>ประเภทอ้อย</td><td style='padding:3px 6px;'>อ้อยปลายฝน</td></tr><tr><td style='padding:3px 6px; font-weight:bold; background-color:#f2f2f2;'>พื้นที่ปลูก</td><td style='padding:3px 6px;'>1.18</td></tr><tr><td style='padding:3px 6px; font-weight:bold; background-color:#f2f2f2;'>ศูนย์</td><td style='padding:3px 6px;'>K2-11</td></tr><tr><td style='padding:3px 6px; font-weight:bold; background-color:#f2f2f2;'>นักเกษตร</td><td style='padding:3px 6px;'>1102</td></tr><tr><td style='padding:3px 6px; font-weight:bold; background-color:#f2f2f2;'>กลุ่ม</td><td style='padding:3px 6px;'>กลุ่ม_11</td></tr></table></div>]]></description>
      <styleUrl>#style_11_002</styleUrl>
      <MultiGeometry><Polygon><outerBoundaryIs><LinearRing><coordinates>103.3178117,14.6142083,0 103.3178217,14.6144833,0 103.3182867,14.6145383,0 103.3183700,14.6142000,0 103.3178117,14.6142083,0</coordinates></LinearRing></outerBoundaryIs></Polygon></MultiGeometry>
    </Placemark>
    <Placemark>
      <name>320504161617</name>
      <description><![CDATA[<div style='font-family:Tahoma,sans-serif; font-size:13px;'><h3 style='color:#1565C0; margin:4px 0;'>รหัส: 320504161617</h3><p style='margin:2px 0;'><b>กลุ่มรถไถ:</b> 11_002</p><table border='1' style='border-collapse:collapse; border-color:#ccc; width:100%;'><tr><td style='padding:3px 6px; font-weight:bold; background-color:#f2f2f2;'>ปีการผลิต</td><td style='padding:3px 6px;'>257071</td></tr><tr><td style='padding:3px 6px; font-weight:bold; background-color:#f2f2f2;'>รหัสกลุ่มรถไถ</td><td style='padding:3px 6px;'>11/002</td></tr><tr><td style='padding:3px 6px; font-weight:bold; background-color:#f2f2f2;'>โควตาชาวไร่</td><td style='padding:3px 6px;'>714398</td></tr><tr><td style='padding:3px 6px; font-weight:bold; background-color:#f2f2f2;'>ชื่อ-นามสกุล</td><td style='padding:3px 6px;'>นาย ไวภพ สมสะอาด</td></tr><tr><td style='padding:3px 6px; font-weight:bold; background-color:#f2f2f2;'>111</td><td style='padding:3px 6px;'>320504161617</td></tr><tr><td style='padding:3px 6px; font-weight:bold; background-color:#f2f2f2;'>ประเภทอ้อย</td><td style='padding:3px 6px;'>อ้อยปลายฝน</td></tr><tr><td style='padding:3px 6px; font-weight:bold; background-color:#f2f2f2;'>พื้นที่ปลูก</td><td style='padding:3px 6px;'>3.83</td></tr><tr><td style='padding:3px 6px; font-weight:bold; background-color:#f2f2f2;'>ศูนย์</td><td style='padding:3px 6px;'>K2-11</td></tr><tr><td style='padding:3px 6px; font-weight:bold; background-color:#f2f2f2;'>นักเกษตร</td><td style='padding:3px 6px;'>1102</td></tr><tr><td style='padding:3px 6px; font-weight:bold; background-color:#f2f2f2;'>กลุ่ม</td><td style='padding:3px 6px;'>กลุ่ม_11</td></tr></table></div>]]></description>
      <styleUrl>#style_11_002</styleUrl>
      <MultiGeometry><Polygon><outerBoundaryIs><LinearRing><coordinates>103.3108874,14.5864687,0 103.3093792,14.5864076,0 103.3093925,14.5866486,0 103.3095972,14.5866708,0 103.3108844,14.5867371,0 103.3108874,14.5864687,0</coordinates></LinearRing></outerBoundaryIs></Polygon></MultiGeometry>
    </Placemark>
    <Placemark>
      <name>320504161846</name>
      <description><![CDATA[<div style='font-family:Tahoma,sans-serif; font-size:13px;'><h3 style='color:#1565C0; margin:4px 0;'>รหัส: 320504161846</h3><p style='margin:2px 0;'><b>กลุ่มรถไถ:</b> 11_002</p><table border='1' style='border-collapse:collapse; border-color:#ccc; width:100%;'><tr><td style='padding:3px 6px; font-weight:bold; background-color:#f2f2f2;'>ปีการผลิต</td><td style='padding:3px 6px;'>257071</td></tr><tr><td style='padding:3px 6px; font-weight:bold; background-color:#f2f2f2;'>รหัสกลุ่มรถไถ</td><td style='padding:3px 6px;'>11/002</td></tr><tr><td style='padding:3px 6px; font-weight:bold; background-color:#f2f2f2;'>โควตาชาวไร่</td><td style='padding:3px 6px;'>714398</td></tr><tr><td style='padding:3px 6px; font-weight:bold; background-color:#f2f2f2;'>ชื่อ-นามสกุล</td><td style='padding:3px 6px;'>นาย ไวภพ สมสะอาด</td></tr><tr><td style='padding:3px 6px; font-weight:bold; background-color:#f2f2f2;'>111</td><td style='padding:3px 6px;'>320504161846</td></tr><tr><td style='padding:3px 6px; font-weight:bold; background-color:#f2f2f2;'>ประเภทอ้อย</td><td style='padding:3px 6px;'>อ้อยปลายฝน</td></tr><tr><td style='padding:3px 6px; font-weight:bold; background-color:#f2f2f2;'>พื้นที่ปลูก</td><td style='padding:3px 6px;'>2.31</td></tr><tr><td style='padding:3px 6px; font-weight:bold; background-color:#f2f2f2;'>ศูนย์</td><td style='padding:3px 6px;'>K2-11</td></tr><tr><td style='padding:3px 6px; font-weight:bold; background-color:#f2f2f2;'>นักเกษตร</td><td style='padding:3px 6px;'>1102</td></tr><tr><td style='padding:3px 6px; font-weight:bold; background-color:#f2f2f2;'>กลุ่ม</td><td style='padding:3px 6px;'>กลุ่ม_11</td></tr></table></div>]]></description>
      <styleUrl>#style_11_002</styleUrl>
      <MultiGeometry><Polygon><outerBoundaryIs><LinearRing><coordinates>103.3103775,14.5867524,0 103.3095627,14.5866718,0 103.3095000,14.5870604,0 103.3103865,14.5870857,0 103.3103775,14.5867524,0</coordinates></LinearRing></outerBoundaryIs></Polygon></MultiGeometry>
    </Placemark>
    <Placemark>
      <name>320504051837</name>
      <description><![CDATA[<div style='font-family:Tahoma,sans-serif; font-size:13px;'><h3 style='color:#1565C0; margin:4px 0;'>รหัส: 320504051837</h3><p style='margin:2px 0;'><b>กลุ่มรถไถ:</b> 11_002</p><table border='1' style='border-collapse:collapse; border-color:#ccc; width:100%;'><tr><td style='padding:3px 6px; font-weight:bold; background-color:#f2f2f2;'>ปีการผลิต</td><td style='padding:3px 6px;'>257071</td></tr><tr><td style='padding:3px 6px; font-weight:bold; background-color:#f2f2f2;'>รหัสกลุ่มรถไถ</td><td style='padding:3px 6px;'>11/002</td></tr><tr><td style='padding:3px 6px; font-weight:bold; background-color:#f2f2f2;'>โควตาชาวไร่</td><td style='padding:3px 6px;'>714476</td></tr><tr><td style='padding:3px 6px; font-weight:bold; background-color:#f2f2f2;'>ชื่อ-นามสกุล</td><td style='padding:3px 6px;'>นาย ภูมิฐาน พริ้งเพราะ</td></tr><tr><td style='padding:3px 6px; font-weight:bold; background-color:#f2f2f2;'>111</td><td style='padding:3px 6px;'>320504051837</td></tr><tr><td style='padding:3px 6px; font-weight:bold; background-color:#f2f2f2;'>ประเภทอ้อย</td><td style='padding:3px 6px;'>อ้อยปลายฝน</td></tr><tr><td style='padding:3px 6px; font-weight:bold; background-color:#f2f2f2;'>พื้นที่ปลูก</td><td style='padding:3px 6px;'>2.41</td></tr><tr><td style='padding:3px 6px; font-weight:bold; background-color:#f2f2f2;'>ศูนย์</td><td style='padding:3px 6px;'>K2-11</td></tr><tr><td style='padding:3px 6px; font-weight:bold; background-color:#f2f2f2;'>นักเกษตร</td><td style='padding:3px 6px;'>1102</td></tr><tr><td style='padding:3px 6px; font-weight:bold; background-color:#f2f2f2;'>กลุ่ม</td><td style='padding:3px 6px;'>กลุ่ม_11</td></tr></table></div>]]></description>
      <styleUrl>#style_11_002</styleUrl>
      <MultiGeometry><Polygon><outerBoundaryIs><LinearRing><coordinates>103.3559083,14.6052350,0 103.3559983,14.6050850,0 103.3563217,14.6051750,0 103.3563550,14.6050183,0 103.3552500,14.6047250,0 103.3551717,14.6050717,0 103.3559083,14.6052350,0</coordinates></LinearRing></outerBoundaryIs></Polygon></MultiGeometry>
    </Placemark>
  </Folder>
  <Style id="style_11_004">
    <LineStyle>
      <color>ffE5881E</color>
      <width>2.0</width>
    </LineStyle>
    <PolyStyle>
      <color>b3E5881E</color>
    </PolyStyle>
  </Style>
  <Folder>
    <name>11_004</name>
    <Placemark>
      <name>320511070058</name>
      <description><![CDATA[<div style='font-family:Tahoma,sans-serif; font-size:13px;'><h3 style='color:#1565C0; margin:4px 0;'>รหัส: 320511070058</h3><p style='margin:2px 0;'><b>กลุ่มรถไถ:</b> 11_004</p><table border='1' style='border-collapse:collapse; border-color:#ccc; width:100%;'><tr><td style='padding:3px 6px; font-weight:bold; background-color:#f2f2f2;'>ปีการผลิต</td><td style='padding:3px 6px;'>257071</td></tr><tr><td style='padding:3px 6px; font-weight:bold; background-color:#f2f2f2;'>รหัสกลุ่มรถไถ</td><td style='padding:3px 6px;'>11/004</td></tr><tr><td style='padding:3px 6px; font-weight:bold; background-color:#f2f2f2;'>โควตาชาวไร่</td><td style='padding:3px 6px;'>710517</td></tr><tr><td style='padding:3px 6px; font-weight:bold; background-color:#f2f2f2;'>ชื่อ-นามสกุล</td><td style='padding:3px 6px;'>นาง อังสุมารินทร์ หงษ์สีทอง</td></tr><tr><td style='padding:3px 6px; font-weight:bold; background-color:#f2f2f2;'>111</td><td style='padding:3px 6px;'>320511070058</td></tr><tr><td style='padding:3px 6px; font-weight:bold; background-color:#f2f2f2;'>ประเภทอ้อย</td><td style='padding:3px 6px;'>อ้อยปลายฝน</td></tr><tr><td style='padding:3px 6px; font-weight:bold; background-color:#f2f2f2;'>พื้นที่ปลูก</td><td style='padding:3px 6px;'>9.04</td></tr><tr><td style='padding:3px 6px; font-weight:bold; background-color:#f2f2f2;'>ศูนย์</td><td style='padding:3px 6px;'>K2-11</td></tr><tr><td style='padding:3px 6px; font-weight:bold; background-color:#f2f2f2;'>นักเกษตร</td><td style='padding:3px 6px;'>1103</td></tr><tr><td style='padding:3px 6px; font-weight:bold; background-color:#f2f2f2;'>กลุ่ม</td><td style='padding:3px 6px;'>กลุ่ม_11</td></tr></table></div>]]></description>
      <styleUrl>#style_11_004</styleUrl>
      <MultiGeometry><Polygon><outerBoundaryIs><LinearRing><coordinates>103.3082533,14.5674983,0 103.3084850,14.5682733,0 103.3098933,14.5681900,0 103.3098183,14.5673800,0 103.3082533,14.5674983,0</coordinates></LinearRing></outerBoundaryIs></Polygon></MultiGeometry>
    </Placemark>
    <Placemark>
      <name>320511131528</name>
      <description><![CDATA[<div style='font-family:Tahoma,sans-serif; font-size:13px;'><h3 style='color:#1565C0; margin:4px 0;'>รหัส: 320511131528</h3><p style='margin:2px 0;'><b>กลุ่มรถไถ:</b> 11_004</p><table border='1' style='border-collapse:collapse; border-color:#ccc; width:100%;'><tr><td style='padding:3px 6px; font-weight:bold; background-color:#f2f2f2;'>ปีการผลิต</td><td style='padding:3px 6px;'>257071</td></tr><tr><td style='padding:3px 6px; font-weight:bold; background-color:#f2f2f2;'>รหัสกลุ่มรถไถ</td><td style='padding:3px 6px;'>11/004</td></tr><tr><td style='padding:3px 6px; font-weight:bold; background-color:#f2f2f2;'>โควตาชาวไร่</td><td style='padding:3px 6px;'>710517</td></tr><tr><td style='padding:3px 6px; font-weight:bold; background-color:#f2f2f2;'>ชื่อ-นามสกุล</td><td style='padding:3px 6px;'>นาง อังสุมารินทร์ หงษ์สีทอง</td></tr><tr><td style='padding:3px 6px; font-weight:bold; background-color:#f2f2f2;'>111</td><td style='padding:3px 6px;'>320511131528</td></tr><tr><td style='padding:3px 6px; font-weight:bold; background-color:#f2f2f2;'>ประเภทอ้อย</td><td style='padding:3px 6px;'>อ้อยปลายฝน</td></tr><tr><td style='padding:3px 6px; font-weight:bold; background-color:#f2f2f2;'>พื้นที่ปลูก</td><td style='padding:3px 6px;'>6.32</td></tr><tr><td style='padding:3px 6px; font-weight:bold; background-color:#f2f2f2;'>ศูนย์</td><td style='padding:3px 6px;'>K2-11</td></tr><tr><td style='padding:3px 6px; font-weight:bold; background-color:#f2f2f2;'>นักเกษตร</td><td style='padding:3px 6px;'>1103</td></tr><tr><td style='padding:3px 6px; font-weight:bold; background-color:#f2f2f2;'>กลุ่ม</td><td style='padding:3px 6px;'>กลุ่ม_11</td></tr></table></div>]]></description>
      <styleUrl>#style_11_004</styleUrl>
      <MultiGeometry><Polygon><outerBoundaryIs><LinearRing><coordinates>103.3143067,14.5715033,0 103.3144250,14.5707983,0 103.3130567,14.5706150,0 103.3127117,14.5705933,0 103.3126983,14.5709067,0 103.3130800,14.5709617,0 103.3133950,14.5710150,0 103.3134350,14.5708917,0 103.3135300,14.5709183,0 103.3134650,14.5712850,0 103.3143067,14.5715033,0</coordinates></LinearRing></outerBoundaryIs></Polygon></MultiGeometry>
    </Placemark>
    <Placemark>
      <name>320511041787</name>
      <description><![CDATA[<div style='font-family:Tahoma,sans-serif; font-size:13px;'><h3 style='color:#1565C0; margin:4px 0;'>รหัส: 320511041787</h3><p style='margin:2px 0;'><b>กลุ่มรถไถ:</b> 11_004</p><table border='1' style='border-collapse:collapse; border-color:#ccc; width:100%;'><tr><td style='padding:3px 6px; font-weight:bold; background-color:#f2f2f2;'>ปีการผลิต</td><td style='padding:3px 6px;'>257071</td></tr><tr><td style='padding:3px 6px; font-weight:bold; background-color:#f2f2f2;'>รหัสกลุ่มรถไถ</td><td style='padding:3px 6px;'>11/004</td></tr><tr><td style='padding:3px 6px; font-weight:bold; background-color:#f2f2f2;'>โควตาชาวไร่</td><td style='padding:3px 6px;'>710610</td></tr><tr><td style='padding:3px 6px; font-weight:bold; background-color:#f2f2f2;'>ชื่อ-นามสกุล</td><td style='padding:3px 6px;'>นางสาว กัลยกร เรืองสุขสุด</td></tr><tr><td style='padding:3px 6px; font-weight:bold; background-color:#f2f2f2;'>111</td><td style='padding:3px 6px;'>320511041787</td></tr><tr><td style='padding:3px 6px; font-weight:bold; background-color:#f2f2f2;'>ประเภทอ้อย</td><td style='padding:3px 6px;'>อ้อยปลายฝน</td></tr><tr><td style='padding:3px 6px; font-weight:bold; background-color:#f2f2f2;'>พื้นที่ปลูก</td><td style='padding:3px 6px;'>10.53</td></tr><tr><td style='padding:3px 6px; font-weight:bold; background-color:#f2f2f2;'>ศูนย์</td><td style='padding:3px 6px;'>K2-11</td></tr><tr><td style='padding:3px 6px; font-weight:bold; background-color:#f2f2f2;'>นักเกษตร</td><td style='padding:3px 6px;'>1103</td></tr><tr><td style='padding:3px 6px; font-weight:bold; background-color:#f2f2f2;'>กลุ่ม</td><td style='padding:3px 6px;'>กลุ่ม_11</td></tr></table></div>]]></description>
      <styleUrl>#style_11_004</styleUrl>
      <MultiGeometry><Polygon><outerBoundaryIs><LinearRing><coordinates>103.3298527,14.5486276,0 103.3298576,14.5481883,0 103.3272002,14.5479282,0 103.3270870,14.5485178,0 103.3298527,14.5486276,0</coordinates></LinearRing></outerBoundaryIs></Polygon></MultiGeometry>
    </Placemark>
    <Placemark>
      <name>320509151708</name>
      <description><![CDATA[<div style='font-family:Tahoma,sans-serif; font-size:13px;'><h3 style='color:#1565C0; margin:4px 0;'>รหัส: 320509151708</h3><p style='margin:2px 0;'><b>กลุ่มรถไถ:</b> 11_004</p><table border='1' style='border-collapse:collapse; border-color:#ccc; width:100%;'><tr><td style='padding:3px 6px; font-weight:bold; background-color:#f2f2f2;'>ปีการผลิต</td><td style='padding:3px 6px;'>257071</td></tr><tr><td style='padding:3px 6px; font-weight:bold; background-color:#f2f2f2;'>รหัสกลุ่มรถไถ</td><td style='padding:3px 6px;'>11/004</td></tr><tr><td style='padding:3px 6px; font-weight:bold; background-color:#f2f2f2;'>โควตาชาวไร่</td><td style='padding:3px 6px;'>710680</td></tr><tr><td style='padding:3px 6px; font-weight:bold; background-color:#f2f2f2;'>ชื่อ-นามสกุล</td><td style='padding:3px 6px;'>นาย พจน์ คงแรง</td></tr><tr><td style='padding:3px 6px; font-weight:bold; background-color:#f2f2f2;'>111</td><td style='padding:3px 6px;'>320509151708</td></tr><tr><td style='padding:3px 6px; font-weight:bold; background-color:#f2f2f2;'>ประเภทอ้อย</td><td style='padding:3px 6px;'>อ้อยปลายฝน</td></tr><tr><td style='padding:3px 6px; font-weight:bold; background-color:#f2f2f2;'>พื้นที่ปลูก</td><td style='padding:3px 6px;'>3.14</td></tr><tr><td style='padding:3px 6px; font-weight:bold; background-color:#f2f2f2;'>ศูนย์</td><td style='padding:3px 6px;'>K2-11</td></tr><tr><td style='padding:3px 6px; font-weight:bold; background-color:#f2f2f2;'>นักเกษตร</td><td style='padding:3px 6px;'>1103</td></tr><tr><td style='padding:3px 6px; font-weight:bold; background-color:#f2f2f2;'>กลุ่ม</td><td style='padding:3px 6px;'>กลุ่ม_11</td></tr></table></div>]]></description>
      <styleUrl>#style_11_004</styleUrl>
      <MultiGeometry><Polygon><outerBoundaryIs><LinearRing><coordinates>103.3712401,14.5169561,0 103.3711715,14.5175077,0 103.3718583,14.5175929,0 103.3719810,14.5169867,0 103.3712401,14.5169561,0</coordinates></LinearRing></outerBoundaryIs></Polygon></MultiGeometry>
    </Placemark>
    <Placemark>
      <name>320511041653</name>
      <description><![CDATA[<div style='font-family:Tahoma,sans-serif; font-size:13px;'><h3 style='color:#1565C0; margin:4px 0;'>รหัส: 320511041653</h3><p style='margin:2px 0;'><b>กลุ่มรถไถ:</b> 11_004</p><table border='1' style='border-collapse:collapse; border-color:#ccc; width:100%;'><tr><td style='padding:3px 6px; font-weight:bold; background-color:#f2f2f2;'>ปีการผลิต</td><td style='padding:3px 6px;'>257071</td></tr><tr><td style='padding:3px 6px; font-weight:bold; background-color:#f2f2f2;'>รหัสกลุ่มรถไถ</td><td style='padding:3px 6px;'>11/004</td></tr><tr><td style='padding:3px 6px; font-weight:bold; background-color:#f2f2f2;'>โควตาชาวไร่</td><td style='padding:3px 6px;'>710680</td></tr><tr><td style='padding:3px 6px; font-weight:bold; background-color:#f2f2f2;'>ชื่อ-นามสกุล</td><td style='padding:3px 6px;'>นาย พจน์ คงแรง</td></tr><tr><td style='padding:3px 6px; font-weight:bold; background-color:#f2f2f2;'>111</td><td style='padding:3px 6px;'>320511041653</td></tr><tr><td style='padding:3px 6px; font-weight:bold; background-color:#f2f2f2;'>ประเภทอ้อย</td><td style='padding:3px 6px;'>อ้อยปลายฝน</td></tr><tr><td style='padding:3px 6px; font-weight:bold; background-color:#f2f2f2;'>พื้นที่ปลูก</td><td style='padding:3px 6px;'>1.86</td></tr><tr><td style='padding:3px 6px; font-weight:bold; background-color:#f2f2f2;'>ศูนย์</td><td style='padding:3px 6px;'>K2-11</td></tr><tr><td style='padding:3px 6px; font-weight:bold; background-color:#f2f2f2;'>นักเกษตร</td><td style='padding:3px 6px;'>1103</td></tr><tr><td style='padding:3px 6px; font-weight:bold; background-color:#f2f2f2;'>กลุ่ม</td><td style='padding:3px 6px;'>กลุ่ม_11</td></tr></table></div>]]></description>
      <styleUrl>#style_11_004</styleUrl>
      <MultiGeometry><Polygon><outerBoundaryIs><LinearRing><coordinates>103.3252539,14.5479332,0 103.3252862,14.5480863,0 103.3261661,14.5480548,0 103.3261572,14.5477760,0 103.3252398,14.5478124,0 103.3252539,14.5479332,0</coordinates></LinearRing></outerBoundaryIs></Polygon></MultiGeometry>
    </Placemark>
    <Placemark>
      <name>320511121658</name>
      <description><![CDATA[<div style='font-family:Tahoma,sans-serif; font-size:13px;'><h3 style='color:#1565C0; margin:4px 0;'>รหัส: 320511121658</h3><p style='margin:2px 0;'><b>กลุ่มรถไถ:</b> 11_004</p><table border='1' style='border-collapse:collapse; border-color:#ccc; width:100%;'><tr><td style='padding:3px 6px; font-weight:bold; background-color:#f2f2f2;'>ปีการผลิต</td><td style='padding:3px 6px;'>257071</td></tr><tr><td style='padding:3px 6px; font-weight:bold; background-color:#f2f2f2;'>รหัสกลุ่มรถไถ</td><td style='padding:3px 6px;'>11/004</td></tr><tr><td style='padding:3px 6px; font-weight:bold; background-color:#f2f2f2;'>โควตาชาวไร่</td><td style='padding:3px 6px;'>710877</td></tr><tr><td style='padding:3px 6px; font-weight:bold; background-color:#f2f2f2;'>ชื่อ-นามสกุล</td><td style='padding:3px 6px;'>นาง ประยงค์ ซ่อมแก้ว</td></tr><tr><td style='padding:3px 6px; font-weight:bold; background-color:#f2f2f2;'>111</td><td style='padding:3px 6px;'>320511121658</td></tr><tr><td style='padding:3px 6px; font-weight:bold; background-color:#f2f2f2;'>ประเภทอ้อย</td><td style='padding:3px 6px;'>อ้อยปลายฝน</td></tr><tr><td style='padding:3px 6px; font-weight:bold; background-color:#f2f2f2;'>พื้นที่ปลูก</td><td style='padding:3px 6px;'>1.32</td></tr><tr><td style='padding:3px 6px; font-weight:bold; background-color:#f2f2f2;'>ศูนย์</td><td style='padding:3px 6px;'>K2-11</td></tr><tr><td style='padding:3px 6px; font-weight:bold; background-color:#f2f2f2;'>นักเกษตร</td><td style='padding:3px 6px;'>1103</td></tr><tr><td style='padding:3px 6px; font-weight:bold; background-color:#f2f2f2;'>กลุ่ม</td><td style='padding:3px 6px;'>กลุ่ม_11</td></tr></table></div>]]></description>
      <styleUrl>#style_11_004</styleUrl>
      <MultiGeometry><Polygon><outerBoundaryIs><LinearRing><coordinates>103.3144083,14.5483150,0 103.3143450,14.5479700,0 103.3142867,14.5474367,0 103.3140767,14.5474383,0 103.3141350,14.5478133,0 103.3142167,14.5483600,0 103.3144083,14.5483150,0</coordinates></LinearRing></outerBoundaryIs></Polygon></MultiGeometry>
    </Placemark>
    <Placemark>
      <name>320511081508</name>
      <description><![CDATA[<div style='font-family:Tahoma,sans-serif; font-size:13px;'><h3 style='color:#1565C0; margin:4px 0;'>รหัส: 320511081508</h3><p style='margin:2px 0;'><b>กลุ่มรถไถ:</b> 11_004</p><table border='1' style='border-collapse:collapse; border-color:#ccc; width:100%;'><tr><td style='padding:3px 6px; font-weight:bold; background-color:#f2f2f2;'>ปีการผลิต</td><td style='padding:3px 6px;'>257071</td></tr><tr><td style='padding:3px 6px; font-weight:bold; background-color:#f2f2f2;'>รหัสกลุ่มรถไถ</td><td style='padding:3px 6px;'>11/004</td></tr><tr><td style='padding:3px 6px; font-weight:bold; background-color:#f2f2f2;'>โควตาชาวไร่</td><td style='padding:3px 6px;'>710912</td></tr><tr><td style='padding:3px 6px; font-weight:bold; background-color:#f2f2f2;'>ชื่อ-นามสกุล</td><td style='padding:3px 6px;'>นาย กุน เรือนมุมทอง</td></tr><tr><td style='padding:3px 6px; font-weight:bold; background-color:#f2f2f2;'>111</td><td style='padding:3px 6px;'>320511081508</td></tr><tr><td style='padding:3px 6px; font-weight:bold; background-color:#f2f2f2;'>ประเภทอ้อย</td><td style='padding:3px 6px;'>อ้อยปลายฝน</td></tr><tr><td style='padding:3px 6px; font-weight:bold; background-color:#f2f2f2;'>พื้นที่ปลูก</td><td style='padding:3px 6px;'>11.73</td></tr><tr><td style='padding:3px 6px; font-weight:bold; background-color:#f2f2f2;'>ศูนย์</td><td style='padding:3px 6px;'>K2-11</td></tr><tr><td style='padding:3px 6px; font-weight:bold; background-color:#f2f2f2;'>นักเกษตร</td><td style='padding:3px 6px;'>1103</td></tr><tr><td style='padding:3px 6px; font-weight:bold; background-color:#f2f2f2;'>กลุ่ม</td><td style='padding:3px 6px;'>กลุ่ม_11</td></tr></table></div>]]></description>
      <styleUrl>#style_11_004</styleUrl>
      <MultiGeometry><Polygon><outerBoundaryIs><LinearRing><coordinates>103.3332778,14.5170010,0 103.3340470,14.5168520,0 103.3337239,14.5155887,0 103.3333272,14.5155545,0 103.3328794,14.5155094,0 103.3332778,14.5170010,0</coordinates></LinearRing></outerBoundaryIs></Polygon></MultiGeometry>
    </Placemark>
    <Placemark>
      <name>320511051504</name>
      <description><![CDATA[<div style='font-family:Tahoma,sans-serif; font-size:13px;'><h3 style='color:#1565C0; margin:4px 0;'>รหัส: 320511051504</h3><p style='margin:2px 0;'><b>กลุ่มรถไถ:</b> 11_004</p><table border='1' style='border-collapse:collapse; border-color:#ccc; width:100%;'><tr><td style='padding:3px 6px; font-weight:bold; background-color:#f2f2f2;'>ปีการผลิต</td><td style='padding:3px 6px;'>257071</td></tr><tr><td style='padding:3px 6px; font-weight:bold; background-color:#f2f2f2;'>รหัสกลุ่มรถไถ</td><td style='padding:3px 6px;'>11/004</td></tr><tr><td style='padding:3px 6px; font-weight:bold; background-color:#f2f2f2;'>โควตาชาวไร่</td><td style='padding:3px 6px;'>710915</td></tr><tr><td style='padding:3px 6px; font-weight:bold; background-color:#f2f2f2;'>ชื่อ-นามสกุล</td><td style='padding:3px 6px;'>นาย เหือย คำนึงชัย</td></tr><tr><td style='padding:3px 6px; font-weight:bold; background-color:#f2f2f2;'>111</td><td style='padding:3px 6px;'>320511051504</td></tr><tr><td style='padding:3px 6px; font-weight:bold; background-color:#f2f2f2;'>ประเภทอ้อย</td><td style='padding:3px 6px;'>อ้อยปลายฝน</td></tr><tr><td style='padding:3px 6px; font-weight:bold; background-color:#f2f2f2;'>พื้นที่ปลูก</td><td style='padding:3px 6px;'>2.11</td></tr><tr><td style='padding:3px 6px; font-weight:bold; background-color:#f2f2f2;'>ศูนย์</td><td style='padding:3px 6px;'>K2-11</td></tr><tr><td style='padding:3px 6px; font-weight:bold; background-color:#f2f2f2;'>นักเกษตร</td><td style='padding:3px 6px;'>1103</td></tr><tr><td style='padding:3px 6px; font-weight:bold; background-color:#f2f2f2;'>กลุ่ม</td><td style='padding:3px 6px;'>กลุ่ม_11</td></tr></table></div>]]></description>
      <styleUrl>#style_11_004</styleUrl>
      <MultiGeometry><Polygon><outerBoundaryIs><LinearRing><coordinates>103.3111201,14.5479463,0 103.3108286,14.5479681,0 103.3108767,14.5488539,0 103.3112130,14.5488462,0 103.3111201,14.5479463,0</coordinates></LinearRing></outerBoundaryIs></Polygon></MultiGeometry>
    </Placemark>
    <Placemark>
      <name>320511051729</name>
      <description><![CDATA[<div style='font-family:Tahoma,sans-serif; font-size:13px;'><h3 style='color:#1565C0; margin:4px 0;'>รหัส: 320511051729</h3><p style='margin:2px 0;'><b>กลุ่มรถไถ:</b> 11_004</p><table border='1' style='border-collapse:collapse; border-color:#ccc; width:100%;'><tr><td style='padding:3px 6px; font-weight:bold; background-color:#f2f2f2;'>ปีการผลิต</td><td style='padding:3px 6px;'>257071</td></tr><tr><td style='padding:3px 6px; font-weight:bold; background-color:#f2f2f2;'>รหัสกลุ่มรถไถ</td><td style='padding:3px 6px;'>11/004</td></tr><tr><td style='padding:3px 6px; font-weight:bold; background-color:#f2f2f2;'>โควตาชาวไร่</td><td style='padding:3px 6px;'>710915</td></tr><tr><td style='padding:3px 6px; font-weight:bold; background-color:#f2f2f2;'>ชื่อ-นามสกุล</td><td style='padding:3px 6px;'>นาย เหือย คำนึงชัย</td></tr><tr><td style='padding:3px 6px; font-weight:bold; background-color:#f2f2f2;'>111</td><td style='padding:3px 6px;'>320511051729</td></tr><tr><td style='padding:3px 6px; font-weight:bold; background-color:#f2f2f2;'>ประเภทอ้อย</td><td style='padding:3px 6px;'>อ้อยปลายฝน</td></tr><tr><td style='padding:3px 6px; font-weight:bold; background-color:#f2f2f2;'>พื้นที่ปลูก</td><td style='padding:3px 6px;'>3.33</td></tr><tr><td style='padding:3px 6px; font-weight:bold; background-color:#f2f2f2;'>ศูนย์</td><td style='padding:3px 6px;'>K2-11</td></tr><tr><td style='padding:3px 6px; font-weight:bold; background-color:#f2f2f2;'>นักเกษตร</td><td style='padding:3px 6px;'>1103</td></tr><tr><td style='padding:3px 6px; font-weight:bold; background-color:#f2f2f2;'>กลุ่ม</td><td style='padding:3px 6px;'>กลุ่ม_11</td></tr></table></div>]]></description>
      <styleUrl>#style_11_004</styleUrl>
      <MultiGeometry><Polygon><outerBoundaryIs><LinearRing><coordinates>103.3041359,14.5422317,0 103.3056093,14.5417966,0 103.3055198,14.5415291,0 103.3040390,14.5419502,0 103.3041359,14.5422317,0</coordinates></LinearRing></outerBoundaryIs></Polygon></MultiGeometry>
    </Placemark>
    <Placemark>
      <name>320511131146</name>
      <description><![CDATA[<div style='font-family:Tahoma,sans-serif; font-size:13px;'><h3 style='color:#1565C0; margin:4px 0;'>รหัส: 320511131146</h3><p style='margin:2px 0;'><b>กลุ่มรถไถ:</b> 11_004</p><table border='1' style='border-collapse:collapse; border-color:#ccc; width:100%;'><tr><td style='padding:3px 6px; font-weight:bold; background-color:#f2f2f2;'>ปีการผลิต</td><td style='padding:3px 6px;'>257071</td></tr><tr><td style='padding:3px 6px; font-weight:bold; background-color:#f2f2f2;'>รหัสกลุ่มรถไถ</td><td style='padding:3px 6px;'>11/004</td></tr><tr><td style='padding:3px 6px; font-weight:bold; background-color:#f2f2f2;'>โควตาชาวไร่</td><td style='padding:3px 6px;'>711168</td></tr><tr><td style='padding:3px 6px; font-weight:bold; background-color:#f2f2f2;'>ชื่อ-นามสกุล</td><td style='padding:3px 6px;'>นาย จรัญ พริ้งเพราะ</td></tr><tr><td style='padding:3px 6px; font-weight:bold; background-color:#f2f2f2;'>111</td><td style='padding:3px 6px;'>320511131146</td></tr><tr><td style='padding:3px 6px; font-weight:bold; background-color:#f2f2f2;'>ประเภทอ้อย</td><td style='padding:3px 6px;'>อ้อยปลายฝน</td></tr><tr><td style='padding:3px 6px; font-weight:bold; background-color:#f2f2f2;'>พื้นที่ปลูก</td><td style='padding:3px 6px;'>6.28</td></tr><tr><td style='padding:3px 6px; font-weight:bold; background-color:#f2f2f2;'>ศูนย์</td><td style='padding:3px 6px;'>K2-11</td></tr><tr><td style='padding:3px 6px; font-weight:bold; background-color:#f2f2f2;'>นักเกษตร</td><td style='padding:3px 6px;'>1103</td></tr><tr><td style='padding:3px 6px; font-weight:bold; background-color:#f2f2f2;'>กลุ่ม</td><td style='padding:3px 6px;'>กลุ่ม_11</td></tr></table></div>]]></description>
      <styleUrl>#style_11_004</styleUrl>
      <MultiGeometry><Polygon><outerBoundaryIs><LinearRing><coordinates>103.3096500,14.5666783,0 103.3082500,14.5669550,0 103.3082750,14.5674817,0 103.3097417,14.5673033,0 103.3096500,14.5666783,0</coordinates></LinearRing></outerBoundaryIs></Polygon></MultiGeometry>
    </Placemark>
    <Placemark>
      <name>320511051584</name>
      <description><![CDATA[<div style='font-family:Tahoma,sans-serif; font-size:13px;'><h3 style='color:#1565C0; margin:4px 0;'>รหัส: 320511051584</h3><p style='margin:2px 0;'><b>กลุ่มรถไถ:</b> 11_004</p><table border='1' style='border-collapse:collapse; border-color:#ccc; width:100%;'><tr><td style='padding:3px 6px; font-weight:bold; background-color:#f2f2f2;'>ปีการผลิต</td><td style='padding:3px 6px;'>257071</td></tr><tr><td style='padding:3px 6px; font-weight:bold; background-color:#f2f2f2;'>รหัสกลุ่มรถไถ</td><td style='padding:3px 6px;'>11/004</td></tr><tr><td style='padding:3px 6px; font-weight:bold; background-color:#f2f2f2;'>โควตาชาวไร่</td><td style='padding:3px 6px;'>711222</td></tr><tr><td style='padding:3px 6px; font-weight:bold; background-color:#f2f2f2;'>ชื่อ-นามสกุล</td><td style='padding:3px 6px;'>นาง ยอม โสลด</td></tr><tr><td style='padding:3px 6px; font-weight:bold; background-color:#f2f2f2;'>111</td><td style='padding:3px 6px;'>320511051584</td></tr><tr><td style='padding:3px 6px; font-weight:bold; background-color:#f2f2f2;'>ประเภทอ้อย</td><td style='padding:3px 6px;'>อ้อยปลายฝน</td></tr><tr><td style='padding:3px 6px; font-weight:bold; background-color:#f2f2f2;'>พื้นที่ปลูก</td><td style='padding:3px 6px;'>2.6</td></tr><tr><td style='padding:3px 6px; font-weight:bold; background-color:#f2f2f2;'>ศูนย์</td><td style='padding:3px 6px;'>K2-11</td></tr><tr><td style='padding:3px 6px; font-weight:bold; background-color:#f2f2f2;'>นักเกษตร</td><td style='padding:3px 6px;'>1103</td></tr><tr><td style='padding:3px 6px; font-weight:bold; background-color:#f2f2f2;'>กลุ่ม</td><td style='padding:3px 6px;'>กลุ่ม_11</td></tr></table></div>]]></description>
      <styleUrl>#style_11_004</styleUrl>
      <MultiGeometry><Polygon><outerBoundaryIs><LinearRing><coordinates>103.2989633,14.5379879,0 103.2990754,14.5394726,0 103.2993205,14.5394681,0 103.2991802,14.5379655,0 103.2989633,14.5379879,0</coordinates></LinearRing></outerBoundaryIs></Polygon></MultiGeometry>
    </Placemark>
    <Placemark>
      <name>320511071861</name>
      <description><![CDATA[<div style='font-family:Tahoma,sans-serif; font-size:13px;'><h3 style='color:#1565C0; margin:4px 0;'>รหัส: 320511071861</h3><p style='margin:2px 0;'><b>กลุ่มรถไถ:</b> 11_004</p><table border='1' style='border-collapse:collapse; border-color:#ccc; width:100%;'><tr><td style='padding:3px 6px; font-weight:bold; background-color:#f2f2f2;'>ปีการผลิต</td><td style='padding:3px 6px;'>257071</td></tr><tr><td style='padding:3px 6px; font-weight:bold; background-color:#f2f2f2;'>รหัสกลุ่มรถไถ</td><td style='padding:3px 6px;'>11/004</td></tr><tr><td style='padding:3px 6px; font-weight:bold; background-color:#f2f2f2;'>โควตาชาวไร่</td><td style='padding:3px 6px;'>711222</td></tr><tr><td style='padding:3px 6px; font-weight:bold; background-color:#f2f2f2;'>ชื่อ-นามสกุล</td><td style='padding:3px 6px;'>นาง ยอม โสลด</td></tr><tr><td style='padding:3px 6px; font-weight:bold; background-color:#f2f2f2;'>111</td><td style='padding:3px 6px;'>320511071861</td></tr><tr><td style='padding:3px 6px; font-weight:bold; background-color:#f2f2f2;'>ประเภทอ้อย</td><td style='padding:3px 6px;'>อ้อยปลายฝน</td></tr><tr><td style='padding:3px 6px; font-weight:bold; background-color:#f2f2f2;'>พื้นที่ปลูก</td><td style='padding:3px 6px;'>8.37</td></tr><tr><td style='padding:3px 6px; font-weight:bold; background-color:#f2f2f2;'>ศูนย์</td><td style='padding:3px 6px;'>K2-11</td></tr><tr><td style='padding:3px 6px; font-weight:bold; background-color:#f2f2f2;'>นักเกษตร</td><td style='padding:3px 6px;'>1103</td></tr><tr><td style='padding:3px 6px; font-weight:bold; background-color:#f2f2f2;'>กลุ่ม</td><td style='padding:3px 6px;'>กลุ่ม_11</td></tr></table></div>]]></description>
      <styleUrl>#style_11_004</styleUrl>
      <MultiGeometry><Polygon><outerBoundaryIs><LinearRing><coordinates>103.3081725,14.5648512,0 103.3054159,14.5657747,0 103.3055182,14.5660760,0 103.3082397,14.5653142,0 103.3081725,14.5648512,0</coordinates></LinearRing></outerBoundaryIs></Polygon></MultiGeometry>
    </Placemark>
    <Placemark>
      <name>320509032017</name>
      <description><![CDATA[<div style='font-family:Tahoma,sans-serif; font-size:13px;'><h3 style='color:#1565C0; margin:4px 0;'>รหัส: 320509032017</h3><p style='margin:2px 0;'><b>กลุ่มรถไถ:</b> 11_004</p><table border='1' style='border-collapse:collapse; border-color:#ccc; width:100%;'><tr><td style='padding:3px 6px; font-weight:bold; background-color:#f2f2f2;'>ปีการผลิต</td><td style='padding:3px 6px;'>257071</td></tr><tr><td style='padding:3px 6px; font-weight:bold; background-color:#f2f2f2;'>รหัสกลุ่มรถไถ</td><td style='padding:3px 6px;'>11/004</td></tr><tr><td style='padding:3px 6px; font-weight:bold; background-color:#f2f2f2;'>โควตาชาวไร่</td><td style='padding:3px 6px;'>711339</td></tr><tr><td style='padding:3px 6px; font-weight:bold; background-color:#f2f2f2;'>ชื่อ-นามสกุล</td><td style='padding:3px 6px;'>นาย ประยงค์ จินดาศรี</td></tr><tr><td style='padding:3px 6px; font-weight:bold; background-color:#f2f2f2;'>111</td><td style='padding:3px 6px;'>320509032017</td></tr><tr><td style='padding:3px 6px; font-weight:bold; background-color:#f2f2f2;'>ประเภทอ้อย</td><td style='padding:3px 6px;'>อ้อยปลายฝน</td></tr><tr><td style='padding:3px 6px; font-weight:bold; background-color:#f2f2f2;'>พื้นที่ปลูก</td><td style='padding:3px 6px;'>29.89</td></tr><tr><td style='padding:3px 6px; font-weight:bold; background-color:#f2f2f2;'>ศูนย์</td><td style='padding:3px 6px;'>K2-11</td></tr><tr><td style='padding:3px 6px; font-weight:bold; background-color:#f2f2f2;'>นักเกษตร</td><td style='padding:3px 6px;'>1103</td></tr><tr><td style='padding:3px 6px; font-weight:bold; background-color:#f2f2f2;'>กลุ่ม</td><td style='padding:3px 6px;'>กลุ่ม_11</td></tr></table></div>]]></description>
      <styleUrl>#style_11_004</styleUrl>
      <MultiGeometry><Polygon><outerBoundaryIs><LinearRing><coordinates>103.3496817,14.5634367,0 103.3496550,14.5634483,0 103.3497117,14.5636183,0 103.3497817,14.5638167,0 103.3498283,14.5639367,0 103.3499283,14.5642000,0 103.3500650,14.5645317,0 103.3500383,14.5645455,0 103.3499450,14.5643517,0 103.3498217,14.5643867,0 103.3494267,14.5645283,0 103.3492183,14.5646083,0 103.3494933,14.5651033,0 103.3499133,14.5657217,0 103.3503050,14.5662850,0 103.3511533,14.5659917,0 103.3514833,14.5658400,0 103.3512817,14.5652950,0 103.3511383,14.5649617,0 103.3507767,14.5651050,0 103.3508967,14.5654483,0 103.3507750,14.5654767,0 103.3506167,14.5651150,0 103.3511783,14.5649050,0 103.3510933,14.5646650,0 103.3509517,14.5640567,0 103.3509300,14.5637000,0 103.3508567,14.5633117,0 103.3506950,14.5630350,0 103.3501950,14.5632367,0 103.3498967,14.5633467,0 103.3496817,14.5634367,0</coordinates></LinearRing></outerBoundaryIs></Polygon></MultiGeometry>
    </Placemark>
    <Placemark>
      <name>320511081542</name>
      <description><![CDATA[<div style='font-family:Tahoma,sans-serif; font-size:13px;'><h3 style='color:#1565C0; margin:4px 0;'>รหัส: 320511081542</h3><p style='margin:2px 0;'><b>กลุ่มรถไถ:</b> 11_004</p><table border='1' style='border-collapse:collapse; border-color:#ccc; width:100%;'><tr><td style='padding:3px 6px; font-weight:bold; background-color:#f2f2f2;'>ปีการผลิต</td><td style='padding:3px 6px;'>257071</td></tr><tr><td style='padding:3px 6px; font-weight:bold; background-color:#f2f2f2;'>รหัสกลุ่มรถไถ</td><td style='padding:3px 6px;'>11/004</td></tr><tr><td style='padding:3px 6px; font-weight:bold; background-color:#f2f2f2;'>โควตาชาวไร่</td><td style='padding:3px 6px;'>711399</td></tr><tr><td style='padding:3px 6px; font-weight:bold; background-color:#f2f2f2;'>ชื่อ-นามสกุล</td><td style='padding:3px 6px;'>นาง เสงี่ยม หอมเจริญ</td></tr><tr><td style='padding:3px 6px; font-weight:bold; background-color:#f2f2f2;'>111</td><td style='padding:3px 6px;'>320511081542</td></tr><tr><td style='padding:3px 6px; font-weight:bold; background-color:#f2f2f2;'>ประเภทอ้อย</td><td style='padding:3px 6px;'>อ้อยปลายฝน</td></tr><tr><td style='padding:3px 6px; font-weight:bold; background-color:#f2f2f2;'>พื้นที่ปลูก</td><td style='padding:3px 6px;'>9.16</td></tr><tr><td style='padding:3px 6px; font-weight:bold; background-color:#f2f2f2;'>ศูนย์</td><td style='padding:3px 6px;'>K2-11</td></tr><tr><td style='padding:3px 6px; font-weight:bold; background-color:#f2f2f2;'>นักเกษตร</td><td style='padding:3px 6px;'>1103</td></tr><tr><td style='padding:3px 6px; font-weight:bold; background-color:#f2f2f2;'>กลุ่ม</td><td style='padding:3px 6px;'>กลุ่ม_11</td></tr></table></div>]]></description>
      <styleUrl>#style_11_004</styleUrl>
      <MultiGeometry><Polygon><outerBoundaryIs><LinearRing><coordinates>103.3343467,14.5190067,0 103.3320283,14.5193783,0 103.3318633,14.5194167,0 103.3315933,14.5194967,0 103.3314200,14.5195183,0 103.3312300,14.5195583,0 103.3312300,14.5195983,0 103.3311067,14.5198650,0 103.3311500,14.5199350,0 103.3335317,14.5195167,0 103.3342683,14.5193950,0 103.3343817,14.5193217,0 103.3343467,14.5190067,0</coordinates></LinearRing></outerBoundaryIs></Polygon></MultiGeometry>
    </Placemark>
    <Placemark>
      <name>320511081669</name>
      <description><![CDATA[<div style='font-family:Tahoma,sans-serif; font-size:13px;'><h3 style='color:#1565C0; margin:4px 0;'>รหัส: 320511081669</h3><p style='margin:2px 0;'><b>กลุ่มรถไถ:</b> 11_004</p><table border='1' style='border-collapse:collapse; border-color:#ccc; width:100%;'><tr><td style='padding:3px 6px; font-weight:bold; background-color:#f2f2f2;'>ปีการผลิต</td><td style='padding:3px 6px;'>257071</td></tr><tr><td style='padding:3px 6px; font-weight:bold; background-color:#f2f2f2;'>รหัสกลุ่มรถไถ</td><td style='padding:3px 6px;'>11/004</td></tr><tr><td style='padding:3px 6px; font-weight:bold; background-color:#f2f2f2;'>โควตาชาวไร่</td><td style='padding:3px 6px;'>711415</td></tr><tr><td style='padding:3px 6px; font-weight:bold; background-color:#f2f2f2;'>ชื่อ-นามสกุล</td><td style='padding:3px 6px;'>นาย ทวีศักดิ์ ตินานพ</td></tr><tr><td style='padding:3px 6px; font-weight:bold; background-color:#f2f2f2;'>111</td><td style='padding:3px 6px;'>320511081669</td></tr><tr><td style='padding:3px 6px; font-weight:bold; background-color:#f2f2f2;'>ประเภทอ้อย</td><td style='padding:3px 6px;'>อ้อยปลายฝน</td></tr><tr><td style='padding:3px 6px; font-weight:bold; background-color:#f2f2f2;'>พื้นที่ปลูก</td><td style='padding:3px 6px;'>5.87</td></tr><tr><td style='padding:3px 6px; font-weight:bold; background-color:#f2f2f2;'>ศูนย์</td><td style='padding:3px 6px;'>K2-11</td></tr><tr><td style='padding:3px 6px; font-weight:bold; background-color:#f2f2f2;'>นักเกษตร</td><td style='padding:3px 6px;'>1103</td></tr><tr><td style='padding:3px 6px; font-weight:bold; background-color:#f2f2f2;'>กลุ่ม</td><td style='padding:3px 6px;'>กลุ่ม_11</td></tr></table></div>]]></description>
      <styleUrl>#style_11_004</styleUrl>
      <MultiGeometry><Polygon><outerBoundaryIs><LinearRing><coordinates>103.3325542,14.5188074,0 103.3326578,14.5192277,0 103.3343429,14.5190016,0 103.3343101,14.5185302,0 103.3325542,14.5188074,0</coordinates></LinearRing></outerBoundaryIs></Polygon></MultiGeometry>
    </Placemark>
    <Placemark>
      <name>320511040012</name>
      <description><![CDATA[<div style='font-family:Tahoma,sans-serif; font-size:13px;'><h3 style='color:#1565C0; margin:4px 0;'>รหัส: 320511040012</h3><p style='margin:2px 0;'><b>กลุ่มรถไถ:</b> 11_004</p><table border='1' style='border-collapse:collapse; border-color:#ccc; width:100%;'><tr><td style='padding:3px 6px; font-weight:bold; background-color:#f2f2f2;'>ปีการผลิต</td><td style='padding:3px 6px;'>257071</td></tr><tr><td style='padding:3px 6px; font-weight:bold; background-color:#f2f2f2;'>รหัสกลุ่มรถไถ</td><td style='padding:3px 6px;'>11/004</td></tr><tr><td style='padding:3px 6px; font-weight:bold; background-color:#f2f2f2;'>โควตาชาวไร่</td><td style='padding:3px 6px;'>711454</td></tr><tr><td style='padding:3px 6px; font-weight:bold; background-color:#f2f2f2;'>ชื่อ-นามสกุล</td><td style='padding:3px 6px;'>นาง แผล สุขวิทย์</td></tr><tr><td style='padding:3px 6px; font-weight:bold; background-color:#f2f2f2;'>111</td><td style='padding:3px 6px;'>320511040012</td></tr><tr><td style='padding:3px 6px; font-weight:bold; background-color:#f2f2f2;'>ประเภทอ้อย</td><td style='padding:3px 6px;'>อ้อยปลายฝน</td></tr><tr><td style='padding:3px 6px; font-weight:bold; background-color:#f2f2f2;'>พื้นที่ปลูก</td><td style='padding:3px 6px;'>3.2</td></tr><tr><td style='padding:3px 6px; font-weight:bold; background-color:#f2f2f2;'>ศูนย์</td><td style='padding:3px 6px;'>K2-11</td></tr><tr><td style='padding:3px 6px; font-weight:bold; background-color:#f2f2f2;'>นักเกษตร</td><td style='padding:3px 6px;'>1103</td></tr><tr><td style='padding:3px 6px; font-weight:bold; background-color:#f2f2f2;'>กลุ่ม</td><td style='padding:3px 6px;'>กลุ่ม_11</td></tr></table></div>]]></description>
      <styleUrl>#style_11_004</styleUrl>
      <MultiGeometry><Polygon><outerBoundaryIs><LinearRing><coordinates>103.3262865,14.5532276,0 103.3259628,14.5532553,0 103.3259820,14.5545734,0 103.3263198,14.5544873,0 103.3262865,14.5532276,0</coordinates></LinearRing></outerBoundaryIs></Polygon></MultiGeometry>
    </Placemark>
    <Placemark>
      <name>320511110105</name>
      <description><![CDATA[<div style='font-family:Tahoma,sans-serif; font-size:13px;'><h3 style='color:#1565C0; margin:4px 0;'>รหัส: 320511110105</h3><p style='margin:2px 0;'><b>กลุ่มรถไถ:</b> 11_004</p><table border='1' style='border-collapse:collapse; border-color:#ccc; width:100%;'><tr><td style='padding:3px 6px; font-weight:bold; background-color:#f2f2f2;'>ปีการผลิต</td><td style='padding:3px 6px;'>257071</td></tr><tr><td style='padding:3px 6px; font-weight:bold; background-color:#f2f2f2;'>รหัสกลุ่มรถไถ</td><td style='padding:3px 6px;'>11/004</td></tr><tr><td style='padding:3px 6px; font-weight:bold; background-color:#f2f2f2;'>โควตาชาวไร่</td><td style='padding:3px 6px;'>711454</td></tr><tr><td style='padding:3px 6px; font-weight:bold; background-color:#f2f2f2;'>ชื่อ-นามสกุล</td><td style='padding:3px 6px;'>นาง แผล สุขวิทย์</td></tr><tr><td style='padding:3px 6px; font-weight:bold; background-color:#f2f2f2;'>111</td><td style='padding:3px 6px;'>320511110105</td></tr><tr><td style='padding:3px 6px; font-weight:bold; background-color:#f2f2f2;'>ประเภทอ้อย</td><td style='padding:3px 6px;'>อ้อยปลายฝน</td></tr><tr><td style='padding:3px 6px; font-weight:bold; background-color:#f2f2f2;'>พื้นที่ปลูก</td><td style='padding:3px 6px;'>1.38</td></tr><tr><td style='padding:3px 6px; font-weight:bold; background-color:#f2f2f2;'>ศูนย์</td><td style='padding:3px 6px;'>K2-11</td></tr><tr><td style='padding:3px 6px; font-weight:bold; background-color:#f2f2f2;'>นักเกษตร</td><td style='padding:3px 6px;'>1103</td></tr><tr><td style='padding:3px 6px; font-weight:bold; background-color:#f2f2f2;'>กลุ่ม</td><td style='padding:3px 6px;'>กลุ่ม_11</td></tr></table></div>]]></description>
      <styleUrl>#style_11_004</styleUrl>
      <MultiGeometry><Polygon><outerBoundaryIs><LinearRing><coordinates>103.3246017,14.5625917,0 103.3235900,14.5625667,0 103.3236083,14.5627200,0 103.3245733,14.5628117,0 103.3246017,14.5625917,0</coordinates></LinearRing></outerBoundaryIs></Polygon></MultiGeometry>
    </Placemark>
    <Placemark>
      <name>320511041818</name>
      <description><![CDATA[<div style='font-family:Tahoma,sans-serif; font-size:13px;'><h3 style='color:#1565C0; margin:4px 0;'>รหัส: 320511041818</h3><p style='margin:2px 0;'><b>กลุ่มรถไถ:</b> 11_004</p><table border='1' style='border-collapse:collapse; border-color:#ccc; width:100%;'><tr><td style='padding:3px 6px; font-weight:bold; background-color:#f2f2f2;'>ปีการผลิต</td><td style='padding:3px 6px;'>257071</td></tr><tr><td style='padding:3px 6px; font-weight:bold; background-color:#f2f2f2;'>รหัสกลุ่มรถไถ</td><td style='padding:3px 6px;'>11/004</td></tr><tr><td style='padding:3px 6px; font-weight:bold; background-color:#f2f2f2;'>โควตาชาวไร่</td><td style='padding:3px 6px;'>711457</td></tr><tr><td style='padding:3px 6px; font-weight:bold; background-color:#f2f2f2;'>ชื่อ-นามสกุล</td><td style='padding:3px 6px;'>นาย สมชาย ทะนุนาจารย์</td></tr><tr><td style='padding:3px 6px; font-weight:bold; background-color:#f2f2f2;'>111</td><td style='padding:3px 6px;'>320511041818</td></tr><tr><td style='padding:3px 6px; font-weight:bold; background-color:#f2f2f2;'>ประเภทอ้อย</td><td style='padding:3px 6px;'>อ้อยปลายฝน</td></tr><tr><td style='padding:3px 6px; font-weight:bold; background-color:#f2f2f2;'>พื้นที่ปลูก</td><td style='padding:3px 6px;'>5.21</td></tr><tr><td style='padding:3px 6px; font-weight:bold; background-color:#f2f2f2;'>ศูนย์</td><td style='padding:3px 6px;'>K2-11</td></tr><tr><td style='padding:3px 6px; font-weight:bold; background-color:#f2f2f2;'>นักเกษตร</td><td style='padding:3px 6px;'>1103</td></tr><tr><td style='padding:3px 6px; font-weight:bold; background-color:#f2f2f2;'>กลุ่ม</td><td style='padding:3px 6px;'>กลุ่ม_11</td></tr></table></div>]]></description>
      <styleUrl>#style_11_004</styleUrl>
      <MultiGeometry><Polygon><outerBoundaryIs><LinearRing><coordinates>103.3137043,14.5501107,0 103.3134978,14.5500997,0 103.3136926,14.5510587,0 103.3138236,14.5518927,0 103.3139763,14.5533014,0 103.3141267,14.5545478,0 103.3143047,14.5545337,0 103.3137043,14.5501107,0</coordinates></LinearRing></outerBoundaryIs></Polygon></MultiGeometry>
    </Placemark>
    <Placemark>
      <name>320511041639</name>
      <description><![CDATA[<div style='font-family:Tahoma,sans-serif; font-size:13px;'><h3 style='color:#1565C0; margin:4px 0;'>รหัส: 320511041639</h3><p style='margin:2px 0;'><b>กลุ่มรถไถ:</b> 11_004</p><table border='1' style='border-collapse:collapse; border-color:#ccc; width:100%;'><tr><td style='padding:3px 6px; font-weight:bold; background-color:#f2f2f2;'>ปีการผลิต</td><td style='padding:3px 6px;'>257071</td></tr><tr><td style='padding:3px 6px; font-weight:bold; background-color:#f2f2f2;'>รหัสกลุ่มรถไถ</td><td style='padding:3px 6px;'>11/004</td></tr><tr><td style='padding:3px 6px; font-weight:bold; background-color:#f2f2f2;'>โควตาชาวไร่</td><td style='padding:3px 6px;'>711477</td></tr><tr><td style='padding:3px 6px; font-weight:bold; background-color:#f2f2f2;'>ชื่อ-นามสกุล</td><td style='padding:3px 6px;'>นาย รุ่งเพ็ชร ศรีพรหม</td></tr><tr><td style='padding:3px 6px; font-weight:bold; background-color:#f2f2f2;'>111</td><td style='padding:3px 6px;'>320511041639</td></tr><tr><td style='padding:3px 6px; font-weight:bold; background-color:#f2f2f2;'>ประเภทอ้อย</td><td style='padding:3px 6px;'>อ้อยปลายฝน</td></tr><tr><td style='padding:3px 6px; font-weight:bold; background-color:#f2f2f2;'>พื้นที่ปลูก</td><td style='padding:3px 6px;'>9.6</td></tr><tr><td style='padding:3px 6px; font-weight:bold; background-color:#f2f2f2;'>ศูนย์</td><td style='padding:3px 6px;'>K2-11</td></tr><tr><td style='padding:3px 6px; font-weight:bold; background-color:#f2f2f2;'>นักเกษตร</td><td style='padding:3px 6px;'>1103</td></tr><tr><td style='padding:3px 6px; font-weight:bold; background-color:#f2f2f2;'>กลุ่ม</td><td style='padding:3px 6px;'>กลุ่ม_11</td></tr></table></div>]]></description>
      <styleUrl>#style_11_004</styleUrl>
      <MultiGeometry><Polygon><outerBoundaryIs><LinearRing><coordinates>103.3119917,14.5528017,0 103.3121900,14.5542567,0 103.3127117,14.5542733,0 103.3127267,14.5541183,0 103.3130117,14.5541367,0 103.3131367,14.5542567,0 103.3130317,14.5537683,0 103.3128750,14.5527683,0 103.3122517,14.5528217,0 103.3119917,14.5528017,0</coordinates></LinearRing></outerBoundaryIs></Polygon></MultiGeometry>
    </Placemark>
    <Placemark>
      <name>320511041507</name>
      <description><![CDATA[<div style='font-family:Tahoma,sans-serif; font-size:13px;'><h3 style='color:#1565C0; margin:4px 0;'>รหัส: 320511041507</h3><p style='margin:2px 0;'><b>กลุ่มรถไถ:</b> 11_004</p><table border='1' style='border-collapse:collapse; border-color:#ccc; width:100%;'><tr><td style='padding:3px 6px; font-weight:bold; background-color:#f2f2f2;'>ปีการผลิต</td><td style='padding:3px 6px;'>257071</td></tr><tr><td style='padding:3px 6px; font-weight:bold; background-color:#f2f2f2;'>รหัสกลุ่มรถไถ</td><td style='padding:3px 6px;'>11/004</td></tr><tr><td style='padding:3px 6px; font-weight:bold; background-color:#f2f2f2;'>โควตาชาวไร่</td><td style='padding:3px 6px;'>711483</td></tr><tr><td style='padding:3px 6px; font-weight:bold; background-color:#f2f2f2;'>ชื่อ-นามสกุล</td><td style='padding:3px 6px;'>นาย ตึง จุฑาจันทร์</td></tr><tr><td style='padding:3px 6px; font-weight:bold; background-color:#f2f2f2;'>111</td><td style='padding:3px 6px;'>320511041507</td></tr><tr><td style='padding:3px 6px; font-weight:bold; background-color:#f2f2f2;'>ประเภทอ้อย</td><td style='padding:3px 6px;'>อ้อยปลายฝน</td></tr><tr><td style='padding:3px 6px; font-weight:bold; background-color:#f2f2f2;'>พื้นที่ปลูก</td><td style='padding:3px 6px;'>3.88</td></tr><tr><td style='padding:3px 6px; font-weight:bold; background-color:#f2f2f2;'>ศูนย์</td><td style='padding:3px 6px;'>K2-11</td></tr><tr><td style='padding:3px 6px; font-weight:bold; background-color:#f2f2f2;'>นักเกษตร</td><td style='padding:3px 6px;'>1103</td></tr><tr><td style='padding:3px 6px; font-weight:bold; background-color:#f2f2f2;'>กลุ่ม</td><td style='padding:3px 6px;'>กลุ่ม_11</td></tr></table></div>]]></description>
      <styleUrl>#style_11_004</styleUrl>
      <MultiGeometry><Polygon><outerBoundaryIs><LinearRing><coordinates>103.3295849,14.5437743,0 103.3289466,14.5437398,0 103.3290174,14.5446567,0 103.3295913,14.5445761,0 103.3295849,14.5437743,0</coordinates></LinearRing></outerBoundaryIs></Polygon></MultiGeometry>
    </Placemark>
    <Placemark>
      <name>320511041781</name>
      <description><![CDATA[<div style='font-family:Tahoma,sans-serif; font-size:13px;'><h3 style='color:#1565C0; margin:4px 0;'>รหัส: 320511041781</h3><p style='margin:2px 0;'><b>กลุ่มรถไถ:</b> 11_004</p><table border='1' style='border-collapse:collapse; border-color:#ccc; width:100%;'><tr><td style='padding:3px 6px; font-weight:bold; background-color:#f2f2f2;'>ปีการผลิต</td><td style='padding:3px 6px;'>257071</td></tr><tr><td style='padding:3px 6px; font-weight:bold; background-color:#f2f2f2;'>รหัสกลุ่มรถไถ</td><td style='padding:3px 6px;'>11/004</td></tr><tr><td style='padding:3px 6px; font-weight:bold; background-color:#f2f2f2;'>โควตาชาวไร่</td><td style='padding:3px 6px;'>711483</td></tr><tr><td style='padding:3px 6px; font-weight:bold; background-color:#f2f2f2;'>ชื่อ-นามสกุล</td><td style='padding:3px 6px;'>นาย ตึง จุฑาจันทร์</td></tr><tr><td style='padding:3px 6px; font-weight:bold; background-color:#f2f2f2;'>111</td><td style='padding:3px 6px;'>320511041781</td></tr><tr><td style='padding:3px 6px; font-weight:bold; background-color:#f2f2f2;'>ประเภทอ้อย</td><td style='padding:3px 6px;'>อ้อยปลายฝน</td></tr><tr><td style='padding:3px 6px; font-weight:bold; background-color:#f2f2f2;'>พื้นที่ปลูก</td><td style='padding:3px 6px;'>10.06</td></tr><tr><td style='padding:3px 6px; font-weight:bold; background-color:#f2f2f2;'>ศูนย์</td><td style='padding:3px 6px;'>K2-11</td></tr><tr><td style='padding:3px 6px; font-weight:bold; background-color:#f2f2f2;'>นักเกษตร</td><td style='padding:3px 6px;'>1103</td></tr><tr><td style='padding:3px 6px; font-weight:bold; background-color:#f2f2f2;'>กลุ่ม</td><td style='padding:3px 6px;'>กลุ่ม_11</td></tr></table></div>]]></description>
      <styleUrl>#style_11_004</styleUrl>
      <MultiGeometry><Polygon><outerBoundaryIs><LinearRing><coordinates>103.3106050,14.5527867,0 103.3106450,14.5533117,0 103.3107417,14.5541717,0 103.3112700,14.5542433,0 103.3117000,14.5542583,0 103.3116750,14.5541067,0 103.3116467,14.5538417,0 103.3116150,14.5535983,0 103.3115450,14.5530733,0 103.3114983,14.5528117,0 103.3112467,14.5527767,0 103.3110667,14.5527683,0 103.3106050,14.5527867,0</coordinates></LinearRing></outerBoundaryIs></Polygon></MultiGeometry>
    </Placemark>
    <Placemark>
      <name>320511131532</name>
      <description><![CDATA[<div style='font-family:Tahoma,sans-serif; font-size:13px;'><h3 style='color:#1565C0; margin:4px 0;'>รหัส: 320511131532</h3><p style='margin:2px 0;'><b>กลุ่มรถไถ:</b> 11_004</p><table border='1' style='border-collapse:collapse; border-color:#ccc; width:100%;'><tr><td style='padding:3px 6px; font-weight:bold; background-color:#f2f2f2;'>ปีการผลิต</td><td style='padding:3px 6px;'>257071</td></tr><tr><td style='padding:3px 6px; font-weight:bold; background-color:#f2f2f2;'>รหัสกลุ่มรถไถ</td><td style='padding:3px 6px;'>11/004</td></tr><tr><td style='padding:3px 6px; font-weight:bold; background-color:#f2f2f2;'>โควตาชาวไร่</td><td style='padding:3px 6px;'>711513</td></tr><tr><td style='padding:3px 6px; font-weight:bold; background-color:#f2f2f2;'>ชื่อ-นามสกุล</td><td style='padding:3px 6px;'>นาย เกื้อกูล กาบแก้ว</td></tr><tr><td style='padding:3px 6px; font-weight:bold; background-color:#f2f2f2;'>111</td><td style='padding:3px 6px;'>320511131532</td></tr><tr><td style='padding:3px 6px; font-weight:bold; background-color:#f2f2f2;'>ประเภทอ้อย</td><td style='padding:3px 6px;'>อ้อยปลายฝน</td></tr><tr><td style='padding:3px 6px; font-weight:bold; background-color:#f2f2f2;'>พื้นที่ปลูก</td><td style='padding:3px 6px;'>5.3</td></tr><tr><td style='padding:3px 6px; font-weight:bold; background-color:#f2f2f2;'>ศูนย์</td><td style='padding:3px 6px;'>K2-11</td></tr><tr><td style='padding:3px 6px; font-weight:bold; background-color:#f2f2f2;'>นักเกษตร</td><td style='padding:3px 6px;'>1103</td></tr><tr><td style='padding:3px 6px; font-weight:bold; background-color:#f2f2f2;'>กลุ่ม</td><td style='padding:3px 6px;'>กลุ่ม_11</td></tr></table></div>]]></description>
      <styleUrl>#style_11_004</styleUrl>
      <MultiGeometry><Polygon><outerBoundaryIs><LinearRing><coordinates>103.3154325,14.5728760,0 103.3167272,14.5729938,0 103.3166863,14.5725275,0 103.3166169,14.5722984,0 103.3161046,14.5723896,0 103.3154934,14.5723613,0 103.3154348,14.5728758,0 103.3154325,14.5728760,0</coordinates></LinearRing></outerBoundaryIs></Polygon></MultiGeometry>
    </Placemark>
    <Placemark>
      <name>320511011690</name>
      <description><![CDATA[<div style='font-family:Tahoma,sans-serif; font-size:13px;'><h3 style='color:#1565C0; margin:4px 0;'>รหัส: 320511011690</h3><p style='margin:2px 0;'><b>กลุ่มรถไถ:</b> 11_004</p><table border='1' style='border-collapse:collapse; border-color:#ccc; width:100%;'><tr><td style='padding:3px 6px; font-weight:bold; background-color:#f2f2f2;'>ปีการผลิต</td><td style='padding:3px 6px;'>257071</td></tr><tr><td style='padding:3px 6px; font-weight:bold; background-color:#f2f2f2;'>รหัสกลุ่มรถไถ</td><td style='padding:3px 6px;'>11/004</td></tr><tr><td style='padding:3px 6px; font-weight:bold; background-color:#f2f2f2;'>โควตาชาวไร่</td><td style='padding:3px 6px;'>711583</td></tr><tr><td style='padding:3px 6px; font-weight:bold; background-color:#f2f2f2;'>ชื่อ-นามสกุล</td><td style='padding:3px 6px;'>นาง ดุจเดือน จันทร์ดี</td></tr><tr><td style='padding:3px 6px; font-weight:bold; background-color:#f2f2f2;'>111</td><td style='padding:3px 6px;'>320511011690</td></tr><tr><td style='padding:3px 6px; font-weight:bold; background-color:#f2f2f2;'>ประเภทอ้อย</td><td style='padding:3px 6px;'>อ้อยปลายฝน</td></tr><tr><td style='padding:3px 6px; font-weight:bold; background-color:#f2f2f2;'>พื้นที่ปลูก</td><td style='padding:3px 6px;'>12.7</td></tr><tr><td style='padding:3px 6px; font-weight:bold; background-color:#f2f2f2;'>ศูนย์</td><td style='padding:3px 6px;'>K2-11</td></tr><tr><td style='padding:3px 6px; font-weight:bold; background-color:#f2f2f2;'>นักเกษตร</td><td style='padding:3px 6px;'>1103</td></tr><tr><td style='padding:3px 6px; font-weight:bold; background-color:#f2f2f2;'>กลุ่ม</td><td style='padding:3px 6px;'>กลุ่ม_11</td></tr></table></div>]]></description>
      <styleUrl>#style_11_004</styleUrl>
      <MultiGeometry><Polygon><outerBoundaryIs><LinearRing><coordinates>103.2532967,14.5732750,0 103.2575450,14.5722767,0 103.2574317,14.5719000,0 103.2571550,14.5719517,0 103.2534333,14.5728517,0 103.2532800,14.5728750,0 103.2532967,14.5732750,0</coordinates></LinearRing></outerBoundaryIs></Polygon></MultiGeometry>
    </Placemark>
    <Placemark>
      <name>320511071900</name>
      <description><![CDATA[<div style='font-family:Tahoma,sans-serif; font-size:13px;'><h3 style='color:#1565C0; margin:4px 0;'>รหัส: 320511071900</h3><p style='margin:2px 0;'><b>กลุ่มรถไถ:</b> 11_004</p><table border='1' style='border-collapse:collapse; border-color:#ccc; width:100%;'><tr><td style='padding:3px 6px; font-weight:bold; background-color:#f2f2f2;'>ปีการผลิต</td><td style='padding:3px 6px;'>257071</td></tr><tr><td style='padding:3px 6px; font-weight:bold; background-color:#f2f2f2;'>รหัสกลุ่มรถไถ</td><td style='padding:3px 6px;'>11/004</td></tr><tr><td style='padding:3px 6px; font-weight:bold; background-color:#f2f2f2;'>โควตาชาวไร่</td><td style='padding:3px 6px;'>711933</td></tr><tr><td style='padding:3px 6px; font-weight:bold; background-color:#f2f2f2;'>ชื่อ-นามสกุล</td><td style='padding:3px 6px;'>นาย สำเภา คิดงาม</td></tr><tr><td style='padding:3px 6px; font-weight:bold; background-color:#f2f2f2;'>111</td><td style='padding:3px 6px;'>320511071900</td></tr><tr><td style='padding:3px 6px; font-weight:bold; background-color:#f2f2f2;'>ประเภทอ้อย</td><td style='padding:3px 6px;'>อ้อยปลายฝน</td></tr><tr><td style='padding:3px 6px; font-weight:bold; background-color:#f2f2f2;'>พื้นที่ปลูก</td><td style='padding:3px 6px;'>2.38</td></tr><tr><td style='padding:3px 6px; font-weight:bold; background-color:#f2f2f2;'>ศูนย์</td><td style='padding:3px 6px;'>K2-11</td></tr><tr><td style='padding:3px 6px; font-weight:bold; background-color:#f2f2f2;'>นักเกษตร</td><td style='padding:3px 6px;'>1103</td></tr><tr><td style='padding:3px 6px; font-weight:bold; background-color:#f2f2f2;'>กลุ่ม</td><td style='padding:3px 6px;'>กลุ่ม_11</td></tr></table></div>]]></description>
      <styleUrl>#style_11_004</styleUrl>
      <MultiGeometry><Polygon><outerBoundaryIs><LinearRing><coordinates>103.2933150,14.5626650,0 103.2929400,14.5626867,0 103.2929333,14.5625883,0 103.2921800,14.5626550,0 103.2922550,14.5629233,0 103.2932750,14.5629433,0 103.2933150,14.5626650,0</coordinates></LinearRing></outerBoundaryIs></Polygon></MultiGeometry>
    </Placemark>
    <Placemark>
      <name>320511111510</name>
      <description><![CDATA[<div style='font-family:Tahoma,sans-serif; font-size:13px;'><h3 style='color:#1565C0; margin:4px 0;'>รหัส: 320511111510</h3><p style='margin:2px 0;'><b>กลุ่มรถไถ:</b> 11_004</p><table border='1' style='border-collapse:collapse; border-color:#ccc; width:100%;'><tr><td style='padding:3px 6px; font-weight:bold; background-color:#f2f2f2;'>ปีการผลิต</td><td style='padding:3px 6px;'>257071</td></tr><tr><td style='padding:3px 6px; font-weight:bold; background-color:#f2f2f2;'>รหัสกลุ่มรถไถ</td><td style='padding:3px 6px;'>11/004</td></tr><tr><td style='padding:3px 6px; font-weight:bold; background-color:#f2f2f2;'>โควตาชาวไร่</td><td style='padding:3px 6px;'>711972</td></tr><tr><td style='padding:3px 6px; font-weight:bold; background-color:#f2f2f2;'>ชื่อ-นามสกุล</td><td style='padding:3px 6px;'>นาง ลำพูน ทรงวาจา</td></tr><tr><td style='padding:3px 6px; font-weight:bold; background-color:#f2f2f2;'>111</td><td style='padding:3px 6px;'>320511111510</td></tr><tr><td style='padding:3px 6px; font-weight:bold; background-color:#f2f2f2;'>ประเภทอ้อย</td><td style='padding:3px 6px;'>อ้อยปลายฝน</td></tr><tr><td style='padding:3px 6px; font-weight:bold; background-color:#f2f2f2;'>พื้นที่ปลูก</td><td style='padding:3px 6px;'>0.91</td></tr><tr><td style='padding:3px 6px; font-weight:bold; background-color:#f2f2f2;'>ศูนย์</td><td style='padding:3px 6px;'>K2-11</td></tr><tr><td style='padding:3px 6px; font-weight:bold; background-color:#f2f2f2;'>นักเกษตร</td><td style='padding:3px 6px;'>1103</td></tr><tr><td style='padding:3px 6px; font-weight:bold; background-color:#f2f2f2;'>กลุ่ม</td><td style='padding:3px 6px;'>กลุ่ม_11</td></tr></table></div>]]></description>
      <styleUrl>#style_11_004</styleUrl>
      <MultiGeometry><Polygon><outerBoundaryIs><LinearRing><coordinates>103.3260833,14.5653417,0 103.3260217,14.5648867,0 103.3259267,14.5648983,0 103.3258550,14.5649683,0 103.3256867,14.5649750,0 103.3256783,14.5651717,0 103.3258383,14.5652633,0 103.3260833,14.5653417,0</coordinates></LinearRing></outerBoundaryIs></Polygon></MultiGeometry>
    </Placemark>
    <Placemark>
      <name>320511041801</name>
      <description><![CDATA[<div style='font-family:Tahoma,sans-serif; font-size:13px;'><h3 style='color:#1565C0; margin:4px 0;'>รหัส: 320511041801</h3><p style='margin:2px 0;'><b>กลุ่มรถไถ:</b> 11_004</p><table border='1' style='border-collapse:collapse; border-color:#ccc; width:100%;'><tr><td style='padding:3px 6px; font-weight:bold; background-color:#f2f2f2;'>ปีการผลิต</td><td style='padding:3px 6px;'>257071</td></tr><tr><td style='padding:3px 6px; font-weight:bold; background-color:#f2f2f2;'>รหัสกลุ่มรถไถ</td><td style='padding:3px 6px;'>11/004</td></tr><tr><td style='padding:3px 6px; font-weight:bold; background-color:#f2f2f2;'>โควตาชาวไร่</td><td style='padding:3px 6px;'>712174</td></tr><tr><td style='padding:3px 6px; font-weight:bold; background-color:#f2f2f2;'>ชื่อ-นามสกุล</td><td style='padding:3px 6px;'>นาย ทนัด การกระสัง</td></tr><tr><td style='padding:3px 6px; font-weight:bold; background-color:#f2f2f2;'>111</td><td style='padding:3px 6px;'>320511041801</td></tr><tr><td style='padding:3px 6px; font-weight:bold; background-color:#f2f2f2;'>ประเภทอ้อย</td><td style='padding:3px 6px;'>อ้อยปลายฝน</td></tr><tr><td style='padding:3px 6px; font-weight:bold; background-color:#f2f2f2;'>พื้นที่ปลูก</td><td style='padding:3px 6px;'>6.49</td></tr><tr><td style='padding:3px 6px; font-weight:bold; background-color:#f2f2f2;'>ศูนย์</td><td style='padding:3px 6px;'>K2-11</td></tr><tr><td style='padding:3px 6px; font-weight:bold; background-color:#f2f2f2;'>นักเกษตร</td><td style='padding:3px 6px;'>1103</td></tr><tr><td style='padding:3px 6px; font-weight:bold; background-color:#f2f2f2;'>กลุ่ม</td><td style='padding:3px 6px;'>กลุ่ม_11</td></tr></table></div>]]></description>
      <styleUrl>#style_11_004</styleUrl>
      <MultiGeometry><Polygon><outerBoundaryIs><LinearRing><coordinates>103.3114233,14.5527083,0 103.3111683,14.5508400,0 103.3107017,14.5508733,0 103.3109500,14.5526867,0 103.3114233,14.5527083,0</coordinates></LinearRing></outerBoundaryIs></Polygon></MultiGeometry>
    </Placemark>
    <Placemark>
      <name>320511051715</name>
      <description><![CDATA[<div style='font-family:Tahoma,sans-serif; font-size:13px;'><h3 style='color:#1565C0; margin:4px 0;'>รหัส: 320511051715</h3><p style='margin:2px 0;'><b>กลุ่มรถไถ:</b> 11_004</p><table border='1' style='border-collapse:collapse; border-color:#ccc; width:100%;'><tr><td style='padding:3px 6px; font-weight:bold; background-color:#f2f2f2;'>ปีการผลิต</td><td style='padding:3px 6px;'>257071</td></tr><tr><td style='padding:3px 6px; font-weight:bold; background-color:#f2f2f2;'>รหัสกลุ่มรถไถ</td><td style='padding:3px 6px;'>11/004</td></tr><tr><td style='padding:3px 6px; font-weight:bold; background-color:#f2f2f2;'>โควตาชาวไร่</td><td style='padding:3px 6px;'>712302</td></tr><tr><td style='padding:3px 6px; font-weight:bold; background-color:#f2f2f2;'>ชื่อ-นามสกุล</td><td style='padding:3px 6px;'>นาย มนตรี จิตแม้น</td></tr><tr><td style='padding:3px 6px; font-weight:bold; background-color:#f2f2f2;'>111</td><td style='padding:3px 6px;'>320511051715</td></tr><tr><td style='padding:3px 6px; font-weight:bold; background-color:#f2f2f2;'>ประเภทอ้อย</td><td style='padding:3px 6px;'>อ้อยปลายฝน</td></tr><tr><td style='padding:3px 6px; font-weight:bold; background-color:#f2f2f2;'>พื้นที่ปลูก</td><td style='padding:3px 6px;'>6.22</td></tr><tr><td style='padding:3px 6px; font-weight:bold; background-color:#f2f2f2;'>ศูนย์</td><td style='padding:3px 6px;'>K2-11</td></tr><tr><td style='padding:3px 6px; font-weight:bold; background-color:#f2f2f2;'>นักเกษตร</td><td style='padding:3px 6px;'>1107</td></tr><tr><td style='padding:3px 6px; font-weight:bold; background-color:#f2f2f2;'>กลุ่ม</td><td style='padding:3px 6px;'>กลุ่ม_11</td></tr></table></div>]]></description>
      <styleUrl>#style_11_004</styleUrl>
      <MultiGeometry><Polygon><outerBoundaryIs><LinearRing><coordinates>103.3089867,14.5437633,0 103.3093250,14.5411367,0 103.3090000,14.5411467,0 103.3086767,14.5437267,0 103.3089867,14.5437633,0</coordinates></LinearRing></outerBoundaryIs></Polygon></MultiGeometry>
    </Placemark>
    <Placemark>
      <name>320514011663</name>
      <description><![CDATA[<div style='font-family:Tahoma,sans-serif; font-size:13px;'><h3 style='color:#1565C0; margin:4px 0;'>รหัส: 320514011663</h3><p style='margin:2px 0;'><b>กลุ่มรถไถ:</b> 11_004</p><table border='1' style='border-collapse:collapse; border-color:#ccc; width:100%;'><tr><td style='padding:3px 6px; font-weight:bold; background-color:#f2f2f2;'>ปีการผลิต</td><td style='padding:3px 6px;'>257071</td></tr><tr><td style='padding:3px 6px; font-weight:bold; background-color:#f2f2f2;'>รหัสกลุ่มรถไถ</td><td style='padding:3px 6px;'>11/004</td></tr><tr><td style='padding:3px 6px; font-weight:bold; background-color:#f2f2f2;'>โควตาชาวไร่</td><td style='padding:3px 6px;'>712302</td></tr><tr><td style='padding:3px 6px; font-weight:bold; background-color:#f2f2f2;'>ชื่อ-นามสกุล</td><td style='padding:3px 6px;'>นาย มนตรี จิตแม้น</td></tr><tr><td style='padding:3px 6px; font-weight:bold; background-color:#f2f2f2;'>111</td><td style='padding:3px 6px;'>320514011663</td></tr><tr><td style='padding:3px 6px; font-weight:bold; background-color:#f2f2f2;'>ประเภทอ้อย</td><td style='padding:3px 6px;'>อ้อยปลายฝน</td></tr><tr><td style='padding:3px 6px; font-weight:bold; background-color:#f2f2f2;'>พื้นที่ปลูก</td><td style='padding:3px 6px;'>8.93</td></tr><tr><td style='padding:3px 6px; font-weight:bold; background-color:#f2f2f2;'>ศูนย์</td><td style='padding:3px 6px;'>K2-11</td></tr><tr><td style='padding:3px 6px; font-weight:bold; background-color:#f2f2f2;'>นักเกษตร</td><td style='padding:3px 6px;'>1107</td></tr><tr><td style='padding:3px 6px; font-weight:bold; background-color:#f2f2f2;'>กลุ่ม</td><td style='padding:3px 6px;'>กลุ่ม_11</td></tr></table></div>]]></description>
      <styleUrl>#style_11_004</styleUrl>
      <MultiGeometry><Polygon><outerBoundaryIs><LinearRing><coordinates>103.2418610,14.6298384,0 103.2419064,14.6287549,0 103.2411123,14.6287961,0 103.2407173,14.6288309,0 103.2407792,14.6291739,0 103.2409117,14.6293058,0 103.2408893,14.6296545,0 103.2408475,14.6298928,0 103.2410253,14.6299924,0 103.2413796,14.6299419,0 103.2418610,14.6298384,0</coordinates></LinearRing></outerBoundaryIs></Polygon></MultiGeometry>
    </Placemark>
    <Placemark>
      <name>320511041782</name>
      <description><![CDATA[<div style='font-family:Tahoma,sans-serif; font-size:13px;'><h3 style='color:#1565C0; margin:4px 0;'>รหัส: 320511041782</h3><p style='margin:2px 0;'><b>กลุ่มรถไถ:</b> 11_004</p><table border='1' style='border-collapse:collapse; border-color:#ccc; width:100%;'><tr><td style='padding:3px 6px; font-weight:bold; background-color:#f2f2f2;'>ปีการผลิต</td><td style='padding:3px 6px;'>257071</td></tr><tr><td style='padding:3px 6px; font-weight:bold; background-color:#f2f2f2;'>รหัสกลุ่มรถไถ</td><td style='padding:3px 6px;'>11/004</td></tr><tr><td style='padding:3px 6px; font-weight:bold; background-color:#f2f2f2;'>โควตาชาวไร่</td><td style='padding:3px 6px;'>712328</td></tr><tr><td style='padding:3px 6px; font-weight:bold; background-color:#f2f2f2;'>ชื่อ-นามสกุล</td><td style='padding:3px 6px;'>นาย ปอง กายดี</td></tr><tr><td style='padding:3px 6px; font-weight:bold; background-color:#f2f2f2;'>111</td><td style='padding:3px 6px;'>320511041782</td></tr><tr><td style='padding:3px 6px; font-weight:bold; background-color:#f2f2f2;'>ประเภทอ้อย</td><td style='padding:3px 6px;'>อ้อยปลายฝน</td></tr><tr><td style='padding:3px 6px; font-weight:bold; background-color:#f2f2f2;'>พื้นที่ปลูก</td><td style='padding:3px 6px;'>5.58</td></tr><tr><td style='padding:3px 6px; font-weight:bold; background-color:#f2f2f2;'>ศูนย์</td><td style='padding:3px 6px;'>K2-11</td></tr><tr><td style='padding:3px 6px; font-weight:bold; background-color:#f2f2f2;'>นักเกษตร</td><td style='padding:3px 6px;'>1103</td></tr><tr><td style='padding:3px 6px; font-weight:bold; background-color:#f2f2f2;'>กลุ่ม</td><td style='padding:3px 6px;'>กลุ่ม_11</td></tr></table></div>]]></description>
      <styleUrl>#style_11_004</styleUrl>
      <MultiGeometry><Polygon><outerBoundaryIs><LinearRing><coordinates>103.3328167,14.5478583,0 103.3329683,14.5464467,0 103.3325967,14.5464333,0 103.3324100,14.5470617,0 103.3321933,14.5471200,0 103.3322983,14.5473867,0 103.3322650,14.5475400,0 103.3321700,14.5478083,0 103.3328167,14.5478583,0</coordinates></LinearRing></outerBoundaryIs></Polygon></MultiGeometry>
    </Placemark>
    <Placemark>
      <name>320511111789</name>
      <description><![CDATA[<div style='font-family:Tahoma,sans-serif; font-size:13px;'><h3 style='color:#1565C0; margin:4px 0;'>รหัส: 320511111789</h3><p style='margin:2px 0;'><b>กลุ่มรถไถ:</b> 11_004</p><table border='1' style='border-collapse:collapse; border-color:#ccc; width:100%;'><tr><td style='padding:3px 6px; font-weight:bold; background-color:#f2f2f2;'>ปีการผลิต</td><td style='padding:3px 6px;'>257071</td></tr><tr><td style='padding:3px 6px; font-weight:bold; background-color:#f2f2f2;'>รหัสกลุ่มรถไถ</td><td style='padding:3px 6px;'>11/004</td></tr><tr><td style='padding:3px 6px; font-weight:bold; background-color:#f2f2f2;'>โควตาชาวไร่</td><td style='padding:3px 6px;'>712563</td></tr><tr><td style='padding:3px 6px; font-weight:bold; background-color:#f2f2f2;'>ชื่อ-นามสกุล</td><td style='padding:3px 6px;'>นาย สมทิศ ห้าวหาญ</td></tr><tr><td style='padding:3px 6px; font-weight:bold; background-color:#f2f2f2;'>111</td><td style='padding:3px 6px;'>320511111789</td></tr><tr><td style='padding:3px 6px; font-weight:bold; background-color:#f2f2f2;'>ประเภทอ้อย</td><td style='padding:3px 6px;'>อ้อยปลายฝน</td></tr><tr><td style='padding:3px 6px; font-weight:bold; background-color:#f2f2f2;'>พื้นที่ปลูก</td><td style='padding:3px 6px;'>4.41</td></tr><tr><td style='padding:3px 6px; font-weight:bold; background-color:#f2f2f2;'>ศูนย์</td><td style='padding:3px 6px;'>K2-11</td></tr><tr><td style='padding:3px 6px; font-weight:bold; background-color:#f2f2f2;'>นักเกษตร</td><td style='padding:3px 6px;'>1103</td></tr><tr><td style='padding:3px 6px; font-weight:bold; background-color:#f2f2f2;'>กลุ่ม</td><td style='padding:3px 6px;'>กลุ่ม_11</td></tr></table></div>]]></description>
      <styleUrl>#style_11_004</styleUrl>
      <MultiGeometry><Polygon><outerBoundaryIs><LinearRing><coordinates>103.3193350,14.5659517,0 103.3192517,14.5662567,0 103.3201900,14.5665633,0 103.3207150,14.5666750,0 103.3207767,14.5664950,0 103.3208733,14.5662900,0 103.3193350,14.5659517,0</coordinates></LinearRing></outerBoundaryIs></Polygon></MultiGeometry>
    </Placemark>
    <Placemark>
      <name>320511011518</name>
      <description><![CDATA[<div style='font-family:Tahoma,sans-serif; font-size:13px;'><h3 style='color:#1565C0; margin:4px 0;'>รหัส: 320511011518</h3><p style='margin:2px 0;'><b>กลุ่มรถไถ:</b> 11_004</p><table border='1' style='border-collapse:collapse; border-color:#ccc; width:100%;'><tr><td style='padding:3px 6px; font-weight:bold; background-color:#f2f2f2;'>ปีการผลิต</td><td style='padding:3px 6px;'>257071</td></tr><tr><td style='padding:3px 6px; font-weight:bold; background-color:#f2f2f2;'>รหัสกลุ่มรถไถ</td><td style='padding:3px 6px;'>11/004</td></tr><tr><td style='padding:3px 6px; font-weight:bold; background-color:#f2f2f2;'>โควตาชาวไร่</td><td style='padding:3px 6px;'>712653</td></tr><tr><td style='padding:3px 6px; font-weight:bold; background-color:#f2f2f2;'>ชื่อ-นามสกุล</td><td style='padding:3px 6px;'>นาย ณรงศักดิ์ ศรีไสว</td></tr><tr><td style='padding:3px 6px; font-weight:bold; background-color:#f2f2f2;'>111</td><td style='padding:3px 6px;'>320511011518</td></tr><tr><td style='padding:3px 6px; font-weight:bold; background-color:#f2f2f2;'>ประเภทอ้อย</td><td style='padding:3px 6px;'>อ้อยปลายฝน</td></tr><tr><td style='padding:3px 6px; font-weight:bold; background-color:#f2f2f2;'>พื้นที่ปลูก</td><td style='padding:3px 6px;'>9.52</td></tr><tr><td style='padding:3px 6px; font-weight:bold; background-color:#f2f2f2;'>ศูนย์</td><td style='padding:3px 6px;'>K2-11</td></tr><tr><td style='padding:3px 6px; font-weight:bold; background-color:#f2f2f2;'>นักเกษตร</td><td style='padding:3px 6px;'>1103</td></tr><tr><td style='padding:3px 6px; font-weight:bold; background-color:#f2f2f2;'>กลุ่ม</td><td style='padding:3px 6px;'>กลุ่ม_11</td></tr></table></div>]]></description>
      <styleUrl>#style_11_004</styleUrl>
      <MultiGeometry><Polygon><outerBoundaryIs><LinearRing><coordinates>103.2662233,14.5762617,0 103.2662550,14.5764533,0 103.2662867,14.5766267,0 103.2674467,14.5763933,0 103.2678917,14.5764400,0 103.2686317,14.5762817,0 103.2685817,14.5760100,0 103.2685933,14.5759183,0 103.2686733,14.5759183,0 103.2687483,14.5762883,0 103.2691967,14.5761983,0 103.2697317,14.5760767,0 103.2696650,14.5757000,0 103.2694717,14.5757850,0 103.2693883,14.5757567,0 103.2686583,14.5758883,0 103.2662233,14.5762617,0</coordinates></LinearRing></outerBoundaryIs></Polygon></MultiGeometry>
    </Placemark>
    <Placemark>
      <name>320511011530</name>
      <description><![CDATA[<div style='font-family:Tahoma,sans-serif; font-size:13px;'><h3 style='color:#1565C0; margin:4px 0;'>รหัส: 320511011530</h3><p style='margin:2px 0;'><b>กลุ่มรถไถ:</b> 11_004</p><table border='1' style='border-collapse:collapse; border-color:#ccc; width:100%;'><tr><td style='padding:3px 6px; font-weight:bold; background-color:#f2f2f2;'>ปีการผลิต</td><td style='padding:3px 6px;'>257071</td></tr><tr><td style='padding:3px 6px; font-weight:bold; background-color:#f2f2f2;'>รหัสกลุ่มรถไถ</td><td style='padding:3px 6px;'>11/004</td></tr><tr><td style='padding:3px 6px; font-weight:bold; background-color:#f2f2f2;'>โควตาชาวไร่</td><td style='padding:3px 6px;'>712653</td></tr><tr><td style='padding:3px 6px; font-weight:bold; background-color:#f2f2f2;'>ชื่อ-นามสกุล</td><td style='padding:3px 6px;'>นาย ณรงศักดิ์ ศรีไสว</td></tr><tr><td style='padding:3px 6px; font-weight:bold; background-color:#f2f2f2;'>111</td><td style='padding:3px 6px;'>320511011530</td></tr><tr><td style='padding:3px 6px; font-weight:bold; background-color:#f2f2f2;'>ประเภทอ้อย</td><td style='padding:3px 6px;'>อ้อยปลายฝน</td></tr><tr><td style='padding:3px 6px; font-weight:bold; background-color:#f2f2f2;'>พื้นที่ปลูก</td><td style='padding:3px 6px;'>7.35</td></tr><tr><td style='padding:3px 6px; font-weight:bold; background-color:#f2f2f2;'>ศูนย์</td><td style='padding:3px 6px;'>K2-11</td></tr><tr><td style='padding:3px 6px; font-weight:bold; background-color:#f2f2f2;'>นักเกษตร</td><td style='padding:3px 6px;'>1103</td></tr><tr><td style='padding:3px 6px; font-weight:bold; background-color:#f2f2f2;'>กลุ่ม</td><td style='padding:3px 6px;'>กลุ่ม_11</td></tr></table></div>]]></description>
      <styleUrl>#style_11_004</styleUrl>
      <MultiGeometry><Polygon><outerBoundaryIs><LinearRing><coordinates>103.2645183,14.5768517,0 103.2645121,14.5764565,0 103.2621062,14.5767512,0 103.2622159,14.5771230,0 103.2637360,14.5769969,0 103.2637338,14.5769654,0 103.2644887,14.5768917,0 103.2645190,14.5768899,0 103.2645183,14.5768517,0</coordinates></LinearRing></outerBoundaryIs></Polygon></MultiGeometry>
    </Placemark>
    <Placemark>
      <name>320511131731</name>
      <description><![CDATA[<div style='font-family:Tahoma,sans-serif; font-size:13px;'><h3 style='color:#1565C0; margin:4px 0;'>รหัส: 320511131731</h3><p style='margin:2px 0;'><b>กลุ่มรถไถ:</b> 11_004</p><table border='1' style='border-collapse:collapse; border-color:#ccc; width:100%;'><tr><td style='padding:3px 6px; font-weight:bold; background-color:#f2f2f2;'>ปีการผลิต</td><td style='padding:3px 6px;'>257071</td></tr><tr><td style='padding:3px 6px; font-weight:bold; background-color:#f2f2f2;'>รหัสกลุ่มรถไถ</td><td style='padding:3px 6px;'>11/004</td></tr><tr><td style='padding:3px 6px; font-weight:bold; background-color:#f2f2f2;'>โควตาชาวไร่</td><td style='padding:3px 6px;'>712658</td></tr><tr><td style='padding:3px 6px; font-weight:bold; background-color:#f2f2f2;'>ชื่อ-นามสกุล</td><td style='padding:3px 6px;'>นาย ขจรยศ เข้มแข็ง</td></tr><tr><td style='padding:3px 6px; font-weight:bold; background-color:#f2f2f2;'>111</td><td style='padding:3px 6px;'>320511131731</td></tr><tr><td style='padding:3px 6px; font-weight:bold; background-color:#f2f2f2;'>ประเภทอ้อย</td><td style='padding:3px 6px;'>อ้อยปลายฝน</td></tr><tr><td style='padding:3px 6px; font-weight:bold; background-color:#f2f2f2;'>พื้นที่ปลูก</td><td style='padding:3px 6px;'>4.38</td></tr><tr><td style='padding:3px 6px; font-weight:bold; background-color:#f2f2f2;'>ศูนย์</td><td style='padding:3px 6px;'>K2-11</td></tr><tr><td style='padding:3px 6px; font-weight:bold; background-color:#f2f2f2;'>นักเกษตร</td><td style='padding:3px 6px;'>1103</td></tr><tr><td style='padding:3px 6px; font-weight:bold; background-color:#f2f2f2;'>กลุ่ม</td><td style='padding:3px 6px;'>กลุ่ม_11</td></tr></table></div>]]></description>
      <styleUrl>#style_11_004</styleUrl>
      <MultiGeometry><Polygon><outerBoundaryIs><LinearRing><coordinates>103.3087833,14.5652817,0 103.3082650,14.5653333,0 103.3083083,14.5655667,0 103.3083900,14.5661883,0 103.3087417,14.5661133,0 103.3090800,14.5660550,0 103.3090233,14.5653633,0 103.3087833,14.5652817,0</coordinates></LinearRing></outerBoundaryIs></Polygon></MultiGeometry>
    </Placemark>
    <Placemark>
      <name>320511081698</name>
      <description><![CDATA[<div style='font-family:Tahoma,sans-serif; font-size:13px;'><h3 style='color:#1565C0; margin:4px 0;'>รหัส: 320511081698</h3><p style='margin:2px 0;'><b>กลุ่มรถไถ:</b> 11_004</p><table border='1' style='border-collapse:collapse; border-color:#ccc; width:100%;'><tr><td style='padding:3px 6px; font-weight:bold; background-color:#f2f2f2;'>ปีการผลิต</td><td style='padding:3px 6px;'>257071</td></tr><tr><td style='padding:3px 6px; font-weight:bold; background-color:#f2f2f2;'>รหัสกลุ่มรถไถ</td><td style='padding:3px 6px;'>11/004</td></tr><tr><td style='padding:3px 6px; font-weight:bold; background-color:#f2f2f2;'>โควตาชาวไร่</td><td style='padding:3px 6px;'>712726</td></tr><tr><td style='padding:3px 6px; font-weight:bold; background-color:#f2f2f2;'>ชื่อ-นามสกุล</td><td style='padding:3px 6px;'>นาย บุญเกิด พริ้งเพราะ</td></tr><tr><td style='padding:3px 6px; font-weight:bold; background-color:#f2f2f2;'>111</td><td style='padding:3px 6px;'>320511081698</td></tr><tr><td style='padding:3px 6px; font-weight:bold; background-color:#f2f2f2;'>ประเภทอ้อย</td><td style='padding:3px 6px;'>อ้อยปลายฝน</td></tr><tr><td style='padding:3px 6px; font-weight:bold; background-color:#f2f2f2;'>พื้นที่ปลูก</td><td style='padding:3px 6px;'>18.63</td></tr><tr><td style='padding:3px 6px; font-weight:bold; background-color:#f2f2f2;'>ศูนย์</td><td style='padding:3px 6px;'>K2-11</td></tr><tr><td style='padding:3px 6px; font-weight:bold; background-color:#f2f2f2;'>นักเกษตร</td><td style='padding:3px 6px;'>1103</td></tr><tr><td style='padding:3px 6px; font-weight:bold; background-color:#f2f2f2;'>กลุ่ม</td><td style='padding:3px 6px;'>กลุ่ม_11</td></tr></table></div>]]></description>
      <styleUrl>#style_11_004</styleUrl>
      <MultiGeometry><Polygon><outerBoundaryIs><LinearRing><coordinates>103.3218783,14.5167532,0 103.3233742,14.5170296,0 103.3234028,14.5161547,0 103.3232169,14.5161847,0 103.3232443,14.5159886,0 103.3234386,14.5159916,0 103.3234298,14.5155466,0 103.3234155,14.5154955,0 103.3233906,14.5154538,0 103.3233329,14.5154133,0 103.3220404,14.5149059,0 103.3218783,14.5167532,0</coordinates></LinearRing></outerBoundaryIs></Polygon></MultiGeometry>
    </Placemark>
    <Placemark>
      <name>320511121648</name>
      <description><![CDATA[<div style='font-family:Tahoma,sans-serif; font-size:13px;'><h3 style='color:#1565C0; margin:4px 0;'>รหัส: 320511121648</h3><p style='margin:2px 0;'><b>กลุ่มรถไถ:</b> 11_004</p><table border='1' style='border-collapse:collapse; border-color:#ccc; width:100%;'><tr><td style='padding:3px 6px; font-weight:bold; background-color:#f2f2f2;'>ปีการผลิต</td><td style='padding:3px 6px;'>257071</td></tr><tr><td style='padding:3px 6px; font-weight:bold; background-color:#f2f2f2;'>รหัสกลุ่มรถไถ</td><td style='padding:3px 6px;'>11/004</td></tr><tr><td style='padding:3px 6px; font-weight:bold; background-color:#f2f2f2;'>โควตาชาวไร่</td><td style='padding:3px 6px;'>712787</td></tr><tr><td style='padding:3px 6px; font-weight:bold; background-color:#f2f2f2;'>ชื่อ-นามสกุล</td><td style='padding:3px 6px;'>นาย สมชัย ศรีพรม</td></tr><tr><td style='padding:3px 6px; font-weight:bold; background-color:#f2f2f2;'>111</td><td style='padding:3px 6px;'>320511121648</td></tr><tr><td style='padding:3px 6px; font-weight:bold; background-color:#f2f2f2;'>ประเภทอ้อย</td><td style='padding:3px 6px;'>อ้อยปลายฝน</td></tr><tr><td style='padding:3px 6px; font-weight:bold; background-color:#f2f2f2;'>พื้นที่ปลูก</td><td style='padding:3px 6px;'>2.42</td></tr><tr><td style='padding:3px 6px; font-weight:bold; background-color:#f2f2f2;'>ศูนย์</td><td style='padding:3px 6px;'>K2-11</td></tr><tr><td style='padding:3px 6px; font-weight:bold; background-color:#f2f2f2;'>นักเกษตร</td><td style='padding:3px 6px;'>1103</td></tr><tr><td style='padding:3px 6px; font-weight:bold; background-color:#f2f2f2;'>กลุ่ม</td><td style='padding:3px 6px;'>กลุ่ม_11</td></tr></table></div>]]></description>
      <styleUrl>#style_11_004</styleUrl>
      <MultiGeometry><Polygon><outerBoundaryIs><LinearRing><coordinates>103.3291650,14.5409617,0 103.3294200,14.5408633,0 103.3294433,14.5407250,0 103.3292917,14.5400350,0 103.3288567,14.5401650,0 103.3291650,14.5409617,0</coordinates></LinearRing></outerBoundaryIs></Polygon></MultiGeometry>
    </Placemark>
    <Placemark>
      <name>320511131732</name>
      <description><![CDATA[<div style='font-family:Tahoma,sans-serif; font-size:13px;'><h3 style='color:#1565C0; margin:4px 0;'>รหัส: 320511131732</h3><p style='margin:2px 0;'><b>กลุ่มรถไถ:</b> 11_004</p><table border='1' style='border-collapse:collapse; border-color:#ccc; width:100%;'><tr><td style='padding:3px 6px; font-weight:bold; background-color:#f2f2f2;'>ปีการผลิต</td><td style='padding:3px 6px;'>257071</td></tr><tr><td style='padding:3px 6px; font-weight:bold; background-color:#f2f2f2;'>รหัสกลุ่มรถไถ</td><td style='padding:3px 6px;'>11/004</td></tr><tr><td style='padding:3px 6px; font-weight:bold; background-color:#f2f2f2;'>โควตาชาวไร่</td><td style='padding:3px 6px;'>713001</td></tr><tr><td style='padding:3px 6px; font-weight:bold; background-color:#f2f2f2;'>ชื่อ-นามสกุล</td><td style='padding:3px 6px;'>นาย ดุษิต ใบพลูทอง</td></tr><tr><td style='padding:3px 6px; font-weight:bold; background-color:#f2f2f2;'>111</td><td style='padding:3px 6px;'>320511131732</td></tr><tr><td style='padding:3px 6px; font-weight:bold; background-color:#f2f2f2;'>ประเภทอ้อย</td><td style='padding:3px 6px;'>อ้อยปลายฝน</td></tr><tr><td style='padding:3px 6px; font-weight:bold; background-color:#f2f2f2;'>พื้นที่ปลูก</td><td style='padding:3px 6px;'>2.99</td></tr><tr><td style='padding:3px 6px; font-weight:bold; background-color:#f2f2f2;'>ศูนย์</td><td style='padding:3px 6px;'>K2-11</td></tr><tr><td style='padding:3px 6px; font-weight:bold; background-color:#f2f2f2;'>นักเกษตร</td><td style='padding:3px 6px;'>1103</td></tr><tr><td style='padding:3px 6px; font-weight:bold; background-color:#f2f2f2;'>กลุ่ม</td><td style='padding:3px 6px;'>กลุ่ม_11</td></tr></table></div>]]></description>
      <styleUrl>#style_11_004</styleUrl>
      <MultiGeometry><Polygon><outerBoundaryIs><LinearRing><coordinates>103.3130533,14.5780483,0 103.3128617,14.5793500,0 103.3129833,14.5791333,0 103.3131400,14.5789517,0 103.3132467,14.5789800,0 103.3134183,14.5784333,0 103.3135083,14.5780783,0 103.3130533,14.5780483,0</coordinates></LinearRing></outerBoundaryIs></Polygon></MultiGeometry>
    </Placemark>
    <Placemark>
      <name>320511111752</name>
      <description><![CDATA[<div style='font-family:Tahoma,sans-serif; font-size:13px;'><h3 style='color:#1565C0; margin:4px 0;'>รหัส: 320511111752</h3><p style='margin:2px 0;'><b>กลุ่มรถไถ:</b> 11_004</p><table border='1' style='border-collapse:collapse; border-color:#ccc; width:100%;'><tr><td style='padding:3px 6px; font-weight:bold; background-color:#f2f2f2;'>ปีการผลิต</td><td style='padding:3px 6px;'>257071</td></tr><tr><td style='padding:3px 6px; font-weight:bold; background-color:#f2f2f2;'>รหัสกลุ่มรถไถ</td><td style='padding:3px 6px;'>11/004</td></tr><tr><td style='padding:3px 6px; font-weight:bold; background-color:#f2f2f2;'>โควตาชาวไร่</td><td style='padding:3px 6px;'>713072</td></tr><tr><td style='padding:3px 6px; font-weight:bold; background-color:#f2f2f2;'>ชื่อ-นามสกุล</td><td style='padding:3px 6px;'>นาง ผ่องศรี จันทร์ปรุง</td></tr><tr><td style='padding:3px 6px; font-weight:bold; background-color:#f2f2f2;'>111</td><td style='padding:3px 6px;'>320511111752</td></tr><tr><td style='padding:3px 6px; font-weight:bold; background-color:#f2f2f2;'>ประเภทอ้อย</td><td style='padding:3px 6px;'>อ้อยปลายฝน</td></tr><tr><td style='padding:3px 6px; font-weight:bold; background-color:#f2f2f2;'>พื้นที่ปลูก</td><td style='padding:3px 6px;'>3.92</td></tr><tr><td style='padding:3px 6px; font-weight:bold; background-color:#f2f2f2;'>ศูนย์</td><td style='padding:3px 6px;'>K2-11</td></tr><tr><td style='padding:3px 6px; font-weight:bold; background-color:#f2f2f2;'>นักเกษตร</td><td style='padding:3px 6px;'>1103</td></tr><tr><td style='padding:3px 6px; font-weight:bold; background-color:#f2f2f2;'>กลุ่ม</td><td style='padding:3px 6px;'>กลุ่ม_11</td></tr></table></div>]]></description>
      <styleUrl>#style_11_004</styleUrl>
      <MultiGeometry><Polygon><outerBoundaryIs><LinearRing><coordinates>103.3291367,14.5643183,0 103.3281417,14.5643917,0 103.3281783,14.5649417,0 103.3285667,14.5649150,0 103.3285950,14.5651283,0 103.3288733,14.5651383,0 103.3288867,14.5648133,0 103.3289433,14.5648167,0 103.3289550,14.5644433,0 103.3291967,14.5644083,0 103.3291367,14.5643183,0</coordinates></LinearRing></outerBoundaryIs></Polygon></MultiGeometry>
    </Placemark>
    <Placemark>
      <name>320511051552</name>
      <description><![CDATA[<div style='font-family:Tahoma,sans-serif; font-size:13px;'><h3 style='color:#1565C0; margin:4px 0;'>รหัส: 320511051552</h3><p style='margin:2px 0;'><b>กลุ่มรถไถ:</b> 11_004</p><table border='1' style='border-collapse:collapse; border-color:#ccc; width:100%;'><tr><td style='padding:3px 6px; font-weight:bold; background-color:#f2f2f2;'>ปีการผลิต</td><td style='padding:3px 6px;'>257071</td></tr><tr><td style='padding:3px 6px; font-weight:bold; background-color:#f2f2f2;'>รหัสกลุ่มรถไถ</td><td style='padding:3px 6px;'>11/004</td></tr><tr><td style='padding:3px 6px; font-weight:bold; background-color:#f2f2f2;'>โควตาชาวไร่</td><td style='padding:3px 6px;'>713152</td></tr><tr><td style='padding:3px 6px; font-weight:bold; background-color:#f2f2f2;'>ชื่อ-นามสกุล</td><td style='padding:3px 6px;'>นางสาว กาญจนา จันทร์แป้น</td></tr><tr><td style='padding:3px 6px; font-weight:bold; background-color:#f2f2f2;'>111</td><td style='padding:3px 6px;'>320511051552</td></tr><tr><td style='padding:3px 6px; font-weight:bold; background-color:#f2f2f2;'>ประเภทอ้อย</td><td style='padding:3px 6px;'>อ้อยปลายฝน</td></tr><tr><td style='padding:3px 6px; font-weight:bold; background-color:#f2f2f2;'>พื้นที่ปลูก</td><td style='padding:3px 6px;'>4.9</td></tr><tr><td style='padding:3px 6px; font-weight:bold; background-color:#f2f2f2;'>ศูนย์</td><td style='padding:3px 6px;'>K2-11</td></tr><tr><td style='padding:3px 6px; font-weight:bold; background-color:#f2f2f2;'>นักเกษตร</td><td style='padding:3px 6px;'>1103</td></tr><tr><td style='padding:3px 6px; font-weight:bold; background-color:#f2f2f2;'>กลุ่ม</td><td style='padding:3px 6px;'>กลุ่ม_11</td></tr></table></div>]]></description>
      <styleUrl>#style_11_004</styleUrl>
      <MultiGeometry><Polygon><outerBoundaryIs><LinearRing><coordinates>103.3046070,14.5483520,0 103.3051379,14.5500512,0 103.3054887,14.5499632,0 103.3050073,14.5483287,0 103.3046070,14.5483520,0</coordinates></LinearRing></outerBoundaryIs></Polygon></MultiGeometry>
    </Placemark>
    <Placemark>
      <name>320511040058</name>
      <description><![CDATA[<div style='font-family:Tahoma,sans-serif; font-size:13px;'><h3 style='color:#1565C0; margin:4px 0;'>รหัส: 320511040058</h3><p style='margin:2px 0;'><b>กลุ่มรถไถ:</b> 11_004</p><table border='1' style='border-collapse:collapse; border-color:#ccc; width:100%;'><tr><td style='padding:3px 6px; font-weight:bold; background-color:#f2f2f2;'>ปีการผลิต</td><td style='padding:3px 6px;'>257071</td></tr><tr><td style='padding:3px 6px; font-weight:bold; background-color:#f2f2f2;'>รหัสกลุ่มรถไถ</td><td style='padding:3px 6px;'>11/004</td></tr><tr><td style='padding:3px 6px; font-weight:bold; background-color:#f2f2f2;'>โควตาชาวไร่</td><td style='padding:3px 6px;'>713963</td></tr><tr><td style='padding:3px 6px; font-weight:bold; background-color:#f2f2f2;'>ชื่อ-นามสกุล</td><td style='padding:3px 6px;'>นางสาว วิไล ศรีพรหม</td></tr><tr><td style='padding:3px 6px; font-weight:bold; background-color:#f2f2f2;'>111</td><td style='padding:3px 6px;'>320511040058</td></tr><tr><td style='padding:3px 6px; font-weight:bold; background-color:#f2f2f2;'>ประเภทอ้อย</td><td style='padding:3px 6px;'>อ้อยปลายฝน</td></tr><tr><td style='padding:3px 6px; font-weight:bold; background-color:#f2f2f2;'>พื้นที่ปลูก</td><td style='padding:3px 6px;'>5.24</td></tr><tr><td style='padding:3px 6px; font-weight:bold; background-color:#f2f2f2;'>ศูนย์</td><td style='padding:3px 6px;'>K2-11</td></tr><tr><td style='padding:3px 6px; font-weight:bold; background-color:#f2f2f2;'>นักเกษตร</td><td style='padding:3px 6px;'>1103</td></tr><tr><td style='padding:3px 6px; font-weight:bold; background-color:#f2f2f2;'>กลุ่ม</td><td style='padding:3px 6px;'>กลุ่ม_11</td></tr></table></div>]]></description>
      <styleUrl>#style_11_004</styleUrl>
      <MultiGeometry><Polygon><outerBoundaryIs><LinearRing><coordinates>103.3328817,14.5473100,0 103.3338967,14.5473433,0 103.3338883,14.5466517,0 103.3329800,14.5465533,0 103.3328817,14.5473100,0</coordinates></LinearRing></outerBoundaryIs></Polygon></MultiGeometry>
    </Placemark>
    <Placemark>
      <name>320511051734</name>
      <description><![CDATA[<div style='font-family:Tahoma,sans-serif; font-size:13px;'><h3 style='color:#1565C0; margin:4px 0;'>รหัส: 320511051734</h3><p style='margin:2px 0;'><b>กลุ่มรถไถ:</b> 11_004</p><table border='1' style='border-collapse:collapse; border-color:#ccc; width:100%;'><tr><td style='padding:3px 6px; font-weight:bold; background-color:#f2f2f2;'>ปีการผลิต</td><td style='padding:3px 6px;'>257071</td></tr><tr><td style='padding:3px 6px; font-weight:bold; background-color:#f2f2f2;'>รหัสกลุ่มรถไถ</td><td style='padding:3px 6px;'>11/004</td></tr><tr><td style='padding:3px 6px; font-weight:bold; background-color:#f2f2f2;'>โควตาชาวไร่</td><td style='padding:3px 6px;'>714199</td></tr><tr><td style='padding:3px 6px; font-weight:bold; background-color:#f2f2f2;'>ชื่อ-นามสกุล</td><td style='padding:3px 6px;'>นาย ยม สุดใสดี</td></tr><tr><td style='padding:3px 6px; font-weight:bold; background-color:#f2f2f2;'>111</td><td style='padding:3px 6px;'>320511051734</td></tr><tr><td style='padding:3px 6px; font-weight:bold; background-color:#f2f2f2;'>ประเภทอ้อย</td><td style='padding:3px 6px;'>อ้อยปลายฝน</td></tr><tr><td style='padding:3px 6px; font-weight:bold; background-color:#f2f2f2;'>พื้นที่ปลูก</td><td style='padding:3px 6px;'>2.07</td></tr><tr><td style='padding:3px 6px; font-weight:bold; background-color:#f2f2f2;'>ศูนย์</td><td style='padding:3px 6px;'>K2-11</td></tr><tr><td style='padding:3px 6px; font-weight:bold; background-color:#f2f2f2;'>นักเกษตร</td><td style='padding:3px 6px;'>1103</td></tr><tr><td style='padding:3px 6px; font-weight:bold; background-color:#f2f2f2;'>กลุ่ม</td><td style='padding:3px 6px;'>กลุ่ม_11</td></tr></table></div>]]></description>
      <styleUrl>#style_11_004</styleUrl>
      <MultiGeometry><Polygon><outerBoundaryIs><LinearRing><coordinates>103.2907494,14.5307340,0 103.2908825,14.5298245,0 103.2905803,14.5298022,0 103.2904531,14.5307054,0 103.2907494,14.5307340,0</coordinates></LinearRing></outerBoundaryIs></Polygon></MultiGeometry>
    </Placemark>
    <Placemark>
      <name>320511071877</name>
      <description><![CDATA[<div style='font-family:Tahoma,sans-serif; font-size:13px;'><h3 style='color:#1565C0; margin:4px 0;'>รหัส: 320511071877</h3><p style='margin:2px 0;'><b>กลุ่มรถไถ:</b> 11_004</p><table border='1' style='border-collapse:collapse; border-color:#ccc; width:100%;'><tr><td style='padding:3px 6px; font-weight:bold; background-color:#f2f2f2;'>ปีการผลิต</td><td style='padding:3px 6px;'>257071</td></tr><tr><td style='padding:3px 6px; font-weight:bold; background-color:#f2f2f2;'>รหัสกลุ่มรถไถ</td><td style='padding:3px 6px;'>11/004</td></tr><tr><td style='padding:3px 6px; font-weight:bold; background-color:#f2f2f2;'>โควตาชาวไร่</td><td style='padding:3px 6px;'>714260</td></tr><tr><td style='padding:3px 6px; font-weight:bold; background-color:#f2f2f2;'>ชื่อ-นามสกุล</td><td style='padding:3px 6px;'>นางสาว กาญจนา ใบพลูทอง</td></tr><tr><td style='padding:3px 6px; font-weight:bold; background-color:#f2f2f2;'>111</td><td style='padding:3px 6px;'>320511071877</td></tr><tr><td style='padding:3px 6px; font-weight:bold; background-color:#f2f2f2;'>ประเภทอ้อย</td><td style='padding:3px 6px;'>อ้อยปลายฝน</td></tr><tr><td style='padding:3px 6px; font-weight:bold; background-color:#f2f2f2;'>พื้นที่ปลูก</td><td style='padding:3px 6px;'>18.02</td></tr><tr><td style='padding:3px 6px; font-weight:bold; background-color:#f2f2f2;'>ศูนย์</td><td style='padding:3px 6px;'>K2-11</td></tr><tr><td style='padding:3px 6px; font-weight:bold; background-color:#f2f2f2;'>นักเกษตร</td><td style='padding:3px 6px;'>1107</td></tr><tr><td style='padding:3px 6px; font-weight:bold; background-color:#f2f2f2;'>กลุ่ม</td><td style='padding:3px 6px;'>กลุ่ม_11</td></tr></table></div>]]></description>
      <styleUrl>#style_11_004</styleUrl>
      <MultiGeometry><Polygon><outerBoundaryIs><LinearRing><coordinates>103.3018362,14.5640883,0 103.3076203,14.5621157,0 103.3075304,14.5617332,0 103.3018160,14.5636710,0 103.3018362,14.5640883,0</coordinates></LinearRing></outerBoundaryIs></Polygon></MultiGeometry>
    </Placemark>
    <Placemark>
      <name>320511041528</name>
      <description><![CDATA[<div style='font-family:Tahoma,sans-serif; font-size:13px;'><h3 style='color:#1565C0; margin:4px 0;'>รหัส: 320511041528</h3><p style='margin:2px 0;'><b>กลุ่มรถไถ:</b> 11_004</p><table border='1' style='border-collapse:collapse; border-color:#ccc; width:100%;'><tr><td style='padding:3px 6px; font-weight:bold; background-color:#f2f2f2;'>ปีการผลิต</td><td style='padding:3px 6px;'>257071</td></tr><tr><td style='padding:3px 6px; font-weight:bold; background-color:#f2f2f2;'>รหัสกลุ่มรถไถ</td><td style='padding:3px 6px;'>11/004</td></tr><tr><td style='padding:3px 6px; font-weight:bold; background-color:#f2f2f2;'>โควตาชาวไร่</td><td style='padding:3px 6px;'>714265</td></tr><tr><td style='padding:3px 6px; font-weight:bold; background-color:#f2f2f2;'>ชื่อ-นามสกุล</td><td style='padding:3px 6px;'>นางสาว ธิติสุดา พริ้งเพราะ</td></tr><tr><td style='padding:3px 6px; font-weight:bold; background-color:#f2f2f2;'>111</td><td style='padding:3px 6px;'>320511041528</td></tr><tr><td style='padding:3px 6px; font-weight:bold; background-color:#f2f2f2;'>ประเภทอ้อย</td><td style='padding:3px 6px;'>อ้อยปลายฝน</td></tr><tr><td style='padding:3px 6px; font-weight:bold; background-color:#f2f2f2;'>พื้นที่ปลูก</td><td style='padding:3px 6px;'>1.98</td></tr><tr><td style='padding:3px 6px; font-weight:bold; background-color:#f2f2f2;'>ศูนย์</td><td style='padding:3px 6px;'>K2-11</td></tr><tr><td style='padding:3px 6px; font-weight:bold; background-color:#f2f2f2;'>นักเกษตร</td><td style='padding:3px 6px;'>1103</td></tr><tr><td style='padding:3px 6px; font-weight:bold; background-color:#f2f2f2;'>กลุ่ม</td><td style='padding:3px 6px;'>กลุ่ม_11</td></tr></table></div>]]></description>
      <styleUrl>#style_11_004</styleUrl>
      <MultiGeometry><Polygon><outerBoundaryIs><LinearRing><coordinates>103.3162170,14.5515932,0 103.3155172,14.5516100,0 103.3155196,14.5519771,0 103.3162604,14.5519590,0 103.3162170,14.5515932,0</coordinates></LinearRing></outerBoundaryIs></Polygon></MultiGeometry>
    </Placemark>
    <Placemark>
      <name>320511071598</name>
      <description><![CDATA[<div style='font-family:Tahoma,sans-serif; font-size:13px;'><h3 style='color:#1565C0; margin:4px 0;'>รหัส: 320511071598</h3><p style='margin:2px 0;'><b>กลุ่มรถไถ:</b> 11_004</p><table border='1' style='border-collapse:collapse; border-color:#ccc; width:100%;'><tr><td style='padding:3px 6px; font-weight:bold; background-color:#f2f2f2;'>ปีการผลิต</td><td style='padding:3px 6px;'>257071</td></tr><tr><td style='padding:3px 6px; font-weight:bold; background-color:#f2f2f2;'>รหัสกลุ่มรถไถ</td><td style='padding:3px 6px;'>11/004</td></tr><tr><td style='padding:3px 6px; font-weight:bold; background-color:#f2f2f2;'>โควตาชาวไร่</td><td style='padding:3px 6px;'>714312</td></tr><tr><td style='padding:3px 6px; font-weight:bold; background-color:#f2f2f2;'>ชื่อ-นามสกุล</td><td style='padding:3px 6px;'>นางสาว โสภิดา สกุลซ้ง</td></tr><tr><td style='padding:3px 6px; font-weight:bold; background-color:#f2f2f2;'>111</td><td style='padding:3px 6px;'>320511071598</td></tr><tr><td style='padding:3px 6px; font-weight:bold; background-color:#f2f2f2;'>ประเภทอ้อย</td><td style='padding:3px 6px;'>อ้อยปลายฝน</td></tr><tr><td style='padding:3px 6px; font-weight:bold; background-color:#f2f2f2;'>พื้นที่ปลูก</td><td style='padding:3px 6px;'>5.81</td></tr><tr><td style='padding:3px 6px; font-weight:bold; background-color:#f2f2f2;'>ศูนย์</td><td style='padding:3px 6px;'>K2-11</td></tr><tr><td style='padding:3px 6px; font-weight:bold; background-color:#f2f2f2;'>นักเกษตร</td><td style='padding:3px 6px;'>1103</td></tr><tr><td style='padding:3px 6px; font-weight:bold; background-color:#f2f2f2;'>กลุ่ม</td><td style='padding:3px 6px;'>กลุ่ม_11</td></tr></table></div>]]></description>
      <styleUrl>#style_11_004</styleUrl>
      <MultiGeometry><Polygon><outerBoundaryIs><LinearRing><coordinates>103.2973217,14.5736200,0 103.2999300,14.5732633,0 103.2998700,14.5729350,0 103.2972800,14.5733667,0 103.2973217,14.5736200,0</coordinates></LinearRing></outerBoundaryIs></Polygon></MultiGeometry>
    </Placemark>
    <Placemark>
      <name>320511121647</name>
      <description><![CDATA[<div style='font-family:Tahoma,sans-serif; font-size:13px;'><h3 style='color:#1565C0; margin:4px 0;'>รหัส: 320511121647</h3><p style='margin:2px 0;'><b>กลุ่มรถไถ:</b> 11_004</p><table border='1' style='border-collapse:collapse; border-color:#ccc; width:100%;'><tr><td style='padding:3px 6px; font-weight:bold; background-color:#f2f2f2;'>ปีการผลิต</td><td style='padding:3px 6px;'>257071</td></tr><tr><td style='padding:3px 6px; font-weight:bold; background-color:#f2f2f2;'>รหัสกลุ่มรถไถ</td><td style='padding:3px 6px;'>11/004</td></tr><tr><td style='padding:3px 6px; font-weight:bold; background-color:#f2f2f2;'>โควตาชาวไร่</td><td style='padding:3px 6px;'>714329</td></tr><tr><td style='padding:3px 6px; font-weight:bold; background-color:#f2f2f2;'>ชื่อ-นามสกุล</td><td style='padding:3px 6px;'>นาย ศิวพล สมบูรณ์</td></tr><tr><td style='padding:3px 6px; font-weight:bold; background-color:#f2f2f2;'>111</td><td style='padding:3px 6px;'>320511121647</td></tr><tr><td style='padding:3px 6px; font-weight:bold; background-color:#f2f2f2;'>ประเภทอ้อย</td><td style='padding:3px 6px;'>อ้อยปลายฝน</td></tr><tr><td style='padding:3px 6px; font-weight:bold; background-color:#f2f2f2;'>พื้นที่ปลูก</td><td style='padding:3px 6px;'>7.06</td></tr><tr><td style='padding:3px 6px; font-weight:bold; background-color:#f2f2f2;'>ศูนย์</td><td style='padding:3px 6px;'>K2-11</td></tr><tr><td style='padding:3px 6px; font-weight:bold; background-color:#f2f2f2;'>นักเกษตร</td><td style='padding:3px 6px;'>1103</td></tr><tr><td style='padding:3px 6px; font-weight:bold; background-color:#f2f2f2;'>กลุ่ม</td><td style='padding:3px 6px;'>กลุ่ม_11</td></tr></table></div>]]></description>
      <styleUrl>#style_11_004</styleUrl>
      <MultiGeometry><Polygon><outerBoundaryIs><LinearRing><coordinates>103.3340481,14.5365897,0 103.3341464,14.5359458,0 103.3333790,14.5357511,0 103.3328765,14.5357126,0 103.3329163,14.5365755,0 103.3340481,14.5365897,0</coordinates></LinearRing></outerBoundaryIs></Polygon></MultiGeometry>
    </Placemark>
    <Placemark>
      <name>321403011558</name>
      <description><![CDATA[<div style='font-family:Tahoma,sans-serif; font-size:13px;'><h3 style='color:#1565C0; margin:4px 0;'>รหัส: 321403011558</h3><p style='margin:2px 0;'><b>กลุ่มรถไถ:</b> 11_004</p><table border='1' style='border-collapse:collapse; border-color:#ccc; width:100%;'><tr><td style='padding:3px 6px; font-weight:bold; background-color:#f2f2f2;'>ปีการผลิต</td><td style='padding:3px 6px;'>257071</td></tr><tr><td style='padding:3px 6px; font-weight:bold; background-color:#f2f2f2;'>รหัสกลุ่มรถไถ</td><td style='padding:3px 6px;'>11/004</td></tr><tr><td style='padding:3px 6px; font-weight:bold; background-color:#f2f2f2;'>โควตาชาวไร่</td><td style='padding:3px 6px;'>714332</td></tr><tr><td style='padding:3px 6px; font-weight:bold; background-color:#f2f2f2;'>ชื่อ-นามสกุล</td><td style='padding:3px 6px;'>นาย ประพันธ์ ลายสนธิ์</td></tr><tr><td style='padding:3px 6px; font-weight:bold; background-color:#f2f2f2;'>111</td><td style='padding:3px 6px;'>321403011558</td></tr><tr><td style='padding:3px 6px; font-weight:bold; background-color:#f2f2f2;'>ประเภทอ้อย</td><td style='padding:3px 6px;'>อ้อยปลายฝน</td></tr><tr><td style='padding:3px 6px; font-weight:bold; background-color:#f2f2f2;'>พื้นที่ปลูก</td><td style='padding:3px 6px;'>9.91</td></tr><tr><td style='padding:3px 6px; font-weight:bold; background-color:#f2f2f2;'>ศูนย์</td><td style='padding:3px 6px;'>K2-11</td></tr><tr><td style='padding:3px 6px; font-weight:bold; background-color:#f2f2f2;'>นักเกษตร</td><td style='padding:3px 6px;'>1103</td></tr><tr><td style='padding:3px 6px; font-weight:bold; background-color:#f2f2f2;'>กลุ่ม</td><td style='padding:3px 6px;'>กลุ่ม_11</td></tr></table></div>]]></description>
      <styleUrl>#style_11_004</styleUrl>
      <MultiGeometry><Polygon><outerBoundaryIs><LinearRing><coordinates>103.3059600,14.5073283,0 103.3094850,14.5071200,0 103.3093883,14.5067183,0 103.3058583,14.5069933,0 103.3059600,14.5073283,0</coordinates></LinearRing></outerBoundaryIs></Polygon></MultiGeometry>
    </Placemark>
    <Placemark>
      <name>320511041836</name>
      <description><![CDATA[<div style='font-family:Tahoma,sans-serif; font-size:13px;'><h3 style='color:#1565C0; margin:4px 0;'>รหัส: 320511041836</h3><p style='margin:2px 0;'><b>กลุ่มรถไถ:</b> 11_004</p><table border='1' style='border-collapse:collapse; border-color:#ccc; width:100%;'><tr><td style='padding:3px 6px; font-weight:bold; background-color:#f2f2f2;'>ปีการผลิต</td><td style='padding:3px 6px;'>257071</td></tr><tr><td style='padding:3px 6px; font-weight:bold; background-color:#f2f2f2;'>รหัสกลุ่มรถไถ</td><td style='padding:3px 6px;'>11/004</td></tr><tr><td style='padding:3px 6px; font-weight:bold; background-color:#f2f2f2;'>โควตาชาวไร่</td><td style='padding:3px 6px;'>714443</td></tr><tr><td style='padding:3px 6px; font-weight:bold; background-color:#f2f2f2;'>ชื่อ-นามสกุล</td><td style='padding:3px 6px;'>นาย สิทธิพงษ์ เพ็ชรใสดี</td></tr><tr><td style='padding:3px 6px; font-weight:bold; background-color:#f2f2f2;'>111</td><td style='padding:3px 6px;'>320511041836</td></tr><tr><td style='padding:3px 6px; font-weight:bold; background-color:#f2f2f2;'>ประเภทอ้อย</td><td style='padding:3px 6px;'>อ้อยปลายฝน</td></tr><tr><td style='padding:3px 6px; font-weight:bold; background-color:#f2f2f2;'>พื้นที่ปลูก</td><td style='padding:3px 6px;'>7.12</td></tr><tr><td style='padding:3px 6px; font-weight:bold; background-color:#f2f2f2;'>ศูนย์</td><td style='padding:3px 6px;'>K2-11</td></tr><tr><td style='padding:3px 6px; font-weight:bold; background-color:#f2f2f2;'>นักเกษตร</td><td style='padding:3px 6px;'>1103</td></tr><tr><td style='padding:3px 6px; font-weight:bold; background-color:#f2f2f2;'>กลุ่ม</td><td style='padding:3px 6px;'>กลุ่ม_11</td></tr></table></div>]]></description>
      <styleUrl>#style_11_004</styleUrl>
      <MultiGeometry><Polygon><outerBoundaryIs><LinearRing><coordinates>103.3161517,14.5512333,0 103.3160633,14.5506600,0 103.3138750,14.5506900,0 103.3138733,14.5508433,0 103.3146433,14.5508350,0 103.3147117,14.5511617,0 103.3147733,14.5511600,0 103.3147500,14.5512717,0 103.3161517,14.5512333,0</coordinates></LinearRing></outerBoundaryIs></Polygon></MultiGeometry>
    </Placemark>
    <Placemark>
      <name>321403011735</name>
      <description><![CDATA[<div style='font-family:Tahoma,sans-serif; font-size:13px;'><h3 style='color:#1565C0; margin:4px 0;'>รหัส: 321403011735</h3><p style='margin:2px 0;'><b>กลุ่มรถไถ:</b> 11_004</p><table border='1' style='border-collapse:collapse; border-color:#ccc; width:100%;'><tr><td style='padding:3px 6px; font-weight:bold; background-color:#f2f2f2;'>ปีการผลิต</td><td style='padding:3px 6px;'>257071</td></tr><tr><td style='padding:3px 6px; font-weight:bold; background-color:#f2f2f2;'>รหัสกลุ่มรถไถ</td><td style='padding:3px 6px;'>11/004</td></tr><tr><td style='padding:3px 6px; font-weight:bold; background-color:#f2f2f2;'>โควตาชาวไร่</td><td style='padding:3px 6px;'>714474</td></tr><tr><td style='padding:3px 6px; font-weight:bold; background-color:#f2f2f2;'>ชื่อ-นามสกุล</td><td style='padding:3px 6px;'>นางสาว ศิริรัตน์ แจ่มใส</td></tr><tr><td style='padding:3px 6px; font-weight:bold; background-color:#f2f2f2;'>111</td><td style='padding:3px 6px;'>321403011735</td></tr><tr><td style='padding:3px 6px; font-weight:bold; background-color:#f2f2f2;'>ประเภทอ้อย</td><td style='padding:3px 6px;'>อ้อยปลายฝน</td></tr><tr><td style='padding:3px 6px; font-weight:bold; background-color:#f2f2f2;'>พื้นที่ปลูก</td><td style='padding:3px 6px;'>17.89</td></tr><tr><td style='padding:3px 6px; font-weight:bold; background-color:#f2f2f2;'>ศูนย์</td><td style='padding:3px 6px;'>K2-11</td></tr><tr><td style='padding:3px 6px; font-weight:bold; background-color:#f2f2f2;'>นักเกษตร</td><td style='padding:3px 6px;'>1103</td></tr><tr><td style='padding:3px 6px; font-weight:bold; background-color:#f2f2f2;'>กลุ่ม</td><td style='padding:3px 6px;'>กลุ่ม_11</td></tr></table></div>]]></description>
      <styleUrl>#style_11_004</styleUrl>
      <MultiGeometry><Polygon><outerBoundaryIs><LinearRing><coordinates>103.2795150,14.4891467,0 103.2786117,14.4867500,0 103.2782117,14.4853800,0 103.2781633,14.4851600,0 103.2778500,14.4851933,0 103.2776467,14.4851983,0 103.2774200,14.4852300,0 103.2775050,14.4854700,0 103.2783467,14.4875767,0 103.2790583,14.4892150,0 103.2792600,14.4891750,0 103.2795150,14.4891467,0</coordinates></LinearRing></outerBoundaryIs></Polygon></MultiGeometry>
    </Placemark>
  </Folder>
  <Style id="style_11_006">
    <LineStyle>
      <color>ff7B8900</color>
      <width>2.0</width>
    </LineStyle>
    <PolyStyle>
      <color>b37B8900</color>
    </PolyStyle>
  </Style>
  <Folder>
    <name>11_006</name>
    <Placemark>
      <name>320514051781</name>
      <description><![CDATA[<div style='font-family:Tahoma,sans-serif; font-size:13px;'><h3 style='color:#1565C0; margin:4px 0;'>รหัส: 320514051781</h3><p style='margin:2px 0;'><b>กลุ่มรถไถ:</b> 11_006</p><table border='1' style='border-collapse:collapse; border-color:#ccc; width:100%;'><tr><td style='padding:3px 6px; font-weight:bold; background-color:#f2f2f2;'>ปีการผลิต</td><td style='padding:3px 6px;'>257071</td></tr><tr><td style='padding:3px 6px; font-weight:bold; background-color:#f2f2f2;'>รหัสกลุ่มรถไถ</td><td style='padding:3px 6px;'>11/006</td></tr><tr><td style='padding:3px 6px; font-weight:bold; background-color:#f2f2f2;'>โควตาชาวไร่</td><td style='padding:3px 6px;'>710387</td></tr><tr><td style='padding:3px 6px; font-weight:bold; background-color:#f2f2f2;'>ชื่อ-นามสกุล</td><td style='padding:3px 6px;'>นางสาว วรุนยุพา สาแก้ว</td></tr><tr><td style='padding:3px 6px; font-weight:bold; background-color:#f2f2f2;'>111</td><td style='padding:3px 6px;'>320514051781</td></tr><tr><td style='padding:3px 6px; font-weight:bold; background-color:#f2f2f2;'>ประเภทอ้อย</td><td style='padding:3px 6px;'>อ้อยปลายฝน</td></tr><tr><td style='padding:3px 6px; font-weight:bold; background-color:#f2f2f2;'>พื้นที่ปลูก</td><td style='padding:3px 6px;'>5.82</td></tr><tr><td style='padding:3px 6px; font-weight:bold; background-color:#f2f2f2;'>ศูนย์</td><td style='padding:3px 6px;'>K2-11</td></tr><tr><td style='padding:3px 6px; font-weight:bold; background-color:#f2f2f2;'>นักเกษตร</td><td style='padding:3px 6px;'>1104</td></tr><tr><td style='padding:3px 6px; font-weight:bold; background-color:#f2f2f2;'>กลุ่ม</td><td style='padding:3px 6px;'>กลุ่ม_11</td></tr></table></div>]]></description>
      <styleUrl>#style_11_006</styleUrl>
      <MultiGeometry><Polygon><outerBoundaryIs><LinearRing><coordinates>103.2476422,14.5913496,0 103.2459738,14.5913757,0 103.2460000,14.5918818,0 103.2468932,14.5918650,0 103.2469099,14.5917948,0 103.2476088,14.5917871,0 103.2476422,14.5913496,0</coordinates></LinearRing></outerBoundaryIs></Polygon></MultiGeometry>
    </Placemark>
    <Placemark>
      <name>320511031587</name>
      <description><![CDATA[<div style='font-family:Tahoma,sans-serif; font-size:13px;'><h3 style='color:#1565C0; margin:4px 0;'>รหัส: 320511031587</h3><p style='margin:2px 0;'><b>กลุ่มรถไถ:</b> 11_006</p><table border='1' style='border-collapse:collapse; border-color:#ccc; width:100%;'><tr><td style='padding:3px 6px; font-weight:bold; background-color:#f2f2f2;'>ปีการผลิต</td><td style='padding:3px 6px;'>257071</td></tr><tr><td style='padding:3px 6px; font-weight:bold; background-color:#f2f2f2;'>รหัสกลุ่มรถไถ</td><td style='padding:3px 6px;'>11/006</td></tr><tr><td style='padding:3px 6px; font-weight:bold; background-color:#f2f2f2;'>โควตาชาวไร่</td><td style='padding:3px 6px;'>710677</td></tr><tr><td style='padding:3px 6px; font-weight:bold; background-color:#f2f2f2;'>ชื่อ-นามสกุล</td><td style='padding:3px 6px;'>นาย สุพาส เติมสุข</td></tr><tr><td style='padding:3px 6px; font-weight:bold; background-color:#f2f2f2;'>111</td><td style='padding:3px 6px;'>320511031587</td></tr><tr><td style='padding:3px 6px; font-weight:bold; background-color:#f2f2f2;'>ประเภทอ้อย</td><td style='padding:3px 6px;'>อ้อยปลายฝน</td></tr><tr><td style='padding:3px 6px; font-weight:bold; background-color:#f2f2f2;'>พื้นที่ปลูก</td><td style='padding:3px 6px;'>6.83</td></tr><tr><td style='padding:3px 6px; font-weight:bold; background-color:#f2f2f2;'>ศูนย์</td><td style='padding:3px 6px;'>K2-11</td></tr><tr><td style='padding:3px 6px; font-weight:bold; background-color:#f2f2f2;'>นักเกษตร</td><td style='padding:3px 6px;'>1104</td></tr><tr><td style='padding:3px 6px; font-weight:bold; background-color:#f2f2f2;'>กลุ่ม</td><td style='padding:3px 6px;'>กลุ่ม_11</td></tr></table></div>]]></description>
      <styleUrl>#style_11_006</styleUrl>
      <MultiGeometry><Polygon><outerBoundaryIs><LinearRing><coordinates>103.2220693,14.5742660,0 103.2220791,14.5747130,0 103.2241908,14.5747347,0 103.2242082,14.5743235,0 103.2220693,14.5742660,0</coordinates></LinearRing></outerBoundaryIs></Polygon></MultiGeometry>
    </Placemark>
    <Placemark>
      <name>320511091577</name>
      <description><![CDATA[<div style='font-family:Tahoma,sans-serif; font-size:13px;'><h3 style='color:#1565C0; margin:4px 0;'>รหัส: 320511091577</h3><p style='margin:2px 0;'><b>กลุ่มรถไถ:</b> 11_006</p><table border='1' style='border-collapse:collapse; border-color:#ccc; width:100%;'><tr><td style='padding:3px 6px; font-weight:bold; background-color:#f2f2f2;'>ปีการผลิต</td><td style='padding:3px 6px;'>257071</td></tr><tr><td style='padding:3px 6px; font-weight:bold; background-color:#f2f2f2;'>รหัสกลุ่มรถไถ</td><td style='padding:3px 6px;'>11/006</td></tr><tr><td style='padding:3px 6px; font-weight:bold; background-color:#f2f2f2;'>โควตาชาวไร่</td><td style='padding:3px 6px;'>710872</td></tr><tr><td style='padding:3px 6px; font-weight:bold; background-color:#f2f2f2;'>ชื่อ-นามสกุล</td><td style='padding:3px 6px;'>นาง อ้วน กิ่งแก้ว</td></tr><tr><td style='padding:3px 6px; font-weight:bold; background-color:#f2f2f2;'>111</td><td style='padding:3px 6px;'>320511091577</td></tr><tr><td style='padding:3px 6px; font-weight:bold; background-color:#f2f2f2;'>ประเภทอ้อย</td><td style='padding:3px 6px;'>อ้อยปลายฝน</td></tr><tr><td style='padding:3px 6px; font-weight:bold; background-color:#f2f2f2;'>พื้นที่ปลูก</td><td style='padding:3px 6px;'>2.12</td></tr><tr><td style='padding:3px 6px; font-weight:bold; background-color:#f2f2f2;'>ศูนย์</td><td style='padding:3px 6px;'>K2-11</td></tr><tr><td style='padding:3px 6px; font-weight:bold; background-color:#f2f2f2;'>นักเกษตร</td><td style='padding:3px 6px;'>1104</td></tr><tr><td style='padding:3px 6px; font-weight:bold; background-color:#f2f2f2;'>กลุ่ม</td><td style='padding:3px 6px;'>กลุ่ม_11</td></tr></table></div>]]></description>
      <styleUrl>#style_11_006</styleUrl>
      <MultiGeometry><Polygon><outerBoundaryIs><LinearRing><coordinates>103.2405029,14.5455982,0 103.2408819,14.5455850,0 103.2408832,14.5448518,0 103.2404947,14.5448593,0 103.2405029,14.5455982,0</coordinates></LinearRing></outerBoundaryIs></Polygon></MultiGeometry>
    </Placemark>
    <Placemark>
      <name>320511091502</name>
      <description><![CDATA[<div style='font-family:Tahoma,sans-serif; font-size:13px;'><h3 style='color:#1565C0; margin:4px 0;'>รหัส: 320511091502</h3><p style='margin:2px 0;'><b>กลุ่มรถไถ:</b> 11_006</p><table border='1' style='border-collapse:collapse; border-color:#ccc; width:100%;'><tr><td style='padding:3px 6px; font-weight:bold; background-color:#f2f2f2;'>ปีการผลิต</td><td style='padding:3px 6px;'>257071</td></tr><tr><td style='padding:3px 6px; font-weight:bold; background-color:#f2f2f2;'>รหัสกลุ่มรถไถ</td><td style='padding:3px 6px;'>11/006</td></tr><tr><td style='padding:3px 6px; font-weight:bold; background-color:#f2f2f2;'>โควตาชาวไร่</td><td style='padding:3px 6px;'>710907</td></tr><tr><td style='padding:3px 6px; font-weight:bold; background-color:#f2f2f2;'>ชื่อ-นามสกุล</td><td style='padding:3px 6px;'>นาย ชวน กิ่งแก้ว</td></tr><tr><td style='padding:3px 6px; font-weight:bold; background-color:#f2f2f2;'>111</td><td style='padding:3px 6px;'>320511091502</td></tr><tr><td style='padding:3px 6px; font-weight:bold; background-color:#f2f2f2;'>ประเภทอ้อย</td><td style='padding:3px 6px;'>อ้อยปลายฝน</td></tr><tr><td style='padding:3px 6px; font-weight:bold; background-color:#f2f2f2;'>พื้นที่ปลูก</td><td style='padding:3px 6px;'>7.62</td></tr><tr><td style='padding:3px 6px; font-weight:bold; background-color:#f2f2f2;'>ศูนย์</td><td style='padding:3px 6px;'>K2-11</td></tr><tr><td style='padding:3px 6px; font-weight:bold; background-color:#f2f2f2;'>นักเกษตร</td><td style='padding:3px 6px;'>1104</td></tr><tr><td style='padding:3px 6px; font-weight:bold; background-color:#f2f2f2;'>กลุ่ม</td><td style='padding:3px 6px;'>กลุ่ม_11</td></tr></table></div>]]></description>
      <styleUrl>#style_11_006</styleUrl>
      <MultiGeometry><Polygon><outerBoundaryIs><LinearRing><coordinates>103.2334186,14.5467735,0 103.2351261,14.5463386,0 103.2351065,14.5460006,0 103.2347326,14.5460009,0 103.2346233,14.5458447,0 103.2332811,14.5461554,0 103.2334186,14.5467735,0</coordinates></LinearRing></outerBoundaryIs></Polygon></MultiGeometry>
    </Placemark>
    <Placemark>
      <name>320511071661</name>
      <description><![CDATA[<div style='font-family:Tahoma,sans-serif; font-size:13px;'><h3 style='color:#1565C0; margin:4px 0;'>รหัส: 320511071661</h3><p style='margin:2px 0;'><b>กลุ่มรถไถ:</b> 11_006</p><table border='1' style='border-collapse:collapse; border-color:#ccc; width:100%;'><tr><td style='padding:3px 6px; font-weight:bold; background-color:#f2f2f2;'>ปีการผลิต</td><td style='padding:3px 6px;'>257071</td></tr><tr><td style='padding:3px 6px; font-weight:bold; background-color:#f2f2f2;'>รหัสกลุ่มรถไถ</td><td style='padding:3px 6px;'>11/006</td></tr><tr><td style='padding:3px 6px; font-weight:bold; background-color:#f2f2f2;'>โควตาชาวไร่</td><td style='padding:3px 6px;'>710917</td></tr><tr><td style='padding:3px 6px; font-weight:bold; background-color:#f2f2f2;'>ชื่อ-นามสกุล</td><td style='padding:3px 6px;'>นาย บุญสร้าง งามงอน</td></tr><tr><td style='padding:3px 6px; font-weight:bold; background-color:#f2f2f2;'>111</td><td style='padding:3px 6px;'>320511071661</td></tr><tr><td style='padding:3px 6px; font-weight:bold; background-color:#f2f2f2;'>ประเภทอ้อย</td><td style='padding:3px 6px;'>อ้อยปลายฝน</td></tr><tr><td style='padding:3px 6px; font-weight:bold; background-color:#f2f2f2;'>พื้นที่ปลูก</td><td style='padding:3px 6px;'>8.73</td></tr><tr><td style='padding:3px 6px; font-weight:bold; background-color:#f2f2f2;'>ศูนย์</td><td style='padding:3px 6px;'>K2-11</td></tr><tr><td style='padding:3px 6px; font-weight:bold; background-color:#f2f2f2;'>นักเกษตร</td><td style='padding:3px 6px;'>1104</td></tr><tr><td style='padding:3px 6px; font-weight:bold; background-color:#f2f2f2;'>กลุ่ม</td><td style='padding:3px 6px;'>กลุ่ม_11</td></tr></table></div>]]></description>
      <styleUrl>#style_11_006</styleUrl>
      <MultiGeometry><Polygon><outerBoundaryIs><LinearRing><coordinates>103.2957240,14.5787273,0 103.2952501,14.5788311,0 103.2952130,14.5812480,0 103.2956917,14.5812160,0 103.2957240,14.5787273,0</coordinates></LinearRing></outerBoundaryIs></Polygon></MultiGeometry>
    </Placemark>
    <Placemark>
      <name>320514050025</name>
      <description><![CDATA[<div style='font-family:Tahoma,sans-serif; font-size:13px;'><h3 style='color:#1565C0; margin:4px 0;'>รหัส: 320514050025</h3><p style='margin:2px 0;'><b>กลุ่มรถไถ:</b> 11_006</p><table border='1' style='border-collapse:collapse; border-color:#ccc; width:100%;'><tr><td style='padding:3px 6px; font-weight:bold; background-color:#f2f2f2;'>ปีการผลิต</td><td style='padding:3px 6px;'>257071</td></tr><tr><td style='padding:3px 6px; font-weight:bold; background-color:#f2f2f2;'>รหัสกลุ่มรถไถ</td><td style='padding:3px 6px;'>11/006</td></tr><tr><td style='padding:3px 6px; font-weight:bold; background-color:#f2f2f2;'>โควตาชาวไร่</td><td style='padding:3px 6px;'>710970</td></tr><tr><td style='padding:3px 6px; font-weight:bold; background-color:#f2f2f2;'>ชื่อ-นามสกุล</td><td style='padding:3px 6px;'>นาย บุญมี สาแก้ว</td></tr><tr><td style='padding:3px 6px; font-weight:bold; background-color:#f2f2f2;'>111</td><td style='padding:3px 6px;'>320514050025</td></tr><tr><td style='padding:3px 6px; font-weight:bold; background-color:#f2f2f2;'>ประเภทอ้อย</td><td style='padding:3px 6px;'>อ้อยปลายฝน</td></tr><tr><td style='padding:3px 6px; font-weight:bold; background-color:#f2f2f2;'>พื้นที่ปลูก</td><td style='padding:3px 6px;'>5.35</td></tr><tr><td style='padding:3px 6px; font-weight:bold; background-color:#f2f2f2;'>ศูนย์</td><td style='padding:3px 6px;'>K2-11</td></tr><tr><td style='padding:3px 6px; font-weight:bold; background-color:#f2f2f2;'>นักเกษตร</td><td style='padding:3px 6px;'>1104</td></tr><tr><td style='padding:3px 6px; font-weight:bold; background-color:#f2f2f2;'>กลุ่ม</td><td style='padding:3px 6px;'>กลุ่ม_11</td></tr></table></div>]]></description>
      <styleUrl>#style_11_006</styleUrl>
      <MultiGeometry><Polygon><outerBoundaryIs><LinearRing><coordinates>103.2491191,14.5844297,0 103.2512799,14.5843219,0 103.2512706,14.5840103,0 103.2491240,14.5840783,0 103.2491191,14.5844297,0</coordinates></LinearRing></outerBoundaryIs></Polygon></MultiGeometry>
    </Placemark>
    <Placemark>
      <name>320504161849</name>
      <description><![CDATA[<div style='font-family:Tahoma,sans-serif; font-size:13px;'><h3 style='color:#1565C0; margin:4px 0;'>รหัส: 320504161849</h3><p style='margin:2px 0;'><b>กลุ่มรถไถ:</b> 11_006</p><table border='1' style='border-collapse:collapse; border-color:#ccc; width:100%;'><tr><td style='padding:3px 6px; font-weight:bold; background-color:#f2f2f2;'>ปีการผลิต</td><td style='padding:3px 6px;'>257071</td></tr><tr><td style='padding:3px 6px; font-weight:bold; background-color:#f2f2f2;'>รหัสกลุ่มรถไถ</td><td style='padding:3px 6px;'>11/006</td></tr><tr><td style='padding:3px 6px; font-weight:bold; background-color:#f2f2f2;'>โควตาชาวไร่</td><td style='padding:3px 6px;'>711278</td></tr><tr><td style='padding:3px 6px; font-weight:bold; background-color:#f2f2f2;'>ชื่อ-นามสกุล</td><td style='padding:3px 6px;'>นาง กลอย หอมนวน</td></tr><tr><td style='padding:3px 6px; font-weight:bold; background-color:#f2f2f2;'>111</td><td style='padding:3px 6px;'>320504161849</td></tr><tr><td style='padding:3px 6px; font-weight:bold; background-color:#f2f2f2;'>ประเภทอ้อย</td><td style='padding:3px 6px;'>อ้อยปลายฝน</td></tr><tr><td style='padding:3px 6px; font-weight:bold; background-color:#f2f2f2;'>พื้นที่ปลูก</td><td style='padding:3px 6px;'>2.52</td></tr><tr><td style='padding:3px 6px; font-weight:bold; background-color:#f2f2f2;'>ศูนย์</td><td style='padding:3px 6px;'>K2-11</td></tr><tr><td style='padding:3px 6px; font-weight:bold; background-color:#f2f2f2;'>นักเกษตร</td><td style='padding:3px 6px;'>1104</td></tr><tr><td style='padding:3px 6px; font-weight:bold; background-color:#f2f2f2;'>กลุ่ม</td><td style='padding:3px 6px;'>กลุ่ม_11</td></tr></table></div>]]></description>
      <styleUrl>#style_11_006</styleUrl>
      <MultiGeometry><Polygon><outerBoundaryIs><LinearRing><coordinates>103.3077800,14.5917617,0 103.3078867,14.5913333,0 103.3071133,14.5913000,0 103.3071000,14.5918017,0 103.3077800,14.5917617,0</coordinates></LinearRing></outerBoundaryIs></Polygon></MultiGeometry>
    </Placemark>
    <Placemark>
      <name>320514011531</name>
      <description><![CDATA[<div style='font-family:Tahoma,sans-serif; font-size:13px;'><h3 style='color:#1565C0; margin:4px 0;'>รหัส: 320514011531</h3><p style='margin:2px 0;'><b>กลุ่มรถไถ:</b> 11_006</p><table border='1' style='border-collapse:collapse; border-color:#ccc; width:100%;'><tr><td style='padding:3px 6px; font-weight:bold; background-color:#f2f2f2;'>ปีการผลิต</td><td style='padding:3px 6px;'>257071</td></tr><tr><td style='padding:3px 6px; font-weight:bold; background-color:#f2f2f2;'>รหัสกลุ่มรถไถ</td><td style='padding:3px 6px;'>11/006</td></tr><tr><td style='padding:3px 6px; font-weight:bold; background-color:#f2f2f2;'>โควตาชาวไร่</td><td style='padding:3px 6px;'>711433</td></tr><tr><td style='padding:3px 6px; font-weight:bold; background-color:#f2f2f2;'>ชื่อ-นามสกุล</td><td style='padding:3px 6px;'>นาง ยุพิน เขาแก้ว</td></tr><tr><td style='padding:3px 6px; font-weight:bold; background-color:#f2f2f2;'>111</td><td style='padding:3px 6px;'>320514011531</td></tr><tr><td style='padding:3px 6px; font-weight:bold; background-color:#f2f2f2;'>ประเภทอ้อย</td><td style='padding:3px 6px;'>อ้อยปลายฝน</td></tr><tr><td style='padding:3px 6px; font-weight:bold; background-color:#f2f2f2;'>พื้นที่ปลูก</td><td style='padding:3px 6px;'>9.09</td></tr><tr><td style='padding:3px 6px; font-weight:bold; background-color:#f2f2f2;'>ศูนย์</td><td style='padding:3px 6px;'>K2-11</td></tr><tr><td style='padding:3px 6px; font-weight:bold; background-color:#f2f2f2;'>นักเกษตร</td><td style='padding:3px 6px;'>1104</td></tr><tr><td style='padding:3px 6px; font-weight:bold; background-color:#f2f2f2;'>กลุ่ม</td><td style='padding:3px 6px;'>กลุ่ม_11</td></tr></table></div>]]></description>
      <styleUrl>#style_11_006</styleUrl>
      <MultiGeometry><Polygon><outerBoundaryIs><LinearRing><coordinates>103.2734564,14.6251462,0 103.2728412,14.6220567,0 103.2725127,14.6221505,0 103.2729861,14.6250918,0 103.2734564,14.6251462,0</coordinates></LinearRing></outerBoundaryIs></Polygon></MultiGeometry>
    </Placemark>
    <Placemark>
      <name>320514011532</name>
      <description><![CDATA[<div style='font-family:Tahoma,sans-serif; font-size:13px;'><h3 style='color:#1565C0; margin:4px 0;'>รหัส: 320514011532</h3><p style='margin:2px 0;'><b>กลุ่มรถไถ:</b> 11_006</p><table border='1' style='border-collapse:collapse; border-color:#ccc; width:100%;'><tr><td style='padding:3px 6px; font-weight:bold; background-color:#f2f2f2;'>ปีการผลิต</td><td style='padding:3px 6px;'>257071</td></tr><tr><td style='padding:3px 6px; font-weight:bold; background-color:#f2f2f2;'>รหัสกลุ่มรถไถ</td><td style='padding:3px 6px;'>11/006</td></tr><tr><td style='padding:3px 6px; font-weight:bold; background-color:#f2f2f2;'>โควตาชาวไร่</td><td style='padding:3px 6px;'>711433</td></tr><tr><td style='padding:3px 6px; font-weight:bold; background-color:#f2f2f2;'>ชื่อ-นามสกุล</td><td style='padding:3px 6px;'>นาง ยุพิน เขาแก้ว</td></tr><tr><td style='padding:3px 6px; font-weight:bold; background-color:#f2f2f2;'>111</td><td style='padding:3px 6px;'>320514011532</td></tr><tr><td style='padding:3px 6px; font-weight:bold; background-color:#f2f2f2;'>ประเภทอ้อย</td><td style='padding:3px 6px;'>อ้อยปลายฝน</td></tr><tr><td style='padding:3px 6px; font-weight:bold; background-color:#f2f2f2;'>พื้นที่ปลูก</td><td style='padding:3px 6px;'>4.34</td></tr><tr><td style='padding:3px 6px; font-weight:bold; background-color:#f2f2f2;'>ศูนย์</td><td style='padding:3px 6px;'>K2-11</td></tr><tr><td style='padding:3px 6px; font-weight:bold; background-color:#f2f2f2;'>นักเกษตร</td><td style='padding:3px 6px;'>1104</td></tr><tr><td style='padding:3px 6px; font-weight:bold; background-color:#f2f2f2;'>กลุ่ม</td><td style='padding:3px 6px;'>กลุ่ม_11</td></tr></table></div>]]></description>
      <styleUrl>#style_11_006</styleUrl>
      <MultiGeometry><Polygon><outerBoundaryIs><LinearRing><coordinates>103.2710171,14.6246992,0 103.2697838,14.6248896,0 103.2698688,14.6253717,0 103.2709530,14.6252138,0 103.2710171,14.6246992,0</coordinates></LinearRing></outerBoundaryIs></Polygon></MultiGeometry>
    </Placemark>
    <Placemark>
      <name>320511031740</name>
      <description><![CDATA[<div style='font-family:Tahoma,sans-serif; font-size:13px;'><h3 style='color:#1565C0; margin:4px 0;'>รหัส: 320511031740</h3><p style='margin:2px 0;'><b>กลุ่มรถไถ:</b> 11_006</p><table border='1' style='border-collapse:collapse; border-color:#ccc; width:100%;'><tr><td style='padding:3px 6px; font-weight:bold; background-color:#f2f2f2;'>ปีการผลิต</td><td style='padding:3px 6px;'>257071</td></tr><tr><td style='padding:3px 6px; font-weight:bold; background-color:#f2f2f2;'>รหัสกลุ่มรถไถ</td><td style='padding:3px 6px;'>11/006</td></tr><tr><td style='padding:3px 6px; font-weight:bold; background-color:#f2f2f2;'>โควตาชาวไร่</td><td style='padding:3px 6px;'>711756</td></tr><tr><td style='padding:3px 6px; font-weight:bold; background-color:#f2f2f2;'>ชื่อ-นามสกุล</td><td style='padding:3px 6px;'>นางสาว ชัชฎาภรณ์ ฤกษ์ศรี</td></tr><tr><td style='padding:3px 6px; font-weight:bold; background-color:#f2f2f2;'>111</td><td style='padding:3px 6px;'>320511031740</td></tr><tr><td style='padding:3px 6px; font-weight:bold; background-color:#f2f2f2;'>ประเภทอ้อย</td><td style='padding:3px 6px;'>อ้อยปลายฝน</td></tr><tr><td style='padding:3px 6px; font-weight:bold; background-color:#f2f2f2;'>พื้นที่ปลูก</td><td style='padding:3px 6px;'>9.62</td></tr><tr><td style='padding:3px 6px; font-weight:bold; background-color:#f2f2f2;'>ศูนย์</td><td style='padding:3px 6px;'>K2-11</td></tr><tr><td style='padding:3px 6px; font-weight:bold; background-color:#f2f2f2;'>นักเกษตร</td><td style='padding:3px 6px;'>1104</td></tr><tr><td style='padding:3px 6px; font-weight:bold; background-color:#f2f2f2;'>กลุ่ม</td><td style='padding:3px 6px;'>กลุ่ม_11</td></tr></table></div>]]></description>
      <styleUrl>#style_11_006</styleUrl>
      <MultiGeometry><Polygon><outerBoundaryIs><LinearRing><coordinates>103.2214701,14.5774554,0 103.2178819,14.5775167,0 103.2179328,14.5777615,0 103.2179612,14.5779062,0 103.2214629,14.5777894,0 103.2214701,14.5774554,0</coordinates></LinearRing></outerBoundaryIs></Polygon></MultiGeometry>
    </Placemark>
    <Placemark>
      <name>320514051535</name>
      <description><![CDATA[<div style='font-family:Tahoma,sans-serif; font-size:13px;'><h3 style='color:#1565C0; margin:4px 0;'>รหัส: 320514051535</h3><p style='margin:2px 0;'><b>กลุ่มรถไถ:</b> 11_006</p><table border='1' style='border-collapse:collapse; border-color:#ccc; width:100%;'><tr><td style='padding:3px 6px; font-weight:bold; background-color:#f2f2f2;'>ปีการผลิต</td><td style='padding:3px 6px;'>257071</td></tr><tr><td style='padding:3px 6px; font-weight:bold; background-color:#f2f2f2;'>รหัสกลุ่มรถไถ</td><td style='padding:3px 6px;'>11/006</td></tr><tr><td style='padding:3px 6px; font-weight:bold; background-color:#f2f2f2;'>โควตาชาวไร่</td><td style='padding:3px 6px;'>711922</td></tr><tr><td style='padding:3px 6px; font-weight:bold; background-color:#f2f2f2;'>ชื่อ-นามสกุล</td><td style='padding:3px 6px;'>นางสาว เนตรดาว จิตรแม้น</td></tr><tr><td style='padding:3px 6px; font-weight:bold; background-color:#f2f2f2;'>111</td><td style='padding:3px 6px;'>320514051535</td></tr><tr><td style='padding:3px 6px; font-weight:bold; background-color:#f2f2f2;'>ประเภทอ้อย</td><td style='padding:3px 6px;'>อ้อยปลายฝน</td></tr><tr><td style='padding:3px 6px; font-weight:bold; background-color:#f2f2f2;'>พื้นที่ปลูก</td><td style='padding:3px 6px;'>4.63</td></tr><tr><td style='padding:3px 6px; font-weight:bold; background-color:#f2f2f2;'>ศูนย์</td><td style='padding:3px 6px;'>K2-11</td></tr><tr><td style='padding:3px 6px; font-weight:bold; background-color:#f2f2f2;'>นักเกษตร</td><td style='padding:3px 6px;'>1104</td></tr><tr><td style='padding:3px 6px; font-weight:bold; background-color:#f2f2f2;'>กลุ่ม</td><td style='padding:3px 6px;'>กลุ่ม_11</td></tr></table></div>]]></description>
      <styleUrl>#style_11_006</styleUrl>
      <MultiGeometry><Polygon><outerBoundaryIs><LinearRing><coordinates>103.2629483,14.5947667,0 103.2629830,14.5949494,0 103.2662195,14.5940158,0 103.2661517,14.5938454,0 103.2629483,14.5947667,0</coordinates></LinearRing></outerBoundaryIs></Polygon></MultiGeometry>
    </Placemark>
    <Placemark>
      <name>320514051551</name>
      <description><![CDATA[<div style='font-family:Tahoma,sans-serif; font-size:13px;'><h3 style='color:#1565C0; margin:4px 0;'>รหัส: 320514051551</h3><p style='margin:2px 0;'><b>กลุ่มรถไถ:</b> 11_006</p><table border='1' style='border-collapse:collapse; border-color:#ccc; width:100%;'><tr><td style='padding:3px 6px; font-weight:bold; background-color:#f2f2f2;'>ปีการผลิต</td><td style='padding:3px 6px;'>257071</td></tr><tr><td style='padding:3px 6px; font-weight:bold; background-color:#f2f2f2;'>รหัสกลุ่มรถไถ</td><td style='padding:3px 6px;'>11/006</td></tr><tr><td style='padding:3px 6px; font-weight:bold; background-color:#f2f2f2;'>โควตาชาวไร่</td><td style='padding:3px 6px;'>712102</td></tr><tr><td style='padding:3px 6px; font-weight:bold; background-color:#f2f2f2;'>ชื่อ-นามสกุล</td><td style='padding:3px 6px;'>นาย สวัสดิ์ สุขจิตร</td></tr><tr><td style='padding:3px 6px; font-weight:bold; background-color:#f2f2f2;'>111</td><td style='padding:3px 6px;'>320514051551</td></tr><tr><td style='padding:3px 6px; font-weight:bold; background-color:#f2f2f2;'>ประเภทอ้อย</td><td style='padding:3px 6px;'>อ้อยปลายฝน</td></tr><tr><td style='padding:3px 6px; font-weight:bold; background-color:#f2f2f2;'>พื้นที่ปลูก</td><td style='padding:3px 6px;'>8.88</td></tr><tr><td style='padding:3px 6px; font-weight:bold; background-color:#f2f2f2;'>ศูนย์</td><td style='padding:3px 6px;'>K2-11</td></tr><tr><td style='padding:3px 6px; font-weight:bold; background-color:#f2f2f2;'>นักเกษตร</td><td style='padding:3px 6px;'>1104</td></tr><tr><td style='padding:3px 6px; font-weight:bold; background-color:#f2f2f2;'>กลุ่ม</td><td style='padding:3px 6px;'>กลุ่ม_11</td></tr></table></div>]]></description>
      <styleUrl>#style_11_006</styleUrl>
      <MultiGeometry><Polygon><outerBoundaryIs><LinearRing><coordinates>103.2568636,14.5777132,0 103.2537569,14.5774326,0 103.2537045,14.5777926,0 103.2568667,14.5781053,0 103.2568636,14.5777132,0</coordinates></LinearRing></outerBoundaryIs></Polygon></MultiGeometry>
    </Placemark>
    <Placemark>
      <name>320511091512</name>
      <description><![CDATA[<div style='font-family:Tahoma,sans-serif; font-size:13px;'><h3 style='color:#1565C0; margin:4px 0;'>รหัส: 320511091512</h3><p style='margin:2px 0;'><b>กลุ่มรถไถ:</b> 11_006</p><table border='1' style='border-collapse:collapse; border-color:#ccc; width:100%;'><tr><td style='padding:3px 6px; font-weight:bold; background-color:#f2f2f2;'>ปีการผลิต</td><td style='padding:3px 6px;'>257071</td></tr><tr><td style='padding:3px 6px; font-weight:bold; background-color:#f2f2f2;'>รหัสกลุ่มรถไถ</td><td style='padding:3px 6px;'>11/006</td></tr><tr><td style='padding:3px 6px; font-weight:bold; background-color:#f2f2f2;'>โควตาชาวไร่</td><td style='padding:3px 6px;'>712519</td></tr><tr><td style='padding:3px 6px; font-weight:bold; background-color:#f2f2f2;'>ชื่อ-นามสกุล</td><td style='padding:3px 6px;'>นาย วิชิต บูรณะ</td></tr><tr><td style='padding:3px 6px; font-weight:bold; background-color:#f2f2f2;'>111</td><td style='padding:3px 6px;'>320511091512</td></tr><tr><td style='padding:3px 6px; font-weight:bold; background-color:#f2f2f2;'>ประเภทอ้อย</td><td style='padding:3px 6px;'>อ้อยปลายฝน</td></tr><tr><td style='padding:3px 6px; font-weight:bold; background-color:#f2f2f2;'>พื้นที่ปลูก</td><td style='padding:3px 6px;'>7.06</td></tr><tr><td style='padding:3px 6px; font-weight:bold; background-color:#f2f2f2;'>ศูนย์</td><td style='padding:3px 6px;'>K2-11</td></tr><tr><td style='padding:3px 6px; font-weight:bold; background-color:#f2f2f2;'>นักเกษตร</td><td style='padding:3px 6px;'>1104</td></tr><tr><td style='padding:3px 6px; font-weight:bold; background-color:#f2f2f2;'>กลุ่ม</td><td style='padding:3px 6px;'>กลุ่ม_11</td></tr></table></div>]]></description>
      <styleUrl>#style_11_006</styleUrl>
      <MultiGeometry><Polygon><outerBoundaryIs><LinearRing><coordinates>103.2382962,14.5732772,0 103.2382374,14.5730414,0 103.2379291,14.5717275,0 103.2373141,14.5718621,0 103.2375687,14.5728551,0 103.2376519,14.5732798,0 103.2382962,14.5732772,0</coordinates></LinearRing></outerBoundaryIs></Polygon></MultiGeometry>
    </Placemark>
    <Placemark>
      <name>320514041550</name>
      <description><![CDATA[<div style='font-family:Tahoma,sans-serif; font-size:13px;'><h3 style='color:#1565C0; margin:4px 0;'>รหัส: 320514041550</h3><p style='margin:2px 0;'><b>กลุ่มรถไถ:</b> 11_006</p><table border='1' style='border-collapse:collapse; border-color:#ccc; width:100%;'><tr><td style='padding:3px 6px; font-weight:bold; background-color:#f2f2f2;'>ปีการผลิต</td><td style='padding:3px 6px;'>257071</td></tr><tr><td style='padding:3px 6px; font-weight:bold; background-color:#f2f2f2;'>รหัสกลุ่มรถไถ</td><td style='padding:3px 6px;'>11/006</td></tr><tr><td style='padding:3px 6px; font-weight:bold; background-color:#f2f2f2;'>โควตาชาวไร่</td><td style='padding:3px 6px;'>712711</td></tr><tr><td style='padding:3px 6px; font-weight:bold; background-color:#f2f2f2;'>ชื่อ-นามสกุล</td><td style='padding:3px 6px;'>นางสาว เหลื่อม ตินานพ</td></tr><tr><td style='padding:3px 6px; font-weight:bold; background-color:#f2f2f2;'>111</td><td style='padding:3px 6px;'>320514041550</td></tr><tr><td style='padding:3px 6px; font-weight:bold; background-color:#f2f2f2;'>ประเภทอ้อย</td><td style='padding:3px 6px;'>อ้อยปลายฝน</td></tr><tr><td style='padding:3px 6px; font-weight:bold; background-color:#f2f2f2;'>พื้นที่ปลูก</td><td style='padding:3px 6px;'>5.42</td></tr><tr><td style='padding:3px 6px; font-weight:bold; background-color:#f2f2f2;'>ศูนย์</td><td style='padding:3px 6px;'>K2-11</td></tr><tr><td style='padding:3px 6px; font-weight:bold; background-color:#f2f2f2;'>นักเกษตร</td><td style='padding:3px 6px;'>1101</td></tr><tr><td style='padding:3px 6px; font-weight:bold; background-color:#f2f2f2;'>กลุ่ม</td><td style='padding:3px 6px;'>กลุ่ม_11</td></tr></table></div>]]></description>
      <styleUrl>#style_11_006</styleUrl>
      <MultiGeometry><Polygon><outerBoundaryIs><LinearRing><coordinates>103.3002543,14.5941818,0 103.2979965,14.5943833,0 103.2979867,14.5944418,0 103.2979448,14.5944610,0 103.2979771,14.5946350,0 103.2980269,14.5946582,0 103.2980370,14.5946828,0 103.2989402,14.5945911,0 103.3002897,14.5945439,0 103.3002543,14.5941818,0</coordinates></LinearRing></outerBoundaryIs></Polygon></MultiGeometry>
    </Placemark>
    <Placemark>
      <name>320514031554</name>
      <description><![CDATA[<div style='font-family:Tahoma,sans-serif; font-size:13px;'><h3 style='color:#1565C0; margin:4px 0;'>รหัส: 320514031554</h3><p style='margin:2px 0;'><b>กลุ่มรถไถ:</b> 11_006</p><table border='1' style='border-collapse:collapse; border-color:#ccc; width:100%;'><tr><td style='padding:3px 6px; font-weight:bold; background-color:#f2f2f2;'>ปีการผลิต</td><td style='padding:3px 6px;'>257071</td></tr><tr><td style='padding:3px 6px; font-weight:bold; background-color:#f2f2f2;'>รหัสกลุ่มรถไถ</td><td style='padding:3px 6px;'>11/006</td></tr><tr><td style='padding:3px 6px; font-weight:bold; background-color:#f2f2f2;'>โควตาชาวไร่</td><td style='padding:3px 6px;'>712899</td></tr><tr><td style='padding:3px 6px; font-weight:bold; background-color:#f2f2f2;'>ชื่อ-นามสกุล</td><td style='padding:3px 6px;'>นางสาว ศิริ สินสร้าง</td></tr><tr><td style='padding:3px 6px; font-weight:bold; background-color:#f2f2f2;'>111</td><td style='padding:3px 6px;'>320514031554</td></tr><tr><td style='padding:3px 6px; font-weight:bold; background-color:#f2f2f2;'>ประเภทอ้อย</td><td style='padding:3px 6px;'>อ้อยปลายฝน</td></tr><tr><td style='padding:3px 6px; font-weight:bold; background-color:#f2f2f2;'>พื้นที่ปลูก</td><td style='padding:3px 6px;'>5.15</td></tr><tr><td style='padding:3px 6px; font-weight:bold; background-color:#f2f2f2;'>ศูนย์</td><td style='padding:3px 6px;'>K2-11</td></tr><tr><td style='padding:3px 6px; font-weight:bold; background-color:#f2f2f2;'>นักเกษตร</td><td style='padding:3px 6px;'>1104</td></tr><tr><td style='padding:3px 6px; font-weight:bold; background-color:#f2f2f2;'>กลุ่ม</td><td style='padding:3px 6px;'>กลุ่ม_11</td></tr></table></div>]]></description>
      <styleUrl>#style_11_006</styleUrl>
      <MultiGeometry><Polygon><outerBoundaryIs><LinearRing><coordinates>103.2782963,14.5978688,0 103.2782973,14.5973749,0 103.2769233,14.5971754,0 103.2768794,14.5976618,0 103.2782963,14.5978688,0</coordinates></LinearRing></outerBoundaryIs></Polygon></MultiGeometry>
    </Placemark>
    <Placemark>
      <name>320514051784</name>
      <description><![CDATA[<div style='font-family:Tahoma,sans-serif; font-size:13px;'><h3 style='color:#1565C0; margin:4px 0;'>รหัส: 320514051784</h3><p style='margin:2px 0;'><b>กลุ่มรถไถ:</b> 11_006</p><table border='1' style='border-collapse:collapse; border-color:#ccc; width:100%;'><tr><td style='padding:3px 6px; font-weight:bold; background-color:#f2f2f2;'>ปีการผลิต</td><td style='padding:3px 6px;'>257071</td></tr><tr><td style='padding:3px 6px; font-weight:bold; background-color:#f2f2f2;'>รหัสกลุ่มรถไถ</td><td style='padding:3px 6px;'>11/006</td></tr><tr><td style='padding:3px 6px; font-weight:bold; background-color:#f2f2f2;'>โควตาชาวไร่</td><td style='padding:3px 6px;'>712904</td></tr><tr><td style='padding:3px 6px; font-weight:bold; background-color:#f2f2f2;'>ชื่อ-นามสกุล</td><td style='padding:3px 6px;'>นาย วัฒนากรณ์ หวังให้สุข</td></tr><tr><td style='padding:3px 6px; font-weight:bold; background-color:#f2f2f2;'>111</td><td style='padding:3px 6px;'>320514051784</td></tr><tr><td style='padding:3px 6px; font-weight:bold; background-color:#f2f2f2;'>ประเภทอ้อย</td><td style='padding:3px 6px;'>อ้อยปลายฝน</td></tr><tr><td style='padding:3px 6px; font-weight:bold; background-color:#f2f2f2;'>พื้นที่ปลูก</td><td style='padding:3px 6px;'>10.57</td></tr><tr><td style='padding:3px 6px; font-weight:bold; background-color:#f2f2f2;'>ศูนย์</td><td style='padding:3px 6px;'>K2-11</td></tr><tr><td style='padding:3px 6px; font-weight:bold; background-color:#f2f2f2;'>นักเกษตร</td><td style='padding:3px 6px;'>1104</td></tr><tr><td style='padding:3px 6px; font-weight:bold; background-color:#f2f2f2;'>กลุ่ม</td><td style='padding:3px 6px;'>กลุ่ม_11</td></tr></table></div>]]></description>
      <styleUrl>#style_11_006</styleUrl>
      <MultiGeometry><Polygon><outerBoundaryIs><LinearRing><coordinates>103.2535977,14.5782272,0 103.2571608,14.5785146,0 103.2571308,14.5781122,0 103.2536952,14.5778281,0 103.2535977,14.5782272,0</coordinates></LinearRing></outerBoundaryIs></Polygon></MultiGeometry>
    </Placemark>
    <Placemark>
      <name>320514051820</name>
      <description><![CDATA[<div style='font-family:Tahoma,sans-serif; font-size:13px;'><h3 style='color:#1565C0; margin:4px 0;'>รหัส: 320514051820</h3><p style='margin:2px 0;'><b>กลุ่มรถไถ:</b> 11_006</p><table border='1' style='border-collapse:collapse; border-color:#ccc; width:100%;'><tr><td style='padding:3px 6px; font-weight:bold; background-color:#f2f2f2;'>ปีการผลิต</td><td style='padding:3px 6px;'>257071</td></tr><tr><td style='padding:3px 6px; font-weight:bold; background-color:#f2f2f2;'>รหัสกลุ่มรถไถ</td><td style='padding:3px 6px;'>11/006</td></tr><tr><td style='padding:3px 6px; font-weight:bold; background-color:#f2f2f2;'>โควตาชาวไร่</td><td style='padding:3px 6px;'>713872</td></tr><tr><td style='padding:3px 6px; font-weight:bold; background-color:#f2f2f2;'>ชื่อ-นามสกุล</td><td style='padding:3px 6px;'>นาง ปิยวรรณ สังเกตกิจ</td></tr><tr><td style='padding:3px 6px; font-weight:bold; background-color:#f2f2f2;'>111</td><td style='padding:3px 6px;'>320514051820</td></tr><tr><td style='padding:3px 6px; font-weight:bold; background-color:#f2f2f2;'>ประเภทอ้อย</td><td style='padding:3px 6px;'>อ้อยปลายฝน</td></tr><tr><td style='padding:3px 6px; font-weight:bold; background-color:#f2f2f2;'>พื้นที่ปลูก</td><td style='padding:3px 6px;'>8.92</td></tr><tr><td style='padding:3px 6px; font-weight:bold; background-color:#f2f2f2;'>ศูนย์</td><td style='padding:3px 6px;'>K2-11</td></tr><tr><td style='padding:3px 6px; font-weight:bold; background-color:#f2f2f2;'>นักเกษตร</td><td style='padding:3px 6px;'>1104</td></tr><tr><td style='padding:3px 6px; font-weight:bold; background-color:#f2f2f2;'>กลุ่ม</td><td style='padding:3px 6px;'>กลุ่ม_11</td></tr></table></div>]]></description>
      <styleUrl>#style_11_006</styleUrl>
      <MultiGeometry><Polygon><outerBoundaryIs><LinearRing><coordinates>103.2682083,14.5972933,0 103.2718100,14.5965167,0 103.2718067,14.5961250,0 103.2698317,14.5965900,0 103.2682033,14.5970883,0 103.2682083,14.5972933,0</coordinates></LinearRing></outerBoundaryIs></Polygon></MultiGeometry>
    </Placemark>
    <Placemark>
      <name>320511031732</name>
      <description><![CDATA[<div style='font-family:Tahoma,sans-serif; font-size:13px;'><h3 style='color:#1565C0; margin:4px 0;'>รหัส: 320511031732</h3><p style='margin:2px 0;'><b>กลุ่มรถไถ:</b> 11_006</p><table border='1' style='border-collapse:collapse; border-color:#ccc; width:100%;'><tr><td style='padding:3px 6px; font-weight:bold; background-color:#f2f2f2;'>ปีการผลิต</td><td style='padding:3px 6px;'>257071</td></tr><tr><td style='padding:3px 6px; font-weight:bold; background-color:#f2f2f2;'>รหัสกลุ่มรถไถ</td><td style='padding:3px 6px;'>11/006</td></tr><tr><td style='padding:3px 6px; font-weight:bold; background-color:#f2f2f2;'>โควตาชาวไร่</td><td style='padding:3px 6px;'>713965</td></tr><tr><td style='padding:3px 6px; font-weight:bold; background-color:#f2f2f2;'>ชื่อ-นามสกุล</td><td style='padding:3px 6px;'>นาย ชาญณรงค์ บูรณะ</td></tr><tr><td style='padding:3px 6px; font-weight:bold; background-color:#f2f2f2;'>111</td><td style='padding:3px 6px;'>320511031732</td></tr><tr><td style='padding:3px 6px; font-weight:bold; background-color:#f2f2f2;'>ประเภทอ้อย</td><td style='padding:3px 6px;'>อ้อยปลายฝน</td></tr><tr><td style='padding:3px 6px; font-weight:bold; background-color:#f2f2f2;'>พื้นที่ปลูก</td><td style='padding:3px 6px;'>8.85</td></tr><tr><td style='padding:3px 6px; font-weight:bold; background-color:#f2f2f2;'>ศูนย์</td><td style='padding:3px 6px;'>K2-11</td></tr><tr><td style='padding:3px 6px; font-weight:bold; background-color:#f2f2f2;'>นักเกษตร</td><td style='padding:3px 6px;'>1104</td></tr><tr><td style='padding:3px 6px; font-weight:bold; background-color:#f2f2f2;'>กลุ่ม</td><td style='padding:3px 6px;'>กลุ่ม_11</td></tr></table></div>]]></description>
      <styleUrl>#style_11_006</styleUrl>
      <MultiGeometry><Polygon><outerBoundaryIs><LinearRing><coordinates>103.2427167,14.5568283,0 103.2434867,14.5567617,0 103.2434083,14.5551867,0 103.2426850,14.5552450,0 103.2427167,14.5568283,0</coordinates></LinearRing></outerBoundaryIs></Polygon></MultiGeometry>
    </Placemark>
    <Placemark>
      <name>320511091694</name>
      <description><![CDATA[<div style='font-family:Tahoma,sans-serif; font-size:13px;'><h3 style='color:#1565C0; margin:4px 0;'>รหัส: 320511091694</h3><p style='margin:2px 0;'><b>กลุ่มรถไถ:</b> 11_006</p><table border='1' style='border-collapse:collapse; border-color:#ccc; width:100%;'><tr><td style='padding:3px 6px; font-weight:bold; background-color:#f2f2f2;'>ปีการผลิต</td><td style='padding:3px 6px;'>257071</td></tr><tr><td style='padding:3px 6px; font-weight:bold; background-color:#f2f2f2;'>รหัสกลุ่มรถไถ</td><td style='padding:3px 6px;'>11/006</td></tr><tr><td style='padding:3px 6px; font-weight:bold; background-color:#f2f2f2;'>โควตาชาวไร่</td><td style='padding:3px 6px;'>713965</td></tr><tr><td style='padding:3px 6px; font-weight:bold; background-color:#f2f2f2;'>ชื่อ-นามสกุล</td><td style='padding:3px 6px;'>นาย ชาญณรงค์ บูรณะ</td></tr><tr><td style='padding:3px 6px; font-weight:bold; background-color:#f2f2f2;'>111</td><td style='padding:3px 6px;'>320511091694</td></tr><tr><td style='padding:3px 6px; font-weight:bold; background-color:#f2f2f2;'>ประเภทอ้อย</td><td style='padding:3px 6px;'>อ้อยปลายฝน</td></tr><tr><td style='padding:3px 6px; font-weight:bold; background-color:#f2f2f2;'>พื้นที่ปลูก</td><td style='padding:3px 6px;'>7.97</td></tr><tr><td style='padding:3px 6px; font-weight:bold; background-color:#f2f2f2;'>ศูนย์</td><td style='padding:3px 6px;'>K2-11</td></tr><tr><td style='padding:3px 6px; font-weight:bold; background-color:#f2f2f2;'>นักเกษตร</td><td style='padding:3px 6px;'>1104</td></tr><tr><td style='padding:3px 6px; font-weight:bold; background-color:#f2f2f2;'>กลุ่ม</td><td style='padding:3px 6px;'>กลุ่ม_11</td></tr></table></div>]]></description>
      <styleUrl>#style_11_006</styleUrl>
      <MultiGeometry><Polygon><outerBoundaryIs><LinearRing><coordinates>103.2442400,14.5566183,0 103.2441167,14.5551267,0 103.2434333,14.5552033,0 103.2435000,14.5566850,0 103.2442400,14.5566183,0</coordinates></LinearRing></outerBoundaryIs></Polygon></MultiGeometry>
    </Placemark>
    <Placemark>
      <name>320511091762</name>
      <description><![CDATA[<div style='font-family:Tahoma,sans-serif; font-size:13px;'><h3 style='color:#1565C0; margin:4px 0;'>รหัส: 320511091762</h3><p style='margin:2px 0;'><b>กลุ่มรถไถ:</b> 11_006</p><table border='1' style='border-collapse:collapse; border-color:#ccc; width:100%;'><tr><td style='padding:3px 6px; font-weight:bold; background-color:#f2f2f2;'>ปีการผลิต</td><td style='padding:3px 6px;'>257071</td></tr><tr><td style='padding:3px 6px; font-weight:bold; background-color:#f2f2f2;'>รหัสกลุ่มรถไถ</td><td style='padding:3px 6px;'>11/006</td></tr><tr><td style='padding:3px 6px; font-weight:bold; background-color:#f2f2f2;'>โควตาชาวไร่</td><td style='padding:3px 6px;'>713965</td></tr><tr><td style='padding:3px 6px; font-weight:bold; background-color:#f2f2f2;'>ชื่อ-นามสกุล</td><td style='padding:3px 6px;'>นาย ชาญณรงค์ บูรณะ</td></tr><tr><td style='padding:3px 6px; font-weight:bold; background-color:#f2f2f2;'>111</td><td style='padding:3px 6px;'>320511091762</td></tr><tr><td style='padding:3px 6px; font-weight:bold; background-color:#f2f2f2;'>ประเภทอ้อย</td><td style='padding:3px 6px;'>อ้อยปลายฝน</td></tr><tr><td style='padding:3px 6px; font-weight:bold; background-color:#f2f2f2;'>พื้นที่ปลูก</td><td style='padding:3px 6px;'>10.0</td></tr><tr><td style='padding:3px 6px; font-weight:bold; background-color:#f2f2f2;'>ศูนย์</td><td style='padding:3px 6px;'>K2-11</td></tr><tr><td style='padding:3px 6px; font-weight:bold; background-color:#f2f2f2;'>นักเกษตร</td><td style='padding:3px 6px;'>1104</td></tr><tr><td style='padding:3px 6px; font-weight:bold; background-color:#f2f2f2;'>กลุ่ม</td><td style='padding:3px 6px;'>กลุ่ม_11</td></tr></table></div>]]></description>
      <styleUrl>#style_11_006</styleUrl>
      <MultiGeometry><Polygon><outerBoundaryIs><LinearRing><coordinates>103.2336367,14.5459733,0 103.2333417,14.5449400,0 103.2320983,14.5451967,0 103.2324183,14.5462100,0 103.2336367,14.5459733,0</coordinates></LinearRing></outerBoundaryIs></Polygon></MultiGeometry>
    </Placemark>
    <Placemark>
      <name>320514061675</name>
      <description><![CDATA[<div style='font-family:Tahoma,sans-serif; font-size:13px;'><h3 style='color:#1565C0; margin:4px 0;'>รหัส: 320514061675</h3><p style='margin:2px 0;'><b>กลุ่มรถไถ:</b> 11_006</p><table border='1' style='border-collapse:collapse; border-color:#ccc; width:100%;'><tr><td style='padding:3px 6px; font-weight:bold; background-color:#f2f2f2;'>ปีการผลิต</td><td style='padding:3px 6px;'>257071</td></tr><tr><td style='padding:3px 6px; font-weight:bold; background-color:#f2f2f2;'>รหัสกลุ่มรถไถ</td><td style='padding:3px 6px;'>11/006</td></tr><tr><td style='padding:3px 6px; font-weight:bold; background-color:#f2f2f2;'>โควตาชาวไร่</td><td style='padding:3px 6px;'>714211</td></tr><tr><td style='padding:3px 6px; font-weight:bold; background-color:#f2f2f2;'>ชื่อ-นามสกุล</td><td style='padding:3px 6px;'>นาง ชลิตตา ชูชี</td></tr><tr><td style='padding:3px 6px; font-weight:bold; background-color:#f2f2f2;'>111</td><td style='padding:3px 6px;'>320514061675</td></tr><tr><td style='padding:3px 6px; font-weight:bold; background-color:#f2f2f2;'>ประเภทอ้อย</td><td style='padding:3px 6px;'>อ้อยปลายฝน</td></tr><tr><td style='padding:3px 6px; font-weight:bold; background-color:#f2f2f2;'>พื้นที่ปลูก</td><td style='padding:3px 6px;'>6.75</td></tr><tr><td style='padding:3px 6px; font-weight:bold; background-color:#f2f2f2;'>ศูนย์</td><td style='padding:3px 6px;'>K2-11</td></tr><tr><td style='padding:3px 6px; font-weight:bold; background-color:#f2f2f2;'>นักเกษตร</td><td style='padding:3px 6px;'>1104</td></tr><tr><td style='padding:3px 6px; font-weight:bold; background-color:#f2f2f2;'>กลุ่ม</td><td style='padding:3px 6px;'>กลุ่ม_11</td></tr></table></div>]]></description>
      <styleUrl>#style_11_006</styleUrl>
      <MultiGeometry><Polygon><outerBoundaryIs><LinearRing><coordinates>103.2462567,14.5934517,0 103.2462450,14.5930500,0 103.2441850,14.5930117,0 103.2442650,14.5935000,0 103.2462567,14.5934517,0</coordinates></LinearRing></outerBoundaryIs></Polygon></MultiGeometry>
    </Placemark>
    <Placemark>
      <name>320514051566</name>
      <description><![CDATA[<div style='font-family:Tahoma,sans-serif; font-size:13px;'><h3 style='color:#1565C0; margin:4px 0;'>รหัส: 320514051566</h3><p style='margin:2px 0;'><b>กลุ่มรถไถ:</b> 11_006</p><table border='1' style='border-collapse:collapse; border-color:#ccc; width:100%;'><tr><td style='padding:3px 6px; font-weight:bold; background-color:#f2f2f2;'>ปีการผลิต</td><td style='padding:3px 6px;'>257071</td></tr><tr><td style='padding:3px 6px; font-weight:bold; background-color:#f2f2f2;'>รหัสกลุ่มรถไถ</td><td style='padding:3px 6px;'>11/006</td></tr><tr><td style='padding:3px 6px; font-weight:bold; background-color:#f2f2f2;'>โควตาชาวไร่</td><td style='padding:3px 6px;'>714227</td></tr><tr><td style='padding:3px 6px; font-weight:bold; background-color:#f2f2f2;'>ชื่อ-นามสกุล</td><td style='padding:3px 6px;'>นาย อารมย์ ชาวเมืองดี</td></tr><tr><td style='padding:3px 6px; font-weight:bold; background-color:#f2f2f2;'>111</td><td style='padding:3px 6px;'>320514051566</td></tr><tr><td style='padding:3px 6px; font-weight:bold; background-color:#f2f2f2;'>ประเภทอ้อย</td><td style='padding:3px 6px;'>อ้อยปลายฝน</td></tr><tr><td style='padding:3px 6px; font-weight:bold; background-color:#f2f2f2;'>พื้นที่ปลูก</td><td style='padding:3px 6px;'>7.26</td></tr><tr><td style='padding:3px 6px; font-weight:bold; background-color:#f2f2f2;'>ศูนย์</td><td style='padding:3px 6px;'>K2-11</td></tr><tr><td style='padding:3px 6px; font-weight:bold; background-color:#f2f2f2;'>นักเกษตร</td><td style='padding:3px 6px;'>1104</td></tr><tr><td style='padding:3px 6px; font-weight:bold; background-color:#f2f2f2;'>กลุ่ม</td><td style='padding:3px 6px;'>กลุ่ม_11</td></tr></table></div>]]></description>
      <styleUrl>#style_11_006</styleUrl>
      <MultiGeometry><Polygon><outerBoundaryIs><LinearRing><coordinates>103.2583037,14.5842626,0 103.2610964,14.5841201,0 103.2610725,14.5838199,0 103.2582387,14.5838758,0 103.2583037,14.5842626,0</coordinates></LinearRing></outerBoundaryIs></Polygon></MultiGeometry>
    </Placemark>
    <Placemark>
      <name>320511031742</name>
      <description><![CDATA[<div style='font-family:Tahoma,sans-serif; font-size:13px;'><h3 style='color:#1565C0; margin:4px 0;'>รหัส: 320511031742</h3><p style='margin:2px 0;'><b>กลุ่มรถไถ:</b> 11_006</p><table border='1' style='border-collapse:collapse; border-color:#ccc; width:100%;'><tr><td style='padding:3px 6px; font-weight:bold; background-color:#f2f2f2;'>ปีการผลิต</td><td style='padding:3px 6px;'>257071</td></tr><tr><td style='padding:3px 6px; font-weight:bold; background-color:#f2f2f2;'>รหัสกลุ่มรถไถ</td><td style='padding:3px 6px;'>11/006</td></tr><tr><td style='padding:3px 6px; font-weight:bold; background-color:#f2f2f2;'>โควตาชาวไร่</td><td style='padding:3px 6px;'>714295</td></tr><tr><td style='padding:3px 6px; font-weight:bold; background-color:#f2f2f2;'>ชื่อ-นามสกุล</td><td style='padding:3px 6px;'>นาย พูนทรัพย์ แสวงสุข</td></tr><tr><td style='padding:3px 6px; font-weight:bold; background-color:#f2f2f2;'>111</td><td style='padding:3px 6px;'>320511031742</td></tr><tr><td style='padding:3px 6px; font-weight:bold; background-color:#f2f2f2;'>ประเภทอ้อย</td><td style='padding:3px 6px;'>อ้อยปลายฝน</td></tr><tr><td style='padding:3px 6px; font-weight:bold; background-color:#f2f2f2;'>พื้นที่ปลูก</td><td style='padding:3px 6px;'>5.13</td></tr><tr><td style='padding:3px 6px; font-weight:bold; background-color:#f2f2f2;'>ศูนย์</td><td style='padding:3px 6px;'>K2-11</td></tr><tr><td style='padding:3px 6px; font-weight:bold; background-color:#f2f2f2;'>นักเกษตร</td><td style='padding:3px 6px;'>1104</td></tr><tr><td style='padding:3px 6px; font-weight:bold; background-color:#f2f2f2;'>กลุ่ม</td><td style='padding:3px 6px;'>กลุ่ม_11</td></tr></table></div>]]></description>
      <styleUrl>#style_11_006</styleUrl>
      <MultiGeometry><Polygon><outerBoundaryIs><LinearRing><coordinates>103.2429000,14.5806017,0 103.2448667,14.5801967,0 103.2450300,14.5801667,0 103.2454067,14.5800717,0 103.2452783,14.5798000,0 103.2428817,14.5803600,0 103.2429000,14.5806017,0</coordinates></LinearRing></outerBoundaryIs></Polygon></MultiGeometry>
    </Placemark>
    <Placemark>
      <name>320514031728</name>
      <description><![CDATA[<div style='font-family:Tahoma,sans-serif; font-size:13px;'><h3 style='color:#1565C0; margin:4px 0;'>รหัส: 320514031728</h3><p style='margin:2px 0;'><b>กลุ่มรถไถ:</b> 11_006</p><table border='1' style='border-collapse:collapse; border-color:#ccc; width:100%;'><tr><td style='padding:3px 6px; font-weight:bold; background-color:#f2f2f2;'>ปีการผลิต</td><td style='padding:3px 6px;'>257071</td></tr><tr><td style='padding:3px 6px; font-weight:bold; background-color:#f2f2f2;'>รหัสกลุ่มรถไถ</td><td style='padding:3px 6px;'>11/006</td></tr><tr><td style='padding:3px 6px; font-weight:bold; background-color:#f2f2f2;'>โควตาชาวไร่</td><td style='padding:3px 6px;'>714391</td></tr><tr><td style='padding:3px 6px; font-weight:bold; background-color:#f2f2f2;'>ชื่อ-นามสกุล</td><td style='padding:3px 6px;'>นาย สุรพงษ์ พรมมา</td></tr><tr><td style='padding:3px 6px; font-weight:bold; background-color:#f2f2f2;'>111</td><td style='padding:3px 6px;'>320514031728</td></tr><tr><td style='padding:3px 6px; font-weight:bold; background-color:#f2f2f2;'>ประเภทอ้อย</td><td style='padding:3px 6px;'>อ้อยปลายฝน</td></tr><tr><td style='padding:3px 6px; font-weight:bold; background-color:#f2f2f2;'>พื้นที่ปลูก</td><td style='padding:3px 6px;'>1.99</td></tr><tr><td style='padding:3px 6px; font-weight:bold; background-color:#f2f2f2;'>ศูนย์</td><td style='padding:3px 6px;'>K2-11</td></tr><tr><td style='padding:3px 6px; font-weight:bold; background-color:#f2f2f2;'>นักเกษตร</td><td style='padding:3px 6px;'>1104</td></tr><tr><td style='padding:3px 6px; font-weight:bold; background-color:#f2f2f2;'>กลุ่ม</td><td style='padding:3px 6px;'>กลุ่ม_11</td></tr></table></div>]]></description>
      <styleUrl>#style_11_006</styleUrl>
      <MultiGeometry><Polygon><outerBoundaryIs><LinearRing><coordinates>103.2692400,14.6218667,0 103.2695267,14.6218117,0 103.2692517,14.6209067,0 103.2689767,14.6211233,0 103.2692400,14.6218667,0</coordinates></LinearRing></outerBoundaryIs></Polygon></MultiGeometry>
    </Placemark>
    <Placemark>
      <name>320511061658</name>
      <description><![CDATA[<div style='font-family:Tahoma,sans-serif; font-size:13px;'><h3 style='color:#1565C0; margin:4px 0;'>รหัส: 320511061658</h3><p style='margin:2px 0;'><b>กลุ่มรถไถ:</b> 11_006</p><table border='1' style='border-collapse:collapse; border-color:#ccc; width:100%;'><tr><td style='padding:3px 6px; font-weight:bold; background-color:#f2f2f2;'>ปีการผลิต</td><td style='padding:3px 6px;'>257071</td></tr><tr><td style='padding:3px 6px; font-weight:bold; background-color:#f2f2f2;'>รหัสกลุ่มรถไถ</td><td style='padding:3px 6px;'>11/006</td></tr><tr><td style='padding:3px 6px; font-weight:bold; background-color:#f2f2f2;'>โควตาชาวไร่</td><td style='padding:3px 6px;'>714421</td></tr><tr><td style='padding:3px 6px; font-weight:bold; background-color:#f2f2f2;'>ชื่อ-นามสกุล</td><td style='padding:3px 6px;'>นาย ธนบดี สอนสระคู</td></tr><tr><td style='padding:3px 6px; font-weight:bold; background-color:#f2f2f2;'>111</td><td style='padding:3px 6px;'>320511061658</td></tr><tr><td style='padding:3px 6px; font-weight:bold; background-color:#f2f2f2;'>ประเภทอ้อย</td><td style='padding:3px 6px;'>อ้อยปลายฝน</td></tr><tr><td style='padding:3px 6px; font-weight:bold; background-color:#f2f2f2;'>พื้นที่ปลูก</td><td style='padding:3px 6px;'>4.2</td></tr><tr><td style='padding:3px 6px; font-weight:bold; background-color:#f2f2f2;'>ศูนย์</td><td style='padding:3px 6px;'>K2-11</td></tr><tr><td style='padding:3px 6px; font-weight:bold; background-color:#f2f2f2;'>นักเกษตร</td><td style='padding:3px 6px;'>1104</td></tr><tr><td style='padding:3px 6px; font-weight:bold; background-color:#f2f2f2;'>กลุ่ม</td><td style='padding:3px 6px;'>กลุ่ม_11</td></tr></table></div>]]></description>
      <styleUrl>#style_11_006</styleUrl>
      <MultiGeometry><Polygon><outerBoundaryIs><LinearRing><coordinates>103.2882567,14.5077317,0 103.2886367,14.5076850,0 103.2884500,14.5060150,0 103.2883867,14.5060350,0 103.2884033,14.5062700,0 103.2881033,14.5063117,0 103.2882567,14.5077317,0</coordinates></LinearRing></outerBoundaryIs></Polygon></MultiGeometry>
    </Placemark>
  </Folder>
  <Style id="style_11_007">
    <LineStyle>
      <color>ff47A043</color>
      <width>2.0</width>
    </LineStyle>
    <PolyStyle>
      <color>b347A043</color>
    </PolyStyle>
  </Style>
  <Folder>
    <name>11_007</name>
    <Placemark>
      <name>320513011656</name>
      <description><![CDATA[<div style='font-family:Tahoma,sans-serif; font-size:13px;'><h3 style='color:#1565C0; margin:4px 0;'>รหัส: 320513011656</h3><p style='margin:2px 0;'><b>กลุ่มรถไถ:</b> 11_007</p><table border='1' style='border-collapse:collapse; border-color:#ccc; width:100%;'><tr><td style='padding:3px 6px; font-weight:bold; background-color:#f2f2f2;'>ปีการผลิต</td><td style='padding:3px 6px;'>257071</td></tr><tr><td style='padding:3px 6px; font-weight:bold; background-color:#f2f2f2;'>รหัสกลุ่มรถไถ</td><td style='padding:3px 6px;'>11/007</td></tr><tr><td style='padding:3px 6px; font-weight:bold; background-color:#f2f2f2;'>โควตาชาวไร่</td><td style='padding:3px 6px;'>710193</td></tr><tr><td style='padding:3px 6px; font-weight:bold; background-color:#f2f2f2;'>ชื่อ-นามสกุล</td><td style='padding:3px 6px;'>นาง วิลิน แก่นดี</td></tr><tr><td style='padding:3px 6px; font-weight:bold; background-color:#f2f2f2;'>111</td><td style='padding:3px 6px;'>320513011656</td></tr><tr><td style='padding:3px 6px; font-weight:bold; background-color:#f2f2f2;'>ประเภทอ้อย</td><td style='padding:3px 6px;'>อ้อยปลายฝน</td></tr><tr><td style='padding:3px 6px; font-weight:bold; background-color:#f2f2f2;'>พื้นที่ปลูก</td><td style='padding:3px 6px;'>1.72</td></tr><tr><td style='padding:3px 6px; font-weight:bold; background-color:#f2f2f2;'>ศูนย์</td><td style='padding:3px 6px;'>K2-11</td></tr><tr><td style='padding:3px 6px; font-weight:bold; background-color:#f2f2f2;'>นักเกษตร</td><td style='padding:3px 6px;'>1105</td></tr><tr><td style='padding:3px 6px; font-weight:bold; background-color:#f2f2f2;'>กลุ่ม</td><td style='padding:3px 6px;'>กลุ่ม_11</td></tr></table></div>]]></description>
      <styleUrl>#style_11_007</styleUrl>
      <MultiGeometry><Polygon><outerBoundaryIs><LinearRing><coordinates>103.3672171,14.6477085,0 103.3672190,14.6479664,0 103.3677298,14.6479432,0 103.3678699,14.6478908,0 103.3679572,14.6479036,0 103.3681369,14.6479230,0 103.3681803,14.6476700,0 103.3672171,14.6477085,0</coordinates></LinearRing></outerBoundaryIs></Polygon></MultiGeometry>
    </Placemark>
    <Placemark>
      <name>320513011657</name>
      <description><![CDATA[<div style='font-family:Tahoma,sans-serif; font-size:13px;'><h3 style='color:#1565C0; margin:4px 0;'>รหัส: 320513011657</h3><p style='margin:2px 0;'><b>กลุ่มรถไถ:</b> 11_007</p><table border='1' style='border-collapse:collapse; border-color:#ccc; width:100%;'><tr><td style='padding:3px 6px; font-weight:bold; background-color:#f2f2f2;'>ปีการผลิต</td><td style='padding:3px 6px;'>257071</td></tr><tr><td style='padding:3px 6px; font-weight:bold; background-color:#f2f2f2;'>รหัสกลุ่มรถไถ</td><td style='padding:3px 6px;'>11/007</td></tr><tr><td style='padding:3px 6px; font-weight:bold; background-color:#f2f2f2;'>โควตาชาวไร่</td><td style='padding:3px 6px;'>710193</td></tr><tr><td style='padding:3px 6px; font-weight:bold; background-color:#f2f2f2;'>ชื่อ-นามสกุล</td><td style='padding:3px 6px;'>นาง วิลิน แก่นดี</td></tr><tr><td style='padding:3px 6px; font-weight:bold; background-color:#f2f2f2;'>111</td><td style='padding:3px 6px;'>320513011657</td></tr><tr><td style='padding:3px 6px; font-weight:bold; background-color:#f2f2f2;'>ประเภทอ้อย</td><td style='padding:3px 6px;'>อ้อยปลายฝน</td></tr><tr><td style='padding:3px 6px; font-weight:bold; background-color:#f2f2f2;'>พื้นที่ปลูก</td><td style='padding:3px 6px;'>1.5</td></tr><tr><td style='padding:3px 6px; font-weight:bold; background-color:#f2f2f2;'>ศูนย์</td><td style='padding:3px 6px;'>K2-11</td></tr><tr><td style='padding:3px 6px; font-weight:bold; background-color:#f2f2f2;'>นักเกษตร</td><td style='padding:3px 6px;'>1105</td></tr><tr><td style='padding:3px 6px; font-weight:bold; background-color:#f2f2f2;'>กลุ่ม</td><td style='padding:3px 6px;'>กลุ่ม_11</td></tr></table></div>]]></description>
      <styleUrl>#style_11_007</styleUrl>
      <MultiGeometry><Polygon><outerBoundaryIs><LinearRing><coordinates>103.3692019,14.6487783,0 103.3680202,14.6489786,0 103.3679676,14.6491210,0 103.3685802,14.6490674,0 103.3690499,14.6490197,0 103.3690430,14.6488891,0 103.3692190,14.6488624,0 103.3692019,14.6487783,0</coordinates></LinearRing></outerBoundaryIs></Polygon></MultiGeometry>
    </Placemark>
    <Placemark>
      <name>320517080023</name>
      <description><![CDATA[<div style='font-family:Tahoma,sans-serif; font-size:13px;'><h3 style='color:#1565C0; margin:4px 0;'>รหัส: 320517080023</h3><p style='margin:2px 0;'><b>กลุ่มรถไถ:</b> 11_007</p><table border='1' style='border-collapse:collapse; border-color:#ccc; width:100%;'><tr><td style='padding:3px 6px; font-weight:bold; background-color:#f2f2f2;'>ปีการผลิต</td><td style='padding:3px 6px;'>257071</td></tr><tr><td style='padding:3px 6px; font-weight:bold; background-color:#f2f2f2;'>รหัสกลุ่มรถไถ</td><td style='padding:3px 6px;'>11/007</td></tr><tr><td style='padding:3px 6px; font-weight:bold; background-color:#f2f2f2;'>โควตาชาวไร่</td><td style='padding:3px 6px;'>710240</td></tr><tr><td style='padding:3px 6px; font-weight:bold; background-color:#f2f2f2;'>ชื่อ-นามสกุล</td><td style='padding:3px 6px;'>นาย หนุ่ม บันเทิงใจ</td></tr><tr><td style='padding:3px 6px; font-weight:bold; background-color:#f2f2f2;'>111</td><td style='padding:3px 6px;'>320517080023</td></tr><tr><td style='padding:3px 6px; font-weight:bold; background-color:#f2f2f2;'>ประเภทอ้อย</td><td style='padding:3px 6px;'>อ้อยปลายฝน</td></tr><tr><td style='padding:3px 6px; font-weight:bold; background-color:#f2f2f2;'>พื้นที่ปลูก</td><td style='padding:3px 6px;'>2.01</td></tr><tr><td style='padding:3px 6px; font-weight:bold; background-color:#f2f2f2;'>ศูนย์</td><td style='padding:3px 6px;'>K2-11</td></tr><tr><td style='padding:3px 6px; font-weight:bold; background-color:#f2f2f2;'>นักเกษตร</td><td style='padding:3px 6px;'>1107</td></tr><tr><td style='padding:3px 6px; font-weight:bold; background-color:#f2f2f2;'>กลุ่ม</td><td style='padding:3px 6px;'>กลุ่ม_11</td></tr></table></div>]]></description>
      <styleUrl>#style_11_007</styleUrl>
      <MultiGeometry><Polygon><outerBoundaryIs><LinearRing><coordinates>103.3492917,14.6840767,0 103.3489983,14.6840800,0 103.3490833,14.6850217,0 103.3493683,14.6850133,0 103.3492917,14.6840767,0</coordinates></LinearRing></outerBoundaryIs></Polygon></MultiGeometry>
    </Placemark>
    <Placemark>
      <name>320517080044</name>
      <description><![CDATA[<div style='font-family:Tahoma,sans-serif; font-size:13px;'><h3 style='color:#1565C0; margin:4px 0;'>รหัส: 320517080044</h3><p style='margin:2px 0;'><b>กลุ่มรถไถ:</b> 11_007</p><table border='1' style='border-collapse:collapse; border-color:#ccc; width:100%;'><tr><td style='padding:3px 6px; font-weight:bold; background-color:#f2f2f2;'>ปีการผลิต</td><td style='padding:3px 6px;'>257071</td></tr><tr><td style='padding:3px 6px; font-weight:bold; background-color:#f2f2f2;'>รหัสกลุ่มรถไถ</td><td style='padding:3px 6px;'>11/007</td></tr><tr><td style='padding:3px 6px; font-weight:bold; background-color:#f2f2f2;'>โควตาชาวไร่</td><td style='padding:3px 6px;'>710241</td></tr><tr><td style='padding:3px 6px; font-weight:bold; background-color:#f2f2f2;'>ชื่อ-นามสกุล</td><td style='padding:3px 6px;'>นาง คันที ผูกดี</td></tr><tr><td style='padding:3px 6px; font-weight:bold; background-color:#f2f2f2;'>111</td><td style='padding:3px 6px;'>320517080044</td></tr><tr><td style='padding:3px 6px; font-weight:bold; background-color:#f2f2f2;'>ประเภทอ้อย</td><td style='padding:3px 6px;'>อ้อยปลายฝน</td></tr><tr><td style='padding:3px 6px; font-weight:bold; background-color:#f2f2f2;'>พื้นที่ปลูก</td><td style='padding:3px 6px;'>1.65</td></tr><tr><td style='padding:3px 6px; font-weight:bold; background-color:#f2f2f2;'>ศูนย์</td><td style='padding:3px 6px;'>K2-11</td></tr><tr><td style='padding:3px 6px; font-weight:bold; background-color:#f2f2f2;'>นักเกษตร</td><td style='padding:3px 6px;'>1107</td></tr><tr><td style='padding:3px 6px; font-weight:bold; background-color:#f2f2f2;'>กลุ่ม</td><td style='padding:3px 6px;'>กลุ่ม_11</td></tr></table></div>]]></description>
      <styleUrl>#style_11_007</styleUrl>
      <MultiGeometry><Polygon><outerBoundaryIs><LinearRing><coordinates>103.3495478,14.6841880,0 103.3496181,14.6849906,0 103.3497220,14.6849851,0 103.3497246,14.6848905,0 103.3498052,14.6848589,0 103.3498263,14.6847484,0 103.3499390,14.6847556,0 103.3498595,14.6841977,0 103.3495478,14.6841880,0</coordinates></LinearRing></outerBoundaryIs></Polygon></MultiGeometry>
    </Placemark>
    <Placemark>
      <name>320513031515</name>
      <description><![CDATA[<div style='font-family:Tahoma,sans-serif; font-size:13px;'><h3 style='color:#1565C0; margin:4px 0;'>รหัส: 320513031515</h3><p style='margin:2px 0;'><b>กลุ่มรถไถ:</b> 11_007</p><table border='1' style='border-collapse:collapse; border-color:#ccc; width:100%;'><tr><td style='padding:3px 6px; font-weight:bold; background-color:#f2f2f2;'>ปีการผลิต</td><td style='padding:3px 6px;'>257071</td></tr><tr><td style='padding:3px 6px; font-weight:bold; background-color:#f2f2f2;'>รหัสกลุ่มรถไถ</td><td style='padding:3px 6px;'>11/007</td></tr><tr><td style='padding:3px 6px; font-weight:bold; background-color:#f2f2f2;'>โควตาชาวไร่</td><td style='padding:3px 6px;'>710254</td></tr><tr><td style='padding:3px 6px; font-weight:bold; background-color:#f2f2f2;'>ชื่อ-นามสกุล</td><td style='padding:3px 6px;'>นาง กฤษณา ชาบุรี</td></tr><tr><td style='padding:3px 6px; font-weight:bold; background-color:#f2f2f2;'>111</td><td style='padding:3px 6px;'>320513031515</td></tr><tr><td style='padding:3px 6px; font-weight:bold; background-color:#f2f2f2;'>ประเภทอ้อย</td><td style='padding:3px 6px;'>อ้อยปลายฝน</td></tr><tr><td style='padding:3px 6px; font-weight:bold; background-color:#f2f2f2;'>พื้นที่ปลูก</td><td style='padding:3px 6px;'>3.74</td></tr><tr><td style='padding:3px 6px; font-weight:bold; background-color:#f2f2f2;'>ศูนย์</td><td style='padding:3px 6px;'>K2-11</td></tr><tr><td style='padding:3px 6px; font-weight:bold; background-color:#f2f2f2;'>นักเกษตร</td><td style='padding:3px 6px;'>1107</td></tr><tr><td style='padding:3px 6px; font-weight:bold; background-color:#f2f2f2;'>กลุ่ม</td><td style='padding:3px 6px;'>กลุ่ม_11</td></tr></table></div>]]></description>
      <styleUrl>#style_11_007</styleUrl>
      <MultiGeometry><Polygon><outerBoundaryIs><LinearRing><coordinates>103.3351378,14.6675304,0 103.3351673,14.6672608,0 103.3352138,14.6672286,0 103.3352078,14.6669752,0 103.3351618,14.6667644,0 103.3348995,14.6668505,0 103.3347977,14.6668945,0 103.3344206,14.6669605,0 103.3343748,14.6669988,0 103.3344092,14.6673270,0 103.3344368,14.6674592,0 103.3345189,14.6676502,0 103.3349127,14.6675842,0 103.3351378,14.6675304,0</coordinates></LinearRing></outerBoundaryIs></Polygon></MultiGeometry>
    </Placemark>
    <Placemark>
      <name>320513090042</name>
      <description><![CDATA[<div style='font-family:Tahoma,sans-serif; font-size:13px;'><h3 style='color:#1565C0; margin:4px 0;'>รหัส: 320513090042</h3><p style='margin:2px 0;'><b>กลุ่มรถไถ:</b> 11_007</p><table border='1' style='border-collapse:collapse; border-color:#ccc; width:100%;'><tr><td style='padding:3px 6px; font-weight:bold; background-color:#f2f2f2;'>ปีการผลิต</td><td style='padding:3px 6px;'>257071</td></tr><tr><td style='padding:3px 6px; font-weight:bold; background-color:#f2f2f2;'>รหัสกลุ่มรถไถ</td><td style='padding:3px 6px;'>11/007</td></tr><tr><td style='padding:3px 6px; font-weight:bold; background-color:#f2f2f2;'>โควตาชาวไร่</td><td style='padding:3px 6px;'>710302</td></tr><tr><td style='padding:3px 6px; font-weight:bold; background-color:#f2f2f2;'>ชื่อ-นามสกุล</td><td style='padding:3px 6px;'>นาง ประยวง ตินานพ</td></tr><tr><td style='padding:3px 6px; font-weight:bold; background-color:#f2f2f2;'>111</td><td style='padding:3px 6px;'>320513090042</td></tr><tr><td style='padding:3px 6px; font-weight:bold; background-color:#f2f2f2;'>ประเภทอ้อย</td><td style='padding:3px 6px;'>อ้อยปลายฝน</td></tr><tr><td style='padding:3px 6px; font-weight:bold; background-color:#f2f2f2;'>พื้นที่ปลูก</td><td style='padding:3px 6px;'>0.65</td></tr><tr><td style='padding:3px 6px; font-weight:bold; background-color:#f2f2f2;'>ศูนย์</td><td style='padding:3px 6px;'>K2-11</td></tr><tr><td style='padding:3px 6px; font-weight:bold; background-color:#f2f2f2;'>นักเกษตร</td><td style='padding:3px 6px;'>1107</td></tr><tr><td style='padding:3px 6px; font-weight:bold; background-color:#f2f2f2;'>กลุ่ม</td><td style='padding:3px 6px;'>กลุ่ม_11</td></tr></table></div>]]></description>
      <styleUrl>#style_11_007</styleUrl>
      <MultiGeometry><Polygon><outerBoundaryIs><LinearRing><coordinates>103.3424833,14.6244067,0 103.3425283,14.6242117,0 103.3424733,14.6241633,0 103.3420950,14.6241767,0 103.3421083,14.6243600,0 103.3424833,14.6244067,0</coordinates></LinearRing></outerBoundaryIs></Polygon></MultiGeometry>
    </Placemark>
    <Placemark>
      <name>320517041636</name>
      <description><![CDATA[<div style='font-family:Tahoma,sans-serif; font-size:13px;'><h3 style='color:#1565C0; margin:4px 0;'>รหัส: 320517041636</h3><p style='margin:2px 0;'><b>กลุ่มรถไถ:</b> 11_007</p><table border='1' style='border-collapse:collapse; border-color:#ccc; width:100%;'><tr><td style='padding:3px 6px; font-weight:bold; background-color:#f2f2f2;'>ปีการผลิต</td><td style='padding:3px 6px;'>257071</td></tr><tr><td style='padding:3px 6px; font-weight:bold; background-color:#f2f2f2;'>รหัสกลุ่มรถไถ</td><td style='padding:3px 6px;'>11/007</td></tr><tr><td style='padding:3px 6px; font-weight:bold; background-color:#f2f2f2;'>โควตาชาวไร่</td><td style='padding:3px 6px;'>710482</td></tr><tr><td style='padding:3px 6px; font-weight:bold; background-color:#f2f2f2;'>ชื่อ-นามสกุล</td><td style='padding:3px 6px;'>นาย สังวาล สวัสดี</td></tr><tr><td style='padding:3px 6px; font-weight:bold; background-color:#f2f2f2;'>111</td><td style='padding:3px 6px;'>320517041636</td></tr><tr><td style='padding:3px 6px; font-weight:bold; background-color:#f2f2f2;'>ประเภทอ้อย</td><td style='padding:3px 6px;'>อ้อยปลายฝน</td></tr><tr><td style='padding:3px 6px; font-weight:bold; background-color:#f2f2f2;'>พื้นที่ปลูก</td><td style='padding:3px 6px;'>3.75</td></tr><tr><td style='padding:3px 6px; font-weight:bold; background-color:#f2f2f2;'>ศูนย์</td><td style='padding:3px 6px;'>K2-11</td></tr><tr><td style='padding:3px 6px; font-weight:bold; background-color:#f2f2f2;'>นักเกษตร</td><td style='padding:3px 6px;'>1107</td></tr><tr><td style='padding:3px 6px; font-weight:bold; background-color:#f2f2f2;'>กลุ่ม</td><td style='padding:3px 6px;'>กลุ่ม_11</td></tr></table></div>]]></description>
      <styleUrl>#style_11_007</styleUrl>
      <MultiGeometry><Polygon><outerBoundaryIs><LinearRing><coordinates>103.2976848,14.6775120,0 103.2977274,14.6777252,0 103.3001237,14.6777955,0 103.3001415,14.6776584,0 103.2997941,14.6776334,0 103.2997699,14.6775632,0 103.2976848,14.6775120,0</coordinates></LinearRing></outerBoundaryIs></Polygon></MultiGeometry>
    </Placemark>
    <Placemark>
      <name>320517080025</name>
      <description><![CDATA[<div style='font-family:Tahoma,sans-serif; font-size:13px;'><h3 style='color:#1565C0; margin:4px 0;'>รหัส: 320517080025</h3><p style='margin:2px 0;'><b>กลุ่มรถไถ:</b> 11_007</p><table border='1' style='border-collapse:collapse; border-color:#ccc; width:100%;'><tr><td style='padding:3px 6px; font-weight:bold; background-color:#f2f2f2;'>ปีการผลิต</td><td style='padding:3px 6px;'>257071</td></tr><tr><td style='padding:3px 6px; font-weight:bold; background-color:#f2f2f2;'>รหัสกลุ่มรถไถ</td><td style='padding:3px 6px;'>11/007</td></tr><tr><td style='padding:3px 6px; font-weight:bold; background-color:#f2f2f2;'>โควตาชาวไร่</td><td style='padding:3px 6px;'>710507</td></tr><tr><td style='padding:3px 6px; font-weight:bold; background-color:#f2f2f2;'>ชื่อ-นามสกุล</td><td style='padding:3px 6px;'>นาย สัง เงินงอกงาม</td></tr><tr><td style='padding:3px 6px; font-weight:bold; background-color:#f2f2f2;'>111</td><td style='padding:3px 6px;'>320517080025</td></tr><tr><td style='padding:3px 6px; font-weight:bold; background-color:#f2f2f2;'>ประเภทอ้อย</td><td style='padding:3px 6px;'>อ้อยปลายฝน</td></tr><tr><td style='padding:3px 6px; font-weight:bold; background-color:#f2f2f2;'>พื้นที่ปลูก</td><td style='padding:3px 6px;'>13.53</td></tr><tr><td style='padding:3px 6px; font-weight:bold; background-color:#f2f2f2;'>ศูนย์</td><td style='padding:3px 6px;'>K2-11</td></tr><tr><td style='padding:3px 6px; font-weight:bold; background-color:#f2f2f2;'>นักเกษตร</td><td style='padding:3px 6px;'>1105</td></tr><tr><td style='padding:3px 6px; font-weight:bold; background-color:#f2f2f2;'>กลุ่ม</td><td style='padding:3px 6px;'>กลุ่ม_11</td></tr></table></div>]]></description>
      <styleUrl>#style_11_007</styleUrl>
      <MultiGeometry><Polygon><outerBoundaryIs><LinearRing><coordinates>103.3308770,14.6687158,0 103.3315786,14.6689215,0 103.3322760,14.6689366,0 103.3322891,14.6689472,0 103.3323702,14.6689524,0 103.3328943,14.6689927,0 103.3337184,14.6690269,0 103.3344452,14.6691066,0 103.3351079,14.6691616,0 103.3351468,14.6688037,0 103.3344470,14.6687022,0 103.3335777,14.6685560,0 103.3329401,14.6684741,0 103.3327063,14.6684563,0 103.3324301,14.6684693,0 103.3321215,14.6684296,0 103.3320564,14.6684196,0 103.3319084,14.6684371,0 103.3316044,14.6684874,0 103.3314015,14.6685569,0 103.3310502,14.6685324,0 103.3309348,14.6685834,0 103.3308770,14.6687158,0</coordinates></LinearRing></outerBoundaryIs></Polygon></MultiGeometry>
    </Placemark>
    <Placemark>
      <name>320517071644</name>
      <description><![CDATA[<div style='font-family:Tahoma,sans-serif; font-size:13px;'><h3 style='color:#1565C0; margin:4px 0;'>รหัส: 320517071644</h3><p style='margin:2px 0;'><b>กลุ่มรถไถ:</b> 11_007</p><table border='1' style='border-collapse:collapse; border-color:#ccc; width:100%;'><tr><td style='padding:3px 6px; font-weight:bold; background-color:#f2f2f2;'>ปีการผลิต</td><td style='padding:3px 6px;'>257071</td></tr><tr><td style='padding:3px 6px; font-weight:bold; background-color:#f2f2f2;'>รหัสกลุ่มรถไถ</td><td style='padding:3px 6px;'>11/007</td></tr><tr><td style='padding:3px 6px; font-weight:bold; background-color:#f2f2f2;'>โควตาชาวไร่</td><td style='padding:3px 6px;'>710534</td></tr><tr><td style='padding:3px 6px; font-weight:bold; background-color:#f2f2f2;'>ชื่อ-นามสกุล</td><td style='padding:3px 6px;'>นาย ที ยองใย</td></tr><tr><td style='padding:3px 6px; font-weight:bold; background-color:#f2f2f2;'>111</td><td style='padding:3px 6px;'>320517071644</td></tr><tr><td style='padding:3px 6px; font-weight:bold; background-color:#f2f2f2;'>ประเภทอ้อย</td><td style='padding:3px 6px;'>อ้อยปลายฝน</td></tr><tr><td style='padding:3px 6px; font-weight:bold; background-color:#f2f2f2;'>พื้นที่ปลูก</td><td style='padding:3px 6px;'>1.95</td></tr><tr><td style='padding:3px 6px; font-weight:bold; background-color:#f2f2f2;'>ศูนย์</td><td style='padding:3px 6px;'>K2-11</td></tr><tr><td style='padding:3px 6px; font-weight:bold; background-color:#f2f2f2;'>นักเกษตร</td><td style='padding:3px 6px;'>1107</td></tr><tr><td style='padding:3px 6px; font-weight:bold; background-color:#f2f2f2;'>กลุ่ม</td><td style='padding:3px 6px;'>กลุ่ม_11</td></tr></table></div>]]></description>
      <styleUrl>#style_11_007</styleUrl>
      <MultiGeometry><Polygon><outerBoundaryIs><LinearRing><coordinates>103.3337243,14.6978205,0 103.3335916,14.6973989,0 103.3330278,14.6975070,0 103.3330988,14.6979256,0 103.3337243,14.6978205,0</coordinates></LinearRing></outerBoundaryIs></Polygon></MultiGeometry>
    </Placemark>
    <Placemark>
      <name>320517071647</name>
      <description><![CDATA[<div style='font-family:Tahoma,sans-serif; font-size:13px;'><h3 style='color:#1565C0; margin:4px 0;'>รหัส: 320517071647</h3><p style='margin:2px 0;'><b>กลุ่มรถไถ:</b> 11_007</p><table border='1' style='border-collapse:collapse; border-color:#ccc; width:100%;'><tr><td style='padding:3px 6px; font-weight:bold; background-color:#f2f2f2;'>ปีการผลิต</td><td style='padding:3px 6px;'>257071</td></tr><tr><td style='padding:3px 6px; font-weight:bold; background-color:#f2f2f2;'>รหัสกลุ่มรถไถ</td><td style='padding:3px 6px;'>11/007</td></tr><tr><td style='padding:3px 6px; font-weight:bold; background-color:#f2f2f2;'>โควตาชาวไร่</td><td style='padding:3px 6px;'>710534</td></tr><tr><td style='padding:3px 6px; font-weight:bold; background-color:#f2f2f2;'>ชื่อ-นามสกุล</td><td style='padding:3px 6px;'>นาย ที ยองใย</td></tr><tr><td style='padding:3px 6px; font-weight:bold; background-color:#f2f2f2;'>111</td><td style='padding:3px 6px;'>320517071647</td></tr><tr><td style='padding:3px 6px; font-weight:bold; background-color:#f2f2f2;'>ประเภทอ้อย</td><td style='padding:3px 6px;'>อ้อยปลายฝน</td></tr><tr><td style='padding:3px 6px; font-weight:bold; background-color:#f2f2f2;'>พื้นที่ปลูก</td><td style='padding:3px 6px;'>17.66</td></tr><tr><td style='padding:3px 6px; font-weight:bold; background-color:#f2f2f2;'>ศูนย์</td><td style='padding:3px 6px;'>K2-11</td></tr><tr><td style='padding:3px 6px; font-weight:bold; background-color:#f2f2f2;'>นักเกษตร</td><td style='padding:3px 6px;'>1107</td></tr><tr><td style='padding:3px 6px; font-weight:bold; background-color:#f2f2f2;'>กลุ่ม</td><td style='padding:3px 6px;'>กลุ่ม_11</td></tr></table></div>]]></description>
      <styleUrl>#style_11_007</styleUrl>
      <MultiGeometry><Polygon><outerBoundaryIs><LinearRing><coordinates>103.3354236,14.6984904,0 103.3350060,14.6971300,0 103.3335987,14.6973833,0 103.3337546,14.6978184,0 103.3331002,14.6979392,0 103.3332462,14.6985637,0 103.3340707,14.6984690,0 103.3340814,14.6986273,0 103.3354236,14.6984904,0</coordinates></LinearRing></outerBoundaryIs></Polygon></MultiGeometry>
    </Placemark>
    <Placemark>
      <name>320504181597</name>
      <description><![CDATA[<div style='font-family:Tahoma,sans-serif; font-size:13px;'><h3 style='color:#1565C0; margin:4px 0;'>รหัส: 320504181597</h3><p style='margin:2px 0;'><b>กลุ่มรถไถ:</b> 11_007</p><table border='1' style='border-collapse:collapse; border-color:#ccc; width:100%;'><tr><td style='padding:3px 6px; font-weight:bold; background-color:#f2f2f2;'>ปีการผลิต</td><td style='padding:3px 6px;'>257071</td></tr><tr><td style='padding:3px 6px; font-weight:bold; background-color:#f2f2f2;'>รหัสกลุ่มรถไถ</td><td style='padding:3px 6px;'>11/007</td></tr><tr><td style='padding:3px 6px; font-weight:bold; background-color:#f2f2f2;'>โควตาชาวไร่</td><td style='padding:3px 6px;'>710690</td></tr><tr><td style='padding:3px 6px; font-weight:bold; background-color:#f2f2f2;'>ชื่อ-นามสกุล</td><td style='padding:3px 6px;'>นาง ธันยพัฒน์ เจนนิงส์</td></tr><tr><td style='padding:3px 6px; font-weight:bold; background-color:#f2f2f2;'>111</td><td style='padding:3px 6px;'>320504181597</td></tr><tr><td style='padding:3px 6px; font-weight:bold; background-color:#f2f2f2;'>ประเภทอ้อย</td><td style='padding:3px 6px;'>อ้อยปลายฝน</td></tr><tr><td style='padding:3px 6px; font-weight:bold; background-color:#f2f2f2;'>พื้นที่ปลูก</td><td style='padding:3px 6px;'>1.47</td></tr><tr><td style='padding:3px 6px; font-weight:bold; background-color:#f2f2f2;'>ศูนย์</td><td style='padding:3px 6px;'>K2-11</td></tr><tr><td style='padding:3px 6px; font-weight:bold; background-color:#f2f2f2;'>นักเกษตร</td><td style='padding:3px 6px;'>1105</td></tr><tr><td style='padding:3px 6px; font-weight:bold; background-color:#f2f2f2;'>กลุ่ม</td><td style='padding:3px 6px;'>กลุ่ม_11</td></tr></table></div>]]></description>
      <styleUrl>#style_11_007</styleUrl>
      <MultiGeometry><Polygon><outerBoundaryIs><LinearRing><coordinates>103.3209701,14.5855601,0 103.3207361,14.5856073,0 103.3209348,14.5864871,0 103.3211359,14.5864717,0 103.3209701,14.5855601,0</coordinates></LinearRing></outerBoundaryIs></Polygon></MultiGeometry>
    </Placemark>
    <Placemark>
      <name>320504181749</name>
      <description><![CDATA[<div style='font-family:Tahoma,sans-serif; font-size:13px;'><h3 style='color:#1565C0; margin:4px 0;'>รหัส: 320504181749</h3><p style='margin:2px 0;'><b>กลุ่มรถไถ:</b> 11_007</p><table border='1' style='border-collapse:collapse; border-color:#ccc; width:100%;'><tr><td style='padding:3px 6px; font-weight:bold; background-color:#f2f2f2;'>ปีการผลิต</td><td style='padding:3px 6px;'>257071</td></tr><tr><td style='padding:3px 6px; font-weight:bold; background-color:#f2f2f2;'>รหัสกลุ่มรถไถ</td><td style='padding:3px 6px;'>11/007</td></tr><tr><td style='padding:3px 6px; font-weight:bold; background-color:#f2f2f2;'>โควตาชาวไร่</td><td style='padding:3px 6px;'>710690</td></tr><tr><td style='padding:3px 6px; font-weight:bold; background-color:#f2f2f2;'>ชื่อ-นามสกุล</td><td style='padding:3px 6px;'>นาง ธันยพัฒน์ เจนนิงส์</td></tr><tr><td style='padding:3px 6px; font-weight:bold; background-color:#f2f2f2;'>111</td><td style='padding:3px 6px;'>320504181749</td></tr><tr><td style='padding:3px 6px; font-weight:bold; background-color:#f2f2f2;'>ประเภทอ้อย</td><td style='padding:3px 6px;'>อ้อยปลายฝน</td></tr><tr><td style='padding:3px 6px; font-weight:bold; background-color:#f2f2f2;'>พื้นที่ปลูก</td><td style='padding:3px 6px;'>6.9</td></tr><tr><td style='padding:3px 6px; font-weight:bold; background-color:#f2f2f2;'>ศูนย์</td><td style='padding:3px 6px;'>K2-11</td></tr><tr><td style='padding:3px 6px; font-weight:bold; background-color:#f2f2f2;'>นักเกษตร</td><td style='padding:3px 6px;'>1105</td></tr><tr><td style='padding:3px 6px; font-weight:bold; background-color:#f2f2f2;'>กลุ่ม</td><td style='padding:3px 6px;'>กลุ่ม_11</td></tr></table></div>]]></description>
      <styleUrl>#style_11_007</styleUrl>
      <MultiGeometry><Polygon><outerBoundaryIs><LinearRing><coordinates>103.3214670,14.5862603,0 103.3211437,14.5864185,0 103.3211509,14.5864855,0 103.3210939,14.5865065,0 103.3217326,14.5880865,0 103.3220646,14.5880563,0 103.3221965,14.5880297,0 103.3222155,14.5878536,0 103.3222222,14.5877965,0 103.3214670,14.5862603,0</coordinates></LinearRing></outerBoundaryIs></Polygon></MultiGeometry>
    </Placemark>
    <Placemark>
      <name>320504021654</name>
      <description><![CDATA[<div style='font-family:Tahoma,sans-serif; font-size:13px;'><h3 style='color:#1565C0; margin:4px 0;'>รหัส: 320504021654</h3><p style='margin:2px 0;'><b>กลุ่มรถไถ:</b> 11_007</p><table border='1' style='border-collapse:collapse; border-color:#ccc; width:100%;'><tr><td style='padding:3px 6px; font-weight:bold; background-color:#f2f2f2;'>ปีการผลิต</td><td style='padding:3px 6px;'>257071</td></tr><tr><td style='padding:3px 6px; font-weight:bold; background-color:#f2f2f2;'>รหัสกลุ่มรถไถ</td><td style='padding:3px 6px;'>11/007</td></tr><tr><td style='padding:3px 6px; font-weight:bold; background-color:#f2f2f2;'>โควตาชาวไร่</td><td style='padding:3px 6px;'>711132</td></tr><tr><td style='padding:3px 6px; font-weight:bold; background-color:#f2f2f2;'>ชื่อ-นามสกุล</td><td style='padding:3px 6px;'>นาย พิพัฒน์ ผูกดี</td></tr><tr><td style='padding:3px 6px; font-weight:bold; background-color:#f2f2f2;'>111</td><td style='padding:3px 6px;'>320504021654</td></tr><tr><td style='padding:3px 6px; font-weight:bold; background-color:#f2f2f2;'>ประเภทอ้อย</td><td style='padding:3px 6px;'>อ้อยปลายฝน</td></tr><tr><td style='padding:3px 6px; font-weight:bold; background-color:#f2f2f2;'>พื้นที่ปลูก</td><td style='padding:3px 6px;'>4.07</td></tr><tr><td style='padding:3px 6px; font-weight:bold; background-color:#f2f2f2;'>ศูนย์</td><td style='padding:3px 6px;'>K2-11</td></tr><tr><td style='padding:3px 6px; font-weight:bold; background-color:#f2f2f2;'>นักเกษตร</td><td style='padding:3px 6px;'>1105</td></tr><tr><td style='padding:3px 6px; font-weight:bold; background-color:#f2f2f2;'>กลุ่ม</td><td style='padding:3px 6px;'>กลุ่ม_11</td></tr></table></div>]]></description>
      <styleUrl>#style_11_007</styleUrl>
      <MultiGeometry><Polygon><outerBoundaryIs><LinearRing><coordinates>103.3131667,14.6636050,0 103.3131300,14.6641067,0 103.3133417,14.6640717,0 103.3141917,14.6641850,0 103.3142700,14.6636383,0 103.3131667,14.6636050,0</coordinates></LinearRing></outerBoundaryIs></Polygon></MultiGeometry>
    </Placemark>
    <Placemark>
      <name>320504021861</name>
      <description><![CDATA[<div style='font-family:Tahoma,sans-serif; font-size:13px;'><h3 style='color:#1565C0; margin:4px 0;'>รหัส: 320504021861</h3><p style='margin:2px 0;'><b>กลุ่มรถไถ:</b> 11_007</p><table border='1' style='border-collapse:collapse; border-color:#ccc; width:100%;'><tr><td style='padding:3px 6px; font-weight:bold; background-color:#f2f2f2;'>ปีการผลิต</td><td style='padding:3px 6px;'>257071</td></tr><tr><td style='padding:3px 6px; font-weight:bold; background-color:#f2f2f2;'>รหัสกลุ่มรถไถ</td><td style='padding:3px 6px;'>11/007</td></tr><tr><td style='padding:3px 6px; font-weight:bold; background-color:#f2f2f2;'>โควตาชาวไร่</td><td style='padding:3px 6px;'>711132</td></tr><tr><td style='padding:3px 6px; font-weight:bold; background-color:#f2f2f2;'>ชื่อ-นามสกุล</td><td style='padding:3px 6px;'>นาย พิพัฒน์ ผูกดี</td></tr><tr><td style='padding:3px 6px; font-weight:bold; background-color:#f2f2f2;'>111</td><td style='padding:3px 6px;'>320504021861</td></tr><tr><td style='padding:3px 6px; font-weight:bold; background-color:#f2f2f2;'>ประเภทอ้อย</td><td style='padding:3px 6px;'>อ้อยปลายฝน</td></tr><tr><td style='padding:3px 6px; font-weight:bold; background-color:#f2f2f2;'>พื้นที่ปลูก</td><td style='padding:3px 6px;'>4.28</td></tr><tr><td style='padding:3px 6px; font-weight:bold; background-color:#f2f2f2;'>ศูนย์</td><td style='padding:3px 6px;'>K2-11</td></tr><tr><td style='padding:3px 6px; font-weight:bold; background-color:#f2f2f2;'>นักเกษตร</td><td style='padding:3px 6px;'>1105</td></tr><tr><td style='padding:3px 6px; font-weight:bold; background-color:#f2f2f2;'>กลุ่ม</td><td style='padding:3px 6px;'>กลุ่ม_11</td></tr></table></div>]]></description>
      <styleUrl>#style_11_007</styleUrl>
      <MultiGeometry><Polygon><outerBoundaryIs><LinearRing><coordinates>103.3118967,14.6578650,0 103.3109217,14.6577133,0 103.3107550,14.6582867,0 103.3111250,14.6583550,0 103.3111900,14.6583333,0 103.3117783,14.6583817,0 103.3118967,14.6578650,0</coordinates></LinearRing></outerBoundaryIs></Polygon></MultiGeometry>
    </Placemark>
    <Placemark>
      <name>320504190027</name>
      <description><![CDATA[<div style='font-family:Tahoma,sans-serif; font-size:13px;'><h3 style='color:#1565C0; margin:4px 0;'>รหัส: 320504190027</h3><p style='margin:2px 0;'><b>กลุ่มรถไถ:</b> 11_007</p><table border='1' style='border-collapse:collapse; border-color:#ccc; width:100%;'><tr><td style='padding:3px 6px; font-weight:bold; background-color:#f2f2f2;'>ปีการผลิต</td><td style='padding:3px 6px;'>257071</td></tr><tr><td style='padding:3px 6px; font-weight:bold; background-color:#f2f2f2;'>รหัสกลุ่มรถไถ</td><td style='padding:3px 6px;'>11/007</td></tr><tr><td style='padding:3px 6px; font-weight:bold; background-color:#f2f2f2;'>โควตาชาวไร่</td><td style='padding:3px 6px;'>711166</td></tr><tr><td style='padding:3px 6px; font-weight:bold; background-color:#f2f2f2;'>ชื่อ-นามสกุล</td><td style='padding:3px 6px;'>นาง ณัฐพร ดีเนื่อง</td></tr><tr><td style='padding:3px 6px; font-weight:bold; background-color:#f2f2f2;'>111</td><td style='padding:3px 6px;'>320504190027</td></tr><tr><td style='padding:3px 6px; font-weight:bold; background-color:#f2f2f2;'>ประเภทอ้อย</td><td style='padding:3px 6px;'>อ้อยปลายฝน</td></tr><tr><td style='padding:3px 6px; font-weight:bold; background-color:#f2f2f2;'>พื้นที่ปลูก</td><td style='padding:3px 6px;'>2.14</td></tr><tr><td style='padding:3px 6px; font-weight:bold; background-color:#f2f2f2;'>ศูนย์</td><td style='padding:3px 6px;'>K2-11</td></tr><tr><td style='padding:3px 6px; font-weight:bold; background-color:#f2f2f2;'>นักเกษตร</td><td style='padding:3px 6px;'>1105</td></tr><tr><td style='padding:3px 6px; font-weight:bold; background-color:#f2f2f2;'>กลุ่ม</td><td style='padding:3px 6px;'>กลุ่ม_11</td></tr></table></div>]]></description>
      <styleUrl>#style_11_007</styleUrl>
      <MultiGeometry><Polygon><outerBoundaryIs><LinearRing><coordinates>103.3098683,14.6674250,0 103.3096150,14.6683617,0 103.3099433,14.6683950,0 103.3101383,14.6674617,0 103.3098683,14.6674250,0</coordinates></LinearRing></outerBoundaryIs></Polygon></MultiGeometry>
    </Placemark>
    <Placemark>
      <name>320504051810</name>
      <description><![CDATA[<div style='font-family:Tahoma,sans-serif; font-size:13px;'><h3 style='color:#1565C0; margin:4px 0;'>รหัส: 320504051810</h3><p style='margin:2px 0;'><b>กลุ่มรถไถ:</b> 11_007</p><table border='1' style='border-collapse:collapse; border-color:#ccc; width:100%;'><tr><td style='padding:3px 6px; font-weight:bold; background-color:#f2f2f2;'>ปีการผลิต</td><td style='padding:3px 6px;'>257071</td></tr><tr><td style='padding:3px 6px; font-weight:bold; background-color:#f2f2f2;'>รหัสกลุ่มรถไถ</td><td style='padding:3px 6px;'>11/007</td></tr><tr><td style='padding:3px 6px; font-weight:bold; background-color:#f2f2f2;'>โควตาชาวไร่</td><td style='padding:3px 6px;'>711175</td></tr><tr><td style='padding:3px 6px; font-weight:bold; background-color:#f2f2f2;'>ชื่อ-นามสกุล</td><td style='padding:3px 6px;'>นาย ฉลาด บำรุง</td></tr><tr><td style='padding:3px 6px; font-weight:bold; background-color:#f2f2f2;'>111</td><td style='padding:3px 6px;'>320504051810</td></tr><tr><td style='padding:3px 6px; font-weight:bold; background-color:#f2f2f2;'>ประเภทอ้อย</td><td style='padding:3px 6px;'>อ้อยปลายฝน</td></tr><tr><td style='padding:3px 6px; font-weight:bold; background-color:#f2f2f2;'>พื้นที่ปลูก</td><td style='padding:3px 6px;'>26.53</td></tr><tr><td style='padding:3px 6px; font-weight:bold; background-color:#f2f2f2;'>ศูนย์</td><td style='padding:3px 6px;'>K2-11</td></tr><tr><td style='padding:3px 6px; font-weight:bold; background-color:#f2f2f2;'>นักเกษตร</td><td style='padding:3px 6px;'>1107</td></tr><tr><td style='padding:3px 6px; font-weight:bold; background-color:#f2f2f2;'>กลุ่ม</td><td style='padding:3px 6px;'>กลุ่ม_11</td></tr></table></div>]]></description>
      <styleUrl>#style_11_007</styleUrl>
      <MultiGeometry><Polygon><outerBoundaryIs><LinearRing><coordinates>103.3659367,14.5983483,0 103.3657433,14.5988083,0 103.3663467,14.5990133,0 103.3663183,14.5992600,0 103.3665250,14.5993450,0 103.3665617,14.5997233,0 103.3657817,14.5995483,0 103.3655567,14.5999367,0 103.3679467,14.6006383,0 103.3681667,14.6003217,0 103.3681853,14.6001060,0 103.3681287,14.5998446,0 103.3681585,14.5996198,0 103.3683038,14.5992854,0 103.3683417,14.5991233,0 103.3659367,14.5983483,0</coordinates></LinearRing></outerBoundaryIs></Polygon></MultiGeometry>
    </Placemark>
    <Placemark>
      <name>320504021897</name>
      <description><![CDATA[<div style='font-family:Tahoma,sans-serif; font-size:13px;'><h3 style='color:#1565C0; margin:4px 0;'>รหัส: 320504021897</h3><p style='margin:2px 0;'><b>กลุ่มรถไถ:</b> 11_007</p><table border='1' style='border-collapse:collapse; border-color:#ccc; width:100%;'><tr><td style='padding:3px 6px; font-weight:bold; background-color:#f2f2f2;'>ปีการผลิต</td><td style='padding:3px 6px;'>257071</td></tr><tr><td style='padding:3px 6px; font-weight:bold; background-color:#f2f2f2;'>รหัสกลุ่มรถไถ</td><td style='padding:3px 6px;'>11/007</td></tr><tr><td style='padding:3px 6px; font-weight:bold; background-color:#f2f2f2;'>โควตาชาวไร่</td><td style='padding:3px 6px;'>711220</td></tr><tr><td style='padding:3px 6px; font-weight:bold; background-color:#f2f2f2;'>ชื่อ-นามสกุล</td><td style='padding:3px 6px;'>นาง ประยวน ชุ่มหอม</td></tr><tr><td style='padding:3px 6px; font-weight:bold; background-color:#f2f2f2;'>111</td><td style='padding:3px 6px;'>320504021897</td></tr><tr><td style='padding:3px 6px; font-weight:bold; background-color:#f2f2f2;'>ประเภทอ้อย</td><td style='padding:3px 6px;'>อ้อยปลายฝน</td></tr><tr><td style='padding:3px 6px; font-weight:bold; background-color:#f2f2f2;'>พื้นที่ปลูก</td><td style='padding:3px 6px;'>6.83</td></tr><tr><td style='padding:3px 6px; font-weight:bold; background-color:#f2f2f2;'>ศูนย์</td><td style='padding:3px 6px;'>K2-11</td></tr><tr><td style='padding:3px 6px; font-weight:bold; background-color:#f2f2f2;'>นักเกษตร</td><td style='padding:3px 6px;'>1105</td></tr><tr><td style='padding:3px 6px; font-weight:bold; background-color:#f2f2f2;'>กลุ่ม</td><td style='padding:3px 6px;'>กลุ่ม_11</td></tr></table></div>]]></description>
      <styleUrl>#style_11_007</styleUrl>
      <MultiGeometry><Polygon><outerBoundaryIs><LinearRing><coordinates>103.3088240,14.6624721,0 103.3095648,14.6624357,0 103.3094994,14.6614790,0 103.3094882,14.6614426,0 103.3094967,14.6613965,0 103.3094894,14.6611429,0 103.3089935,14.6613537,0 103.3087018,14.6616013,0 103.3087193,14.6623159,0 103.3088240,14.6624721,0</coordinates></LinearRing></outerBoundaryIs></Polygon></MultiGeometry>
    </Placemark>
    <Placemark>
      <name>320504191668</name>
      <description><![CDATA[<div style='font-family:Tahoma,sans-serif; font-size:13px;'><h3 style='color:#1565C0; margin:4px 0;'>รหัส: 320504191668</h3><p style='margin:2px 0;'><b>กลุ่มรถไถ:</b> 11_007</p><table border='1' style='border-collapse:collapse; border-color:#ccc; width:100%;'><tr><td style='padding:3px 6px; font-weight:bold; background-color:#f2f2f2;'>ปีการผลิต</td><td style='padding:3px 6px;'>257071</td></tr><tr><td style='padding:3px 6px; font-weight:bold; background-color:#f2f2f2;'>รหัสกลุ่มรถไถ</td><td style='padding:3px 6px;'>11/007</td></tr><tr><td style='padding:3px 6px; font-weight:bold; background-color:#f2f2f2;'>โควตาชาวไร่</td><td style='padding:3px 6px;'>711220</td></tr><tr><td style='padding:3px 6px; font-weight:bold; background-color:#f2f2f2;'>ชื่อ-นามสกุล</td><td style='padding:3px 6px;'>นาง ประยวน ชุ่มหอม</td></tr><tr><td style='padding:3px 6px; font-weight:bold; background-color:#f2f2f2;'>111</td><td style='padding:3px 6px;'>320504191668</td></tr><tr><td style='padding:3px 6px; font-weight:bold; background-color:#f2f2f2;'>ประเภทอ้อย</td><td style='padding:3px 6px;'>อ้อยปลายฝน</td></tr><tr><td style='padding:3px 6px; font-weight:bold; background-color:#f2f2f2;'>พื้นที่ปลูก</td><td style='padding:3px 6px;'>5.16</td></tr><tr><td style='padding:3px 6px; font-weight:bold; background-color:#f2f2f2;'>ศูนย์</td><td style='padding:3px 6px;'>K2-11</td></tr><tr><td style='padding:3px 6px; font-weight:bold; background-color:#f2f2f2;'>นักเกษตร</td><td style='padding:3px 6px;'>1105</td></tr><tr><td style='padding:3px 6px; font-weight:bold; background-color:#f2f2f2;'>กลุ่ม</td><td style='padding:3px 6px;'>กลุ่ม_11</td></tr></table></div>]]></description>
      <styleUrl>#style_11_007</styleUrl>
      <MultiGeometry><Polygon><outerBoundaryIs><LinearRing><coordinates>103.3090377,14.6640375,0 103.3095408,14.6640363,0 103.3095919,14.6639792,0 103.3095762,14.6639371,0 103.3095565,14.6638473,0 103.3095916,14.6637921,0 103.3095439,14.6629519,0 103.3095073,14.6629185,0 103.3088501,14.6629553,0 103.3090377,14.6640375,0</coordinates></LinearRing></outerBoundaryIs></Polygon></MultiGeometry>
    </Placemark>
    <Placemark>
      <name>320504020010</name>
      <description><![CDATA[<div style='font-family:Tahoma,sans-serif; font-size:13px;'><h3 style='color:#1565C0; margin:4px 0;'>รหัส: 320504020010</h3><p style='margin:2px 0;'><b>กลุ่มรถไถ:</b> 11_007</p><table border='1' style='border-collapse:collapse; border-color:#ccc; width:100%;'><tr><td style='padding:3px 6px; font-weight:bold; background-color:#f2f2f2;'>ปีการผลิต</td><td style='padding:3px 6px;'>257071</td></tr><tr><td style='padding:3px 6px; font-weight:bold; background-color:#f2f2f2;'>รหัสกลุ่มรถไถ</td><td style='padding:3px 6px;'>11/007</td></tr><tr><td style='padding:3px 6px; font-weight:bold; background-color:#f2f2f2;'>โควตาชาวไร่</td><td style='padding:3px 6px;'>711227</td></tr><tr><td style='padding:3px 6px; font-weight:bold; background-color:#f2f2f2;'>ชื่อ-นามสกุล</td><td style='padding:3px 6px;'>นาง สวนิต เสาะสนธิ์</td></tr><tr><td style='padding:3px 6px; font-weight:bold; background-color:#f2f2f2;'>111</td><td style='padding:3px 6px;'>320504020010</td></tr><tr><td style='padding:3px 6px; font-weight:bold; background-color:#f2f2f2;'>ประเภทอ้อย</td><td style='padding:3px 6px;'>อ้อยปลายฝน</td></tr><tr><td style='padding:3px 6px; font-weight:bold; background-color:#f2f2f2;'>พื้นที่ปลูก</td><td style='padding:3px 6px;'>2.45</td></tr><tr><td style='padding:3px 6px; font-weight:bold; background-color:#f2f2f2;'>ศูนย์</td><td style='padding:3px 6px;'>K2-11</td></tr><tr><td style='padding:3px 6px; font-weight:bold; background-color:#f2f2f2;'>นักเกษตร</td><td style='padding:3px 6px;'>1105</td></tr><tr><td style='padding:3px 6px; font-weight:bold; background-color:#f2f2f2;'>กลุ่ม</td><td style='padding:3px 6px;'>กลุ่ม_11</td></tr></table></div>]]></description>
      <styleUrl>#style_11_007</styleUrl>
      <MultiGeometry><Polygon><outerBoundaryIs><LinearRing><coordinates>103.3210498,14.6599396,0 103.3207922,14.6599975,0 103.3210102,14.6612500,0 103.3212541,14.6611974,0 103.3210498,14.6599396,0</coordinates></LinearRing></outerBoundaryIs></Polygon></MultiGeometry>
    </Placemark>
    <Placemark>
      <name>320504021504</name>
      <description><![CDATA[<div style='font-family:Tahoma,sans-serif; font-size:13px;'><h3 style='color:#1565C0; margin:4px 0;'>รหัส: 320504021504</h3><p style='margin:2px 0;'><b>กลุ่มรถไถ:</b> 11_007</p><table border='1' style='border-collapse:collapse; border-color:#ccc; width:100%;'><tr><td style='padding:3px 6px; font-weight:bold; background-color:#f2f2f2;'>ปีการผลิต</td><td style='padding:3px 6px;'>257071</td></tr><tr><td style='padding:3px 6px; font-weight:bold; background-color:#f2f2f2;'>รหัสกลุ่มรถไถ</td><td style='padding:3px 6px;'>11/007</td></tr><tr><td style='padding:3px 6px; font-weight:bold; background-color:#f2f2f2;'>โควตาชาวไร่</td><td style='padding:3px 6px;'>711232</td></tr><tr><td style='padding:3px 6px; font-weight:bold; background-color:#f2f2f2;'>ชื่อ-นามสกุล</td><td style='padding:3px 6px;'>นาย เปือย ตินานพ</td></tr><tr><td style='padding:3px 6px; font-weight:bold; background-color:#f2f2f2;'>111</td><td style='padding:3px 6px;'>320504021504</td></tr><tr><td style='padding:3px 6px; font-weight:bold; background-color:#f2f2f2;'>ประเภทอ้อย</td><td style='padding:3px 6px;'>อ้อยปลายฝน</td></tr><tr><td style='padding:3px 6px; font-weight:bold; background-color:#f2f2f2;'>พื้นที่ปลูก</td><td style='padding:3px 6px;'>3.54</td></tr><tr><td style='padding:3px 6px; font-weight:bold; background-color:#f2f2f2;'>ศูนย์</td><td style='padding:3px 6px;'>K2-11</td></tr><tr><td style='padding:3px 6px; font-weight:bold; background-color:#f2f2f2;'>นักเกษตร</td><td style='padding:3px 6px;'>1105</td></tr><tr><td style='padding:3px 6px; font-weight:bold; background-color:#f2f2f2;'>กลุ่ม</td><td style='padding:3px 6px;'>กลุ่ม_11</td></tr></table></div>]]></description>
      <styleUrl>#style_11_007</styleUrl>
      <MultiGeometry><Polygon><outerBoundaryIs><LinearRing><coordinates>103.3162383,14.6619016,0 103.3162014,14.6622318,0 103.3162346,14.6622245,0 103.3163246,14.6624162,0 103.3170008,14.6624350,0 103.3170105,14.6623155,0 103.3171806,14.6623099,0 103.3172055,14.6619105,0 103.3162370,14.6618995,0 103.3162383,14.6619016,0</coordinates></LinearRing></outerBoundaryIs></Polygon></MultiGeometry>
    </Placemark>
    <Placemark>
      <name>320504061690</name>
      <description><![CDATA[<div style='font-family:Tahoma,sans-serif; font-size:13px;'><h3 style='color:#1565C0; margin:4px 0;'>รหัส: 320504061690</h3><p style='margin:2px 0;'><b>กลุ่มรถไถ:</b> 11_007</p><table border='1' style='border-collapse:collapse; border-color:#ccc; width:100%;'><tr><td style='padding:3px 6px; font-weight:bold; background-color:#f2f2f2;'>ปีการผลิต</td><td style='padding:3px 6px;'>257071</td></tr><tr><td style='padding:3px 6px; font-weight:bold; background-color:#f2f2f2;'>รหัสกลุ่มรถไถ</td><td style='padding:3px 6px;'>11/007</td></tr><tr><td style='padding:3px 6px; font-weight:bold; background-color:#f2f2f2;'>โควตาชาวไร่</td><td style='padding:3px 6px;'>711281</td></tr><tr><td style='padding:3px 6px; font-weight:bold; background-color:#f2f2f2;'>ชื่อ-นามสกุล</td><td style='padding:3px 6px;'>นาย วิชัย สร้างคำ</td></tr><tr><td style='padding:3px 6px; font-weight:bold; background-color:#f2f2f2;'>111</td><td style='padding:3px 6px;'>320504061690</td></tr><tr><td style='padding:3px 6px; font-weight:bold; background-color:#f2f2f2;'>ประเภทอ้อย</td><td style='padding:3px 6px;'>อ้อยปลายฝน</td></tr><tr><td style='padding:3px 6px; font-weight:bold; background-color:#f2f2f2;'>พื้นที่ปลูก</td><td style='padding:3px 6px;'>3.68</td></tr><tr><td style='padding:3px 6px; font-weight:bold; background-color:#f2f2f2;'>ศูนย์</td><td style='padding:3px 6px;'>K2-11</td></tr><tr><td style='padding:3px 6px; font-weight:bold; background-color:#f2f2f2;'>นักเกษตร</td><td style='padding:3px 6px;'>1107</td></tr><tr><td style='padding:3px 6px; font-weight:bold; background-color:#f2f2f2;'>กลุ่ม</td><td style='padding:3px 6px;'>กลุ่ม_11</td></tr></table></div>]]></description>
      <styleUrl>#style_11_007</styleUrl>
      <MultiGeometry><Polygon><outerBoundaryIs><LinearRing><coordinates>103.3180742,14.6248378,0 103.3186283,14.6249380,0 103.3186865,14.6246007,0 103.3172210,14.6243652,0 103.3171647,14.6246838,0 103.3180742,14.6248378,0</coordinates></LinearRing></outerBoundaryIs></Polygon></MultiGeometry>
    </Placemark>
    <Placemark>
      <name>320504061724</name>
      <description><![CDATA[<div style='font-family:Tahoma,sans-serif; font-size:13px;'><h3 style='color:#1565C0; margin:4px 0;'>รหัส: 320504061724</h3><p style='margin:2px 0;'><b>กลุ่มรถไถ:</b> 11_007</p><table border='1' style='border-collapse:collapse; border-color:#ccc; width:100%;'><tr><td style='padding:3px 6px; font-weight:bold; background-color:#f2f2f2;'>ปีการผลิต</td><td style='padding:3px 6px;'>257071</td></tr><tr><td style='padding:3px 6px; font-weight:bold; background-color:#f2f2f2;'>รหัสกลุ่มรถไถ</td><td style='padding:3px 6px;'>11/007</td></tr><tr><td style='padding:3px 6px; font-weight:bold; background-color:#f2f2f2;'>โควตาชาวไร่</td><td style='padding:3px 6px;'>711281</td></tr><tr><td style='padding:3px 6px; font-weight:bold; background-color:#f2f2f2;'>ชื่อ-นามสกุล</td><td style='padding:3px 6px;'>นาย วิชัย สร้างคำ</td></tr><tr><td style='padding:3px 6px; font-weight:bold; background-color:#f2f2f2;'>111</td><td style='padding:3px 6px;'>320504061724</td></tr><tr><td style='padding:3px 6px; font-weight:bold; background-color:#f2f2f2;'>ประเภทอ้อย</td><td style='padding:3px 6px;'>อ้อยปลายฝน</td></tr><tr><td style='padding:3px 6px; font-weight:bold; background-color:#f2f2f2;'>พื้นที่ปลูก</td><td style='padding:3px 6px;'>3.21</td></tr><tr><td style='padding:3px 6px; font-weight:bold; background-color:#f2f2f2;'>ศูนย์</td><td style='padding:3px 6px;'>K2-11</td></tr><tr><td style='padding:3px 6px; font-weight:bold; background-color:#f2f2f2;'>นักเกษตร</td><td style='padding:3px 6px;'>1107</td></tr><tr><td style='padding:3px 6px; font-weight:bold; background-color:#f2f2f2;'>กลุ่ม</td><td style='padding:3px 6px;'>กลุ่ม_11</td></tr></table></div>]]></description>
      <styleUrl>#style_11_007</styleUrl>
      <MultiGeometry><Polygon><outerBoundaryIs><LinearRing><coordinates>103.3199048,14.6248090,0 103.3187129,14.6245934,0 103.3186441,14.6249422,0 103.3198588,14.6251523,0 103.3199049,14.6248386,0 103.3199048,14.6248090,0</coordinates></LinearRing></outerBoundaryIs></Polygon></MultiGeometry>
    </Placemark>
    <Placemark>
      <name>320503091508</name>
      <description><![CDATA[<div style='font-family:Tahoma,sans-serif; font-size:13px;'><h3 style='color:#1565C0; margin:4px 0;'>รหัส: 320503091508</h3><p style='margin:2px 0;'><b>กลุ่มรถไถ:</b> 11_007</p><table border='1' style='border-collapse:collapse; border-color:#ccc; width:100%;'><tr><td style='padding:3px 6px; font-weight:bold; background-color:#f2f2f2;'>ปีการผลิต</td><td style='padding:3px 6px;'>257071</td></tr><tr><td style='padding:3px 6px; font-weight:bold; background-color:#f2f2f2;'>รหัสกลุ่มรถไถ</td><td style='padding:3px 6px;'>11/007</td></tr><tr><td style='padding:3px 6px; font-weight:bold; background-color:#f2f2f2;'>โควตาชาวไร่</td><td style='padding:3px 6px;'>711295</td></tr><tr><td style='padding:3px 6px; font-weight:bold; background-color:#f2f2f2;'>ชื่อ-นามสกุล</td><td style='padding:3px 6px;'>นางสาว วาสนา โกสีนาม</td></tr><tr><td style='padding:3px 6px; font-weight:bold; background-color:#f2f2f2;'>111</td><td style='padding:3px 6px;'>320503091508</td></tr><tr><td style='padding:3px 6px; font-weight:bold; background-color:#f2f2f2;'>ประเภทอ้อย</td><td style='padding:3px 6px;'>อ้อยปลายฝน</td></tr><tr><td style='padding:3px 6px; font-weight:bold; background-color:#f2f2f2;'>พื้นที่ปลูก</td><td style='padding:3px 6px;'>1.8</td></tr><tr><td style='padding:3px 6px; font-weight:bold; background-color:#f2f2f2;'>ศูนย์</td><td style='padding:3px 6px;'>K2-11</td></tr><tr><td style='padding:3px 6px; font-weight:bold; background-color:#f2f2f2;'>นักเกษตร</td><td style='padding:3px 6px;'>1107</td></tr><tr><td style='padding:3px 6px; font-weight:bold; background-color:#f2f2f2;'>กลุ่ม</td><td style='padding:3px 6px;'>กลุ่ม_11</td></tr></table></div>]]></description>
      <styleUrl>#style_11_007</styleUrl>
      <MultiGeometry><Polygon><outerBoundaryIs><LinearRing><coordinates>103.3656844,14.6805363,0 103.3657304,14.6807450,0 103.3657579,14.6808768,0 103.3658182,14.6810786,0 103.3658859,14.6812463,0 103.3659426,14.6813997,0 103.3660073,14.6815486,0 103.3661854,14.6818698,0 103.3662871,14.6818476,0 103.3663893,14.6817950,0 103.3663496,14.6817056,0 103.3662350,14.6815506,0 103.3661168,14.6813671,0 103.3659750,14.6811059,0 103.3659279,14.6809579,0 103.3658457,14.6805104,0 103.3656844,14.6805363,0</coordinates></LinearRing></outerBoundaryIs></Polygon></MultiGeometry>
    </Placemark>
    <Placemark>
      <name>320513031508</name>
      <description><![CDATA[<div style='font-family:Tahoma,sans-serif; font-size:13px;'><h3 style='color:#1565C0; margin:4px 0;'>รหัส: 320513031508</h3><p style='margin:2px 0;'><b>กลุ่มรถไถ:</b> 11_007</p><table border='1' style='border-collapse:collapse; border-color:#ccc; width:100%;'><tr><td style='padding:3px 6px; font-weight:bold; background-color:#f2f2f2;'>ปีการผลิต</td><td style='padding:3px 6px;'>257071</td></tr><tr><td style='padding:3px 6px; font-weight:bold; background-color:#f2f2f2;'>รหัสกลุ่มรถไถ</td><td style='padding:3px 6px;'>11/007</td></tr><tr><td style='padding:3px 6px; font-weight:bold; background-color:#f2f2f2;'>โควตาชาวไร่</td><td style='padding:3px 6px;'>711318</td></tr><tr><td style='padding:3px 6px; font-weight:bold; background-color:#f2f2f2;'>ชื่อ-นามสกุล</td><td style='padding:3px 6px;'>นาย ประเสริฐ เรืองชาญ</td></tr><tr><td style='padding:3px 6px; font-weight:bold; background-color:#f2f2f2;'>111</td><td style='padding:3px 6px;'>320513031508</td></tr><tr><td style='padding:3px 6px; font-weight:bold; background-color:#f2f2f2;'>ประเภทอ้อย</td><td style='padding:3px 6px;'>อ้อยปลายฝน</td></tr><tr><td style='padding:3px 6px; font-weight:bold; background-color:#f2f2f2;'>พื้นที่ปลูก</td><td style='padding:3px 6px;'>4.06</td></tr><tr><td style='padding:3px 6px; font-weight:bold; background-color:#f2f2f2;'>ศูนย์</td><td style='padding:3px 6px;'>K2-11</td></tr><tr><td style='padding:3px 6px; font-weight:bold; background-color:#f2f2f2;'>นักเกษตร</td><td style='padding:3px 6px;'>1105</td></tr><tr><td style='padding:3px 6px; font-weight:bold; background-color:#f2f2f2;'>กลุ่ม</td><td style='padding:3px 6px;'>กลุ่ม_11</td></tr></table></div>]]></description>
      <styleUrl>#style_11_007</styleUrl>
      <MultiGeometry><Polygon><outerBoundaryIs><LinearRing><coordinates>103.3408255,14.6577240,0 103.3406053,14.6578634,0 103.3404813,14.6577721,0 103.3398782,14.6581891,0 103.3402098,14.6585689,0 103.3411254,14.6581128,0 103.3408255,14.6577240,0</coordinates></LinearRing></outerBoundaryIs></Polygon></MultiGeometry>
    </Placemark>
    <Placemark>
      <name>320513031648</name>
      <description><![CDATA[<div style='font-family:Tahoma,sans-serif; font-size:13px;'><h3 style='color:#1565C0; margin:4px 0;'>รหัส: 320513031648</h3><p style='margin:2px 0;'><b>กลุ่มรถไถ:</b> 11_007</p><table border='1' style='border-collapse:collapse; border-color:#ccc; width:100%;'><tr><td style='padding:3px 6px; font-weight:bold; background-color:#f2f2f2;'>ปีการผลิต</td><td style='padding:3px 6px;'>257071</td></tr><tr><td style='padding:3px 6px; font-weight:bold; background-color:#f2f2f2;'>รหัสกลุ่มรถไถ</td><td style='padding:3px 6px;'>11/007</td></tr><tr><td style='padding:3px 6px; font-weight:bold; background-color:#f2f2f2;'>โควตาชาวไร่</td><td style='padding:3px 6px;'>711318</td></tr><tr><td style='padding:3px 6px; font-weight:bold; background-color:#f2f2f2;'>ชื่อ-นามสกุล</td><td style='padding:3px 6px;'>นาย ประเสริฐ เรืองชาญ</td></tr><tr><td style='padding:3px 6px; font-weight:bold; background-color:#f2f2f2;'>111</td><td style='padding:3px 6px;'>320513031648</td></tr><tr><td style='padding:3px 6px; font-weight:bold; background-color:#f2f2f2;'>ประเภทอ้อย</td><td style='padding:3px 6px;'>อ้อยปลายฝน</td></tr><tr><td style='padding:3px 6px; font-weight:bold; background-color:#f2f2f2;'>พื้นที่ปลูก</td><td style='padding:3px 6px;'>5.11</td></tr><tr><td style='padding:3px 6px; font-weight:bold; background-color:#f2f2f2;'>ศูนย์</td><td style='padding:3px 6px;'>K2-11</td></tr><tr><td style='padding:3px 6px; font-weight:bold; background-color:#f2f2f2;'>นักเกษตร</td><td style='padding:3px 6px;'>1105</td></tr><tr><td style='padding:3px 6px; font-weight:bold; background-color:#f2f2f2;'>กลุ่ม</td><td style='padding:3px 6px;'>กลุ่ม_11</td></tr></table></div>]]></description>
      <styleUrl>#style_11_007</styleUrl>
      <MultiGeometry><Polygon><outerBoundaryIs><LinearRing><coordinates>103.3412132,14.6588465,0 103.3415295,14.6586419,0 103.3411224,14.6581527,0 103.3404203,14.6585354,0 103.3402201,14.6586323,0 103.3408588,14.6592397,0 103.3412132,14.6588465,0</coordinates></LinearRing></outerBoundaryIs></Polygon></MultiGeometry>
    </Placemark>
    <Placemark>
      <name>320504081777</name>
      <description><![CDATA[<div style='font-family:Tahoma,sans-serif; font-size:13px;'><h3 style='color:#1565C0; margin:4px 0;'>รหัส: 320504081777</h3><p style='margin:2px 0;'><b>กลุ่มรถไถ:</b> 11_007</p><table border='1' style='border-collapse:collapse; border-color:#ccc; width:100%;'><tr><td style='padding:3px 6px; font-weight:bold; background-color:#f2f2f2;'>ปีการผลิต</td><td style='padding:3px 6px;'>257071</td></tr><tr><td style='padding:3px 6px; font-weight:bold; background-color:#f2f2f2;'>รหัสกลุ่มรถไถ</td><td style='padding:3px 6px;'>11/007</td></tr><tr><td style='padding:3px 6px; font-weight:bold; background-color:#f2f2f2;'>โควตาชาวไร่</td><td style='padding:3px 6px;'>711467</td></tr><tr><td style='padding:3px 6px; font-weight:bold; background-color:#f2f2f2;'>ชื่อ-นามสกุล</td><td style='padding:3px 6px;'>นาย สมชัย ไม่ย่อท้อ</td></tr><tr><td style='padding:3px 6px; font-weight:bold; background-color:#f2f2f2;'>111</td><td style='padding:3px 6px;'>320504081777</td></tr><tr><td style='padding:3px 6px; font-weight:bold; background-color:#f2f2f2;'>ประเภทอ้อย</td><td style='padding:3px 6px;'>อ้อยปลายฝน</td></tr><tr><td style='padding:3px 6px; font-weight:bold; background-color:#f2f2f2;'>พื้นที่ปลูก</td><td style='padding:3px 6px;'>1.32</td></tr><tr><td style='padding:3px 6px; font-weight:bold; background-color:#f2f2f2;'>ศูนย์</td><td style='padding:3px 6px;'>K2-11</td></tr><tr><td style='padding:3px 6px; font-weight:bold; background-color:#f2f2f2;'>นักเกษตร</td><td style='padding:3px 6px;'>1105</td></tr><tr><td style='padding:3px 6px; font-weight:bold; background-color:#f2f2f2;'>กลุ่ม</td><td style='padding:3px 6px;'>กลุ่ม_11</td></tr></table></div>]]></description>
      <styleUrl>#style_11_007</styleUrl>
      <MultiGeometry><Polygon><outerBoundaryIs><LinearRing><coordinates>103.2796420,14.6490612,0 103.2796446,14.6490636,0 103.2796119,14.6493349,0 103.2802471,14.6493329,0 103.2802618,14.6490429,0 103.2796420,14.6490612,0</coordinates></LinearRing></outerBoundaryIs></Polygon></MultiGeometry>
    </Placemark>
    <Placemark>
      <name>320504020201</name>
      <description><![CDATA[<div style='font-family:Tahoma,sans-serif; font-size:13px;'><h3 style='color:#1565C0; margin:4px 0;'>รหัส: 320504020201</h3><p style='margin:2px 0;'><b>กลุ่มรถไถ:</b> 11_007</p><table border='1' style='border-collapse:collapse; border-color:#ccc; width:100%;'><tr><td style='padding:3px 6px; font-weight:bold; background-color:#f2f2f2;'>ปีการผลิต</td><td style='padding:3px 6px;'>257071</td></tr><tr><td style='padding:3px 6px; font-weight:bold; background-color:#f2f2f2;'>รหัสกลุ่มรถไถ</td><td style='padding:3px 6px;'>11/007</td></tr><tr><td style='padding:3px 6px; font-weight:bold; background-color:#f2f2f2;'>โควตาชาวไร่</td><td style='padding:3px 6px;'>711488</td></tr><tr><td style='padding:3px 6px; font-weight:bold; background-color:#f2f2f2;'>ชื่อ-นามสกุล</td><td style='padding:3px 6px;'>นาย จิตต์ พูนล้น</td></tr><tr><td style='padding:3px 6px; font-weight:bold; background-color:#f2f2f2;'>111</td><td style='padding:3px 6px;'>320504020201</td></tr><tr><td style='padding:3px 6px; font-weight:bold; background-color:#f2f2f2;'>ประเภทอ้อย</td><td style='padding:3px 6px;'>อ้อยปลายฝน</td></tr><tr><td style='padding:3px 6px; font-weight:bold; background-color:#f2f2f2;'>พื้นที่ปลูก</td><td style='padding:3px 6px;'>8.07</td></tr><tr><td style='padding:3px 6px; font-weight:bold; background-color:#f2f2f2;'>ศูนย์</td><td style='padding:3px 6px;'>K2-11</td></tr><tr><td style='padding:3px 6px; font-weight:bold; background-color:#f2f2f2;'>นักเกษตร</td><td style='padding:3px 6px;'>1105</td></tr><tr><td style='padding:3px 6px; font-weight:bold; background-color:#f2f2f2;'>กลุ่ม</td><td style='padding:3px 6px;'>กลุ่ม_11</td></tr></table></div>]]></description>
      <styleUrl>#style_11_007</styleUrl>
      <MultiGeometry><Polygon><outerBoundaryIs><LinearRing><coordinates>103.3103756,14.6592304,0 103.3105695,14.6592367,0 103.3111099,14.6584118,0 103.3106357,14.6583042,0 103.3103921,14.6582629,0 103.3098455,14.6581461,0 103.3098312,14.6583590,0 103.3097199,14.6583788,0 103.3097170,14.6586310,0 103.3097166,14.6587700,0 103.3097222,14.6588872,0 103.3097217,14.6590091,0 103.3097405,14.6591988,0 103.3099974,14.6591948,0 103.3101305,14.6592061,0 103.3103756,14.6592304,0</coordinates></LinearRing></outerBoundaryIs></Polygon></MultiGeometry>
    </Placemark>
    <Placemark>
      <name>320504121596</name>
      <description><![CDATA[<div style='font-family:Tahoma,sans-serif; font-size:13px;'><h3 style='color:#1565C0; margin:4px 0;'>รหัส: 320504121596</h3><p style='margin:2px 0;'><b>กลุ่มรถไถ:</b> 11_007</p><table border='1' style='border-collapse:collapse; border-color:#ccc; width:100%;'><tr><td style='padding:3px 6px; font-weight:bold; background-color:#f2f2f2;'>ปีการผลิต</td><td style='padding:3px 6px;'>257071</td></tr><tr><td style='padding:3px 6px; font-weight:bold; background-color:#f2f2f2;'>รหัสกลุ่มรถไถ</td><td style='padding:3px 6px;'>11/007</td></tr><tr><td style='padding:3px 6px; font-weight:bold; background-color:#f2f2f2;'>โควตาชาวไร่</td><td style='padding:3px 6px;'>711529</td></tr><tr><td style='padding:3px 6px; font-weight:bold; background-color:#f2f2f2;'>ชื่อ-นามสกุล</td><td style='padding:3px 6px;'>นาย สด เสาะสนธิ์</td></tr><tr><td style='padding:3px 6px; font-weight:bold; background-color:#f2f2f2;'>111</td><td style='padding:3px 6px;'>320504121596</td></tr><tr><td style='padding:3px 6px; font-weight:bold; background-color:#f2f2f2;'>ประเภทอ้อย</td><td style='padding:3px 6px;'>อ้อยปลายฝน</td></tr><tr><td style='padding:3px 6px; font-weight:bold; background-color:#f2f2f2;'>พื้นที่ปลูก</td><td style='padding:3px 6px;'>3.95</td></tr><tr><td style='padding:3px 6px; font-weight:bold; background-color:#f2f2f2;'>ศูนย์</td><td style='padding:3px 6px;'>K2-11</td></tr><tr><td style='padding:3px 6px; font-weight:bold; background-color:#f2f2f2;'>นักเกษตร</td><td style='padding:3px 6px;'>1105</td></tr><tr><td style='padding:3px 6px; font-weight:bold; background-color:#f2f2f2;'>กลุ่ม</td><td style='padding:3px 6px;'>กลุ่ม_11</td></tr></table></div>]]></description>
      <styleUrl>#style_11_007</styleUrl>
      <MultiGeometry><Polygon><outerBoundaryIs><LinearRing><coordinates>103.3112140,14.6357313,0 103.3112275,14.6351474,0 103.3112293,14.6351377,0 103.3104389,14.6351562,0 103.3103040,14.6358152,0 103.3112140,14.6357313,0</coordinates></LinearRing></outerBoundaryIs></Polygon></MultiGeometry>
    </Placemark>
    <Placemark>
      <name>320513111743</name>
      <description><![CDATA[<div style='font-family:Tahoma,sans-serif; font-size:13px;'><h3 style='color:#1565C0; margin:4px 0;'>รหัส: 320513111743</h3><p style='margin:2px 0;'><b>กลุ่มรถไถ:</b> 11_007</p><table border='1' style='border-collapse:collapse; border-color:#ccc; width:100%;'><tr><td style='padding:3px 6px; font-weight:bold; background-color:#f2f2f2;'>ปีการผลิต</td><td style='padding:3px 6px;'>257071</td></tr><tr><td style='padding:3px 6px; font-weight:bold; background-color:#f2f2f2;'>รหัสกลุ่มรถไถ</td><td style='padding:3px 6px;'>11/007</td></tr><tr><td style='padding:3px 6px; font-weight:bold; background-color:#f2f2f2;'>โควตาชาวไร่</td><td style='padding:3px 6px;'>711662</td></tr><tr><td style='padding:3px 6px; font-weight:bold; background-color:#f2f2f2;'>ชื่อ-นามสกุล</td><td style='padding:3px 6px;'>นาย กศิดิษ นิราศภัย</td></tr><tr><td style='padding:3px 6px; font-weight:bold; background-color:#f2f2f2;'>111</td><td style='padding:3px 6px;'>320513111743</td></tr><tr><td style='padding:3px 6px; font-weight:bold; background-color:#f2f2f2;'>ประเภทอ้อย</td><td style='padding:3px 6px;'>อ้อยปลายฝน</td></tr><tr><td style='padding:3px 6px; font-weight:bold; background-color:#f2f2f2;'>พื้นที่ปลูก</td><td style='padding:3px 6px;'>2.72</td></tr><tr><td style='padding:3px 6px; font-weight:bold; background-color:#f2f2f2;'>ศูนย์</td><td style='padding:3px 6px;'>K2-11</td></tr><tr><td style='padding:3px 6px; font-weight:bold; background-color:#f2f2f2;'>นักเกษตร</td><td style='padding:3px 6px;'>1105</td></tr><tr><td style='padding:3px 6px; font-weight:bold; background-color:#f2f2f2;'>กลุ่ม</td><td style='padding:3px 6px;'>กลุ่ม_11</td></tr></table></div>]]></description>
      <styleUrl>#style_11_007</styleUrl>
      <MultiGeometry><Polygon><outerBoundaryIs><LinearRing><coordinates>103.3284597,14.6261829,0 103.3279463,14.6261130,0 103.3277895,14.6267645,0 103.3283375,14.6268567,0 103.3284597,14.6261829,0</coordinates></LinearRing></outerBoundaryIs></Polygon></MultiGeometry>
    </Placemark>
    <Placemark>
      <name>320504140057</name>
      <description><![CDATA[<div style='font-family:Tahoma,sans-serif; font-size:13px;'><h3 style='color:#1565C0; margin:4px 0;'>รหัส: 320504140057</h3><p style='margin:2px 0;'><b>กลุ่มรถไถ:</b> 11_007</p><table border='1' style='border-collapse:collapse; border-color:#ccc; width:100%;'><tr><td style='padding:3px 6px; font-weight:bold; background-color:#f2f2f2;'>ปีการผลิต</td><td style='padding:3px 6px;'>257071</td></tr><tr><td style='padding:3px 6px; font-weight:bold; background-color:#f2f2f2;'>รหัสกลุ่มรถไถ</td><td style='padding:3px 6px;'>11/007</td></tr><tr><td style='padding:3px 6px; font-weight:bold; background-color:#f2f2f2;'>โควตาชาวไร่</td><td style='padding:3px 6px;'>711683</td></tr><tr><td style='padding:3px 6px; font-weight:bold; background-color:#f2f2f2;'>ชื่อ-นามสกุล</td><td style='padding:3px 6px;'>นาย อุทัย หมึกสี</td></tr><tr><td style='padding:3px 6px; font-weight:bold; background-color:#f2f2f2;'>111</td><td style='padding:3px 6px;'>320504140057</td></tr><tr><td style='padding:3px 6px; font-weight:bold; background-color:#f2f2f2;'>ประเภทอ้อย</td><td style='padding:3px 6px;'>อ้อยปลายฝน</td></tr><tr><td style='padding:3px 6px; font-weight:bold; background-color:#f2f2f2;'>พื้นที่ปลูก</td><td style='padding:3px 6px;'>4.18</td></tr><tr><td style='padding:3px 6px; font-weight:bold; background-color:#f2f2f2;'>ศูนย์</td><td style='padding:3px 6px;'>K2-11</td></tr><tr><td style='padding:3px 6px; font-weight:bold; background-color:#f2f2f2;'>นักเกษตร</td><td style='padding:3px 6px;'>1107</td></tr><tr><td style='padding:3px 6px; font-weight:bold; background-color:#f2f2f2;'>กลุ่ม</td><td style='padding:3px 6px;'>กลุ่ม_11</td></tr></table></div>]]></description>
      <styleUrl>#style_11_007</styleUrl>
      <MultiGeometry><Polygon><outerBoundaryIs><LinearRing><coordinates>103.3418356,14.6099167,0 103.3421568,14.6100132,0 103.3426044,14.6084339,0 103.3422665,14.6083495,0 103.3418356,14.6099167,0</coordinates></LinearRing></outerBoundaryIs></Polygon></MultiGeometry>
    </Placemark>
    <Placemark>
      <name>320513111775</name>
      <description><![CDATA[<div style='font-family:Tahoma,sans-serif; font-size:13px;'><h3 style='color:#1565C0; margin:4px 0;'>รหัส: 320513111775</h3><p style='margin:2px 0;'><b>กลุ่มรถไถ:</b> 11_007</p><table border='1' style='border-collapse:collapse; border-color:#ccc; width:100%;'><tr><td style='padding:3px 6px; font-weight:bold; background-color:#f2f2f2;'>ปีการผลิต</td><td style='padding:3px 6px;'>257071</td></tr><tr><td style='padding:3px 6px; font-weight:bold; background-color:#f2f2f2;'>รหัสกลุ่มรถไถ</td><td style='padding:3px 6px;'>11/007</td></tr><tr><td style='padding:3px 6px; font-weight:bold; background-color:#f2f2f2;'>โควตาชาวไร่</td><td style='padding:3px 6px;'>711808</td></tr><tr><td style='padding:3px 6px; font-weight:bold; background-color:#f2f2f2;'>ชื่อ-นามสกุล</td><td style='padding:3px 6px;'>นาย บุญชิด สามลา</td></tr><tr><td style='padding:3px 6px; font-weight:bold; background-color:#f2f2f2;'>111</td><td style='padding:3px 6px;'>320513111775</td></tr><tr><td style='padding:3px 6px; font-weight:bold; background-color:#f2f2f2;'>ประเภทอ้อย</td><td style='padding:3px 6px;'>อ้อยปลายฝน</td></tr><tr><td style='padding:3px 6px; font-weight:bold; background-color:#f2f2f2;'>พื้นที่ปลูก</td><td style='padding:3px 6px;'>6.14</td></tr><tr><td style='padding:3px 6px; font-weight:bold; background-color:#f2f2f2;'>ศูนย์</td><td style='padding:3px 6px;'>K2-11</td></tr><tr><td style='padding:3px 6px; font-weight:bold; background-color:#f2f2f2;'>นักเกษตร</td><td style='padding:3px 6px;'>1105</td></tr><tr><td style='padding:3px 6px; font-weight:bold; background-color:#f2f2f2;'>กลุ่ม</td><td style='padding:3px 6px;'>กลุ่ม_11</td></tr></table></div>]]></description>
      <styleUrl>#style_11_007</styleUrl>
      <MultiGeometry><Polygon><outerBoundaryIs><LinearRing><coordinates>103.3285483,14.6376217,0 103.3291617,14.6376050,0 103.3291383,14.6373650,0 103.3289483,14.6373800,0 103.3290783,14.6353933,0 103.3287983,14.6353733,0 103.3287450,14.6358700,0 103.3285917,14.6369800,0 103.3285483,14.6376217,0</coordinates></LinearRing></outerBoundaryIs></Polygon></MultiGeometry>
    </Placemark>
    <Placemark>
      <name>320517081671</name>
      <description><![CDATA[<div style='font-family:Tahoma,sans-serif; font-size:13px;'><h3 style='color:#1565C0; margin:4px 0;'>รหัส: 320517081671</h3><p style='margin:2px 0;'><b>กลุ่มรถไถ:</b> 11_007</p><table border='1' style='border-collapse:collapse; border-color:#ccc; width:100%;'><tr><td style='padding:3px 6px; font-weight:bold; background-color:#f2f2f2;'>ปีการผลิต</td><td style='padding:3px 6px;'>257071</td></tr><tr><td style='padding:3px 6px; font-weight:bold; background-color:#f2f2f2;'>รหัสกลุ่มรถไถ</td><td style='padding:3px 6px;'>11/007</td></tr><tr><td style='padding:3px 6px; font-weight:bold; background-color:#f2f2f2;'>โควตาชาวไร่</td><td style='padding:3px 6px;'>711955</td></tr><tr><td style='padding:3px 6px; font-weight:bold; background-color:#f2f2f2;'>ชื่อ-นามสกุล</td><td style='padding:3px 6px;'>นางสาว สุนีย์ นัดปราณี</td></tr><tr><td style='padding:3px 6px; font-weight:bold; background-color:#f2f2f2;'>111</td><td style='padding:3px 6px;'>320517081671</td></tr><tr><td style='padding:3px 6px; font-weight:bold; background-color:#f2f2f2;'>ประเภทอ้อย</td><td style='padding:3px 6px;'>อ้อยปลายฝน</td></tr><tr><td style='padding:3px 6px; font-weight:bold; background-color:#f2f2f2;'>พื้นที่ปลูก</td><td style='padding:3px 6px;'>2.17</td></tr><tr><td style='padding:3px 6px; font-weight:bold; background-color:#f2f2f2;'>ศูนย์</td><td style='padding:3px 6px;'>K2-11</td></tr><tr><td style='padding:3px 6px; font-weight:bold; background-color:#f2f2f2;'>นักเกษตร</td><td style='padding:3px 6px;'>1107</td></tr><tr><td style='padding:3px 6px; font-weight:bold; background-color:#f2f2f2;'>กลุ่ม</td><td style='padding:3px 6px;'>กลุ่ม_11</td></tr></table></div>]]></description>
      <styleUrl>#style_11_007</styleUrl>
      <MultiGeometry><Polygon><outerBoundaryIs><LinearRing><coordinates>103.3416885,14.6741192,0 103.3415053,14.6731291,0 103.3412534,14.6731769,0 103.3413682,14.6741672,0 103.3416885,14.6741192,0</coordinates></LinearRing></outerBoundaryIs></Polygon></MultiGeometry>
    </Placemark>
    <Placemark>
      <name>320513091697</name>
      <description><![CDATA[<div style='font-family:Tahoma,sans-serif; font-size:13px;'><h3 style='color:#1565C0; margin:4px 0;'>รหัส: 320513091697</h3><p style='margin:2px 0;'><b>กลุ่มรถไถ:</b> 11_007</p><table border='1' style='border-collapse:collapse; border-color:#ccc; width:100%;'><tr><td style='padding:3px 6px; font-weight:bold; background-color:#f2f2f2;'>ปีการผลิต</td><td style='padding:3px 6px;'>257071</td></tr><tr><td style='padding:3px 6px; font-weight:bold; background-color:#f2f2f2;'>รหัสกลุ่มรถไถ</td><td style='padding:3px 6px;'>11/007</td></tr><tr><td style='padding:3px 6px; font-weight:bold; background-color:#f2f2f2;'>โควตาชาวไร่</td><td style='padding:3px 6px;'>712119</td></tr><tr><td style='padding:3px 6px; font-weight:bold; background-color:#f2f2f2;'>ชื่อ-นามสกุล</td><td style='padding:3px 6px;'>นาง ณัฐพร สุริยรุ่งเรืองชัย</td></tr><tr><td style='padding:3px 6px; font-weight:bold; background-color:#f2f2f2;'>111</td><td style='padding:3px 6px;'>320513091697</td></tr><tr><td style='padding:3px 6px; font-weight:bold; background-color:#f2f2f2;'>ประเภทอ้อย</td><td style='padding:3px 6px;'>อ้อยปลายฝน</td></tr><tr><td style='padding:3px 6px; font-weight:bold; background-color:#f2f2f2;'>พื้นที่ปลูก</td><td style='padding:3px 6px;'>5.75</td></tr><tr><td style='padding:3px 6px; font-weight:bold; background-color:#f2f2f2;'>ศูนย์</td><td style='padding:3px 6px;'>K2-11</td></tr><tr><td style='padding:3px 6px; font-weight:bold; background-color:#f2f2f2;'>นักเกษตร</td><td style='padding:3px 6px;'>1105</td></tr><tr><td style='padding:3px 6px; font-weight:bold; background-color:#f2f2f2;'>กลุ่ม</td><td style='padding:3px 6px;'>กลุ่ม_11</td></tr></table></div>]]></description>
      <styleUrl>#style_11_007</styleUrl>
      <MultiGeometry><Polygon><outerBoundaryIs><LinearRing><coordinates>103.3497955,14.6298327,0 103.3516969,14.6291519,0 103.3515828,14.6288069,0 103.3497276,14.6294349,0 103.3497200,14.6294670,0 103.3496759,14.6294795,0 103.3497955,14.6298327,0</coordinates></LinearRing></outerBoundaryIs></Polygon></MultiGeometry>
    </Placemark>
    <Placemark>
      <name>320504121900</name>
      <description><![CDATA[<div style='font-family:Tahoma,sans-serif; font-size:13px;'><h3 style='color:#1565C0; margin:4px 0;'>รหัส: 320504121900</h3><p style='margin:2px 0;'><b>กลุ่มรถไถ:</b> 11_007</p><table border='1' style='border-collapse:collapse; border-color:#ccc; width:100%;'><tr><td style='padding:3px 6px; font-weight:bold; background-color:#f2f2f2;'>ปีการผลิต</td><td style='padding:3px 6px;'>257071</td></tr><tr><td style='padding:3px 6px; font-weight:bold; background-color:#f2f2f2;'>รหัสกลุ่มรถไถ</td><td style='padding:3px 6px;'>11/007</td></tr><tr><td style='padding:3px 6px; font-weight:bold; background-color:#f2f2f2;'>โควตาชาวไร่</td><td style='padding:3px 6px;'>712137</td></tr><tr><td style='padding:3px 6px; font-weight:bold; background-color:#f2f2f2;'>ชื่อ-นามสกุล</td><td style='padding:3px 6px;'>นาย เสงี่ยม นกแก้ว</td></tr><tr><td style='padding:3px 6px; font-weight:bold; background-color:#f2f2f2;'>111</td><td style='padding:3px 6px;'>320504121900</td></tr><tr><td style='padding:3px 6px; font-weight:bold; background-color:#f2f2f2;'>ประเภทอ้อย</td><td style='padding:3px 6px;'>อ้อยปลายฝน</td></tr><tr><td style='padding:3px 6px; font-weight:bold; background-color:#f2f2f2;'>พื้นที่ปลูก</td><td style='padding:3px 6px;'>2.45</td></tr><tr><td style='padding:3px 6px; font-weight:bold; background-color:#f2f2f2;'>ศูนย์</td><td style='padding:3px 6px;'>K2-11</td></tr><tr><td style='padding:3px 6px; font-weight:bold; background-color:#f2f2f2;'>นักเกษตร</td><td style='padding:3px 6px;'>1101</td></tr><tr><td style='padding:3px 6px; font-weight:bold; background-color:#f2f2f2;'>กลุ่ม</td><td style='padding:3px 6px;'>กลุ่ม_11</td></tr></table></div>]]></description>
      <styleUrl>#style_11_007</styleUrl>
      <MultiGeometry><Polygon><outerBoundaryIs><LinearRing><coordinates>103.3190933,14.6406867,0 103.3190867,14.6408700,0 103.3190833,14.6410567,0 103.3199283,14.6412017,0 103.3199700,14.6408200,0 103.3190933,14.6406867,0</coordinates></LinearRing></outerBoundaryIs></Polygon></MultiGeometry>
    </Placemark>
    <Placemark>
      <name>320504191654</name>
      <description><![CDATA[<div style='font-family:Tahoma,sans-serif; font-size:13px;'><h3 style='color:#1565C0; margin:4px 0;'>รหัส: 320504191654</h3><p style='margin:2px 0;'><b>กลุ่มรถไถ:</b> 11_007</p><table border='1' style='border-collapse:collapse; border-color:#ccc; width:100%;'><tr><td style='padding:3px 6px; font-weight:bold; background-color:#f2f2f2;'>ปีการผลิต</td><td style='padding:3px 6px;'>257071</td></tr><tr><td style='padding:3px 6px; font-weight:bold; background-color:#f2f2f2;'>รหัสกลุ่มรถไถ</td><td style='padding:3px 6px;'>11/007</td></tr><tr><td style='padding:3px 6px; font-weight:bold; background-color:#f2f2f2;'>โควตาชาวไร่</td><td style='padding:3px 6px;'>712141</td></tr><tr><td style='padding:3px 6px; font-weight:bold; background-color:#f2f2f2;'>ชื่อ-นามสกุล</td><td style='padding:3px 6px;'>นาง สมัย วรรณศรี</td></tr><tr><td style='padding:3px 6px; font-weight:bold; background-color:#f2f2f2;'>111</td><td style='padding:3px 6px;'>320504191654</td></tr><tr><td style='padding:3px 6px; font-weight:bold; background-color:#f2f2f2;'>ประเภทอ้อย</td><td style='padding:3px 6px;'>อ้อยปลายฝน</td></tr><tr><td style='padding:3px 6px; font-weight:bold; background-color:#f2f2f2;'>พื้นที่ปลูก</td><td style='padding:3px 6px;'>3.74</td></tr><tr><td style='padding:3px 6px; font-weight:bold; background-color:#f2f2f2;'>ศูนย์</td><td style='padding:3px 6px;'>K2-11</td></tr><tr><td style='padding:3px 6px; font-weight:bold; background-color:#f2f2f2;'>นักเกษตร</td><td style='padding:3px 6px;'>1105</td></tr><tr><td style='padding:3px 6px; font-weight:bold; background-color:#f2f2f2;'>กลุ่ม</td><td style='padding:3px 6px;'>กลุ่ม_11</td></tr></table></div>]]></description>
      <styleUrl>#style_11_007</styleUrl>
      <MultiGeometry><Polygon><outerBoundaryIs><LinearRing><coordinates>103.2977105,14.6578922,0 103.2979739,14.6591624,0 103.2983716,14.6590360,0 103.2980866,14.6578348,0 103.2977087,14.6578976,0 103.2977105,14.6578922,0</coordinates></LinearRing></outerBoundaryIs></Polygon></MultiGeometry>
    </Placemark>
    <Placemark>
      <name>320504021816</name>
      <description><![CDATA[<div style='font-family:Tahoma,sans-serif; font-size:13px;'><h3 style='color:#1565C0; margin:4px 0;'>รหัส: 320504021816</h3><p style='margin:2px 0;'><b>กลุ่มรถไถ:</b> 11_007</p><table border='1' style='border-collapse:collapse; border-color:#ccc; width:100%;'><tr><td style='padding:3px 6px; font-weight:bold; background-color:#f2f2f2;'>ปีการผลิต</td><td style='padding:3px 6px;'>257071</td></tr><tr><td style='padding:3px 6px; font-weight:bold; background-color:#f2f2f2;'>รหัสกลุ่มรถไถ</td><td style='padding:3px 6px;'>11/007</td></tr><tr><td style='padding:3px 6px; font-weight:bold; background-color:#f2f2f2;'>โควตาชาวไร่</td><td style='padding:3px 6px;'>712146</td></tr><tr><td style='padding:3px 6px; font-weight:bold; background-color:#f2f2f2;'>ชื่อ-นามสกุล</td><td style='padding:3px 6px;'>นาย ไพโรจน์ ดวงสาม</td></tr><tr><td style='padding:3px 6px; font-weight:bold; background-color:#f2f2f2;'>111</td><td style='padding:3px 6px;'>320504021816</td></tr><tr><td style='padding:3px 6px; font-weight:bold; background-color:#f2f2f2;'>ประเภทอ้อย</td><td style='padding:3px 6px;'>อ้อยปลายฝน</td></tr><tr><td style='padding:3px 6px; font-weight:bold; background-color:#f2f2f2;'>พื้นที่ปลูก</td><td style='padding:3px 6px;'>4.93</td></tr><tr><td style='padding:3px 6px; font-weight:bold; background-color:#f2f2f2;'>ศูนย์</td><td style='padding:3px 6px;'>K2-11</td></tr><tr><td style='padding:3px 6px; font-weight:bold; background-color:#f2f2f2;'>นักเกษตร</td><td style='padding:3px 6px;'>1105</td></tr><tr><td style='padding:3px 6px; font-weight:bold; background-color:#f2f2f2;'>กลุ่ม</td><td style='padding:3px 6px;'>กลุ่ม_11</td></tr></table></div>]]></description>
      <styleUrl>#style_11_007</styleUrl>
      <MultiGeometry><Polygon><outerBoundaryIs><LinearRing><coordinates>103.3283886,14.6716313,0 103.3284110,14.6716700,0 103.3285480,14.6719154,0 103.3287215,14.6722608,0 103.3287669,14.6723553,0 103.3288568,14.6725160,0 103.3289432,14.6726116,0 103.3290706,14.6727556,0 103.3292141,14.6729146,0 103.3294083,14.6728548,0 103.3295225,14.6727960,0 103.3291377,14.6720902,0 103.3291211,14.6720767,0 103.3289559,14.6717508,0 103.3289137,14.6717461,0 103.3288030,14.6714095,0 103.3286384,14.6714810,0 103.3285144,14.6715444,0 103.3283886,14.6716313,0</coordinates></LinearRing></outerBoundaryIs></Polygon></MultiGeometry>
    </Placemark>
    <Placemark>
      <name>320504021546</name>
      <description><![CDATA[<div style='font-family:Tahoma,sans-serif; font-size:13px;'><h3 style='color:#1565C0; margin:4px 0;'>รหัส: 320504021546</h3><p style='margin:2px 0;'><b>กลุ่มรถไถ:</b> 11_007</p><table border='1' style='border-collapse:collapse; border-color:#ccc; width:100%;'><tr><td style='padding:3px 6px; font-weight:bold; background-color:#f2f2f2;'>ปีการผลิต</td><td style='padding:3px 6px;'>257071</td></tr><tr><td style='padding:3px 6px; font-weight:bold; background-color:#f2f2f2;'>รหัสกลุ่มรถไถ</td><td style='padding:3px 6px;'>11/007</td></tr><tr><td style='padding:3px 6px; font-weight:bold; background-color:#f2f2f2;'>โควตาชาวไร่</td><td style='padding:3px 6px;'>712382</td></tr><tr><td style='padding:3px 6px; font-weight:bold; background-color:#f2f2f2;'>ชื่อ-นามสกุล</td><td style='padding:3px 6px;'>นาง เตือนใจ ดวงสาม</td></tr><tr><td style='padding:3px 6px; font-weight:bold; background-color:#f2f2f2;'>111</td><td style='padding:3px 6px;'>320504021546</td></tr><tr><td style='padding:3px 6px; font-weight:bold; background-color:#f2f2f2;'>ประเภทอ้อย</td><td style='padding:3px 6px;'>อ้อยปลายฝน</td></tr><tr><td style='padding:3px 6px; font-weight:bold; background-color:#f2f2f2;'>พื้นที่ปลูก</td><td style='padding:3px 6px;'>2.81</td></tr><tr><td style='padding:3px 6px; font-weight:bold; background-color:#f2f2f2;'>ศูนย์</td><td style='padding:3px 6px;'>K2-11</td></tr><tr><td style='padding:3px 6px; font-weight:bold; background-color:#f2f2f2;'>นักเกษตร</td><td style='padding:3px 6px;'>1105</td></tr><tr><td style='padding:3px 6px; font-weight:bold; background-color:#f2f2f2;'>กลุ่ม</td><td style='padding:3px 6px;'>กลุ่ม_11</td></tr></table></div>]]></description>
      <styleUrl>#style_11_007</styleUrl>
      <MultiGeometry><Polygon><outerBoundaryIs><LinearRing><coordinates>103.3102946,14.6681389,0 103.3100660,14.6692181,0 103.3105303,14.6691370,0 103.3105752,14.6681909,0 103.3102946,14.6681389,0</coordinates></LinearRing></outerBoundaryIs></Polygon></MultiGeometry>
    </Placemark>
    <Placemark>
      <name>320513081662</name>
      <description><![CDATA[<div style='font-family:Tahoma,sans-serif; font-size:13px;'><h3 style='color:#1565C0; margin:4px 0;'>รหัส: 320513081662</h3><p style='margin:2px 0;'><b>กลุ่มรถไถ:</b> 11_007</p><table border='1' style='border-collapse:collapse; border-color:#ccc; width:100%;'><tr><td style='padding:3px 6px; font-weight:bold; background-color:#f2f2f2;'>ปีการผลิต</td><td style='padding:3px 6px;'>257071</td></tr><tr><td style='padding:3px 6px; font-weight:bold; background-color:#f2f2f2;'>รหัสกลุ่มรถไถ</td><td style='padding:3px 6px;'>11/007</td></tr><tr><td style='padding:3px 6px; font-weight:bold; background-color:#f2f2f2;'>โควตาชาวไร่</td><td style='padding:3px 6px;'>712440</td></tr><tr><td style='padding:3px 6px; font-weight:bold; background-color:#f2f2f2;'>ชื่อ-นามสกุล</td><td style='padding:3px 6px;'>นาง กัตติกา บัวลา</td></tr><tr><td style='padding:3px 6px; font-weight:bold; background-color:#f2f2f2;'>111</td><td style='padding:3px 6px;'>320513081662</td></tr><tr><td style='padding:3px 6px; font-weight:bold; background-color:#f2f2f2;'>ประเภทอ้อย</td><td style='padding:3px 6px;'>อ้อยปลายฝน</td></tr><tr><td style='padding:3px 6px; font-weight:bold; background-color:#f2f2f2;'>พื้นที่ปลูก</td><td style='padding:3px 6px;'>2.53</td></tr><tr><td style='padding:3px 6px; font-weight:bold; background-color:#f2f2f2;'>ศูนย์</td><td style='padding:3px 6px;'>K2-11</td></tr><tr><td style='padding:3px 6px; font-weight:bold; background-color:#f2f2f2;'>นักเกษตร</td><td style='padding:3px 6px;'>1105</td></tr><tr><td style='padding:3px 6px; font-weight:bold; background-color:#f2f2f2;'>กลุ่ม</td><td style='padding:3px 6px;'>กลุ่ม_11</td></tr></table></div>]]></description>
      <styleUrl>#style_11_007</styleUrl>
      <MultiGeometry><Polygon><outerBoundaryIs><LinearRing><coordinates>103.3718367,14.6569467,0 103.3710917,14.6571467,0 103.3712800,14.6575617,0 103.3719050,14.6574617,0 103.3718367,14.6569467,0</coordinates></LinearRing></outerBoundaryIs></Polygon></MultiGeometry>
    </Placemark>
    <Placemark>
      <name>320503091625</name>
      <description><![CDATA[<div style='font-family:Tahoma,sans-serif; font-size:13px;'><h3 style='color:#1565C0; margin:4px 0;'>รหัส: 320503091625</h3><p style='margin:2px 0;'><b>กลุ่มรถไถ:</b> 11_007</p><table border='1' style='border-collapse:collapse; border-color:#ccc; width:100%;'><tr><td style='padding:3px 6px; font-weight:bold; background-color:#f2f2f2;'>ปีการผลิต</td><td style='padding:3px 6px;'>257071</td></tr><tr><td style='padding:3px 6px; font-weight:bold; background-color:#f2f2f2;'>รหัสกลุ่มรถไถ</td><td style='padding:3px 6px;'>11/007</td></tr><tr><td style='padding:3px 6px; font-weight:bold; background-color:#f2f2f2;'>โควตาชาวไร่</td><td style='padding:3px 6px;'>712445</td></tr><tr><td style='padding:3px 6px; font-weight:bold; background-color:#f2f2f2;'>ชื่อ-นามสกุล</td><td style='padding:3px 6px;'>นาง เสี่ยงน้อย เป็นเรียบร้อย</td></tr><tr><td style='padding:3px 6px; font-weight:bold; background-color:#f2f2f2;'>111</td><td style='padding:3px 6px;'>320503091625</td></tr><tr><td style='padding:3px 6px; font-weight:bold; background-color:#f2f2f2;'>ประเภทอ้อย</td><td style='padding:3px 6px;'>อ้อยปลายฝน</td></tr><tr><td style='padding:3px 6px; font-weight:bold; background-color:#f2f2f2;'>พื้นที่ปลูก</td><td style='padding:3px 6px;'>1.29</td></tr><tr><td style='padding:3px 6px; font-weight:bold; background-color:#f2f2f2;'>ศูนย์</td><td style='padding:3px 6px;'>K2-11</td></tr><tr><td style='padding:3px 6px; font-weight:bold; background-color:#f2f2f2;'>นักเกษตร</td><td style='padding:3px 6px;'>1107</td></tr><tr><td style='padding:3px 6px; font-weight:bold; background-color:#f2f2f2;'>กลุ่ม</td><td style='padding:3px 6px;'>กลุ่ม_11</td></tr></table></div>]]></description>
      <styleUrl>#style_11_007</styleUrl>
      <MultiGeometry><Polygon><outerBoundaryIs><LinearRing><coordinates>103.3679967,14.6898117,0 103.3680250,14.6896350,0 103.3680550,14.6895083,0 103.3681350,14.6894000,0 103.3682067,14.6892933,0 103.3682600,14.6892033,0 103.3682050,14.6891350,0 103.3681667,14.6890717,0 103.3680700,14.6891067,0 103.3679650,14.6892233,0 103.3678267,14.6894617,0 103.3677050,14.6897133,0 103.3678033,14.6897317,0 103.3679150,14.6897650,0 103.3679967,14.6898117,0</coordinates></LinearRing></outerBoundaryIs></Polygon></MultiGeometry>
    </Placemark>
    <Placemark>
      <name>320513041709</name>
      <description><![CDATA[<div style='font-family:Tahoma,sans-serif; font-size:13px;'><h3 style='color:#1565C0; margin:4px 0;'>รหัส: 320513041709</h3><p style='margin:2px 0;'><b>กลุ่มรถไถ:</b> 11_007</p><table border='1' style='border-collapse:collapse; border-color:#ccc; width:100%;'><tr><td style='padding:3px 6px; font-weight:bold; background-color:#f2f2f2;'>ปีการผลิต</td><td style='padding:3px 6px;'>257071</td></tr><tr><td style='padding:3px 6px; font-weight:bold; background-color:#f2f2f2;'>รหัสกลุ่มรถไถ</td><td style='padding:3px 6px;'>11/007</td></tr><tr><td style='padding:3px 6px; font-weight:bold; background-color:#f2f2f2;'>โควตาชาวไร่</td><td style='padding:3px 6px;'>712589</td></tr><tr><td style='padding:3px 6px; font-weight:bold; background-color:#f2f2f2;'>ชื่อ-นามสกุล</td><td style='padding:3px 6px;'>นางสาว เพยาว์ โสนาพูน</td></tr><tr><td style='padding:3px 6px; font-weight:bold; background-color:#f2f2f2;'>111</td><td style='padding:3px 6px;'>320513041709</td></tr><tr><td style='padding:3px 6px; font-weight:bold; background-color:#f2f2f2;'>ประเภทอ้อย</td><td style='padding:3px 6px;'>อ้อยปลายฝน</td></tr><tr><td style='padding:3px 6px; font-weight:bold; background-color:#f2f2f2;'>พื้นที่ปลูก</td><td style='padding:3px 6px;'>1.85</td></tr><tr><td style='padding:3px 6px; font-weight:bold; background-color:#f2f2f2;'>ศูนย์</td><td style='padding:3px 6px;'>K2-11</td></tr><tr><td style='padding:3px 6px; font-weight:bold; background-color:#f2f2f2;'>นักเกษตร</td><td style='padding:3px 6px;'>1105</td></tr><tr><td style='padding:3px 6px; font-weight:bold; background-color:#f2f2f2;'>กลุ่ม</td><td style='padding:3px 6px;'>กลุ่ม_11</td></tr></table></div>]]></description>
      <styleUrl>#style_11_007</styleUrl>
      <MultiGeometry><Polygon><outerBoundaryIs><LinearRing><coordinates>103.3478740,14.6714226,0 103.3479090,14.6719286,0 103.3483444,14.6719712,0 103.3483371,14.6713791,0 103.3478740,14.6714226,0</coordinates></LinearRing></outerBoundaryIs></Polygon></MultiGeometry>
    </Placemark>
    <Placemark>
      <name>320513111541</name>
      <description><![CDATA[<div style='font-family:Tahoma,sans-serif; font-size:13px;'><h3 style='color:#1565C0; margin:4px 0;'>รหัส: 320513111541</h3><p style='margin:2px 0;'><b>กลุ่มรถไถ:</b> 11_007</p><table border='1' style='border-collapse:collapse; border-color:#ccc; width:100%;'><tr><td style='padding:3px 6px; font-weight:bold; background-color:#f2f2f2;'>ปีการผลิต</td><td style='padding:3px 6px;'>257071</td></tr><tr><td style='padding:3px 6px; font-weight:bold; background-color:#f2f2f2;'>รหัสกลุ่มรถไถ</td><td style='padding:3px 6px;'>11/007</td></tr><tr><td style='padding:3px 6px; font-weight:bold; background-color:#f2f2f2;'>โควตาชาวไร่</td><td style='padding:3px 6px;'>712612</td></tr><tr><td style='padding:3px 6px; font-weight:bold; background-color:#f2f2f2;'>ชื่อ-นามสกุล</td><td style='padding:3px 6px;'>นาย สัมพันธุ์ กำจัดภัย</td></tr><tr><td style='padding:3px 6px; font-weight:bold; background-color:#f2f2f2;'>111</td><td style='padding:3px 6px;'>320513111541</td></tr><tr><td style='padding:3px 6px; font-weight:bold; background-color:#f2f2f2;'>ประเภทอ้อย</td><td style='padding:3px 6px;'>อ้อยปลายฝน</td></tr><tr><td style='padding:3px 6px; font-weight:bold; background-color:#f2f2f2;'>พื้นที่ปลูก</td><td style='padding:3px 6px;'>4.44</td></tr><tr><td style='padding:3px 6px; font-weight:bold; background-color:#f2f2f2;'>ศูนย์</td><td style='padding:3px 6px;'>K2-11</td></tr><tr><td style='padding:3px 6px; font-weight:bold; background-color:#f2f2f2;'>นักเกษตร</td><td style='padding:3px 6px;'>1105</td></tr><tr><td style='padding:3px 6px; font-weight:bold; background-color:#f2f2f2;'>กลุ่ม</td><td style='padding:3px 6px;'>กลุ่ม_11</td></tr></table></div>]]></description>
      <styleUrl>#style_11_007</styleUrl>
      <MultiGeometry><Polygon><outerBoundaryIs><LinearRing><coordinates>103.3259733,14.6479400,0 103.3272383,14.6473183,0 103.3270750,14.6469600,0 103.3257667,14.6475383,0 103.3258600,14.6476600,0 103.3259733,14.6479400,0</coordinates></LinearRing></outerBoundaryIs></Polygon></MultiGeometry>
    </Placemark>
    <Placemark>
      <name>320504051632</name>
      <description><![CDATA[<div style='font-family:Tahoma,sans-serif; font-size:13px;'><h3 style='color:#1565C0; margin:4px 0;'>รหัส: 320504051632</h3><p style='margin:2px 0;'><b>กลุ่มรถไถ:</b> 11_007</p><table border='1' style='border-collapse:collapse; border-color:#ccc; width:100%;'><tr><td style='padding:3px 6px; font-weight:bold; background-color:#f2f2f2;'>ปีการผลิต</td><td style='padding:3px 6px;'>257071</td></tr><tr><td style='padding:3px 6px; font-weight:bold; background-color:#f2f2f2;'>รหัสกลุ่มรถไถ</td><td style='padding:3px 6px;'>11/007</td></tr><tr><td style='padding:3px 6px; font-weight:bold; background-color:#f2f2f2;'>โควตาชาวไร่</td><td style='padding:3px 6px;'>712670</td></tr><tr><td style='padding:3px 6px; font-weight:bold; background-color:#f2f2f2;'>ชื่อ-นามสกุล</td><td style='padding:3px 6px;'>นาง สมัย สมานทรัพย์</td></tr><tr><td style='padding:3px 6px; font-weight:bold; background-color:#f2f2f2;'>111</td><td style='padding:3px 6px;'>320504051632</td></tr><tr><td style='padding:3px 6px; font-weight:bold; background-color:#f2f2f2;'>ประเภทอ้อย</td><td style='padding:3px 6px;'>อ้อยปลายฝน</td></tr><tr><td style='padding:3px 6px; font-weight:bold; background-color:#f2f2f2;'>พื้นที่ปลูก</td><td style='padding:3px 6px;'>3.54</td></tr><tr><td style='padding:3px 6px; font-weight:bold; background-color:#f2f2f2;'>ศูนย์</td><td style='padding:3px 6px;'>K2-11</td></tr><tr><td style='padding:3px 6px; font-weight:bold; background-color:#f2f2f2;'>นักเกษตร</td><td style='padding:3px 6px;'>1107</td></tr><tr><td style='padding:3px 6px; font-weight:bold; background-color:#f2f2f2;'>กลุ่ม</td><td style='padding:3px 6px;'>กลุ่ม_11</td></tr></table></div>]]></description>
      <styleUrl>#style_11_007</styleUrl>
      <MultiGeometry><Polygon><outerBoundaryIs><LinearRing><coordinates>103.3634575,14.6095136,0 103.3627605,14.6093363,0 103.3626171,14.6101390,0 103.3631768,14.6102859,0 103.3632475,14.6100926,0 103.3629937,14.6100350,0 103.3630573,14.6098316,0 103.3633345,14.6098824,0 103.3634575,14.6095136,0</coordinates></LinearRing></outerBoundaryIs></Polygon></MultiGeometry>
    </Placemark>
    <Placemark>
      <name>320504020206</name>
      <description><![CDATA[<div style='font-family:Tahoma,sans-serif; font-size:13px;'><h3 style='color:#1565C0; margin:4px 0;'>รหัส: 320504020206</h3><p style='margin:2px 0;'><b>กลุ่มรถไถ:</b> 11_007</p><table border='1' style='border-collapse:collapse; border-color:#ccc; width:100%;'><tr><td style='padding:3px 6px; font-weight:bold; background-color:#f2f2f2;'>ปีการผลิต</td><td style='padding:3px 6px;'>257071</td></tr><tr><td style='padding:3px 6px; font-weight:bold; background-color:#f2f2f2;'>รหัสกลุ่มรถไถ</td><td style='padding:3px 6px;'>11/007</td></tr><tr><td style='padding:3px 6px; font-weight:bold; background-color:#f2f2f2;'>โควตาชาวไร่</td><td style='padding:3px 6px;'>712924</td></tr><tr><td style='padding:3px 6px; font-weight:bold; background-color:#f2f2f2;'>ชื่อ-นามสกุล</td><td style='padding:3px 6px;'>นาง วันดี โพธิ์ศรี</td></tr><tr><td style='padding:3px 6px; font-weight:bold; background-color:#f2f2f2;'>111</td><td style='padding:3px 6px;'>320504020206</td></tr><tr><td style='padding:3px 6px; font-weight:bold; background-color:#f2f2f2;'>ประเภทอ้อย</td><td style='padding:3px 6px;'>อ้อยปลายฝน</td></tr><tr><td style='padding:3px 6px; font-weight:bold; background-color:#f2f2f2;'>พื้นที่ปลูก</td><td style='padding:3px 6px;'>9.42</td></tr><tr><td style='padding:3px 6px; font-weight:bold; background-color:#f2f2f2;'>ศูนย์</td><td style='padding:3px 6px;'>K2-11</td></tr><tr><td style='padding:3px 6px; font-weight:bold; background-color:#f2f2f2;'>นักเกษตร</td><td style='padding:3px 6px;'>1105</td></tr><tr><td style='padding:3px 6px; font-weight:bold; background-color:#f2f2f2;'>กลุ่ม</td><td style='padding:3px 6px;'>กลุ่ม_11</td></tr></table></div>]]></description>
      <styleUrl>#style_11_007</styleUrl>
      <MultiGeometry><Polygon><outerBoundaryIs><LinearRing><coordinates>103.3124109,14.6544480,0 103.3124685,14.6542591,0 103.3125676,14.6542145,0 103.3125909,14.6540830,0 103.3126072,14.6540522,0 103.3126287,14.6540397,0 103.3126774,14.6540230,0 103.3126808,14.6538724,0 103.3125476,14.6537916,0 103.3125620,14.6536330,0 103.3125228,14.6535631,0 103.3125203,14.6534751,0 103.3123705,14.6534619,0 103.3123148,14.6538839,0 103.3120396,14.6538211,0 103.3120568,14.6536546,0 103.3120516,14.6535204,0 103.3120273,14.6535005,0 103.3118019,14.6534682,0 103.3115458,14.6533689,0 103.3110972,14.6533053,0 103.3110676,14.6535140,0 103.3111299,14.6535324,0 103.3111373,14.6535640,0 103.3110751,14.6538095,0 103.3109940,14.6538156,0 103.3109106,14.6540978,0 103.3113372,14.6540888,0 103.3112810,14.6542885,0 103.3114960,14.6543178,0 103.3118242,14.6543870,0 103.3119023,14.6543457,0 103.3124109,14.6544480,0</coordinates></LinearRing></outerBoundaryIs></Polygon></MultiGeometry>
    </Placemark>
    <Placemark>
      <name>320504021589</name>
      <description><![CDATA[<div style='font-family:Tahoma,sans-serif; font-size:13px;'><h3 style='color:#1565C0; margin:4px 0;'>รหัส: 320504021589</h3><p style='margin:2px 0;'><b>กลุ่มรถไถ:</b> 11_007</p><table border='1' style='border-collapse:collapse; border-color:#ccc; width:100%;'><tr><td style='padding:3px 6px; font-weight:bold; background-color:#f2f2f2;'>ปีการผลิต</td><td style='padding:3px 6px;'>257071</td></tr><tr><td style='padding:3px 6px; font-weight:bold; background-color:#f2f2f2;'>รหัสกลุ่มรถไถ</td><td style='padding:3px 6px;'>11/007</td></tr><tr><td style='padding:3px 6px; font-weight:bold; background-color:#f2f2f2;'>โควตาชาวไร่</td><td style='padding:3px 6px;'>712924</td></tr><tr><td style='padding:3px 6px; font-weight:bold; background-color:#f2f2f2;'>ชื่อ-นามสกุล</td><td style='padding:3px 6px;'>นาง วันดี โพธิ์ศรี</td></tr><tr><td style='padding:3px 6px; font-weight:bold; background-color:#f2f2f2;'>111</td><td style='padding:3px 6px;'>320504021589</td></tr><tr><td style='padding:3px 6px; font-weight:bold; background-color:#f2f2f2;'>ประเภทอ้อย</td><td style='padding:3px 6px;'>อ้อยปลายฝน</td></tr><tr><td style='padding:3px 6px; font-weight:bold; background-color:#f2f2f2;'>พื้นที่ปลูก</td><td style='padding:3px 6px;'>3.82</td></tr><tr><td style='padding:3px 6px; font-weight:bold; background-color:#f2f2f2;'>ศูนย์</td><td style='padding:3px 6px;'>K2-11</td></tr><tr><td style='padding:3px 6px; font-weight:bold; background-color:#f2f2f2;'>นักเกษตร</td><td style='padding:3px 6px;'>1105</td></tr><tr><td style='padding:3px 6px; font-weight:bold; background-color:#f2f2f2;'>กลุ่ม</td><td style='padding:3px 6px;'>กลุ่ม_11</td></tr></table></div>]]></description>
      <styleUrl>#style_11_007</styleUrl>
      <MultiGeometry><Polygon><outerBoundaryIs><LinearRing><coordinates>103.3123776,14.6547207,0 103.3124029,14.6545095,0 103.3114900,14.6544038,0 103.3111648,14.6543474,0 103.3108683,14.6542867,0 103.3107678,14.6546258,0 103.3107690,14.6546295,0 103.3111907,14.6547309,0 103.3112543,14.6545042,0 103.3113613,14.6545074,0 103.3113547,14.6546465,0 103.3113996,14.6547065,0 103.3114214,14.6548018,0 103.3115369,14.6548068,0 103.3117205,14.6548045,0 103.3123584,14.6547493,0 103.3123776,14.6547207,0</coordinates></LinearRing></outerBoundaryIs></Polygon></MultiGeometry>
    </Placemark>
    <Placemark>
      <name>320513041700</name>
      <description><![CDATA[<div style='font-family:Tahoma,sans-serif; font-size:13px;'><h3 style='color:#1565C0; margin:4px 0;'>รหัส: 320513041700</h3><p style='margin:2px 0;'><b>กลุ่มรถไถ:</b> 11_007</p><table border='1' style='border-collapse:collapse; border-color:#ccc; width:100%;'><tr><td style='padding:3px 6px; font-weight:bold; background-color:#f2f2f2;'>ปีการผลิต</td><td style='padding:3px 6px;'>257071</td></tr><tr><td style='padding:3px 6px; font-weight:bold; background-color:#f2f2f2;'>รหัสกลุ่มรถไถ</td><td style='padding:3px 6px;'>11/007</td></tr><tr><td style='padding:3px 6px; font-weight:bold; background-color:#f2f2f2;'>โควตาชาวไร่</td><td style='padding:3px 6px;'>713024</td></tr><tr><td style='padding:3px 6px; font-weight:bold; background-color:#f2f2f2;'>ชื่อ-นามสกุล</td><td style='padding:3px 6px;'>นาย ประจัน มากแสน</td></tr><tr><td style='padding:3px 6px; font-weight:bold; background-color:#f2f2f2;'>111</td><td style='padding:3px 6px;'>320513041700</td></tr><tr><td style='padding:3px 6px; font-weight:bold; background-color:#f2f2f2;'>ประเภทอ้อย</td><td style='padding:3px 6px;'>อ้อยปลายฝน</td></tr><tr><td style='padding:3px 6px; font-weight:bold; background-color:#f2f2f2;'>พื้นที่ปลูก</td><td style='padding:3px 6px;'>4.47</td></tr><tr><td style='padding:3px 6px; font-weight:bold; background-color:#f2f2f2;'>ศูนย์</td><td style='padding:3px 6px;'>K2-11</td></tr><tr><td style='padding:3px 6px; font-weight:bold; background-color:#f2f2f2;'>นักเกษตร</td><td style='padding:3px 6px;'>1105</td></tr><tr><td style='padding:3px 6px; font-weight:bold; background-color:#f2f2f2;'>กลุ่ม</td><td style='padding:3px 6px;'>กลุ่ม_11</td></tr></table></div>]]></description>
      <styleUrl>#style_11_007</styleUrl>
      <MultiGeometry><Polygon><outerBoundaryIs><LinearRing><coordinates>103.3551784,14.6635150,0 103.3551783,14.6635162,0 103.3550224,14.6634845,0 103.3549444,14.6635734,0 103.3551612,14.6638706,0 103.3555680,14.6636300,0 103.3559408,14.6634703,0 103.3559403,14.6634402,0 103.3561441,14.6633252,0 103.3561682,14.6632651,0 103.3563802,14.6631264,0 103.3565387,14.6630602,0 103.3567163,14.6630068,0 103.3571227,14.6628084,0 103.3570012,14.6625900,0 103.3567275,14.6627380,0 103.3565456,14.6628190,0 103.3551784,14.6635150,0</coordinates></LinearRing></outerBoundaryIs></Polygon></MultiGeometry>
    </Placemark>
    <Placemark>
      <name>320513090040</name>
      <description><![CDATA[<div style='font-family:Tahoma,sans-serif; font-size:13px;'><h3 style='color:#1565C0; margin:4px 0;'>รหัส: 320513090040</h3><p style='margin:2px 0;'><b>กลุ่มรถไถ:</b> 11_007</p><table border='1' style='border-collapse:collapse; border-color:#ccc; width:100%;'><tr><td style='padding:3px 6px; font-weight:bold; background-color:#f2f2f2;'>ปีการผลิต</td><td style='padding:3px 6px;'>257071</td></tr><tr><td style='padding:3px 6px; font-weight:bold; background-color:#f2f2f2;'>รหัสกลุ่มรถไถ</td><td style='padding:3px 6px;'>11/007</td></tr><tr><td style='padding:3px 6px; font-weight:bold; background-color:#f2f2f2;'>โควตาชาวไร่</td><td style='padding:3px 6px;'>713026</td></tr><tr><td style='padding:3px 6px; font-weight:bold; background-color:#f2f2f2;'>ชื่อ-นามสกุล</td><td style='padding:3px 6px;'>นาย ฤทัย สมนิยาม</td></tr><tr><td style='padding:3px 6px; font-weight:bold; background-color:#f2f2f2;'>111</td><td style='padding:3px 6px;'>320513090040</td></tr><tr><td style='padding:3px 6px; font-weight:bold; background-color:#f2f2f2;'>ประเภทอ้อย</td><td style='padding:3px 6px;'>อ้อยปลายฝน</td></tr><tr><td style='padding:3px 6px; font-weight:bold; background-color:#f2f2f2;'>พื้นที่ปลูก</td><td style='padding:3px 6px;'>1.89</td></tr><tr><td style='padding:3px 6px; font-weight:bold; background-color:#f2f2f2;'>ศูนย์</td><td style='padding:3px 6px;'>K2-11</td></tr><tr><td style='padding:3px 6px; font-weight:bold; background-color:#f2f2f2;'>นักเกษตร</td><td style='padding:3px 6px;'>1105</td></tr><tr><td style='padding:3px 6px; font-weight:bold; background-color:#f2f2f2;'>กลุ่ม</td><td style='padding:3px 6px;'>กลุ่ม_11</td></tr></table></div>]]></description>
      <styleUrl>#style_11_007</styleUrl>
      <MultiGeometry><Polygon><outerBoundaryIs><LinearRing><coordinates>103.3467901,14.6341383,0 103.3461428,14.6343389,0 103.3463252,14.6346448,0 103.3469180,14.6345830,0 103.3467901,14.6341383,0</coordinates></LinearRing></outerBoundaryIs></Polygon></MultiGeometry>
    </Placemark>
    <Placemark>
      <name>320513091693</name>
      <description><![CDATA[<div style='font-family:Tahoma,sans-serif; font-size:13px;'><h3 style='color:#1565C0; margin:4px 0;'>รหัส: 320513091693</h3><p style='margin:2px 0;'><b>กลุ่มรถไถ:</b> 11_007</p><table border='1' style='border-collapse:collapse; border-color:#ccc; width:100%;'><tr><td style='padding:3px 6px; font-weight:bold; background-color:#f2f2f2;'>ปีการผลิต</td><td style='padding:3px 6px;'>257071</td></tr><tr><td style='padding:3px 6px; font-weight:bold; background-color:#f2f2f2;'>รหัสกลุ่มรถไถ</td><td style='padding:3px 6px;'>11/007</td></tr><tr><td style='padding:3px 6px; font-weight:bold; background-color:#f2f2f2;'>โควตาชาวไร่</td><td style='padding:3px 6px;'>713026</td></tr><tr><td style='padding:3px 6px; font-weight:bold; background-color:#f2f2f2;'>ชื่อ-นามสกุล</td><td style='padding:3px 6px;'>นาย ฤทัย สมนิยาม</td></tr><tr><td style='padding:3px 6px; font-weight:bold; background-color:#f2f2f2;'>111</td><td style='padding:3px 6px;'>320513091693</td></tr><tr><td style='padding:3px 6px; font-weight:bold; background-color:#f2f2f2;'>ประเภทอ้อย</td><td style='padding:3px 6px;'>อ้อยปลายฝน</td></tr><tr><td style='padding:3px 6px; font-weight:bold; background-color:#f2f2f2;'>พื้นที่ปลูก</td><td style='padding:3px 6px;'>5.59</td></tr><tr><td style='padding:3px 6px; font-weight:bold; background-color:#f2f2f2;'>ศูนย์</td><td style='padding:3px 6px;'>K2-11</td></tr><tr><td style='padding:3px 6px; font-weight:bold; background-color:#f2f2f2;'>นักเกษตร</td><td style='padding:3px 6px;'>1105</td></tr><tr><td style='padding:3px 6px; font-weight:bold; background-color:#f2f2f2;'>กลุ่ม</td><td style='padding:3px 6px;'>กลุ่ม_11</td></tr></table></div>]]></description>
      <styleUrl>#style_11_007</styleUrl>
      <MultiGeometry><Polygon><outerBoundaryIs><LinearRing><coordinates>103.3508774,14.6329611,0 103.3507373,14.6325582,0 103.3489482,14.6333062,0 103.3489800,14.6333667,0 103.3490453,14.6334172,0 103.3491379,14.6336217,0 103.3508774,14.6329611,0</coordinates></LinearRing></outerBoundaryIs></Polygon></MultiGeometry>
    </Placemark>
    <Placemark>
      <name>320513091700</name>
      <description><![CDATA[<div style='font-family:Tahoma,sans-serif; font-size:13px;'><h3 style='color:#1565C0; margin:4px 0;'>รหัส: 320513091700</h3><p style='margin:2px 0;'><b>กลุ่มรถไถ:</b> 11_007</p><table border='1' style='border-collapse:collapse; border-color:#ccc; width:100%;'><tr><td style='padding:3px 6px; font-weight:bold; background-color:#f2f2f2;'>ปีการผลิต</td><td style='padding:3px 6px;'>257071</td></tr><tr><td style='padding:3px 6px; font-weight:bold; background-color:#f2f2f2;'>รหัสกลุ่มรถไถ</td><td style='padding:3px 6px;'>11/007</td></tr><tr><td style='padding:3px 6px; font-weight:bold; background-color:#f2f2f2;'>โควตาชาวไร่</td><td style='padding:3px 6px;'>713049</td></tr><tr><td style='padding:3px 6px; font-weight:bold; background-color:#f2f2f2;'>ชื่อ-นามสกุล</td><td style='padding:3px 6px;'>นาย สุพัฒน์ สมนิยาม</td></tr><tr><td style='padding:3px 6px; font-weight:bold; background-color:#f2f2f2;'>111</td><td style='padding:3px 6px;'>320513091700</td></tr><tr><td style='padding:3px 6px; font-weight:bold; background-color:#f2f2f2;'>ประเภทอ้อย</td><td style='padding:3px 6px;'>อ้อยปลายฝน</td></tr><tr><td style='padding:3px 6px; font-weight:bold; background-color:#f2f2f2;'>พื้นที่ปลูก</td><td style='padding:3px 6px;'>17.76</td></tr><tr><td style='padding:3px 6px; font-weight:bold; background-color:#f2f2f2;'>ศูนย์</td><td style='padding:3px 6px;'>K2-11</td></tr><tr><td style='padding:3px 6px; font-weight:bold; background-color:#f2f2f2;'>นักเกษตร</td><td style='padding:3px 6px;'>1105</td></tr><tr><td style='padding:3px 6px; font-weight:bold; background-color:#f2f2f2;'>กลุ่ม</td><td style='padding:3px 6px;'>กลุ่ม_11</td></tr></table></div>]]></description>
      <styleUrl>#style_11_007</styleUrl>
      <MultiGeometry><Polygon><outerBoundaryIs><LinearRing><coordinates>103.3499281,14.6282725,0 103.3514194,14.6280123,0 103.3514040,14.6277139,0 103.3514241,14.6272782,0 103.3513799,14.6270872,0 103.3511833,14.6270785,0 103.3511747,14.6268123,0 103.3510671,14.6266914,0 103.3509681,14.6266692,0 103.3509365,14.6265582,0 103.3496744,14.6266321,0 103.3499281,14.6282725,0</coordinates></LinearRing></outerBoundaryIs></Polygon></MultiGeometry>
    </Placemark>
    <Placemark>
      <name>320513011658</name>
      <description><![CDATA[<div style='font-family:Tahoma,sans-serif; font-size:13px;'><h3 style='color:#1565C0; margin:4px 0;'>รหัส: 320513011658</h3><p style='margin:2px 0;'><b>กลุ่มรถไถ:</b> 11_007</p><table border='1' style='border-collapse:collapse; border-color:#ccc; width:100%;'><tr><td style='padding:3px 6px; font-weight:bold; background-color:#f2f2f2;'>ปีการผลิต</td><td style='padding:3px 6px;'>257071</td></tr><tr><td style='padding:3px 6px; font-weight:bold; background-color:#f2f2f2;'>รหัสกลุ่มรถไถ</td><td style='padding:3px 6px;'>11/007</td></tr><tr><td style='padding:3px 6px; font-weight:bold; background-color:#f2f2f2;'>โควตาชาวไร่</td><td style='padding:3px 6px;'>713942</td></tr><tr><td style='padding:3px 6px; font-weight:bold; background-color:#f2f2f2;'>ชื่อ-นามสกุล</td><td style='padding:3px 6px;'>นาย วีรศักดิ์ สมนิยาม</td></tr><tr><td style='padding:3px 6px; font-weight:bold; background-color:#f2f2f2;'>111</td><td style='padding:3px 6px;'>320513011658</td></tr><tr><td style='padding:3px 6px; font-weight:bold; background-color:#f2f2f2;'>ประเภทอ้อย</td><td style='padding:3px 6px;'>อ้อยปลายฝน</td></tr><tr><td style='padding:3px 6px; font-weight:bold; background-color:#f2f2f2;'>พื้นที่ปลูก</td><td style='padding:3px 6px;'>3.66</td></tr><tr><td style='padding:3px 6px; font-weight:bold; background-color:#f2f2f2;'>ศูนย์</td><td style='padding:3px 6px;'>K2-11</td></tr><tr><td style='padding:3px 6px; font-weight:bold; background-color:#f2f2f2;'>นักเกษตร</td><td style='padding:3px 6px;'>1105</td></tr><tr><td style='padding:3px 6px; font-weight:bold; background-color:#f2f2f2;'>กลุ่ม</td><td style='padding:3px 6px;'>กลุ่ม_11</td></tr></table></div>]]></description>
      <styleUrl>#style_11_007</styleUrl>
      <MultiGeometry><Polygon><outerBoundaryIs><LinearRing><coordinates>103.3499171,14.6591839,0 103.3498279,14.6591848,0 103.3496532,14.6592568,0 103.3494719,14.6593371,0 103.3493871,14.6593755,0 103.3492392,14.6594572,0 103.3493751,14.6597844,0 103.3495149,14.6601119,0 103.3496874,14.6599974,0 103.3497848,14.6599389,0 103.3499386,14.6598257,0 103.3501550,14.6597305,0 103.3499171,14.6591839,0</coordinates></LinearRing></outerBoundaryIs></Polygon></MultiGeometry>
    </Placemark>
    <Placemark>
      <name>320513091501</name>
      <description><![CDATA[<div style='font-family:Tahoma,sans-serif; font-size:13px;'><h3 style='color:#1565C0; margin:4px 0;'>รหัส: 320513091501</h3><p style='margin:2px 0;'><b>กลุ่มรถไถ:</b> 11_007</p><table border='1' style='border-collapse:collapse; border-color:#ccc; width:100%;'><tr><td style='padding:3px 6px; font-weight:bold; background-color:#f2f2f2;'>ปีการผลิต</td><td style='padding:3px 6px;'>257071</td></tr><tr><td style='padding:3px 6px; font-weight:bold; background-color:#f2f2f2;'>รหัสกลุ่มรถไถ</td><td style='padding:3px 6px;'>11/007</td></tr><tr><td style='padding:3px 6px; font-weight:bold; background-color:#f2f2f2;'>โควตาชาวไร่</td><td style='padding:3px 6px;'>714024</td></tr><tr><td style='padding:3px 6px; font-weight:bold; background-color:#f2f2f2;'>ชื่อ-นามสกุล</td><td style='padding:3px 6px;'>นาย เฉลิม พ่อค้า</td></tr><tr><td style='padding:3px 6px; font-weight:bold; background-color:#f2f2f2;'>111</td><td style='padding:3px 6px;'>320513091501</td></tr><tr><td style='padding:3px 6px; font-weight:bold; background-color:#f2f2f2;'>ประเภทอ้อย</td><td style='padding:3px 6px;'>อ้อยปลายฝน</td></tr><tr><td style='padding:3px 6px; font-weight:bold; background-color:#f2f2f2;'>พื้นที่ปลูก</td><td style='padding:3px 6px;'>3.15</td></tr><tr><td style='padding:3px 6px; font-weight:bold; background-color:#f2f2f2;'>ศูนย์</td><td style='padding:3px 6px;'>K2-11</td></tr><tr><td style='padding:3px 6px; font-weight:bold; background-color:#f2f2f2;'>นักเกษตร</td><td style='padding:3px 6px;'>1105</td></tr><tr><td style='padding:3px 6px; font-weight:bold; background-color:#f2f2f2;'>กลุ่ม</td><td style='padding:3px 6px;'>กลุ่ม_11</td></tr></table></div>]]></description>
      <styleUrl>#style_11_007</styleUrl>
      <MultiGeometry><Polygon><outerBoundaryIs><LinearRing><coordinates>103.3372983,14.6406733,0 103.3373000,14.6406067,0 103.3371700,14.6403333,0 103.3366567,14.6407683,0 103.3367500,14.6408350,0 103.3368983,14.6407267,0 103.3370567,14.6408989,0 103.3368420,14.6411037,0 103.3366367,14.6410550,0 103.3363983,14.6410383,0 103.3360283,14.6414133,0 103.3360917,14.6415133,0 103.3362433,14.6416917,0 103.3372983,14.6406733,0</coordinates></LinearRing></outerBoundaryIs></Polygon></MultiGeometry>
    </Placemark>
    <Placemark>
      <name>320513091685</name>
      <description><![CDATA[<div style='font-family:Tahoma,sans-serif; font-size:13px;'><h3 style='color:#1565C0; margin:4px 0;'>รหัส: 320513091685</h3><p style='margin:2px 0;'><b>กลุ่มรถไถ:</b> 11_007</p><table border='1' style='border-collapse:collapse; border-color:#ccc; width:100%;'><tr><td style='padding:3px 6px; font-weight:bold; background-color:#f2f2f2;'>ปีการผลิต</td><td style='padding:3px 6px;'>257071</td></tr><tr><td style='padding:3px 6px; font-weight:bold; background-color:#f2f2f2;'>รหัสกลุ่มรถไถ</td><td style='padding:3px 6px;'>11/007</td></tr><tr><td style='padding:3px 6px; font-weight:bold; background-color:#f2f2f2;'>โควตาชาวไร่</td><td style='padding:3px 6px;'>714024</td></tr><tr><td style='padding:3px 6px; font-weight:bold; background-color:#f2f2f2;'>ชื่อ-นามสกุล</td><td style='padding:3px 6px;'>นาย เฉลิม พ่อค้า</td></tr><tr><td style='padding:3px 6px; font-weight:bold; background-color:#f2f2f2;'>111</td><td style='padding:3px 6px;'>320513091685</td></tr><tr><td style='padding:3px 6px; font-weight:bold; background-color:#f2f2f2;'>ประเภทอ้อย</td><td style='padding:3px 6px;'>อ้อยปลายฝน</td></tr><tr><td style='padding:3px 6px; font-weight:bold; background-color:#f2f2f2;'>พื้นที่ปลูก</td><td style='padding:3px 6px;'>6.55</td></tr><tr><td style='padding:3px 6px; font-weight:bold; background-color:#f2f2f2;'>ศูนย์</td><td style='padding:3px 6px;'>K2-11</td></tr><tr><td style='padding:3px 6px; font-weight:bold; background-color:#f2f2f2;'>นักเกษตร</td><td style='padding:3px 6px;'>1105</td></tr><tr><td style='padding:3px 6px; font-weight:bold; background-color:#f2f2f2;'>กลุ่ม</td><td style='padding:3px 6px;'>กลุ่ม_11</td></tr></table></div>]]></description>
      <styleUrl>#style_11_007</styleUrl>
      <MultiGeometry><Polygon><outerBoundaryIs><LinearRing><coordinates>103.3375217,14.6404917,0 103.3362683,14.6417050,0 103.3365600,14.6420183,0 103.3376600,14.6409350,0 103.3378017,14.6407583,0 103.3378200,14.6407483,0 103.3380317,14.6406050,0 103.3380300,14.6404883,0 103.3380317,14.6403500,0 103.3378817,14.6403017,0 103.3375217,14.6404917,0</coordinates></LinearRing></outerBoundaryIs></Polygon></MultiGeometry>
    </Placemark>
    <Placemark>
      <name>320513091689</name>
      <description><![CDATA[<div style='font-family:Tahoma,sans-serif; font-size:13px;'><h3 style='color:#1565C0; margin:4px 0;'>รหัส: 320513091689</h3><p style='margin:2px 0;'><b>กลุ่มรถไถ:</b> 11_007</p><table border='1' style='border-collapse:collapse; border-color:#ccc; width:100%;'><tr><td style='padding:3px 6px; font-weight:bold; background-color:#f2f2f2;'>ปีการผลิต</td><td style='padding:3px 6px;'>257071</td></tr><tr><td style='padding:3px 6px; font-weight:bold; background-color:#f2f2f2;'>รหัสกลุ่มรถไถ</td><td style='padding:3px 6px;'>11/007</td></tr><tr><td style='padding:3px 6px; font-weight:bold; background-color:#f2f2f2;'>โควตาชาวไร่</td><td style='padding:3px 6px;'>714024</td></tr><tr><td style='padding:3px 6px; font-weight:bold; background-color:#f2f2f2;'>ชื่อ-นามสกุล</td><td style='padding:3px 6px;'>นาย เฉลิม พ่อค้า</td></tr><tr><td style='padding:3px 6px; font-weight:bold; background-color:#f2f2f2;'>111</td><td style='padding:3px 6px;'>320513091689</td></tr><tr><td style='padding:3px 6px; font-weight:bold; background-color:#f2f2f2;'>ประเภทอ้อย</td><td style='padding:3px 6px;'>อ้อยปลายฝน</td></tr><tr><td style='padding:3px 6px; font-weight:bold; background-color:#f2f2f2;'>พื้นที่ปลูก</td><td style='padding:3px 6px;'>2.06</td></tr><tr><td style='padding:3px 6px; font-weight:bold; background-color:#f2f2f2;'>ศูนย์</td><td style='padding:3px 6px;'>K2-11</td></tr><tr><td style='padding:3px 6px; font-weight:bold; background-color:#f2f2f2;'>นักเกษตร</td><td style='padding:3px 6px;'>1105</td></tr><tr><td style='padding:3px 6px; font-weight:bold; background-color:#f2f2f2;'>กลุ่ม</td><td style='padding:3px 6px;'>กลุ่ม_11</td></tr></table></div>]]></description>
      <styleUrl>#style_11_007</styleUrl>
      <MultiGeometry><Polygon><outerBoundaryIs><LinearRing><coordinates>103.3456747,14.6354616,0 103.3445099,14.6356140,0 103.3445230,14.6357967,0 103.3456682,14.6357551,0 103.3456747,14.6354616,0</coordinates></LinearRing></outerBoundaryIs></Polygon></MultiGeometry>
    </Placemark>
    <Placemark>
      <name>320513110045</name>
      <description><![CDATA[<div style='font-family:Tahoma,sans-serif; font-size:13px;'><h3 style='color:#1565C0; margin:4px 0;'>รหัส: 320513110045</h3><p style='margin:2px 0;'><b>กลุ่มรถไถ:</b> 11_007</p><table border='1' style='border-collapse:collapse; border-color:#ccc; width:100%;'><tr><td style='padding:3px 6px; font-weight:bold; background-color:#f2f2f2;'>ปีการผลิต</td><td style='padding:3px 6px;'>257071</td></tr><tr><td style='padding:3px 6px; font-weight:bold; background-color:#f2f2f2;'>รหัสกลุ่มรถไถ</td><td style='padding:3px 6px;'>11/007</td></tr><tr><td style='padding:3px 6px; font-weight:bold; background-color:#f2f2f2;'>โควตาชาวไร่</td><td style='padding:3px 6px;'>714024</td></tr><tr><td style='padding:3px 6px; font-weight:bold; background-color:#f2f2f2;'>ชื่อ-นามสกุล</td><td style='padding:3px 6px;'>นาย เฉลิม พ่อค้า</td></tr><tr><td style='padding:3px 6px; font-weight:bold; background-color:#f2f2f2;'>111</td><td style='padding:3px 6px;'>320513110045</td></tr><tr><td style='padding:3px 6px; font-weight:bold; background-color:#f2f2f2;'>ประเภทอ้อย</td><td style='padding:3px 6px;'>อ้อยปลายฝน</td></tr><tr><td style='padding:3px 6px; font-weight:bold; background-color:#f2f2f2;'>พื้นที่ปลูก</td><td style='padding:3px 6px;'>2.29</td></tr><tr><td style='padding:3px 6px; font-weight:bold; background-color:#f2f2f2;'>ศูนย์</td><td style='padding:3px 6px;'>K2-11</td></tr><tr><td style='padding:3px 6px; font-weight:bold; background-color:#f2f2f2;'>นักเกษตร</td><td style='padding:3px 6px;'>1105</td></tr><tr><td style='padding:3px 6px; font-weight:bold; background-color:#f2f2f2;'>กลุ่ม</td><td style='padding:3px 6px;'>กลุ่ม_11</td></tr></table></div>]]></description>
      <styleUrl>#style_11_007</styleUrl>
      <MultiGeometry><Polygon><outerBoundaryIs><LinearRing><coordinates>103.3371719,14.6402727,0 103.3373921,14.6405825,0 103.3378053,14.6403192,0 103.3379805,14.6401717,0 103.3377370,14.6398008,0 103.3371719,14.6402727,0</coordinates></LinearRing></outerBoundaryIs></Polygon></MultiGeometry>
    </Placemark>
    <Placemark>
      <name>320513111781</name>
      <description><![CDATA[<div style='font-family:Tahoma,sans-serif; font-size:13px;'><h3 style='color:#1565C0; margin:4px 0;'>รหัส: 320513111781</h3><p style='margin:2px 0;'><b>กลุ่มรถไถ:</b> 11_007</p><table border='1' style='border-collapse:collapse; border-color:#ccc; width:100%;'><tr><td style='padding:3px 6px; font-weight:bold; background-color:#f2f2f2;'>ปีการผลิต</td><td style='padding:3px 6px;'>257071</td></tr><tr><td style='padding:3px 6px; font-weight:bold; background-color:#f2f2f2;'>รหัสกลุ่มรถไถ</td><td style='padding:3px 6px;'>11/007</td></tr><tr><td style='padding:3px 6px; font-weight:bold; background-color:#f2f2f2;'>โควตาชาวไร่</td><td style='padding:3px 6px;'>714024</td></tr><tr><td style='padding:3px 6px; font-weight:bold; background-color:#f2f2f2;'>ชื่อ-นามสกุล</td><td style='padding:3px 6px;'>นาย เฉลิม พ่อค้า</td></tr><tr><td style='padding:3px 6px; font-weight:bold; background-color:#f2f2f2;'>111</td><td style='padding:3px 6px;'>320513111781</td></tr><tr><td style='padding:3px 6px; font-weight:bold; background-color:#f2f2f2;'>ประเภทอ้อย</td><td style='padding:3px 6px;'>อ้อยปลายฝน</td></tr><tr><td style='padding:3px 6px; font-weight:bold; background-color:#f2f2f2;'>พื้นที่ปลูก</td><td style='padding:3px 6px;'>1.15</td></tr><tr><td style='padding:3px 6px; font-weight:bold; background-color:#f2f2f2;'>ศูนย์</td><td style='padding:3px 6px;'>K2-11</td></tr><tr><td style='padding:3px 6px; font-weight:bold; background-color:#f2f2f2;'>นักเกษตร</td><td style='padding:3px 6px;'>1105</td></tr><tr><td style='padding:3px 6px; font-weight:bold; background-color:#f2f2f2;'>กลุ่ม</td><td style='padding:3px 6px;'>กลุ่ม_11</td></tr></table></div>]]></description>
      <styleUrl>#style_11_007</styleUrl>
      <MultiGeometry><Polygon><outerBoundaryIs><LinearRing><coordinates>103.3387683,14.6402650,0 103.3380983,14.6404983,0 103.3380850,14.6405717,0 103.3381517,14.6407267,0 103.3387733,14.6404767,0 103.3387683,14.6402650,0</coordinates></LinearRing></outerBoundaryIs></Polygon></MultiGeometry>
    </Placemark>
    <Placemark>
      <name>320513040062</name>
      <description><![CDATA[<div style='font-family:Tahoma,sans-serif; font-size:13px;'><h3 style='color:#1565C0; margin:4px 0;'>รหัส: 320513040062</h3><p style='margin:2px 0;'><b>กลุ่มรถไถ:</b> 11_007</p><table border='1' style='border-collapse:collapse; border-color:#ccc; width:100%;'><tr><td style='padding:3px 6px; font-weight:bold; background-color:#f2f2f2;'>ปีการผลิต</td><td style='padding:3px 6px;'>257071</td></tr><tr><td style='padding:3px 6px; font-weight:bold; background-color:#f2f2f2;'>รหัสกลุ่มรถไถ</td><td style='padding:3px 6px;'>11/007</td></tr><tr><td style='padding:3px 6px; font-weight:bold; background-color:#f2f2f2;'>โควตาชาวไร่</td><td style='padding:3px 6px;'>714029</td></tr><tr><td style='padding:3px 6px; font-weight:bold; background-color:#f2f2f2;'>ชื่อ-นามสกุล</td><td style='padding:3px 6px;'>นาง ฝันวิภา นิราศภัย</td></tr><tr><td style='padding:3px 6px; font-weight:bold; background-color:#f2f2f2;'>111</td><td style='padding:3px 6px;'>320513040062</td></tr><tr><td style='padding:3px 6px; font-weight:bold; background-color:#f2f2f2;'>ประเภทอ้อย</td><td style='padding:3px 6px;'>อ้อยปลายฝน</td></tr><tr><td style='padding:3px 6px; font-weight:bold; background-color:#f2f2f2;'>พื้นที่ปลูก</td><td style='padding:3px 6px;'>1.32</td></tr><tr><td style='padding:3px 6px; font-weight:bold; background-color:#f2f2f2;'>ศูนย์</td><td style='padding:3px 6px;'>K2-11</td></tr><tr><td style='padding:3px 6px; font-weight:bold; background-color:#f2f2f2;'>นักเกษตร</td><td style='padding:3px 6px;'>1105</td></tr><tr><td style='padding:3px 6px; font-weight:bold; background-color:#f2f2f2;'>กลุ่ม</td><td style='padding:3px 6px;'>กลุ่ม_11</td></tr></table></div>]]></description>
      <styleUrl>#style_11_007</styleUrl>
      <MultiGeometry><Polygon><outerBoundaryIs><LinearRing><coordinates>103.3466554,14.6719550,0 103.3466164,14.6716433,0 103.3463178,14.6717440,0 103.3462488,14.6717668,0 103.3462302,14.6717727,0 103.3461588,14.6717804,0 103.3459442,14.6718022,0 103.3459884,14.6720417,0 103.3466554,14.6719550,0</coordinates></LinearRing></outerBoundaryIs></Polygon></MultiGeometry>
    </Placemark>
    <Placemark>
      <name>320513041529</name>
      <description><![CDATA[<div style='font-family:Tahoma,sans-serif; font-size:13px;'><h3 style='color:#1565C0; margin:4px 0;'>รหัส: 320513041529</h3><p style='margin:2px 0;'><b>กลุ่มรถไถ:</b> 11_007</p><table border='1' style='border-collapse:collapse; border-color:#ccc; width:100%;'><tr><td style='padding:3px 6px; font-weight:bold; background-color:#f2f2f2;'>ปีการผลิต</td><td style='padding:3px 6px;'>257071</td></tr><tr><td style='padding:3px 6px; font-weight:bold; background-color:#f2f2f2;'>รหัสกลุ่มรถไถ</td><td style='padding:3px 6px;'>11/007</td></tr><tr><td style='padding:3px 6px; font-weight:bold; background-color:#f2f2f2;'>โควตาชาวไร่</td><td style='padding:3px 6px;'>714038</td></tr><tr><td style='padding:3px 6px; font-weight:bold; background-color:#f2f2f2;'>ชื่อ-นามสกุล</td><td style='padding:3px 6px;'>นาย สาย มากแสน</td></tr><tr><td style='padding:3px 6px; font-weight:bold; background-color:#f2f2f2;'>111</td><td style='padding:3px 6px;'>320513041529</td></tr><tr><td style='padding:3px 6px; font-weight:bold; background-color:#f2f2f2;'>ประเภทอ้อย</td><td style='padding:3px 6px;'>อ้อยปลายฝน</td></tr><tr><td style='padding:3px 6px; font-weight:bold; background-color:#f2f2f2;'>พื้นที่ปลูก</td><td style='padding:3px 6px;'>3.62</td></tr><tr><td style='padding:3px 6px; font-weight:bold; background-color:#f2f2f2;'>ศูนย์</td><td style='padding:3px 6px;'>K2-11</td></tr><tr><td style='padding:3px 6px; font-weight:bold; background-color:#f2f2f2;'>นักเกษตร</td><td style='padding:3px 6px;'>1105</td></tr><tr><td style='padding:3px 6px; font-weight:bold; background-color:#f2f2f2;'>กลุ่ม</td><td style='padding:3px 6px;'>กลุ่ม_11</td></tr></table></div>]]></description>
      <styleUrl>#style_11_007</styleUrl>
      <MultiGeometry><Polygon><outerBoundaryIs><LinearRing><coordinates>103.3507753,14.6773051,0 103.3505908,14.6764803,0 103.3503881,14.6765230,0 103.3503507,14.6763441,0 103.3499537,14.6764389,0 103.3501272,14.6771817,0 103.3505168,14.6771151,0 103.3506063,14.6773452,0 103.3507753,14.6773051,0</coordinates></LinearRing></outerBoundaryIs></Polygon></MultiGeometry>
    </Placemark>
    <Placemark>
      <name>320513051657</name>
      <description><![CDATA[<div style='font-family:Tahoma,sans-serif; font-size:13px;'><h3 style='color:#1565C0; margin:4px 0;'>รหัส: 320513051657</h3><p style='margin:2px 0;'><b>กลุ่มรถไถ:</b> 11_007</p><table border='1' style='border-collapse:collapse; border-color:#ccc; width:100%;'><tr><td style='padding:3px 6px; font-weight:bold; background-color:#f2f2f2;'>ปีการผลิต</td><td style='padding:3px 6px;'>257071</td></tr><tr><td style='padding:3px 6px; font-weight:bold; background-color:#f2f2f2;'>รหัสกลุ่มรถไถ</td><td style='padding:3px 6px;'>11/007</td></tr><tr><td style='padding:3px 6px; font-weight:bold; background-color:#f2f2f2;'>โควตาชาวไร่</td><td style='padding:3px 6px;'>714062</td></tr><tr><td style='padding:3px 6px; font-weight:bold; background-color:#f2f2f2;'>ชื่อ-นามสกุล</td><td style='padding:3px 6px;'>นาย อาวุฒิ ชัยเชิดชู</td></tr><tr><td style='padding:3px 6px; font-weight:bold; background-color:#f2f2f2;'>111</td><td style='padding:3px 6px;'>320513051657</td></tr><tr><td style='padding:3px 6px; font-weight:bold; background-color:#f2f2f2;'>ประเภทอ้อย</td><td style='padding:3px 6px;'>อ้อยปลายฝน</td></tr><tr><td style='padding:3px 6px; font-weight:bold; background-color:#f2f2f2;'>พื้นที่ปลูก</td><td style='padding:3px 6px;'>2.43</td></tr><tr><td style='padding:3px 6px; font-weight:bold; background-color:#f2f2f2;'>ศูนย์</td><td style='padding:3px 6px;'>K2-11</td></tr><tr><td style='padding:3px 6px; font-weight:bold; background-color:#f2f2f2;'>นักเกษตร</td><td style='padding:3px 6px;'>1107</td></tr><tr><td style='padding:3px 6px; font-weight:bold; background-color:#f2f2f2;'>กลุ่ม</td><td style='padding:3px 6px;'>กลุ่ม_11</td></tr></table></div>]]></description>
      <styleUrl>#style_11_007</styleUrl>
      <MultiGeometry><Polygon><outerBoundaryIs><LinearRing><coordinates>103.3564129,14.6178496,0 103.3565323,14.6174300,0 103.3559125,14.6172613,0 103.3558008,14.6174993,0 103.3556803,14.6174874,0 103.3556034,14.6176594,0 103.3564129,14.6178496,0</coordinates></LinearRing></outerBoundaryIs></Polygon></MultiGeometry>
    </Placemark>
    <Placemark>
      <name>320513111529</name>
      <description><![CDATA[<div style='font-family:Tahoma,sans-serif; font-size:13px;'><h3 style='color:#1565C0; margin:4px 0;'>รหัส: 320513111529</h3><p style='margin:2px 0;'><b>กลุ่มรถไถ:</b> 11_007</p><table border='1' style='border-collapse:collapse; border-color:#ccc; width:100%;'><tr><td style='padding:3px 6px; font-weight:bold; background-color:#f2f2f2;'>ปีการผลิต</td><td style='padding:3px 6px;'>257071</td></tr><tr><td style='padding:3px 6px; font-weight:bold; background-color:#f2f2f2;'>รหัสกลุ่มรถไถ</td><td style='padding:3px 6px;'>11/007</td></tr><tr><td style='padding:3px 6px; font-weight:bold; background-color:#f2f2f2;'>โควตาชาวไร่</td><td style='padding:3px 6px;'>714173</td></tr><tr><td style='padding:3px 6px; font-weight:bold; background-color:#f2f2f2;'>ชื่อ-นามสกุล</td><td style='padding:3px 6px;'>นาย พิชาติ เชื้องาม</td></tr><tr><td style='padding:3px 6px; font-weight:bold; background-color:#f2f2f2;'>111</td><td style='padding:3px 6px;'>320513111529</td></tr><tr><td style='padding:3px 6px; font-weight:bold; background-color:#f2f2f2;'>ประเภทอ้อย</td><td style='padding:3px 6px;'>อ้อยปลายฝน</td></tr><tr><td style='padding:3px 6px; font-weight:bold; background-color:#f2f2f2;'>พื้นที่ปลูก</td><td style='padding:3px 6px;'>2.04</td></tr><tr><td style='padding:3px 6px; font-weight:bold; background-color:#f2f2f2;'>ศูนย์</td><td style='padding:3px 6px;'>K2-11</td></tr><tr><td style='padding:3px 6px; font-weight:bold; background-color:#f2f2f2;'>นักเกษตร</td><td style='padding:3px 6px;'>1105</td></tr><tr><td style='padding:3px 6px; font-weight:bold; background-color:#f2f2f2;'>กลุ่ม</td><td style='padding:3px 6px;'>กลุ่ม_11</td></tr></table></div>]]></description>
      <styleUrl>#style_11_007</styleUrl>
      <MultiGeometry><Polygon><outerBoundaryIs><LinearRing><coordinates>103.3273010,14.6299935,0 103.3269764,14.6299607,0 103.3268023,14.6307419,0 103.3271487,14.6307947,0 103.3273010,14.6299935,0</coordinates></LinearRing></outerBoundaryIs></Polygon></MultiGeometry>
    </Placemark>
    <Placemark>
      <name>320504141800</name>
      <description><![CDATA[<div style='font-family:Tahoma,sans-serif; font-size:13px;'><h3 style='color:#1565C0; margin:4px 0;'>รหัส: 320504141800</h3><p style='margin:2px 0;'><b>กลุ่มรถไถ:</b> 11_007</p><table border='1' style='border-collapse:collapse; border-color:#ccc; width:100%;'><tr><td style='padding:3px 6px; font-weight:bold; background-color:#f2f2f2;'>ปีการผลิต</td><td style='padding:3px 6px;'>257071</td></tr><tr><td style='padding:3px 6px; font-weight:bold; background-color:#f2f2f2;'>รหัสกลุ่มรถไถ</td><td style='padding:3px 6px;'>11/007</td></tr><tr><td style='padding:3px 6px; font-weight:bold; background-color:#f2f2f2;'>โควตาชาวไร่</td><td style='padding:3px 6px;'>714238</td></tr><tr><td style='padding:3px 6px; font-weight:bold; background-color:#f2f2f2;'>ชื่อ-นามสกุล</td><td style='padding:3px 6px;'>นาย ทวีศักดิ์ สังเกตกิจ</td></tr><tr><td style='padding:3px 6px; font-weight:bold; background-color:#f2f2f2;'>111</td><td style='padding:3px 6px;'>320504141800</td></tr><tr><td style='padding:3px 6px; font-weight:bold; background-color:#f2f2f2;'>ประเภทอ้อย</td><td style='padding:3px 6px;'>อ้อยปลายฝน</td></tr><tr><td style='padding:3px 6px; font-weight:bold; background-color:#f2f2f2;'>พื้นที่ปลูก</td><td style='padding:3px 6px;'>8.78</td></tr><tr><td style='padding:3px 6px; font-weight:bold; background-color:#f2f2f2;'>ศูนย์</td><td style='padding:3px 6px;'>K2-11</td></tr><tr><td style='padding:3px 6px; font-weight:bold; background-color:#f2f2f2;'>นักเกษตร</td><td style='padding:3px 6px;'>1107</td></tr><tr><td style='padding:3px 6px; font-weight:bold; background-color:#f2f2f2;'>กลุ่ม</td><td style='padding:3px 6px;'>กลุ่ม_11</td></tr></table></div>]]></description>
      <styleUrl>#style_11_007</styleUrl>
      <MultiGeometry><Polygon><outerBoundaryIs><LinearRing><coordinates>103.3287512,14.6175998,0 103.3286675,14.6178881,0 103.3284467,14.6178644,0 103.3282447,14.6184910,0 103.3283871,14.6184917,0 103.3285495,14.6179281,0 103.3286017,14.6179506,0 103.3284506,14.6184920,0 103.3286258,14.6184929,0 103.3294690,14.6152081,0 103.3294499,14.6150973,0 103.3291192,14.6149945,0 103.3285097,14.6175809,0 103.3287511,14.6176000,0 103.3287512,14.6175998,0</coordinates></LinearRing></outerBoundaryIs></Polygon></MultiGeometry>
    </Placemark>
    <Placemark>
      <name>320513090052</name>
      <description><![CDATA[<div style='font-family:Tahoma,sans-serif; font-size:13px;'><h3 style='color:#1565C0; margin:4px 0;'>รหัส: 320513090052</h3><p style='margin:2px 0;'><b>กลุ่มรถไถ:</b> 11_007</p><table border='1' style='border-collapse:collapse; border-color:#ccc; width:100%;'><tr><td style='padding:3px 6px; font-weight:bold; background-color:#f2f2f2;'>ปีการผลิต</td><td style='padding:3px 6px;'>257071</td></tr><tr><td style='padding:3px 6px; font-weight:bold; background-color:#f2f2f2;'>รหัสกลุ่มรถไถ</td><td style='padding:3px 6px;'>11/007</td></tr><tr><td style='padding:3px 6px; font-weight:bold; background-color:#f2f2f2;'>โควตาชาวไร่</td><td style='padding:3px 6px;'>714241</td></tr><tr><td style='padding:3px 6px; font-weight:bold; background-color:#f2f2f2;'>ชื่อ-นามสกุล</td><td style='padding:3px 6px;'>นางสาว วิภาวรรณ โสนาพูน</td></tr><tr><td style='padding:3px 6px; font-weight:bold; background-color:#f2f2f2;'>111</td><td style='padding:3px 6px;'>320513090052</td></tr><tr><td style='padding:3px 6px; font-weight:bold; background-color:#f2f2f2;'>ประเภทอ้อย</td><td style='padding:3px 6px;'>อ้อยปลายฝน</td></tr><tr><td style='padding:3px 6px; font-weight:bold; background-color:#f2f2f2;'>พื้นที่ปลูก</td><td style='padding:3px 6px;'>1.46</td></tr><tr><td style='padding:3px 6px; font-weight:bold; background-color:#f2f2f2;'>ศูนย์</td><td style='padding:3px 6px;'>K2-11</td></tr><tr><td style='padding:3px 6px; font-weight:bold; background-color:#f2f2f2;'>นักเกษตร</td><td style='padding:3px 6px;'>1105</td></tr><tr><td style='padding:3px 6px; font-weight:bold; background-color:#f2f2f2;'>กลุ่ม</td><td style='padding:3px 6px;'>กลุ่ม_11</td></tr></table></div>]]></description>
      <styleUrl>#style_11_007</styleUrl>
      <MultiGeometry><Polygon><outerBoundaryIs><LinearRing><coordinates>103.3451175,14.6710677,0 103.3449521,14.6701601,0 103.3447306,14.6702062,0 103.3449288,14.6711150,0 103.3451175,14.6710677,0</coordinates></LinearRing></outerBoundaryIs></Polygon></MultiGeometry>
    </Placemark>
    <Placemark>
      <name>320501091657</name>
      <description><![CDATA[<div style='font-family:Tahoma,sans-serif; font-size:13px;'><h3 style='color:#1565C0; margin:4px 0;'>รหัส: 320501091657</h3><p style='margin:2px 0;'><b>กลุ่มรถไถ:</b> 11_007</p><table border='1' style='border-collapse:collapse; border-color:#ccc; width:100%;'><tr><td style='padding:3px 6px; font-weight:bold; background-color:#f2f2f2;'>ปีการผลิต</td><td style='padding:3px 6px;'>257071</td></tr><tr><td style='padding:3px 6px; font-weight:bold; background-color:#f2f2f2;'>รหัสกลุ่มรถไถ</td><td style='padding:3px 6px;'>11/007</td></tr><tr><td style='padding:3px 6px; font-weight:bold; background-color:#f2f2f2;'>โควตาชาวไร่</td><td style='padding:3px 6px;'>714254</td></tr><tr><td style='padding:3px 6px; font-weight:bold; background-color:#f2f2f2;'>ชื่อ-นามสกุล</td><td style='padding:3px 6px;'>นางสาว อนุสรณ์ พลบูรณ์</td></tr><tr><td style='padding:3px 6px; font-weight:bold; background-color:#f2f2f2;'>111</td><td style='padding:3px 6px;'>320501091657</td></tr><tr><td style='padding:3px 6px; font-weight:bold; background-color:#f2f2f2;'>ประเภทอ้อย</td><td style='padding:3px 6px;'>อ้อยปลายฝน</td></tr><tr><td style='padding:3px 6px; font-weight:bold; background-color:#f2f2f2;'>พื้นที่ปลูก</td><td style='padding:3px 6px;'>2.7</td></tr><tr><td style='padding:3px 6px; font-weight:bold; background-color:#f2f2f2;'>ศูนย์</td><td style='padding:3px 6px;'>K2-11</td></tr><tr><td style='padding:3px 6px; font-weight:bold; background-color:#f2f2f2;'>นักเกษตร</td><td style='padding:3px 6px;'>1104</td></tr><tr><td style='padding:3px 6px; font-weight:bold; background-color:#f2f2f2;'>กลุ่ม</td><td style='padding:3px 6px;'>กลุ่ม_11</td></tr></table></div>]]></description>
      <styleUrl>#style_11_007</styleUrl>
      <MultiGeometry><Polygon><outerBoundaryIs><LinearRing><coordinates>103.4084567,14.6508100,0 103.4089967,14.6511800,0 103.4090850,14.6505017,0 103.4084983,14.6502817,0 103.4084567,14.6508100,0</coordinates></LinearRing></outerBoundaryIs></Polygon></MultiGeometry>
    </Placemark>
    <Placemark>
      <name>320513091694</name>
      <description><![CDATA[<div style='font-family:Tahoma,sans-serif; font-size:13px;'><h3 style='color:#1565C0; margin:4px 0;'>รหัส: 320513091694</h3><p style='margin:2px 0;'><b>กลุ่มรถไถ:</b> 11_007</p><table border='1' style='border-collapse:collapse; border-color:#ccc; width:100%;'><tr><td style='padding:3px 6px; font-weight:bold; background-color:#f2f2f2;'>ปีการผลิต</td><td style='padding:3px 6px;'>257071</td></tr><tr><td style='padding:3px 6px; font-weight:bold; background-color:#f2f2f2;'>รหัสกลุ่มรถไถ</td><td style='padding:3px 6px;'>11/007</td></tr><tr><td style='padding:3px 6px; font-weight:bold; background-color:#f2f2f2;'>โควตาชาวไร่</td><td style='padding:3px 6px;'>714287</td></tr><tr><td style='padding:3px 6px; font-weight:bold; background-color:#f2f2f2;'>ชื่อ-นามสกุล</td><td style='padding:3px 6px;'>นาย ปิยวัฒน์ บุญศรี</td></tr><tr><td style='padding:3px 6px; font-weight:bold; background-color:#f2f2f2;'>111</td><td style='padding:3px 6px;'>320513091694</td></tr><tr><td style='padding:3px 6px; font-weight:bold; background-color:#f2f2f2;'>ประเภทอ้อย</td><td style='padding:3px 6px;'>อ้อยปลายฝน</td></tr><tr><td style='padding:3px 6px; font-weight:bold; background-color:#f2f2f2;'>พื้นที่ปลูก</td><td style='padding:3px 6px;'>7.14</td></tr><tr><td style='padding:3px 6px; font-weight:bold; background-color:#f2f2f2;'>ศูนย์</td><td style='padding:3px 6px;'>K2-11</td></tr><tr><td style='padding:3px 6px; font-weight:bold; background-color:#f2f2f2;'>นักเกษตร</td><td style='padding:3px 6px;'>1105</td></tr><tr><td style='padding:3px 6px; font-weight:bold; background-color:#f2f2f2;'>กลุ่ม</td><td style='padding:3px 6px;'>กลุ่ม_11</td></tr></table></div>]]></description>
      <styleUrl>#style_11_007</styleUrl>
      <MultiGeometry><Polygon><outerBoundaryIs><LinearRing><coordinates>103.3508441,14.6329746,0 103.3490847,14.6336531,0 103.3492604,14.6340093,0 103.3494152,14.6339780,0 103.3500951,14.6338191,0 103.3503610,14.6337379,0 103.3505414,14.6336631,0 103.3507823,14.6336412,0 103.3510381,14.6335444,0 103.3508675,14.6330061,0 103.3508441,14.6329746,0</coordinates></LinearRing></outerBoundaryIs></Polygon></MultiGeometry>
    </Placemark>
    <Placemark>
      <name>320513101628</name>
      <description><![CDATA[<div style='font-family:Tahoma,sans-serif; font-size:13px;'><h3 style='color:#1565C0; margin:4px 0;'>รหัส: 320513101628</h3><p style='margin:2px 0;'><b>กลุ่มรถไถ:</b> 11_007</p><table border='1' style='border-collapse:collapse; border-color:#ccc; width:100%;'><tr><td style='padding:3px 6px; font-weight:bold; background-color:#f2f2f2;'>ปีการผลิต</td><td style='padding:3px 6px;'>257071</td></tr><tr><td style='padding:3px 6px; font-weight:bold; background-color:#f2f2f2;'>รหัสกลุ่มรถไถ</td><td style='padding:3px 6px;'>11/007</td></tr><tr><td style='padding:3px 6px; font-weight:bold; background-color:#f2f2f2;'>โควตาชาวไร่</td><td style='padding:3px 6px;'>714308</td></tr><tr><td style='padding:3px 6px; font-weight:bold; background-color:#f2f2f2;'>ชื่อ-นามสกุล</td><td style='padding:3px 6px;'>นาย นิคม บุญใหญ่</td></tr><tr><td style='padding:3px 6px; font-weight:bold; background-color:#f2f2f2;'>111</td><td style='padding:3px 6px;'>320513101628</td></tr><tr><td style='padding:3px 6px; font-weight:bold; background-color:#f2f2f2;'>ประเภทอ้อย</td><td style='padding:3px 6px;'>อ้อยปลายฝน</td></tr><tr><td style='padding:3px 6px; font-weight:bold; background-color:#f2f2f2;'>พื้นที่ปลูก</td><td style='padding:3px 6px;'>4.13</td></tr><tr><td style='padding:3px 6px; font-weight:bold; background-color:#f2f2f2;'>ศูนย์</td><td style='padding:3px 6px;'>K2-11</td></tr><tr><td style='padding:3px 6px; font-weight:bold; background-color:#f2f2f2;'>นักเกษตร</td><td style='padding:3px 6px;'>1107</td></tr><tr><td style='padding:3px 6px; font-weight:bold; background-color:#f2f2f2;'>กลุ่ม</td><td style='padding:3px 6px;'>กลุ่ม_11</td></tr></table></div>]]></description>
      <styleUrl>#style_11_007</styleUrl>
      <MultiGeometry><Polygon><outerBoundaryIs><LinearRing><coordinates>103.3460149,14.6431668,0 103.3462908,14.6445556,0 103.3466290,14.6442688,0 103.3464612,14.6430656,0 103.3460490,14.6431584,0 103.3460149,14.6431668,0</coordinates></LinearRing></outerBoundaryIs></Polygon></MultiGeometry>
    </Placemark>
    <Placemark>
      <name>320504021794</name>
      <description><![CDATA[<div style='font-family:Tahoma,sans-serif; font-size:13px;'><h3 style='color:#1565C0; margin:4px 0;'>รหัส: 320504021794</h3><p style='margin:2px 0;'><b>กลุ่มรถไถ:</b> 11_007</p><table border='1' style='border-collapse:collapse; border-color:#ccc; width:100%;'><tr><td style='padding:3px 6px; font-weight:bold; background-color:#f2f2f2;'>ปีการผลิต</td><td style='padding:3px 6px;'>257071</td></tr><tr><td style='padding:3px 6px; font-weight:bold; background-color:#f2f2f2;'>รหัสกลุ่มรถไถ</td><td style='padding:3px 6px;'>11/007</td></tr><tr><td style='padding:3px 6px; font-weight:bold; background-color:#f2f2f2;'>โควตาชาวไร่</td><td style='padding:3px 6px;'>714363</td></tr><tr><td style='padding:3px 6px; font-weight:bold; background-color:#f2f2f2;'>ชื่อ-นามสกุล</td><td style='padding:3px 6px;'>นาย สุนิตย์ สัตย์สุขยิ่ง</td></tr><tr><td style='padding:3px 6px; font-weight:bold; background-color:#f2f2f2;'>111</td><td style='padding:3px 6px;'>320504021794</td></tr><tr><td style='padding:3px 6px; font-weight:bold; background-color:#f2f2f2;'>ประเภทอ้อย</td><td style='padding:3px 6px;'>อ้อยปลายฝน</td></tr><tr><td style='padding:3px 6px; font-weight:bold; background-color:#f2f2f2;'>พื้นที่ปลูก</td><td style='padding:3px 6px;'>8.45</td></tr><tr><td style='padding:3px 6px; font-weight:bold; background-color:#f2f2f2;'>ศูนย์</td><td style='padding:3px 6px;'>K2-11</td></tr><tr><td style='padding:3px 6px; font-weight:bold; background-color:#f2f2f2;'>นักเกษตร</td><td style='padding:3px 6px;'>1105</td></tr><tr><td style='padding:3px 6px; font-weight:bold; background-color:#f2f2f2;'>กลุ่ม</td><td style='padding:3px 6px;'>กลุ่ม_11</td></tr></table></div>]]></description>
      <styleUrl>#style_11_007</styleUrl>
      <MultiGeometry><Polygon><outerBoundaryIs><LinearRing><coordinates>103.3277806,14.6719369,0 103.3274094,14.6720710,0 103.3277675,14.6728921,0 103.3282606,14.6738826,0 103.3288686,14.6738730,0 103.3288317,14.6735875,0 103.3286586,14.6732498,0 103.3285552,14.6730843,0 103.3284188,14.6729164,0 103.3282313,14.6726798,0 103.3282029,14.6726725,0 103.3280966,14.6724538,0 103.3280262,14.6724477,0 103.3279486,14.6722765,0 103.3278300,14.6719665,0 103.3278035,14.6719682,0 103.3277806,14.6719369,0</coordinates></LinearRing></outerBoundaryIs></Polygon></MultiGeometry>
    </Placemark>
    <Placemark>
      <name>320513011660</name>
      <description><![CDATA[<div style='font-family:Tahoma,sans-serif; font-size:13px;'><h3 style='color:#1565C0; margin:4px 0;'>รหัส: 320513011660</h3><p style='margin:2px 0;'><b>กลุ่มรถไถ:</b> 11_007</p><table border='1' style='border-collapse:collapse; border-color:#ccc; width:100%;'><tr><td style='padding:3px 6px; font-weight:bold; background-color:#f2f2f2;'>ปีการผลิต</td><td style='padding:3px 6px;'>257071</td></tr><tr><td style='padding:3px 6px; font-weight:bold; background-color:#f2f2f2;'>รหัสกลุ่มรถไถ</td><td style='padding:3px 6px;'>11/007</td></tr><tr><td style='padding:3px 6px; font-weight:bold; background-color:#f2f2f2;'>โควตาชาวไร่</td><td style='padding:3px 6px;'>714381</td></tr><tr><td style='padding:3px 6px; font-weight:bold; background-color:#f2f2f2;'>ชื่อ-นามสกุล</td><td style='padding:3px 6px;'>นาย สุเทพ ตินานพ</td></tr><tr><td style='padding:3px 6px; font-weight:bold; background-color:#f2f2f2;'>111</td><td style='padding:3px 6px;'>320513011660</td></tr><tr><td style='padding:3px 6px; font-weight:bold; background-color:#f2f2f2;'>ประเภทอ้อย</td><td style='padding:3px 6px;'>อ้อยปลายฝน</td></tr><tr><td style='padding:3px 6px; font-weight:bold; background-color:#f2f2f2;'>พื้นที่ปลูก</td><td style='padding:3px 6px;'>7.91</td></tr><tr><td style='padding:3px 6px; font-weight:bold; background-color:#f2f2f2;'>ศูนย์</td><td style='padding:3px 6px;'>K2-11</td></tr><tr><td style='padding:3px 6px; font-weight:bold; background-color:#f2f2f2;'>นักเกษตร</td><td style='padding:3px 6px;'>1105</td></tr><tr><td style='padding:3px 6px; font-weight:bold; background-color:#f2f2f2;'>กลุ่ม</td><td style='padding:3px 6px;'>กลุ่ม_11</td></tr></table></div>]]></description>
      <styleUrl>#style_11_007</styleUrl>
      <MultiGeometry><Polygon><outerBoundaryIs><LinearRing><coordinates>103.3565117,14.6479167,0 103.3565933,14.6480217,0 103.3565183,14.6480950,0 103.3568317,14.6488967,0 103.3577733,14.6483700,0 103.3576033,14.6475267,0 103.3565117,14.6479167,0</coordinates></LinearRing></outerBoundaryIs></Polygon></MultiGeometry>
    </Placemark>
    <Placemark>
      <name>320513041552</name>
      <description><![CDATA[<div style='font-family:Tahoma,sans-serif; font-size:13px;'><h3 style='color:#1565C0; margin:4px 0;'>รหัส: 320513041552</h3><p style='margin:2px 0;'><b>กลุ่มรถไถ:</b> 11_007</p><table border='1' style='border-collapse:collapse; border-color:#ccc; width:100%;'><tr><td style='padding:3px 6px; font-weight:bold; background-color:#f2f2f2;'>ปีการผลิต</td><td style='padding:3px 6px;'>257071</td></tr><tr><td style='padding:3px 6px; font-weight:bold; background-color:#f2f2f2;'>รหัสกลุ่มรถไถ</td><td style='padding:3px 6px;'>11/007</td></tr><tr><td style='padding:3px 6px; font-weight:bold; background-color:#f2f2f2;'>โควตาชาวไร่</td><td style='padding:3px 6px;'>714429</td></tr><tr><td style='padding:3px 6px; font-weight:bold; background-color:#f2f2f2;'>ชื่อ-นามสกุล</td><td style='padding:3px 6px;'>นาย เสกสรรค์ เสาะสนธ์</td></tr><tr><td style='padding:3px 6px; font-weight:bold; background-color:#f2f2f2;'>111</td><td style='padding:3px 6px;'>320513041552</td></tr><tr><td style='padding:3px 6px; font-weight:bold; background-color:#f2f2f2;'>ประเภทอ้อย</td><td style='padding:3px 6px;'>อ้อยปลายฝน</td></tr><tr><td style='padding:3px 6px; font-weight:bold; background-color:#f2f2f2;'>พื้นที่ปลูก</td><td style='padding:3px 6px;'>1.66</td></tr><tr><td style='padding:3px 6px; font-weight:bold; background-color:#f2f2f2;'>ศูนย์</td><td style='padding:3px 6px;'>K2-11</td></tr><tr><td style='padding:3px 6px; font-weight:bold; background-color:#f2f2f2;'>นักเกษตร</td><td style='padding:3px 6px;'>1105</td></tr><tr><td style='padding:3px 6px; font-weight:bold; background-color:#f2f2f2;'>กลุ่ม</td><td style='padding:3px 6px;'>กลุ่ม_11</td></tr></table></div>]]></description>
      <styleUrl>#style_11_007</styleUrl>
      <MultiGeometry><Polygon><outerBoundaryIs><LinearRing><coordinates>103.3465926,14.6651022,0 103.3461951,14.6651260,0 103.3460824,14.6655350,0 103.3467640,14.6655082,0 103.3465926,14.6651022,0</coordinates></LinearRing></outerBoundaryIs></Polygon></MultiGeometry>
    </Placemark>
    <Placemark>
      <name>320504021544</name>
      <description><![CDATA[<div style='font-family:Tahoma,sans-serif; font-size:13px;'><h3 style='color:#1565C0; margin:4px 0;'>รหัส: 320504021544</h3><p style='margin:2px 0;'><b>กลุ่มรถไถ:</b> 11_007</p><table border='1' style='border-collapse:collapse; border-color:#ccc; width:100%;'><tr><td style='padding:3px 6px; font-weight:bold; background-color:#f2f2f2;'>ปีการผลิต</td><td style='padding:3px 6px;'>257071</td></tr><tr><td style='padding:3px 6px; font-weight:bold; background-color:#f2f2f2;'>รหัสกลุ่มรถไถ</td><td style='padding:3px 6px;'>11/007</td></tr><tr><td style='padding:3px 6px; font-weight:bold; background-color:#f2f2f2;'>โควตาชาวไร่</td><td style='padding:3px 6px;'>714462</td></tr><tr><td style='padding:3px 6px; font-weight:bold; background-color:#f2f2f2;'>ชื่อ-นามสกุล</td><td style='padding:3px 6px;'>นาย วิสันต์ แก้วแบน</td></tr><tr><td style='padding:3px 6px; font-weight:bold; background-color:#f2f2f2;'>111</td><td style='padding:3px 6px;'>320504021544</td></tr><tr><td style='padding:3px 6px; font-weight:bold; background-color:#f2f2f2;'>ประเภทอ้อย</td><td style='padding:3px 6px;'>อ้อยปลายฝน</td></tr><tr><td style='padding:3px 6px; font-weight:bold; background-color:#f2f2f2;'>พื้นที่ปลูก</td><td style='padding:3px 6px;'>1.59</td></tr><tr><td style='padding:3px 6px; font-weight:bold; background-color:#f2f2f2;'>ศูนย์</td><td style='padding:3px 6px;'>K2-11</td></tr><tr><td style='padding:3px 6px; font-weight:bold; background-color:#f2f2f2;'>นักเกษตร</td><td style='padding:3px 6px;'>1105</td></tr><tr><td style='padding:3px 6px; font-weight:bold; background-color:#f2f2f2;'>กลุ่ม</td><td style='padding:3px 6px;'>กลุ่ม_11</td></tr></table></div>]]></description>
      <styleUrl>#style_11_007</styleUrl>
      <MultiGeometry><Polygon><outerBoundaryIs><LinearRing><coordinates>103.3157036,14.6547617,0 103.3157186,14.6546348,0 103.3142140,14.6544936,0 103.3141975,14.6546446,0 103.3157036,14.6547617,0</coordinates></LinearRing></outerBoundaryIs></Polygon></MultiGeometry>
    </Placemark>
    <Placemark>
      <name>320504021811</name>
      <description><![CDATA[<div style='font-family:Tahoma,sans-serif; font-size:13px;'><h3 style='color:#1565C0; margin:4px 0;'>รหัส: 320504021811</h3><p style='margin:2px 0;'><b>กลุ่มรถไถ:</b> 11_007</p><table border='1' style='border-collapse:collapse; border-color:#ccc; width:100%;'><tr><td style='padding:3px 6px; font-weight:bold; background-color:#f2f2f2;'>ปีการผลิต</td><td style='padding:3px 6px;'>257071</td></tr><tr><td style='padding:3px 6px; font-weight:bold; background-color:#f2f2f2;'>รหัสกลุ่มรถไถ</td><td style='padding:3px 6px;'>11/007</td></tr><tr><td style='padding:3px 6px; font-weight:bold; background-color:#f2f2f2;'>โควตาชาวไร่</td><td style='padding:3px 6px;'>717064</td></tr><tr><td style='padding:3px 6px; font-weight:bold; background-color:#f2f2f2;'>ชื่อ-นามสกุล</td><td style='padding:3px 6px;'>นาง สมเยียน สุดใสดี</td></tr><tr><td style='padding:3px 6px; font-weight:bold; background-color:#f2f2f2;'>111</td><td style='padding:3px 6px;'>320504021811</td></tr><tr><td style='padding:3px 6px; font-weight:bold; background-color:#f2f2f2;'>ประเภทอ้อย</td><td style='padding:3px 6px;'>อ้อยปลายฝน</td></tr><tr><td style='padding:3px 6px; font-weight:bold; background-color:#f2f2f2;'>พื้นที่ปลูก</td><td style='padding:3px 6px;'>1.25</td></tr><tr><td style='padding:3px 6px; font-weight:bold; background-color:#f2f2f2;'>ศูนย์</td><td style='padding:3px 6px;'>K2-11</td></tr><tr><td style='padding:3px 6px; font-weight:bold; background-color:#f2f2f2;'>นักเกษตร</td><td style='padding:3px 6px;'>1105</td></tr><tr><td style='padding:3px 6px; font-weight:bold; background-color:#f2f2f2;'>กลุ่ม</td><td style='padding:3px 6px;'>กลุ่ม_11</td></tr></table></div>]]></description>
      <styleUrl>#style_11_007</styleUrl>
      <MultiGeometry><Polygon><outerBoundaryIs><LinearRing><coordinates>103.3175904,14.6482072,0 103.3175398,14.6487892,0 103.3177781,14.6488289,0 103.3177891,14.6488298,0 103.3177949,14.6488251,0 103.3178695,14.6481645,0 103.3175904,14.6482072,0</coordinates></LinearRing></outerBoundaryIs></Polygon></MultiGeometry>
    </Placemark>
  </Folder>
</Document>
</kml>